fetched_at_hkt,hkjc_event_id,kickoff_hkt,league,home,away,segment,model_hda_consensus,forebet_hda,dc_hda,pi_hda,forebet_ou25,forebet_corner,macro_control_side,control_basis,home_possession_baseline,away_possession_baseline,home_manager,away_manager,home_lineup_status,home_player_profiles,away_player_profiles,home_recent_minutes,away_recent_minutes,home_recent_goals,away_recent_goals,home_recent_assists,away_recent_assists,home_injury_profiles,away_injury_profiles,context_coverage_score,p_home_goal_segment,p_away_goal_segment,p_no_goal_segment,expected_home_corners_segment,expected_away_corners_segment,expected_score_state,segment_prediction_status,notes
2026-10-04T10:43:45+08:00,FB6217,2026-10-04T08:00+08:00,USL,FC Tulsa,Sacramento Republic,0-15,,,,,,,UNKNOWN,INSUFFICIENT_CURRENT_EVIDENCE,,,,,,0,0,0.0,0.0,0.0,0.0,0.0,0.0,0,0,0,,,,,,,CALIBRATING,lineup_not_confirmed;player_profile_coverage_low;dc_pi_unavailable;segment_probabilities_wait_for_recent_live_calibration
2026-10-04T10:43:45+08:00,FB6217,2026-10-04T08:00+08:00,USL,FC Tulsa,Sacramento Republic,16-30,,,,,,,UNKNOWN,INSUFFICIENT_CURRENT_EVIDENCE,,,,,,0,0,0.0,0.0,0.0,0.0,0.0,0.0,0,0,0,,,,,,,CALIBRATING,lineup_not_confirmed;player_profile_coverage_low;dc_pi_unavailable;segment_probabilities_wait_for_recent_live_calibration
2026-10-04T10:43:45+08:00,FB6217,2026-10-04T08:00+08:00,USL,FC Tulsa,Sacramento Republic,31-HT,,,,,,,UNKNOWN,INSUFFICIENT_CURRENT_EVIDENCE,,,,,,0,0,0.0,0.0,0.0,0.0,0.0,0.0,0,0,0,,,,,,,CALIBRATING,lineup_not_confirmed;player_profile_coverage_low;dc_pi_unavailable;segment_probabilities_wait_for_recent_live_calibration
2026-10-04T10:43:45+08:00,FB6217,2026-10-04T08:00+08:00,USL,FC Tulsa,Sacramento Republic,46-60,,,,,,,UNKNOWN,INSUFFICIENT_CURRENT_EVIDENCE,,,,,,0,0,0.0,0.0,0.0,0.0,0.0,0.0,0,0,0,,,,,,,CALIBRATING,lineup_not_confirmed;player_profile_coverage_low;dc_pi_unavailable;segment_probabilities_wait_for_recent_live_calibration
2026-10-04T10:43:45+08:00,FB6217,2026-10-04T08:00+08:00,USL,FC Tulsa,Sacramento Republic,61-75,,,,,,,UNKNOWN,INSUFFICIENT_CURRENT_EVIDENCE,,,,,,0,0,0.0,0.0,0.0,0.0,0.0,0.0,0,0,0,,,,,,,CALIBRATING,lineup_not_confirmed;player_profile_coverage_low;dc_pi_unavailable;segment_probabilities_wait_for_recent_live_calibration
2026-10-04T10:43:45+08:00,FB6217,2026-10-04T08:00+08:00,USL,FC Tulsa,Sacramento Republic,76-FT,,,,,,,UNKNOWN,INSUFFICIENT_CURRENT_EVIDENCE,,,,,,0,0,0.0,0.0,0.0,0.0,0.0,0.0,0,0,0,,,,,,,CALIBRATING,lineup_not_confirmed;player_profile_coverage_low;dc_pi_unavailable;segment_probabilities_wait_for_recent_live_calibration
2026-10-04T10:43:45+08:00,FB6237,2026-10-04T08:00+08:00,INT,Argentina,Burkina Faso,0-15,,,,,,,UNKNOWN,INSUFFICIENT_CURRENT_EVIDENCE,,,,,,0,0,0.0,0.0,0.0,0.0,0.0,0.0,0,0,0,,,,,,,CALIBRATING,lineup_not_confirmed;player_profile_coverage_low;dc_pi_unavailable;segment_probabilities_wait_for_recent_live_calibration
2026-10-04T10:43:45+08:00,FB6237,2026-10-04T08:00+08:00,INT,Argentina,Burkina Faso,16-30,,,,,,,UNKNOWN,INSUFFICIENT_CURRENT_EVIDENCE,,,,,,0,0,0.0,0.0,0.0,0.0,0.0,0.0,0,0,0,,,,,,,CALIBRATING,lineup_not_confirmed;player_profile_coverage_low;dc_pi_unavailable;segment_probabilities_wait_for_recent_live_calibration
2026-10-04T10:43:45+08:00,FB6237,2026-10-04T08:00+08:00,INT,Argentina,Burkina Faso,31-HT,,,,,,,UNKNOWN,INSUFFICIENT_CURRENT_EVIDENCE,,,,,,0,0,0.0,0.0,0.0,0.0,0.0,0.0,0,0,0,,,,,,,CALIBRATING,lineup_not_confirmed;player_profile_coverage_low;dc_pi_unavailable;segment_probabilities_wait_for_recent_live_calibration
2026-10-04T10:43:45+08:00,FB6237,2026-10-04T08:00+08:00,INT,Argentina,Burkina Faso,46-60,,,,,,,UNKNOWN,INSUFFICIENT_CURRENT_EVIDENCE,,,,,,0,0,0.0,0.0,0.0,0.0,0.0,0.0,0,0,0,,,,,,,CALIBRATING,lineup_not_confirmed;player_profile_coverage_low;dc_pi_unavailable;segment_probabilities_wait_for_recent_live_calibration
2026-10-04T10:43:45+08:00,FB6237,2026-10-04T08:00+08:00,INT,Argentina,Burkina Faso,61-75,,,,,,,UNKNOWN,INSUFFICIENT_CURRENT_EVIDENCE,,,,,,0,0,0.0,0.0,0.0,0.0,0.0,0.0,0,0,0,,,,,,,CALIBRATING,lineup_not_confirmed;player_profile_coverage_low;dc_pi_unavailable;segment_probabilities_wait_for_recent_live_calibration
2026-10-04T10:43:45+08:00,FB6237,2026-10-04T08:00+08:00,INT,Argentina,Burkina Faso,76-FT,,,,,,,UNKNOWN,INSUFFICIENT_CURRENT_EVIDENCE,,,,,,0,0,0.0,0.0,0.0,0.0,0.0,0.0,0,0,0,,,,,,,CALIBRATING,lineup_not_confirmed;player_profile_coverage_low;dc_pi_unavailable;segment_probabilities_wait_for_recent_live_calibration
2026-10-04T10:43:45+08:00,FB6224,2026-10-04T09:00+08:00,MD1,Cancun FC,Tapatio,0-15,,,,,,,UNKNOWN,INSUFFICIENT_CURRENT_EVIDENCE,,,,,,0,0,0.0,0.0,0.0,0.0,0.0,0.0,0,0,0,,,,,,,CALIBRATING,lineup_not_confirmed;player_profile_coverage_low;dc_pi_unavailable;segment_probabilities_wait_for_recent_live_calibration
2026-10-04T10:43:45+08:00,FB6224,2026-10-04T09:00+08:00,MD1,Cancun FC,Tapatio,16-30,,,,,,,UNKNOWN,INSUFFICIENT_CURRENT_EVIDENCE,,,,,,0,0,0.0,0.0,0.0,0.0,0.0,0.0,0,0,0,,,,,,,CALIBRATING,lineup_not_confirmed;player_profile_coverage_low;dc_pi_unavailable;segment_probabilities_wait_for_recent_live_calibration
2026-10-04T10:43:45+08:00,FB6224,2026-10-04T09:00+08:00,MD1,Cancun FC,Tapatio,31-HT,,,,,,,UNKNOWN,INSUFFICIENT_CURRENT_EVIDENCE,,,,,,0,0,0.0,0.0,0.0,0.0,0.0,0.0,0,0,0,,,,,,,CALIBRATING,lineup_not_confirmed;player_profile_coverage_low;dc_pi_unavailable;segment_probabilities_wait_for_recent_live_calibration
2026-10-04T10:43:45+08:00,FB6224,2026-10-04T09:00+08:00,MD1,Cancun FC,Tapatio,46-60,,,,,,,UNKNOWN,INSUFFICIENT_CURRENT_EVIDENCE,,,,,,0,0,0.0,0.0,0.0,0.0,0.0,0.0,0,0,0,,,,,,,CALIBRATING,lineup_not_confirmed;player_profile_coverage_low;dc_pi_unavailable;segment_probabilities_wait_for_recent_live_calibration
2026-10-04T10:43:45+08:00,FB6224,2026-10-04T09:00+08:00,MD1,Cancun FC,Tapatio,61-75,,,,,,,UNKNOWN,INSUFFICIENT_CURRENT_EVIDENCE,,,,,,0,0,0.0,0.0,0.0,0.0,0.0,0.0,0,0,0,,,,,,,CALIBRATING,lineup_not_confirmed;player_profile_coverage_low;dc_pi_unavailable;segment_probabilities_wait_for_recent_live_calibration
2026-10-04T10:43:45+08:00,FB6224,2026-10-04T09:00+08:00,MD1,Cancun FC,Tapatio,76-FT,,,,,,,UNKNOWN,INSUFFICIENT_CURRENT_EVIDENCE,,,,,,0,0,0.0,0.0,0.0,0.0,0.0,0.0,0,0,0,,,,,,,CALIBRATING,lineup_not_confirmed;player_profile_coverage_low;dc_pi_unavailable;segment_probabilities_wait_for_recent_live_calibration
2026-10-04T10:43:45+08:00,FB6225,2026-10-04T09:00+08:00,MD1,Alacranes de Durango,Mineros Zacatecas,0-15,,,,,,,UNKNOWN,INSUFFICIENT_CURRENT_EVIDENCE,,,,,,0,0,0.0,0.0,0.0,0.0,0.0,0.0,0,0,0,,,,,,,CALIBRATING,lineup_not_confirmed;player_profile_coverage_low;dc_pi_unavailable;segment_probabilities_wait_for_recent_live_calibration
2026-10-04T10:43:45+08:00,FB6225,2026-10-04T09:00+08:00,MD1,Alacranes de Durango,Mineros Zacatecas,16-30,,,,,,,UNKNOWN,INSUFFICIENT_CURRENT_EVIDENCE,,,,,,0,0,0.0,0.0,0.0,0.0,0.0,0.0,0,0,0,,,,,,,CALIBRATING,lineup_not_confirmed;player_profile_coverage_low;dc_pi_unavailable;segment_probabilities_wait_for_recent_live_calibration
2026-10-04T10:43:45+08:00,FB6225,2026-10-04T09:00+08:00,MD1,Alacranes de Durango,Mineros Zacatecas,31-HT,,,,,,,UNKNOWN,INSUFFICIENT_CURRENT_EVIDENCE,,,,,,0,0,0.0,0.0,0.0,0.0,0.0,0.0,0,0,0,,,,,,,CALIBRATING,lineup_not_confirmed;player_profile_coverage_low;dc_pi_unavailable;segment_probabilities_wait_for_recent_live_calibration
2026-10-04T10:43:45+08:00,FB6225,2026-10-04T09:00+08:00,MD1,Alacranes de Durango,Mineros Zacatecas,46-60,,,,,,,UNKNOWN,INSUFFICIENT_CURRENT_EVIDENCE,,,,,,0,0,0.0,0.0,0.0,0.0,0.0,0.0,0,0,0,,,,,,,CALIBRATING,lineup_not_confirmed;player_profile_coverage_low;dc_pi_unavailable;segment_probabilities_wait_for_recent_live_calibration
2026-10-04T10:43:45+08:00,FB6225,2026-10-04T09:00+08:00,MD1,Alacranes de Durango,Mineros Zacatecas,61-75,,,,,,,UNKNOWN,INSUFFICIENT_CURRENT_EVIDENCE,,,,,,0,0,0.0,0.0,0.0,0.0,0.0,0.0,0,0,0,,,,,,,CALIBRATING,lineup_not_confirmed;player_profile_coverage_low;dc_pi_unavailable;segment_probabilities_wait_for_recent_live_calibration
2026-10-04T10:43:45+08:00,FB6225,2026-10-04T09:00+08:00,MD1,Alacranes de Durango,Mineros Zacatecas,76-FT,,,,,,,UNKNOWN,INSUFFICIENT_CURRENT_EVIDENCE,,,,,,0,0,0.0,0.0,0.0,0.0,0.0,0.0,0,0,0,,,,,,,CALIBRATING,lineup_not_confirmed;player_profile_coverage_low;dc_pi_unavailable;segment_probabilities_wait_for_recent_live_calibration
2026-10-04T10:43:45+08:00,FB6226,2026-10-04T09:00+08:00,MD1,Piratas FC,Oaxaca,0-15,,,,,,,UNKNOWN,INSUFFICIENT_CURRENT_EVIDENCE,,,,,,0,0,0.0,0.0,0.0,0.0,0.0,0.0,0,0,0,,,,,,,CALIBRATING,lineup_not_confirmed;player_profile_coverage_low;dc_pi_unavailable;segment_probabilities_wait_for_recent_live_calibration
2026-10-04T10:43:45+08:00,FB6226,2026-10-04T09:00+08:00,MD1,Piratas FC,Oaxaca,16-30,,,,,,,UNKNOWN,INSUFFICIENT_CURRENT_EVIDENCE,,,,,,0,0,0.0,0.0,0.0,0.0,0.0,0.0,0,0,0,,,,,,,CALIBRATING,lineup_not_confirmed;player_profile_coverage_low;dc_pi_unavailable;segment_probabilities_wait_for_recent_live_calibration
2026-10-04T10:43:45+08:00,FB6226,2026-10-04T09:00+08:00,MD1,Piratas FC,Oaxaca,31-HT,,,,,,,UNKNOWN,INSUFFICIENT_CURRENT_EVIDENCE,,,,,,0,0,0.0,0.0,0.0,0.0,0.0,0.0,0,0,0,,,,,,,CALIBRATING,lineup_not_confirmed;player_profile_coverage_low;dc_pi_unavailable;segment_probabilities_wait_for_recent_live_calibration
2026-10-04T10:43:45+08:00,FB6226,2026-10-04T09:00+08:00,MD1,Piratas FC,Oaxaca,46-60,,,,,,,UNKNOWN,INSUFFICIENT_CURRENT_EVIDENCE,,,,,,0,0,0.0,0.0,0.0,0.0,0.0,0.0,0,0,0,,,,,,,CALIBRATING,lineup_not_confirmed;player_profile_coverage_low;dc_pi_unavailable;segment_probabilities_wait_for_recent_live_calibration
2026-10-04T10:43:45+08:00,FB6226,2026-10-04T09:00+08:00,MD1,Piratas FC,Oaxaca,61-75,,,,,,,UNKNOWN,INSUFFICIENT_CURRENT_EVIDENCE,,,,,,0,0,0.0,0.0,0.0,0.0,0.0,0.0,0,0,0,,,,,,,CALIBRATING,lineup_not_confirmed;player_profile_coverage_low;dc_pi_unavailable;segment_probabilities_wait_for_recent_live_calibration
2026-10-04T10:43:45+08:00,FB6226,2026-10-04T09:00+08:00,MD1,Piratas FC,Oaxaca,76-FT,,,,,,,UNKNOWN,INSUFFICIENT_CURRENT_EVIDENCE,,,,,,0,0,0.0,0.0,0.0,0.0,0.0,0.0,0,0,0,,,,,,,CALIBRATING,lineup_not_confirmed;player_profile_coverage_low;dc_pi_unavailable;segment_probabilities_wait_for_recent_live_calibration
2026-10-04T10:43:45+08:00,FB6239,2026-10-04T09:00+08:00,USL,Colorado Springs Switchbacks,Oakland Roots,0-15,,,,,,,UNKNOWN,INSUFFICIENT_CURRENT_EVIDENCE,,,,,,0,0,0.0,0.0,0.0,0.0,0.0,0.0,0,0,0,,,,,,,CALIBRATING,lineup_not_confirmed;player_profile_coverage_low;dc_pi_unavailable;segment_probabilities_wait_for_recent_live_calibration
2026-10-04T10:43:45+08:00,FB6239,2026-10-04T09:00+08:00,USL,Colorado Springs Switchbacks,Oakland Roots,16-30,,,,,,,UNKNOWN,INSUFFICIENT_CURRENT_EVIDENCE,,,,,,0,0,0.0,0.0,0.0,0.0,0.0,0.0,0,0,0,,,,,,,CALIBRATING,lineup_not_confirmed;player_profile_coverage_low;dc_pi_unavailable;segment_probabilities_wait_for_recent_live_calibration
2026-10-04T10:43:45+08:00,FB6239,2026-10-04T09:00+08:00,USL,Colorado Springs Switchbacks,Oakland Roots,31-HT,,,,,,,UNKNOWN,INSUFFICIENT_CURRENT_EVIDENCE,,,,,,0,0,0.0,0.0,0.0,0.0,0.0,0.0,0,0,0,,,,,,,CALIBRATING,lineup_not_confirmed;player_profile_coverage_low;dc_pi_unavailable;segment_probabilities_wait_for_recent_live_calibration
2026-10-04T10:43:45+08:00,FB6239,2026-10-04T09:00+08:00,USL,Colorado Springs Switchbacks,Oakland Roots,46-60,,,,,,,UNKNOWN,INSUFFICIENT_CURRENT_EVIDENCE,,,,,,0,0,0.0,0.0,0.0,0.0,0.0,0.0,0,0,0,,,,,,,CALIBRATING,lineup_not_confirmed;player_profile_coverage_low;dc_pi_unavailable;segment_probabilities_wait_for_recent_live_calibration
2026-10-04T10:43:45+08:00,FB6239,2026-10-04T09:00+08:00,USL,Colorado Springs Switchbacks,Oakland Roots,61-75,,,,,,,UNKNOWN,INSUFFICIENT_CURRENT_EVIDENCE,,,,,,0,0,0.0,0.0,0.0,0.0,0.0,0.0,0,0,0,,,,,,,CALIBRATING,lineup_not_confirmed;player_profile_coverage_low;dc_pi_unavailable;segment_probabilities_wait_for_recent_live_calibration
2026-10-04T10:43:45+08:00,FB6239,2026-10-04T09:00+08:00,USL,Colorado Springs Switchbacks,Oakland Roots,76-FT,,,,,,,UNKNOWN,INSUFFICIENT_CURRENT_EVIDENCE,,,,,,0,0,0.0,0.0,0.0,0.0,0.0,0.0,0,0,0,,,,,,,CALIBRATING,lineup_not_confirmed;player_profile_coverage_low;dc_pi_unavailable;segment_probabilities_wait_for_recent_live_calibration
2026-10-04T10:43:45+08:00,FB6232,2026-10-04T10:00+08:00,INT,USA,Mexico,0-15,,,,,,,UNKNOWN,INSUFFICIENT_CURRENT_EVIDENCE,,,,,,0,0,0.0,0.0,0.0,0.0,0.0,0.0,0,0,0,,,,,,,CALIBRATING,lineup_not_confirmed;player_profile_coverage_low;dc_pi_unavailable;segment_probabilities_wait_for_recent_live_calibration
2026-10-04T10:43:45+08:00,FB6232,2026-10-04T10:00+08:00,INT,USA,Mexico,16-30,,,,,,,UNKNOWN,INSUFFICIENT_CURRENT_EVIDENCE,,,,,,0,0,0.0,0.0,0.0,0.0,0.0,0.0,0,0,0,,,,,,,CALIBRATING,lineup_not_confirmed;player_profile_coverage_low;dc_pi_unavailable;segment_probabilities_wait_for_recent_live_calibration
2026-10-04T10:43:45+08:00,FB6232,2026-10-04T10:00+08:00,INT,USA,Mexico,31-HT,,,,,,,UNKNOWN,INSUFFICIENT_CURRENT_EVIDENCE,,,,,,0,0,0.0,0.0,0.0,0.0,0.0,0.0,0,0,0,,,,,,,CALIBRATING,lineup_not_confirmed;player_profile_coverage_low;dc_pi_unavailable;segment_probabilities_wait_for_recent_live_calibration
2026-10-04T10:43:45+08:00,FB6232,2026-10-04T10:00+08:00,INT,USA,Mexico,46-60,,,,,,,UNKNOWN,INSUFFICIENT_CURRENT_EVIDENCE,,,,,,0,0,0.0,0.0,0.0,0.0,0.0,0.0,0,0,0,,,,,,,CALIBRATING,lineup_not_confirmed;player_profile_coverage_low;dc_pi_unavailable;segment_probabilities_wait_for_recent_live_calibration
2026-10-04T10:43:45+08:00,FB6232,2026-10-04T10:00+08:00,INT,USA,Mexico,61-75,,,,,,,UNKNOWN,INSUFFICIENT_CURRENT_EVIDENCE,,,,,,0,0,0.0,0.0,0.0,0.0,0.0,0.0,0,0,0,,,,,,,CALIBRATING,lineup_not_confirmed;player_profile_coverage_low;dc_pi_unavailable;segment_probabilities_wait_for_recent_live_calibration
2026-10-04T10:43:45+08:00,FB6232,2026-10-04T10:00+08:00,INT,USA,Mexico,76-FT,,,,,,,UNKNOWN,INSUFFICIENT_CURRENT_EVIDENCE,,,,,,0,0,0.0,0.0,0.0,0.0,0.0,0.0,0,0,0,,,,,,,CALIBRATING,lineup_not_confirmed;player_profile_coverage_low;dc_pi_unavailable;segment_probabilities_wait_for_recent_live_calibration
2026-10-04T10:43:45+08:00,FB6240,2026-10-04T10:00+08:00,USL,Orange County SC,Monterey Bay,0-15,,,,,,,UNKNOWN,INSUFFICIENT_CURRENT_EVIDENCE,,,,,,0,0,0.0,0.0,0.0,0.0,0.0,0.0,0,0,0,,,,,,,CALIBRATING,lineup_not_confirmed;player_profile_coverage_low;dc_pi_unavailable;segment_probabilities_wait_for_recent_live_calibration
2026-10-04T10:43:45+08:00,FB6240,2026-10-04T10:00+08:00,USL,Orange County SC,Monterey Bay,16-30,,,,,,,UNKNOWN,INSUFFICIENT_CURRENT_EVIDENCE,,,,,,0,0,0.0,0.0,0.0,0.0,0.0,0.0,0,0,0,,,,,,,CALIBRATING,lineup_not_confirmed;player_profile_coverage_low;dc_pi_unavailable;segment_probabilities_wait_for_recent_live_calibration
2026-10-04T10:43:45+08:00,FB6240,2026-10-04T10:00+08:00,USL,Orange County SC,Monterey Bay,31-HT,,,,,,,UNKNOWN,INSUFFICIENT_CURRENT_EVIDENCE,,,,,,0,0,0.0,0.0,0.0,0.0,0.0,0.0,0,0,0,,,,,,,CALIBRATING,lineup_not_confirmed;player_profile_coverage_low;dc_pi_unavailable;segment_probabilities_wait_for_recent_live_calibration
2026-10-04T10:43:45+08:00,FB6240,2026-10-04T10:00+08:00,USL,Orange County SC,Monterey Bay,46-60,,,,,,,UNKNOWN,INSUFFICIENT_CURRENT_EVIDENCE,,,,,,0,0,0.0,0.0,0.0,0.0,0.0,0.0,0,0,0,,,,,,,CALIBRATING,lineup_not_confirmed;player_profile_coverage_low;dc_pi_unavailable;segment_probabilities_wait_for_recent_live_calibration
2026-10-04T10:43:45+08:00,FB6240,2026-10-04T10:00+08:00,USL,Orange County SC,Monterey Bay,61-75,,,,,,,UNKNOWN,INSUFFICIENT_CURRENT_EVIDENCE,,,,,,0,0,0.0,0.0,0.0,0.0,0.0,0.0,0,0,0,,,,,,,CALIBRATING,lineup_not_confirmed;player_profile_coverage_low;dc_pi_unavailable;segment_probabilities_wait_for_recent_live_calibration
2026-10-04T10:43:45+08:00,FB6240,2026-10-04T10:00+08:00,USL,Orange County SC,Monterey Bay,76-FT,,,,,,,UNKNOWN,INSUFFICIENT_CURRENT_EVIDENCE,,,,,,0,0,0.0,0.0,0.0,0.0,0.0,0.0,0,0,0,,,,,,,CALIBRATING,lineup_not_confirmed;player_profile_coverage_low;dc_pi_unavailable;segment_probabilities_wait_for_recent_live_calibration
2026-10-04T10:43:45+08:00,FB6227,2026-10-04T10:30+08:00,USL,Las Vegas Lights,San Antonio FC,0-15,,,,,,,UNKNOWN,INSUFFICIENT_CURRENT_EVIDENCE,,,,,,0,0,0.0,0.0,0.0,0.0,0.0,0.0,0,0,0,,,,,,,CALIBRATING,lineup_not_confirmed;player_profile_coverage_low;dc_pi_unavailable;segment_probabilities_wait_for_recent_live_calibration
2026-10-04T10:43:45+08:00,FB6227,2026-10-04T10:30+08:00,USL,Las Vegas Lights,San Antonio FC,16-30,,,,,,,UNKNOWN,INSUFFICIENT_CURRENT_EVIDENCE,,,,,,0,0,0.0,0.0,0.0,0.0,0.0,0.0,0,0,0,,,,,,,CALIBRATING,lineup_not_confirmed;player_profile_coverage_low;dc_pi_unavailable;segment_probabilities_wait_for_recent_live_calibration
2026-10-04T10:43:45+08:00,FB6227,2026-10-04T10:30+08:00,USL,Las Vegas Lights,San Antonio FC,31-HT,,,,,,,UNKNOWN,INSUFFICIENT_CURRENT_EVIDENCE,,,,,,0,0,0.0,0.0,0.0,0.0,0.0,0.0,0,0,0,,,,,,,CALIBRATING,lineup_not_confirmed;player_profile_coverage_low;dc_pi_unavailable;segment_probabilities_wait_for_recent_live_calibration
2026-10-04T10:43:45+08:00,FB6227,2026-10-04T10:30+08:00,USL,Las Vegas Lights,San Antonio FC,46-60,,,,,,,UNKNOWN,INSUFFICIENT_CURRENT_EVIDENCE,,,,,,0,0,0.0,0.0,0.0,0.0,0.0,0.0,0,0,0,,,,,,,CALIBRATING,lineup_not_confirmed;player_profile_coverage_low;dc_pi_unavailable;segment_probabilities_wait_for_recent_live_calibration
2026-10-04T10:43:45+08:00,FB6227,2026-10-04T10:30+08:00,USL,Las Vegas Lights,San Antonio FC,61-75,,,,,,,UNKNOWN,INSUFFICIENT_CURRENT_EVIDENCE,,,,,,0,0,0.0,0.0,0.0,0.0,0.0,0.0,0,0,0,,,,,,,CALIBRATING,lineup_not_confirmed;player_profile_coverage_low;dc_pi_unavailable;segment_probabilities_wait_for_recent_live_calibration
2026-10-04T10:43:45+08:00,FB6227,2026-10-04T10:30+08:00,USL,Las Vegas Lights,San Antonio FC,76-FT,,,,,,,UNKNOWN,INSUFFICIENT_CURRENT_EVIDENCE,,,,,,0,0,0.0,0.0,0.0,0.0,0.0,0.0,0,0,0,,,,,,,CALIBRATING,lineup_not_confirmed;player_profile_coverage_low;dc_pi_unavailable;segment_probabilities_wait_for_recent_live_calibration
2026-10-04T10:43:45+08:00,FB6285,2026-10-04T11:10+08:00,MXLW,Necaxa Women,Cruz Azul Women,0-15,A,,A,A,,,A,HDA_MODEL_CONSENSUS,,,,,,0,0,0.0,0.0,0.0,0.0,0.0,0.0,0,0,15,,,,,,,CALIBRATING,lineup_not_confirmed;player_profile_coverage_low;segment_probabilities_wait_for_recent_live_calibration
2026-10-04T10:43:45+08:00,FB6285,2026-10-04T11:10+08:00,MXLW,Necaxa Women,Cruz Azul Women,16-30,A,,A,A,,,A,HDA_MODEL_CONSENSUS,,,,,,0,0,0.0,0.0,0.0,0.0,0.0,0.0,0,0,15,,,,,,,CALIBRATING,lineup_not_confirmed;player_profile_coverage_low;segment_probabilities_wait_for_recent_live_calibration
2026-10-04T10:43:45+08:00,FB6285,2026-10-04T11:10+08:00,MXLW,Necaxa Women,Cruz Azul Women,31-HT,A,,A,A,,,A,HDA_MODEL_CONSENSUS,,,,,,0,0,0.0,0.0,0.0,0.0,0.0,0.0,0,0,15,,,,,,,CALIBRATING,lineup_not_confirmed;player_profile_coverage_low;segment_probabilities_wait_for_recent_live_calibration
2026-10-04T10:43:45+08:00,FB6285,2026-10-04T11:10+08:00,MXLW,Necaxa Women,Cruz Azul Women,46-60,A,,A,A,,,A,HDA_MODEL_CONSENSUS,,,,,,0,0,0.0,0.0,0.0,0.0,0.0,0.0,0,0,15,,,,,,,CALIBRATING,lineup_not_confirmed;player_profile_coverage_low;segment_probabilities_wait_for_recent_live_calibration
2026-10-04T10:43:45+08:00,FB6285,2026-10-04T11:10+08:00,MXLW,Necaxa Women,Cruz Azul Women,61-75,A,,A,A,,,A,HDA_MODEL_CONSENSUS,,,,,,0,0,0.0,0.0,0.0,0.0,0.0,0.0,0,0,15,,,,,,,CALIBRATING,lineup_not_confirmed;player_profile_coverage_low;segment_probabilities_wait_for_recent_live_calibration
2026-10-04T10:43:45+08:00,FB6285,2026-10-04T11:10+08:00,MXLW,Necaxa Women,Cruz Azul Women,76-FT,A,,A,A,,,A,HDA_MODEL_CONSENSUS,,,,,,0,0,0.0,0.0,0.0,0.0,0.0,0.0,0,0,15,,,,,,,CALIBRATING,lineup_not_confirmed;player_profile_coverage_low;segment_probabilities_wait_for_recent_live_calibration
2026-10-04T10:43:45+08:00,FB6142,2026-10-04T12:00+08:00,JD2,Hokkaido Consadole Sapporo,Iwaki FC,0-15,,,,,,,UNKNOWN,INSUFFICIENT_CURRENT_EVIDENCE,,,,,,0,0,0.0,0.0,0.0,0.0,0.0,0.0,0,0,0,,,,,,,CALIBRATING,lineup_not_confirmed;player_profile_coverage_low;dc_pi_unavailable;segment_probabilities_wait_for_recent_live_calibration
2026-10-04T10:43:45+08:00,FB6142,2026-10-04T12:00+08:00,JD2,Hokkaido Consadole Sapporo,Iwaki FC,16-30,,,,,,,UNKNOWN,INSUFFICIENT_CURRENT_EVIDENCE,,,,,,0,0,0.0,0.0,0.0,0.0,0.0,0.0,0,0,0,,,,,,,CALIBRATING,lineup_not_confirmed;player_profile_coverage_low;dc_pi_unavailable;segment_probabilities_wait_for_recent_live_calibration
2026-10-04T10:43:45+08:00,FB6142,2026-10-04T12:00+08:00,JD2,Hokkaido Consadole Sapporo,Iwaki FC,31-HT,,,,,,,UNKNOWN,INSUFFICIENT_CURRENT_EVIDENCE,,,,,,0,0,0.0,0.0,0.0,0.0,0.0,0.0,0,0,0,,,,,,,CALIBRATING,lineup_not_confirmed;player_profile_coverage_low;dc_pi_unavailable;segment_probabilities_wait_for_recent_live_calibration
2026-10-04T10:43:45+08:00,FB6142,2026-10-04T12:00+08:00,JD2,Hokkaido Consadole Sapporo,Iwaki FC,46-60,,,,,,,UNKNOWN,INSUFFICIENT_CURRENT_EVIDENCE,,,,,,0,0,0.0,0.0,0.0,0.0,0.0,0.0,0,0,0,,,,,,,CALIBRATING,lineup_not_confirmed;player_profile_coverage_low;dc_pi_unavailable;segment_probabilities_wait_for_recent_live_calibration
2026-10-04T10:43:45+08:00,FB6142,2026-10-04T12:00+08:00,JD2,Hokkaido Consadole Sapporo,Iwaki FC,61-75,,,,,,,UNKNOWN,INSUFFICIENT_CURRENT_EVIDENCE,,,,,,0,0,0.0,0.0,0.0,0.0,0.0,0.0,0,0,0,,,,,,,CALIBRATING,lineup_not_confirmed;player_profile_coverage_low;dc_pi_unavailable;segment_probabilities_wait_for_recent_live_calibration
2026-10-04T10:43:45+08:00,FB6142,2026-10-04T12:00+08:00,JD2,Hokkaido Consadole Sapporo,Iwaki FC,76-FT,,,,,,,UNKNOWN,INSUFFICIENT_CURRENT_EVIDENCE,,,,,,0,0,0.0,0.0,0.0,0.0,0.0,0.0,0,0,0,,,,,,,CALIBRATING,lineup_not_confirmed;player_profile_coverage_low;dc_pi_unavailable;segment_probabilities_wait_for_recent_live_calibration
2026-10-04T10:43:45+08:00,FB6143,2026-10-04T12:00+08:00,JD2,Vanraure Hachinohe,FC Yokohama,0-15,,,,,,,UNKNOWN,INSUFFICIENT_CURRENT_EVIDENCE,,,,,,0,0,0.0,0.0,0.0,0.0,0.0,0.0,0,0,0,,,,,,,CALIBRATING,lineup_not_confirmed;player_profile_coverage_low;dc_pi_unavailable;segment_probabilities_wait_for_recent_live_calibration
2026-10-04T10:43:45+08:00,FB6143,2026-10-04T12:00+08:00,JD2,Vanraure Hachinohe,FC Yokohama,16-30,,,,,,,UNKNOWN,INSUFFICIENT_CURRENT_EVIDENCE,,,,,,0,0,0.0,0.0,0.0,0.0,0.0,0.0,0,0,0,,,,,,,CALIBRATING,lineup_not_confirmed;player_profile_coverage_low;dc_pi_unavailable;segment_probabilities_wait_for_recent_live_calibration
2026-10-04T10:43:45+08:00,FB6143,2026-10-04T12:00+08:00,JD2,Vanraure Hachinohe,FC Yokohama,31-HT,,,,,,,UNKNOWN,INSUFFICIENT_CURRENT_EVIDENCE,,,,,,0,0,0.0,0.0,0.0,0.0,0.0,0.0,0,0,0,,,,,,,CALIBRATING,lineup_not_confirmed;player_profile_coverage_low;dc_pi_unavailable;segment_probabilities_wait_for_recent_live_calibration
2026-10-04T10:43:45+08:00,FB6143,2026-10-04T12:00+08:00,JD2,Vanraure Hachinohe,FC Yokohama,46-60,,,,,,,UNKNOWN,INSUFFICIENT_CURRENT_EVIDENCE,,,,,,0,0,0.0,0.0,0.0,0.0,0.0,0.0,0,0,0,,,,,,,CALIBRATING,lineup_not_confirmed;player_profile_coverage_low;dc_pi_unavailable;segment_probabilities_wait_for_recent_live_calibration
2026-10-04T10:43:45+08:00,FB6143,2026-10-04T12:00+08:00,JD2,Vanraure Hachinohe,FC Yokohama,61-75,,,,,,,UNKNOWN,INSUFFICIENT_CURRENT_EVIDENCE,,,,,,0,0,0.0,0.0,0.0,0.0,0.0,0.0,0,0,0,,,,,,,CALIBRATING,lineup_not_confirmed;player_profile_coverage_low;dc_pi_unavailable;segment_probabilities_wait_for_recent_live_calibration
2026-10-04T10:43:45+08:00,FB6143,2026-10-04T12:00+08:00,JD2,Vanraure Hachinohe,FC Yokohama,76-FT,,,,,,,UNKNOWN,INSUFFICIENT_CURRENT_EVIDENCE,,,,,,0,0,0.0,0.0,0.0,0.0,0.0,0.0,0,0,0,,,,,,,CALIBRATING,lineup_not_confirmed;player_profile_coverage_low;dc_pi_unavailable;segment_probabilities_wait_for_recent_live_calibration
2026-10-04T10:43:45+08:00,FB6259,2026-10-04T12:00+08:00,JLCW,Albirex Niigata Women,Cerezo Osaka Women,0-15,A,,A,A,,,A,HDA_MODEL_CONSENSUS,,,,,,0,0,0.0,0.0,0.0,0.0,0.0,0.0,0,0,15,,,,,,,CALIBRATING,lineup_not_confirmed;player_profile_coverage_low;segment_probabilities_wait_for_recent_live_calibration
2026-10-04T10:43:45+08:00,FB6259,2026-10-04T12:00+08:00,JLCW,Albirex Niigata Women,Cerezo Osaka Women,16-30,A,,A,A,,,A,HDA_MODEL_CONSENSUS,,,,,,0,0,0.0,0.0,0.0,0.0,0.0,0.0,0,0,15,,,,,,,CALIBRATING,lineup_not_confirmed;player_profile_coverage_low;segment_probabilities_wait_for_recent_live_calibration
2026-10-04T10:43:45+08:00,FB6259,2026-10-04T12:00+08:00,JLCW,Albirex Niigata Women,Cerezo Osaka Women,31-HT,A,,A,A,,,A,HDA_MODEL_CONSENSUS,,,,,,0,0,0.0,0.0,0.0,0.0,0.0,0.0,0,0,15,,,,,,,CALIBRATING,lineup_not_confirmed;player_profile_coverage_low;segment_probabilities_wait_for_recent_live_calibration
2026-10-04T10:43:45+08:00,FB6259,2026-10-04T12:00+08:00,JLCW,Albirex Niigata Women,Cerezo Osaka Women,46-60,A,,A,A,,,A,HDA_MODEL_CONSENSUS,,,,,,0,0,0.0,0.0,0.0,0.0,0.0,0.0,0,0,15,,,,,,,CALIBRATING,lineup_not_confirmed;player_profile_coverage_low;segment_probabilities_wait_for_recent_live_calibration
2026-10-04T10:43:45+08:00,FB6259,2026-10-04T12:00+08:00,JLCW,Albirex Niigata Women,Cerezo Osaka Women,61-75,A,,A,A,,,A,HDA_MODEL_CONSENSUS,,,,,,0,0,0.0,0.0,0.0,0.0,0.0,0.0,0,0,15,,,,,,,CALIBRATING,lineup_not_confirmed;player_profile_coverage_low;segment_probabilities_wait_for_recent_live_calibration
2026-10-04T10:43:45+08:00,FB6259,2026-10-04T12:00+08:00,JLCW,Albirex Niigata Women,Cerezo Osaka Women,76-FT,A,,A,A,,,A,HDA_MODEL_CONSENSUS,,,,,,0,0,0.0,0.0,0.0,0.0,0.0,0.0,0,0,15,,,,,,,CALIBRATING,lineup_not_confirmed;player_profile_coverage_low;segment_probabilities_wait_for_recent_live_calibration
2026-10-04T10:43:45+08:00,FB6260,2026-10-04T12:00+08:00,JLCW,Elfen Saitama Women,JEF United Chiba Women,0-15,,,,,,,UNKNOWN,INSUFFICIENT_CURRENT_EVIDENCE,,,,,,0,0,0.0,0.0,0.0,0.0,0.0,0.0,0,0,0,,,,,,,CALIBRATING,lineup_not_confirmed;player_profile_coverage_low;dc_pi_unavailable;segment_probabilities_wait_for_recent_live_calibration
2026-10-04T10:43:45+08:00,FB6260,2026-10-04T12:00+08:00,JLCW,Elfen Saitama Women,JEF United Chiba Women,16-30,,,,,,,UNKNOWN,INSUFFICIENT_CURRENT_EVIDENCE,,,,,,0,0,0.0,0.0,0.0,0.0,0.0,0.0,0,0,0,,,,,,,CALIBRATING,lineup_not_confirmed;player_profile_coverage_low;dc_pi_unavailable;segment_probabilities_wait_for_recent_live_calibration
2026-10-04T10:43:45+08:00,FB6260,2026-10-04T12:00+08:00,JLCW,Elfen Saitama Women,JEF United Chiba Women,31-HT,,,,,,,UNKNOWN,INSUFFICIENT_CURRENT_EVIDENCE,,,,,,0,0,0.0,0.0,0.0,0.0,0.0,0.0,0,0,0,,,,,,,CALIBRATING,lineup_not_confirmed;player_profile_coverage_low;dc_pi_unavailable;segment_probabilities_wait_for_recent_live_calibration
2026-10-04T10:43:45+08:00,FB6260,2026-10-04T12:00+08:00,JLCW,Elfen Saitama Women,JEF United Chiba Women,46-60,,,,,,,UNKNOWN,INSUFFICIENT_CURRENT_EVIDENCE,,,,,,0,0,0.0,0.0,0.0,0.0,0.0,0.0,0,0,0,,,,,,,CALIBRATING,lineup_not_confirmed;player_profile_coverage_low;dc_pi_unavailable;segment_probabilities_wait_for_recent_live_calibration
2026-10-04T10:43:45+08:00,FB6260,2026-10-04T12:00+08:00,JLCW,Elfen Saitama Women,JEF United Chiba Women,61-75,,,,,,,UNKNOWN,INSUFFICIENT_CURRENT_EVIDENCE,,,,,,0,0,0.0,0.0,0.0,0.0,0.0,0.0,0,0,0,,,,,,,CALIBRATING,lineup_not_confirmed;player_profile_coverage_low;dc_pi_unavailable;segment_probabilities_wait_for_recent_live_calibration
2026-10-04T10:43:45+08:00,FB6260,2026-10-04T12:00+08:00,JLCW,Elfen Saitama Women,JEF United Chiba Women,76-FT,,,,,,,UNKNOWN,INSUFFICIENT_CURRENT_EVIDENCE,,,,,,0,0,0.0,0.0,0.0,0.0,0.0,0.0,0,0,0,,,,,,,CALIBRATING,lineup_not_confirmed;player_profile_coverage_low;dc_pi_unavailable;segment_probabilities_wait_for_recent_live_calibration
2026-10-04T10:43:45+08:00,FB6135,2026-10-04T13:00+08:00,JD2,Blaublitz Akita,Sagan Tosu,0-15,,,,,,,UNKNOWN,INSUFFICIENT_CURRENT_EVIDENCE,,,,,,0,0,0.0,0.0,0.0,0.0,0.0,0.0,0,0,0,,,,,,,CALIBRATING,lineup_not_confirmed;player_profile_coverage_low;dc_pi_unavailable;segment_probabilities_wait_for_recent_live_calibration
2026-10-04T10:43:45+08:00,FB6135,2026-10-04T13:00+08:00,JD2,Blaublitz Akita,Sagan Tosu,16-30,,,,,,,UNKNOWN,INSUFFICIENT_CURRENT_EVIDENCE,,,,,,0,0,0.0,0.0,0.0,0.0,0.0,0.0,0,0,0,,,,,,,CALIBRATING,lineup_not_confirmed;player_profile_coverage_low;dc_pi_unavailable;segment_probabilities_wait_for_recent_live_calibration
2026-10-04T10:43:45+08:00,FB6135,2026-10-04T13:00+08:00,JD2,Blaublitz Akita,Sagan Tosu,31-HT,,,,,,,UNKNOWN,INSUFFICIENT_CURRENT_EVIDENCE,,,,,,0,0,0.0,0.0,0.0,0.0,0.0,0.0,0,0,0,,,,,,,CALIBRATING,lineup_not_confirmed;player_profile_coverage_low;dc_pi_unavailable;segment_probabilities_wait_for_recent_live_calibration
2026-10-04T10:43:45+08:00,FB6135,2026-10-04T13:00+08:00,JD2,Blaublitz Akita,Sagan Tosu,46-60,,,,,,,UNKNOWN,INSUFFICIENT_CURRENT_EVIDENCE,,,,,,0,0,0.0,0.0,0.0,0.0,0.0,0.0,0,0,0,,,,,,,CALIBRATING,lineup_not_confirmed;player_profile_coverage_low;dc_pi_unavailable;segment_probabilities_wait_for_recent_live_calibration
2026-10-04T10:43:45+08:00,FB6135,2026-10-04T13:00+08:00,JD2,Blaublitz Akita,Sagan Tosu,61-75,,,,,,,UNKNOWN,INSUFFICIENT_CURRENT_EVIDENCE,,,,,,0,0,0.0,0.0,0.0,0.0,0.0,0.0,0,0,0,,,,,,,CALIBRATING,lineup_not_confirmed;player_profile_coverage_low;dc_pi_unavailable;segment_probabilities_wait_for_recent_live_calibration
2026-10-04T10:43:45+08:00,FB6135,2026-10-04T13:00+08:00,JD2,Blaublitz Akita,Sagan Tosu,76-FT,,,,,,,UNKNOWN,INSUFFICIENT_CURRENT_EVIDENCE,,,,,,0,0,0.0,0.0,0.0,0.0,0.0,0.0,0,0,0,,,,,,,CALIBRATING,lineup_not_confirmed;player_profile_coverage_low;dc_pi_unavailable;segment_probabilities_wait_for_recent_live_calibration
2026-10-04T10:43:45+08:00,FB6263,2026-10-04T13:00+08:00,JLCW,Nojima Stella Sagamihara Women,RB Omiya Ardija Women,0-15,,,,,,,UNKNOWN,INSUFFICIENT_CURRENT_EVIDENCE,,,,,,0,0,0.0,0.0,0.0,0.0,0.0,0.0,0,0,0,,,,,,,CALIBRATING,lineup_not_confirmed;player_profile_coverage_low;dc_pi_unavailable;segment_probabilities_wait_for_recent_live_calibration
2026-10-04T10:43:45+08:00,FB6263,2026-10-04T13:00+08:00,JLCW,Nojima Stella Sagamihara Women,RB Omiya Ardija Women,16-30,,,,,,,UNKNOWN,INSUFFICIENT_CURRENT_EVIDENCE,,,,,,0,0,0.0,0.0,0.0,0.0,0.0,0.0,0,0,0,,,,,,,CALIBRATING,lineup_not_confirmed;player_profile_coverage_low;dc_pi_unavailable;segment_probabilities_wait_for_recent_live_calibration
2026-10-04T10:43:45+08:00,FB6263,2026-10-04T13:00+08:00,JLCW,Nojima Stella Sagamihara Women,RB Omiya Ardija Women,31-HT,,,,,,,UNKNOWN,INSUFFICIENT_CURRENT_EVIDENCE,,,,,,0,0,0.0,0.0,0.0,0.0,0.0,0.0,0,0,0,,,,,,,CALIBRATING,lineup_not_confirmed;player_profile_coverage_low;dc_pi_unavailable;segment_probabilities_wait_for_recent_live_calibration
2026-10-04T10:43:45+08:00,FB6263,2026-10-04T13:00+08:00,JLCW,Nojima Stella Sagamihara Women,RB Omiya Ardija Women,46-60,,,,,,,UNKNOWN,INSUFFICIENT_CURRENT_EVIDENCE,,,,,,0,0,0.0,0.0,0.0,0.0,0.0,0.0,0,0,0,,,,,,,CALIBRATING,lineup_not_confirmed;player_profile_coverage_low;dc_pi_unavailable;segment_probabilities_wait_for_recent_live_calibration
2026-10-04T10:43:45+08:00,FB6263,2026-10-04T13:00+08:00,JLCW,Nojima Stella Sagamihara Women,RB Omiya Ardija Women,61-75,,,,,,,UNKNOWN,INSUFFICIENT_CURRENT_EVIDENCE,,,,,,0,0,0.0,0.0,0.0,0.0,0.0,0.0,0,0,0,,,,,,,CALIBRATING,lineup_not_confirmed;player_profile_coverage_low;dc_pi_unavailable;segment_probabilities_wait_for_recent_live_calibration
2026-10-04T10:43:45+08:00,FB6263,2026-10-04T13:00+08:00,JLCW,Nojima Stella Sagamihara Women,RB Omiya Ardija Women,76-FT,,,,,,,UNKNOWN,INSUFFICIENT_CURRENT_EVIDENCE,,,,,,0,0,0.0,0.0,0.0,0.0,0.0,0.0,0,0,0,,,,,,,CALIBRATING,lineup_not_confirmed;player_profile_coverage_low;dc_pi_unavailable;segment_probabilities_wait_for_recent_live_calibration
2026-10-04T10:43:45+08:00,FB6136,2026-10-04T14:00+08:00,JD2,Vegalta Sendai,Jubilo Iwata,0-15,,,,,,,UNKNOWN,INSUFFICIENT_CURRENT_EVIDENCE,,,,,,0,0,0.0,0.0,0.0,0.0,0.0,0.0,0,0,0,,,,,,,CALIBRATING,lineup_not_confirmed;player_profile_coverage_low;dc_pi_unavailable;segment_probabilities_wait_for_recent_live_calibration
2026-10-04T10:43:45+08:00,FB6136,2026-10-04T14:00+08:00,JD2,Vegalta Sendai,Jubilo Iwata,16-30,,,,,,,UNKNOWN,INSUFFICIENT_CURRENT_EVIDENCE,,,,,,0,0,0.0,0.0,0.0,0.0,0.0,0.0,0,0,0,,,,,,,CALIBRATING,lineup_not_confirmed;player_profile_coverage_low;dc_pi_unavailable;segment_probabilities_wait_for_recent_live_calibration
2026-10-04T10:43:45+08:00,FB6136,2026-10-04T14:00+08:00,JD2,Vegalta Sendai,Jubilo Iwata,31-HT,,,,,,,UNKNOWN,INSUFFICIENT_CURRENT_EVIDENCE,,,,,,0,0,0.0,0.0,0.0,0.0,0.0,0.0,0,0,0,,,,,,,CALIBRATING,lineup_not_confirmed;player_profile_coverage_low;dc_pi_unavailable;segment_probabilities_wait_for_recent_live_calibration
2026-10-04T10:43:45+08:00,FB6136,2026-10-04T14:00+08:00,JD2,Vegalta Sendai,Jubilo Iwata,46-60,,,,,,,UNKNOWN,INSUFFICIENT_CURRENT_EVIDENCE,,,,,,0,0,0.0,0.0,0.0,0.0,0.0,0.0,0,0,0,,,,,,,CALIBRATING,lineup_not_confirmed;player_profile_coverage_low;dc_pi_unavailable;segment_probabilities_wait_for_recent_live_calibration
2026-10-04T10:43:45+08:00,FB6136,2026-10-04T14:00+08:00,JD2,Vegalta Sendai,Jubilo Iwata,61-75,,,,,,,UNKNOWN,INSUFFICIENT_CURRENT_EVIDENCE,,,,,,0,0,0.0,0.0,0.0,0.0,0.0,0.0,0,0,0,,,,,,,CALIBRATING,lineup_not_confirmed;player_profile_coverage_low;dc_pi_unavailable;segment_probabilities_wait_for_recent_live_calibration
2026-10-04T10:43:45+08:00,FB6136,2026-10-04T14:00+08:00,JD2,Vegalta Sendai,Jubilo Iwata,76-FT,,,,,,,UNKNOWN,INSUFFICIENT_CURRENT_EVIDENCE,,,,,,0,0,0.0,0.0,0.0,0.0,0.0,0.0,0,0,0,,,,,,,CALIBRATING,lineup_not_confirmed;player_profile_coverage_low;dc_pi_unavailable;segment_probabilities_wait_for_recent_live_calibration
2026-10-04T10:43:45+08:00,FB6144,2026-10-04T18:00+08:00,JD2,Tegevajaro Miyazaki,RB Omiya Ardija,0-15,,,,,,,UNKNOWN,INSUFFICIENT_CURRENT_EVIDENCE,,,,,,0,0,0.0,0.0,0.0,0.0,0.0,0.0,0,0,0,,,,,,,CALIBRATING,lineup_not_confirmed;player_profile_coverage_low;dc_pi_unavailable;segment_probabilities_wait_for_recent_live_calibration
2026-10-04T10:43:45+08:00,FB6144,2026-10-04T18:00+08:00,JD2,Tegevajaro Miyazaki,RB Omiya Ardija,16-30,,,,,,,UNKNOWN,INSUFFICIENT_CURRENT_EVIDENCE,,,,,,0,0,0.0,0.0,0.0,0.0,0.0,0.0,0,0,0,,,,,,,CALIBRATING,lineup_not_confirmed;player_profile_coverage_low;dc_pi_unavailable;segment_probabilities_wait_for_recent_live_calibration
2026-10-04T10:43:45+08:00,FB6144,2026-10-04T18:00+08:00,JD2,Tegevajaro Miyazaki,RB Omiya Ardija,31-HT,,,,,,,UNKNOWN,INSUFFICIENT_CURRENT_EVIDENCE,,,,,,0,0,0.0,0.0,0.0,0.0,0.0,0.0,0,0,0,,,,,,,CALIBRATING,lineup_not_confirmed;player_profile_coverage_low;dc_pi_unavailable;segment_probabilities_wait_for_recent_live_calibration
2026-10-04T10:43:45+08:00,FB6144,2026-10-04T18:00+08:00,JD2,Tegevajaro Miyazaki,RB Omiya Ardija,46-60,,,,,,,UNKNOWN,INSUFFICIENT_CURRENT_EVIDENCE,,,,,,0,0,0.0,0.0,0.0,0.0,0.0,0.0,0,0,0,,,,,,,CALIBRATING,lineup_not_confirmed;player_profile_coverage_low;dc_pi_unavailable;segment_probabilities_wait_for_recent_live_calibration
2026-10-04T10:43:45+08:00,FB6144,2026-10-04T18:00+08:00,JD2,Tegevajaro Miyazaki,RB Omiya Ardija,61-75,,,,,,,UNKNOWN,INSUFFICIENT_CURRENT_EVIDENCE,,,,,,0,0,0.0,0.0,0.0,0.0,0.0,0.0,0,0,0,,,,,,,CALIBRATING,lineup_not_confirmed;player_profile_coverage_low;dc_pi_unavailable;segment_probabilities_wait_for_recent_live_calibration
2026-10-04T10:43:45+08:00,FB6144,2026-10-04T18:00+08:00,JD2,Tegevajaro Miyazaki,RB Omiya Ardija,76-FT,,,,,,,UNKNOWN,INSUFFICIENT_CURRENT_EVIDENCE,,,,,,0,0,0.0,0.0,0.0,0.0,0.0,0.0,0,0,0,,,,,,,CALIBRATING,lineup_not_confirmed;player_profile_coverage_low;dc_pi_unavailable;segment_probabilities_wait_for_recent_live_calibration
2026-10-04T10:43:45+08:00,FB6272,2026-10-04T18:00+08:00,SFLW,Tenerife Women,DUX Logrono Women,0-15,,,,,,,UNKNOWN,INSUFFICIENT_CURRENT_EVIDENCE,,,,,,0,0,0.0,0.0,0.0,0.0,0.0,0.0,0,0,0,,,,,,,CALIBRATING,lineup_not_confirmed;player_profile_coverage_low;dc_pi_unavailable;segment_probabilities_wait_for_recent_live_calibration
2026-10-04T10:43:45+08:00,FB6272,2026-10-04T18:00+08:00,SFLW,Tenerife Women,DUX Logrono Women,16-30,,,,,,,UNKNOWN,INSUFFICIENT_CURRENT_EVIDENCE,,,,,,0,0,0.0,0.0,0.0,0.0,0.0,0.0,0,0,0,,,,,,,CALIBRATING,lineup_not_confirmed;player_profile_coverage_low;dc_pi_unavailable;segment_probabilities_wait_for_recent_live_calibration
2026-10-04T10:43:45+08:00,FB6272,2026-10-04T18:00+08:00,SFLW,Tenerife Women,DUX Logrono Women,31-HT,,,,,,,UNKNOWN,INSUFFICIENT_CURRENT_EVIDENCE,,,,,,0,0,0.0,0.0,0.0,0.0,0.0,0.0,0,0,0,,,,,,,CALIBRATING,lineup_not_confirmed;player_profile_coverage_low;dc_pi_unavailable;segment_probabilities_wait_for_recent_live_calibration
2026-10-04T10:43:45+08:00,FB6272,2026-10-04T18:00+08:00,SFLW,Tenerife Women,DUX Logrono Women,46-60,,,,,,,UNKNOWN,INSUFFICIENT_CURRENT_EVIDENCE,,,,,,0,0,0.0,0.0,0.0,0.0,0.0,0.0,0,0,0,,,,,,,CALIBRATING,lineup_not_confirmed;player_profile_coverage_low;dc_pi_unavailable;segment_probabilities_wait_for_recent_live_calibration
2026-10-04T10:43:45+08:00,FB6272,2026-10-04T18:00+08:00,SFLW,Tenerife Women,DUX Logrono Women,61-75,,,,,,,UNKNOWN,INSUFFICIENT_CURRENT_EVIDENCE,,,,,,0,0,0.0,0.0,0.0,0.0,0.0,0.0,0,0,0,,,,,,,CALIBRATING,lineup_not_confirmed;player_profile_coverage_low;dc_pi_unavailable;segment_probabilities_wait_for_recent_live_calibration
2026-10-04T10:43:45+08:00,FB6272,2026-10-04T18:00+08:00,SFLW,Tenerife Women,DUX Logrono Women,76-FT,,,,,,,UNKNOWN,INSUFFICIENT_CURRENT_EVIDENCE,,,,,,0,0,0.0,0.0,0.0,0.0,0.0,0.0,0,0,0,,,,,,,CALIBRATING,lineup_not_confirmed;player_profile_coverage_low;dc_pi_unavailable;segment_probabilities_wait_for_recent_live_calibration
2026-10-04T10:43:45+08:00,FB6273,2026-10-04T18:00+08:00,SFLW,CF Granada Women,Eibar Women,0-15,A,,A,A,,,A,HDA_MODEL_CONSENSUS,,,,,,0,0,0.0,0.0,0.0,0.0,0.0,0.0,0,0,15,,,,,,,CALIBRATING,lineup_not_confirmed;player_profile_coverage_low;segment_probabilities_wait_for_recent_live_calibration
2026-10-04T10:43:45+08:00,FB6273,2026-10-04T18:00+08:00,SFLW,CF Granada Women,Eibar Women,16-30,A,,A,A,,,A,HDA_MODEL_CONSENSUS,,,,,,0,0,0.0,0.0,0.0,0.0,0.0,0.0,0,0,15,,,,,,,CALIBRATING,lineup_not_confirmed;player_profile_coverage_low;segment_probabilities_wait_for_recent_live_calibration
2026-10-04T10:43:45+08:00,FB6273,2026-10-04T18:00+08:00,SFLW,CF Granada Women,Eibar Women,31-HT,A,,A,A,,,A,HDA_MODEL_CONSENSUS,,,,,,0,0,0.0,0.0,0.0,0.0,0.0,0.0,0,0,15,,,,,,,CALIBRATING,lineup_not_confirmed;player_profile_coverage_low;segment_probabilities_wait_for_recent_live_calibration
2026-10-04T10:43:45+08:00,FB6273,2026-10-04T18:00+08:00,SFLW,CF Granada Women,Eibar Women,46-60,A,,A,A,,,A,HDA_MODEL_CONSENSUS,,,,,,0,0,0.0,0.0,0.0,0.0,0.0,0.0,0,0,15,,,,,,,CALIBRATING,lineup_not_confirmed;player_profile_coverage_low;segment_probabilities_wait_for_recent_live_calibration
2026-10-04T10:43:45+08:00,FB6273,2026-10-04T18:00+08:00,SFLW,CF Granada Women,Eibar Women,61-75,A,,A,A,,,A,HDA_MODEL_CONSENSUS,,,,,,0,0,0.0,0.0,0.0,0.0,0.0,0.0,0,0,15,,,,,,,CALIBRATING,lineup_not_confirmed;player_profile_coverage_low;segment_probabilities_wait_for_recent_live_calibration
2026-10-04T10:43:45+08:00,FB6273,2026-10-04T18:00+08:00,SFLW,CF Granada Women,Eibar Women,76-FT,A,,A,A,,,A,HDA_MODEL_CONSENSUS,,,,,,0,0,0.0,0.0,0.0,0.0,0.0,0.0,0,0,15,,,,,,,CALIBRATING,lineup_not_confirmed;player_profile_coverage_low;segment_probabilities_wait_for_recent_live_calibration
2026-10-04T10:43:45+08:00,FB6267,2026-10-04T18:30+08:00,ISAW,Napoli Women,Como 1907 Women,0-15,,,,,,,UNKNOWN,INSUFFICIENT_CURRENT_EVIDENCE,,,,,,0,0,0.0,0.0,0.0,0.0,0.0,0.0,0,0,0,,,,,,,CALIBRATING,lineup_not_confirmed;player_profile_coverage_low;dc_pi_unavailable;segment_probabilities_wait_for_recent_live_calibration
2026-10-04T10:43:45+08:00,FB6267,2026-10-04T18:30+08:00,ISAW,Napoli Women,Como 1907 Women,16-30,,,,,,,UNKNOWN,INSUFFICIENT_CURRENT_EVIDENCE,,,,,,0,0,0.0,0.0,0.0,0.0,0.0,0.0,0,0,0,,,,,,,CALIBRATING,lineup_not_confirmed;player_profile_coverage_low;dc_pi_unavailable;segment_probabilities_wait_for_recent_live_calibration
2026-10-04T10:43:45+08:00,FB6267,2026-10-04T18:30+08:00,ISAW,Napoli Women,Como 1907 Women,31-HT,,,,,,,UNKNOWN,INSUFFICIENT_CURRENT_EVIDENCE,,,,,,0,0,0.0,0.0,0.0,0.0,0.0,0.0,0,0,0,,,,,,,CALIBRATING,lineup_not_confirmed;player_profile_coverage_low;dc_pi_unavailable;segment_probabilities_wait_for_recent_live_calibration
2026-10-04T10:43:45+08:00,FB6267,2026-10-04T18:30+08:00,ISAW,Napoli Women,Como 1907 Women,46-60,,,,,,,UNKNOWN,INSUFFICIENT_CURRENT_EVIDENCE,,,,,,0,0,0.0,0.0,0.0,0.0,0.0,0.0,0,0,0,,,,,,,CALIBRATING,lineup_not_confirmed;player_profile_coverage_low;dc_pi_unavailable;segment_probabilities_wait_for_recent_live_calibration
2026-10-04T10:43:45+08:00,FB6267,2026-10-04T18:30+08:00,ISAW,Napoli Women,Como 1907 Women,61-75,,,,,,,UNKNOWN,INSUFFICIENT_CURRENT_EVIDENCE,,,,,,0,0,0.0,0.0,0.0,0.0,0.0,0.0,0,0,0,,,,,,,CALIBRATING,lineup_not_confirmed;player_profile_coverage_low;dc_pi_unavailable;segment_probabilities_wait_for_recent_live_calibration
2026-10-04T10:43:45+08:00,FB6267,2026-10-04T18:30+08:00,ISAW,Napoli Women,Como 1907 Women,76-FT,,,,,,,UNKNOWN,INSUFFICIENT_CURRENT_EVIDENCE,,,,,,0,0,0.0,0.0,0.0,0.0,0.0,0.0,0,0,0,,,,,,,CALIBRATING,lineup_not_confirmed;player_profile_coverage_low;dc_pi_unavailable;segment_probabilities_wait_for_recent_live_calibration
2026-10-04T10:43:45+08:00,FB6188,2026-10-04T19:00+08:00,NTLW,Molde Women,Stabaek Women,0-15,,,,,,,UNKNOWN,INSUFFICIENT_CURRENT_EVIDENCE,,,,,,0,0,0.0,0.0,0.0,0.0,0.0,0.0,0,0,0,,,,,,,CALIBRATING,lineup_not_confirmed;player_profile_coverage_low;dc_pi_unavailable;segment_probabilities_wait_for_recent_live_calibration
2026-10-04T10:43:45+08:00,FB6188,2026-10-04T19:00+08:00,NTLW,Molde Women,Stabaek Women,16-30,,,,,,,UNKNOWN,INSUFFICIENT_CURRENT_EVIDENCE,,,,,,0,0,0.0,0.0,0.0,0.0,0.0,0.0,0,0,0,,,,,,,CALIBRATING,lineup_not_confirmed;player_profile_coverage_low;dc_pi_unavailable;segment_probabilities_wait_for_recent_live_calibration
2026-10-04T10:43:45+08:00,FB6188,2026-10-04T19:00+08:00,NTLW,Molde Women,Stabaek Women,31-HT,,,,,,,UNKNOWN,INSUFFICIENT_CURRENT_EVIDENCE,,,,,,0,0,0.0,0.0,0.0,0.0,0.0,0.0,0,0,0,,,,,,,CALIBRATING,lineup_not_confirmed;player_profile_coverage_low;dc_pi_unavailable;segment_probabilities_wait_for_recent_live_calibration
2026-10-04T10:43:45+08:00,FB6188,2026-10-04T19:00+08:00,NTLW,Molde Women,Stabaek Women,46-60,,,,,,,UNKNOWN,INSUFFICIENT_CURRENT_EVIDENCE,,,,,,0,0,0.0,0.0,0.0,0.0,0.0,0.0,0,0,0,,,,,,,CALIBRATING,lineup_not_confirmed;player_profile_coverage_low;dc_pi_unavailable;segment_probabilities_wait_for_recent_live_calibration
2026-10-04T10:43:45+08:00,FB6188,2026-10-04T19:00+08:00,NTLW,Molde Women,Stabaek Women,61-75,,,,,,,UNKNOWN,INSUFFICIENT_CURRENT_EVIDENCE,,,,,,0,0,0.0,0.0,0.0,0.0,0.0,0.0,0,0,0,,,,,,,CALIBRATING,lineup_not_confirmed;player_profile_coverage_low;dc_pi_unavailable;segment_probabilities_wait_for_recent_live_calibration
2026-10-04T10:43:45+08:00,FB6188,2026-10-04T19:00+08:00,NTLW,Molde Women,Stabaek Women,76-FT,,,,,,,UNKNOWN,INSUFFICIENT_CURRENT_EVIDENCE,,,,,,0,0,0.0,0.0,0.0,0.0,0.0,0.0,0,0,0,,,,,,,CALIBRATING,lineup_not_confirmed;player_profile_coverage_low;dc_pi_unavailable;segment_probabilities_wait_for_recent_live_calibration
2026-10-04T10:43:45+08:00,FB6269,2026-10-04T19:00+08:00,NTLW,Lyn Women,Haugesund Women,0-15,,,,,,,UNKNOWN,INSUFFICIENT_CURRENT_EVIDENCE,,,,,,0,0,0.0,0.0,0.0,0.0,0.0,0.0,0,0,0,,,,,,,CALIBRATING,lineup_not_confirmed;player_profile_coverage_low;dc_pi_unavailable;segment_probabilities_wait_for_recent_live_calibration
2026-10-04T10:43:45+08:00,FB6269,2026-10-04T19:00+08:00,NTLW,Lyn Women,Haugesund Women,16-30,,,,,,,UNKNOWN,INSUFFICIENT_CURRENT_EVIDENCE,,,,,,0,0,0.0,0.0,0.0,0.0,0.0,0.0,0,0,0,,,,,,,CALIBRATING,lineup_not_confirmed;player_profile_coverage_low;dc_pi_unavailable;segment_probabilities_wait_for_recent_live_calibration
2026-10-04T10:43:45+08:00,FB6269,2026-10-04T19:00+08:00,NTLW,Lyn Women,Haugesund Women,31-HT,,,,,,,UNKNOWN,INSUFFICIENT_CURRENT_EVIDENCE,,,,,,0,0,0.0,0.0,0.0,0.0,0.0,0.0,0,0,0,,,,,,,CALIBRATING,lineup_not_confirmed;player_profile_coverage_low;dc_pi_unavailable;segment_probabilities_wait_for_recent_live_calibration
2026-10-04T10:43:45+08:00,FB6269,2026-10-04T19:00+08:00,NTLW,Lyn Women,Haugesund Women,46-60,,,,,,,UNKNOWN,INSUFFICIENT_CURRENT_EVIDENCE,,,,,,0,0,0.0,0.0,0.0,0.0,0.0,0.0,0,0,0,,,,,,,CALIBRATING,lineup_not_confirmed;player_profile_coverage_low;dc_pi_unavailable;segment_probabilities_wait_for_recent_live_calibration
2026-10-04T10:43:45+08:00,FB6269,2026-10-04T19:00+08:00,NTLW,Lyn Women,Haugesund Women,61-75,,,,,,,UNKNOWN,INSUFFICIENT_CURRENT_EVIDENCE,,,,,,0,0,0.0,0.0,0.0,0.0,0.0,0.0,0,0,0,,,,,,,CALIBRATING,lineup_not_confirmed;player_profile_coverage_low;dc_pi_unavailable;segment_probabilities_wait_for_recent_live_calibration
2026-10-04T10:43:45+08:00,FB6269,2026-10-04T19:00+08:00,NTLW,Lyn Women,Haugesund Women,76-FT,,,,,,,UNKNOWN,INSUFFICIENT_CURRENT_EVIDENCE,,,,,,0,0,0.0,0.0,0.0,0.0,0.0,0.0,0,0,0,,,,,,,CALIBRATING,lineup_not_confirmed;player_profile_coverage_low;dc_pi_unavailable;segment_probabilities_wait_for_recent_live_calibration
2026-10-04T10:43:45+08:00,FB6271,2026-10-04T19:00+08:00,NTLW,Roa Women,LSK Kvinner Women,0-15,,,,,,,UNKNOWN,INSUFFICIENT_CURRENT_EVIDENCE,,,,,,0,0,0.0,0.0,0.0,0.0,0.0,0.0,0,0,0,,,,,,,CALIBRATING,lineup_not_confirmed;player_profile_coverage_low;dc_pi_unavailable;segment_probabilities_wait_for_recent_live_calibration
2026-10-04T10:43:45+08:00,FB6271,2026-10-04T19:00+08:00,NTLW,Roa Women,LSK Kvinner Women,16-30,,,,,,,UNKNOWN,INSUFFICIENT_CURRENT_EVIDENCE,,,,,,0,0,0.0,0.0,0.0,0.0,0.0,0.0,0,0,0,,,,,,,CALIBRATING,lineup_not_confirmed;player_profile_coverage_low;dc_pi_unavailable;segment_probabilities_wait_for_recent_live_calibration
2026-10-04T10:43:45+08:00,FB6271,2026-10-04T19:00+08:00,NTLW,Roa Women,LSK Kvinner Women,31-HT,,,,,,,UNKNOWN,INSUFFICIENT_CURRENT_EVIDENCE,,,,,,0,0,0.0,0.0,0.0,0.0,0.0,0.0,0,0,0,,,,,,,CALIBRATING,lineup_not_confirmed;player_profile_coverage_low;dc_pi_unavailable;segment_probabilities_wait_for_recent_live_calibration
2026-10-04T10:43:45+08:00,FB6271,2026-10-04T19:00+08:00,NTLW,Roa Women,LSK Kvinner Women,46-60,,,,,,,UNKNOWN,INSUFFICIENT_CURRENT_EVIDENCE,,,,,,0,0,0.0,0.0,0.0,0.0,0.0,0.0,0,0,0,,,,,,,CALIBRATING,lineup_not_confirmed;player_profile_coverage_low;dc_pi_unavailable;segment_probabilities_wait_for_recent_live_calibration
2026-10-04T10:43:45+08:00,FB6271,2026-10-04T19:00+08:00,NTLW,Roa Women,LSK Kvinner Women,61-75,,,,,,,UNKNOWN,INSUFFICIENT_CURRENT_EVIDENCE,,,,,,0,0,0.0,0.0,0.0,0.0,0.0,0.0,0,0,0,,,,,,,CALIBRATING,lineup_not_confirmed;player_profile_coverage_low;dc_pi_unavailable;segment_probabilities_wait_for_recent_live_calibration
2026-10-04T10:43:45+08:00,FB6271,2026-10-04T19:00+08:00,NTLW,Roa Women,LSK Kvinner Women,76-FT,,,,,,,UNKNOWN,INSUFFICIENT_CURRENT_EVIDENCE,,,,,,0,0,0.0,0.0,0.0,0.0,0.0,0.0,0,0,0,,,,,,,CALIBRATING,lineup_not_confirmed;player_profile_coverage_low;dc_pi_unavailable;segment_probabilities_wait_for_recent_live_calibration
2026-10-04T10:43:45+08:00,FB6265,2026-10-04T19:45+08:00,GSLW,Wolfsburg Women,Hamburg Women,0-15,,,,,,,UNKNOWN,INSUFFICIENT_CURRENT_EVIDENCE,,,,,,0,0,0.0,0.0,0.0,0.0,0.0,0.0,0,0,0,,,,,,,CALIBRATING,lineup_not_confirmed;player_profile_coverage_low;dc_pi_unavailable;segment_probabilities_wait_for_recent_live_calibration
2026-10-04T10:43:45+08:00,FB6265,2026-10-04T19:45+08:00,GSLW,Wolfsburg Women,Hamburg Women,16-30,,,,,,,UNKNOWN,INSUFFICIENT_CURRENT_EVIDENCE,,,,,,0,0,0.0,0.0,0.0,0.0,0.0,0.0,0,0,0,,,,,,,CALIBRATING,lineup_not_confirmed;player_profile_coverage_low;dc_pi_unavailable;segment_probabilities_wait_for_recent_live_calibration
2026-10-04T10:43:45+08:00,FB6265,2026-10-04T19:45+08:00,GSLW,Wolfsburg Women,Hamburg Women,31-HT,,,,,,,UNKNOWN,INSUFFICIENT_CURRENT_EVIDENCE,,,,,,0,0,0.0,0.0,0.0,0.0,0.0,0.0,0,0,0,,,,,,,CALIBRATING,lineup_not_confirmed;player_profile_coverage_low;dc_pi_unavailable;segment_probabilities_wait_for_recent_live_calibration
2026-10-04T10:43:45+08:00,FB6265,2026-10-04T19:45+08:00,GSLW,Wolfsburg Women,Hamburg Women,46-60,,,,,,,UNKNOWN,INSUFFICIENT_CURRENT_EVIDENCE,,,,,,0,0,0.0,0.0,0.0,0.0,0.0,0.0,0,0,0,,,,,,,CALIBRATING,lineup_not_confirmed;player_profile_coverage_low;dc_pi_unavailable;segment_probabilities_wait_for_recent_live_calibration
2026-10-04T10:43:45+08:00,FB6265,2026-10-04T19:45+08:00,GSLW,Wolfsburg Women,Hamburg Women,61-75,,,,,,,UNKNOWN,INSUFFICIENT_CURRENT_EVIDENCE,,,,,,0,0,0.0,0.0,0.0,0.0,0.0,0.0,0,0,0,,,,,,,CALIBRATING,lineup_not_confirmed;player_profile_coverage_low;dc_pi_unavailable;segment_probabilities_wait_for_recent_live_calibration
2026-10-04T10:43:45+08:00,FB6265,2026-10-04T19:45+08:00,GSLW,Wolfsburg Women,Hamburg Women,76-FT,,,,,,,UNKNOWN,INSUFFICIENT_CURRENT_EVIDENCE,,,,,,0,0,0.0,0.0,0.0,0.0,0.0,0.0,0,0,0,,,,,,,CALIBRATING,lineup_not_confirmed;player_profile_coverage_low;dc_pi_unavailable;segment_probabilities_wait_for_recent_live_calibration
2026-10-04T10:43:45+08:00,FB6183,2026-10-04T20:00+08:00,SF2,Real Sociedad B,CF Granada,0-15,CONFLICT,,H,D,,,UNKNOWN,INSUFFICIENT_CURRENT_EVIDENCE,,,,,,0,0,0.0,0.0,0.0,0.0,0.0,0.0,0,0,15,,,,,,,CALIBRATING,lineup_not_confirmed;player_profile_coverage_low;segment_probabilities_wait_for_recent_live_calibration
2026-10-04T10:43:45+08:00,FB6183,2026-10-04T20:00+08:00,SF2,Real Sociedad B,CF Granada,16-30,CONFLICT,,H,D,,,UNKNOWN,INSUFFICIENT_CURRENT_EVIDENCE,,,,,,0,0,0.0,0.0,0.0,0.0,0.0,0.0,0,0,15,,,,,,,CALIBRATING,lineup_not_confirmed;player_profile_coverage_low;segment_probabilities_wait_for_recent_live_calibration
2026-10-04T10:43:45+08:00,FB6183,2026-10-04T20:00+08:00,SF2,Real Sociedad B,CF Granada,31-HT,CONFLICT,,H,D,,,UNKNOWN,INSUFFICIENT_CURRENT_EVIDENCE,,,,,,0,0,0.0,0.0,0.0,0.0,0.0,0.0,0,0,15,,,,,,,CALIBRATING,lineup_not_confirmed;player_profile_coverage_low;segment_probabilities_wait_for_recent_live_calibration
2026-10-04T10:43:45+08:00,FB6183,2026-10-04T20:00+08:00,SF2,Real Sociedad B,CF Granada,46-60,CONFLICT,,H,D,,,UNKNOWN,INSUFFICIENT_CURRENT_EVIDENCE,,,,,,0,0,0.0,0.0,0.0,0.0,0.0,0.0,0,0,15,,,,,,,CALIBRATING,lineup_not_confirmed;player_profile_coverage_low;segment_probabilities_wait_for_recent_live_calibration
2026-10-04T10:43:45+08:00,FB6183,2026-10-04T20:00+08:00,SF2,Real Sociedad B,CF Granada,61-75,CONFLICT,,H,D,,,UNKNOWN,INSUFFICIENT_CURRENT_EVIDENCE,,,,,,0,0,0.0,0.0,0.0,0.0,0.0,0.0,0,0,15,,,,,,,CALIBRATING,lineup_not_confirmed;player_profile_coverage_low;segment_probabilities_wait_for_recent_live_calibration
2026-10-04T10:43:45+08:00,FB6183,2026-10-04T20:00+08:00,SF2,Real Sociedad B,CF Granada,76-FT,CONFLICT,,H,D,,,UNKNOWN,INSUFFICIENT_CURRENT_EVIDENCE,,,,,,0,0,0.0,0.0,0.0,0.0,0.0,0.0,0,0,15,,,,,,,CALIBRATING,lineup_not_confirmed;player_profile_coverage_low;segment_probabilities_wait_for_recent_live_calibration
2026-10-04T10:43:45+08:00,FB6195,2026-10-04T20:00+08:00,SALW,Djurgardens Women,AIK Solna Women,0-15,,,,,,,UNKNOWN,INSUFFICIENT_CURRENT_EVIDENCE,,,,,,0,0,0.0,0.0,0.0,0.0,0.0,0.0,0,0,0,,,,,,,CALIBRATING,lineup_not_confirmed;player_profile_coverage_low;dc_pi_unavailable;segment_probabilities_wait_for_recent_live_calibration
2026-10-04T10:43:45+08:00,FB6195,2026-10-04T20:00+08:00,SALW,Djurgardens Women,AIK Solna Women,16-30,,,,,,,UNKNOWN,INSUFFICIENT_CURRENT_EVIDENCE,,,,,,0,0,0.0,0.0,0.0,0.0,0.0,0.0,0,0,0,,,,,,,CALIBRATING,lineup_not_confirmed;player_profile_coverage_low;dc_pi_unavailable;segment_probabilities_wait_for_recent_live_calibration
2026-10-04T10:43:45+08:00,FB6195,2026-10-04T20:00+08:00,SALW,Djurgardens Women,AIK Solna Women,31-HT,,,,,,,UNKNOWN,INSUFFICIENT_CURRENT_EVIDENCE,,,,,,0,0,0.0,0.0,0.0,0.0,0.0,0.0,0,0,0,,,,,,,CALIBRATING,lineup_not_confirmed;player_profile_coverage_low;dc_pi_unavailable;segment_probabilities_wait_for_recent_live_calibration
2026-10-04T10:43:45+08:00,FB6195,2026-10-04T20:00+08:00,SALW,Djurgardens Women,AIK Solna Women,46-60,,,,,,,UNKNOWN,INSUFFICIENT_CURRENT_EVIDENCE,,,,,,0,0,0.0,0.0,0.0,0.0,0.0,0.0,0,0,0,,,,,,,CALIBRATING,lineup_not_confirmed;player_profile_coverage_low;dc_pi_unavailable;segment_probabilities_wait_for_recent_live_calibration
2026-10-04T10:43:45+08:00,FB6195,2026-10-04T20:00+08:00,SALW,Djurgardens Women,AIK Solna Women,61-75,,,,,,,UNKNOWN,INSUFFICIENT_CURRENT_EVIDENCE,,,,,,0,0,0.0,0.0,0.0,0.0,0.0,0.0,0,0,0,,,,,,,CALIBRATING,lineup_not_confirmed;player_profile_coverage_low;dc_pi_unavailable;segment_probabilities_wait_for_recent_live_calibration
2026-10-04T10:43:45+08:00,FB6195,2026-10-04T20:00+08:00,SALW,Djurgardens Women,AIK Solna Women,76-FT,,,,,,,UNKNOWN,INSUFFICIENT_CURRENT_EVIDENCE,,,,,,0,0,0.0,0.0,0.0,0.0,0.0,0.0,0,0,0,,,,,,,CALIBRATING,lineup_not_confirmed;player_profile_coverage_low;dc_pi_unavailable;segment_probabilities_wait_for_recent_live_calibration
2026-10-04T10:43:45+08:00,FB6153,2026-10-04T20:30+08:00,DF2,Venlo,Roda,0-15,,,,,,,UNKNOWN,INSUFFICIENT_CURRENT_EVIDENCE,,,,,,0,0,0.0,0.0,0.0,0.0,0.0,0.0,0,0,0,,,,,,,CALIBRATING,lineup_not_confirmed;player_profile_coverage_low;dc_pi_unavailable;segment_probabilities_wait_for_recent_live_calibration
2026-10-04T10:43:45+08:00,FB6153,2026-10-04T20:30+08:00,DF2,Venlo,Roda,16-30,,,,,,,UNKNOWN,INSUFFICIENT_CURRENT_EVIDENCE,,,,,,0,0,0.0,0.0,0.0,0.0,0.0,0.0,0,0,0,,,,,,,CALIBRATING,lineup_not_confirmed;player_profile_coverage_low;dc_pi_unavailable;segment_probabilities_wait_for_recent_live_calibration
2026-10-04T10:43:45+08:00,FB6153,2026-10-04T20:30+08:00,DF2,Venlo,Roda,31-HT,,,,,,,UNKNOWN,INSUFFICIENT_CURRENT_EVIDENCE,,,,,,0,0,0.0,0.0,0.0,0.0,0.0,0.0,0,0,0,,,,,,,CALIBRATING,lineup_not_confirmed;player_profile_coverage_low;dc_pi_unavailable;segment_probabilities_wait_for_recent_live_calibration
2026-10-04T10:43:45+08:00,FB6153,2026-10-04T20:30+08:00,DF2,Venlo,Roda,46-60,,,,,,,UNKNOWN,INSUFFICIENT_CURRENT_EVIDENCE,,,,,,0,0,0.0,0.0,0.0,0.0,0.0,0.0,0,0,0,,,,,,,CALIBRATING,lineup_not_confirmed;player_profile_coverage_low;dc_pi_unavailable;segment_probabilities_wait_for_recent_live_calibration
2026-10-04T10:43:45+08:00,FB6153,2026-10-04T20:30+08:00,DF2,Venlo,Roda,61-75,,,,,,,UNKNOWN,INSUFFICIENT_CURRENT_EVIDENCE,,,,,,0,0,0.0,0.0,0.0,0.0,0.0,0.0,0,0,0,,,,,,,CALIBRATING,lineup_not_confirmed;player_profile_coverage_low;dc_pi_unavailable;segment_probabilities_wait_for_recent_live_calibration
2026-10-04T10:43:45+08:00,FB6153,2026-10-04T20:30+08:00,DF2,Venlo,Roda,76-FT,,,,,,,UNKNOWN,INSUFFICIENT_CURRENT_EVIDENCE,,,,,,0,0,0.0,0.0,0.0,0.0,0.0,0.0,0,0,0,,,,,,,CALIBRATING,lineup_not_confirmed;player_profile_coverage_low;dc_pi_unavailable;segment_probabilities_wait_for_recent_live_calibration
2026-10-04T10:43:45+08:00,FB6256,2026-10-04T21:00+08:00,ENL,Azerbaijan,Lithuania,0-15,,,,,,,UNKNOWN,INSUFFICIENT_CURRENT_EVIDENCE,,,,,,0,0,0.0,0.0,0.0,0.0,0.0,0.0,0,0,0,,,,,,,CALIBRATING,lineup_not_confirmed;player_profile_coverage_low;dc_pi_unavailable;segment_probabilities_wait_for_recent_live_calibration
2026-10-04T10:43:45+08:00,FB6256,2026-10-04T21:00+08:00,ENL,Azerbaijan,Lithuania,16-30,,,,,,,UNKNOWN,INSUFFICIENT_CURRENT_EVIDENCE,,,,,,0,0,0.0,0.0,0.0,0.0,0.0,0.0,0,0,0,,,,,,,CALIBRATING,lineup_not_confirmed;player_profile_coverage_low;dc_pi_unavailable;segment_probabilities_wait_for_recent_live_calibration
2026-10-04T10:43:45+08:00,FB6256,2026-10-04T21:00+08:00,ENL,Azerbaijan,Lithuania,31-HT,,,,,,,UNKNOWN,INSUFFICIENT_CURRENT_EVIDENCE,,,,,,0,0,0.0,0.0,0.0,0.0,0.0,0.0,0,0,0,,,,,,,CALIBRATING,lineup_not_confirmed;player_profile_coverage_low;dc_pi_unavailable;segment_probabilities_wait_for_recent_live_calibration
2026-10-04T10:43:45+08:00,FB6256,2026-10-04T21:00+08:00,ENL,Azerbaijan,Lithuania,46-60,,,,,,,UNKNOWN,INSUFFICIENT_CURRENT_EVIDENCE,,,,,,0,0,0.0,0.0,0.0,0.0,0.0,0.0,0,0,0,,,,,,,CALIBRATING,lineup_not_confirmed;player_profile_coverage_low;dc_pi_unavailable;segment_probabilities_wait_for_recent_live_calibration
2026-10-04T10:43:45+08:00,FB6256,2026-10-04T21:00+08:00,ENL,Azerbaijan,Lithuania,61-75,,,,,,,UNKNOWN,INSUFFICIENT_CURRENT_EVIDENCE,,,,,,0,0,0.0,0.0,0.0,0.0,0.0,0.0,0,0,0,,,,,,,CALIBRATING,lineup_not_confirmed;player_profile_coverage_low;dc_pi_unavailable;segment_probabilities_wait_for_recent_live_calibration
2026-10-04T10:43:45+08:00,FB6256,2026-10-04T21:00+08:00,ENL,Azerbaijan,Lithuania,76-FT,,,,,,,UNKNOWN,INSUFFICIENT_CURRENT_EVIDENCE,,,,,,0,0,0.0,0.0,0.0,0.0,0.0,0.0,0,0,0,,,,,,,CALIBRATING,lineup_not_confirmed;player_profile_coverage_low;dc_pi_unavailable;segment_probabilities_wait_for_recent_live_calibration
2026-10-04T10:43:45+08:00,FB6268,2026-10-04T21:00+08:00,ISAW,AC Milan Women,Juventus Women,0-15,CONFLICT,,A,D,,,UNKNOWN,INSUFFICIENT_CURRENT_EVIDENCE,,,,,,0,0,0.0,0.0,0.0,0.0,0.0,0.0,0,0,15,,,,,,,CALIBRATING,lineup_not_confirmed;player_profile_coverage_low;segment_probabilities_wait_for_recent_live_calibration
2026-10-04T10:43:45+08:00,FB6268,2026-10-04T21:00+08:00,ISAW,AC Milan Women,Juventus Women,16-30,CONFLICT,,A,D,,,UNKNOWN,INSUFFICIENT_CURRENT_EVIDENCE,,,,,,0,0,0.0,0.0,0.0,0.0,0.0,0.0,0,0,15,,,,,,,CALIBRATING,lineup_not_confirmed;player_profile_coverage_low;segment_probabilities_wait_for_recent_live_calibration
2026-10-04T10:43:45+08:00,FB6268,2026-10-04T21:00+08:00,ISAW,AC Milan Women,Juventus Women,31-HT,CONFLICT,,A,D,,,UNKNOWN,INSUFFICIENT_CURRENT_EVIDENCE,,,,,,0,0,0.0,0.0,0.0,0.0,0.0,0.0,0,0,15,,,,,,,CALIBRATING,lineup_not_confirmed;player_profile_coverage_low;segment_probabilities_wait_for_recent_live_calibration
2026-10-04T10:43:45+08:00,FB6268,2026-10-04T21:00+08:00,ISAW,AC Milan Women,Juventus Women,46-60,CONFLICT,,A,D,,,UNKNOWN,INSUFFICIENT_CURRENT_EVIDENCE,,,,,,0,0,0.0,0.0,0.0,0.0,0.0,0.0,0,0,15,,,,,,,CALIBRATING,lineup_not_confirmed;player_profile_coverage_low;segment_probabilities_wait_for_recent_live_calibration
2026-10-04T10:43:45+08:00,FB6268,2026-10-04T21:00+08:00,ISAW,AC Milan Women,Juventus Women,61-75,CONFLICT,,A,D,,,UNKNOWN,INSUFFICIENT_CURRENT_EVIDENCE,,,,,,0,0,0.0,0.0,0.0,0.0,0.0,0.0,0,0,15,,,,,,,CALIBRATING,lineup_not_confirmed;player_profile_coverage_low;segment_probabilities_wait_for_recent_live_calibration
2026-10-04T10:43:45+08:00,FB6268,2026-10-04T21:00+08:00,ISAW,AC Milan Women,Juventus Women,76-FT,CONFLICT,,A,D,,,UNKNOWN,INSUFFICIENT_CURRENT_EVIDENCE,,,,,,0,0,0.0,0.0,0.0,0.0,0.0,0.0,0,0,15,,,,,,,CALIBRATING,lineup_not_confirmed;player_profile_coverage_low;segment_probabilities_wait_for_recent_live_calibration
2026-10-04T10:43:45+08:00,FB6274,2026-10-04T21:00+08:00,EPLW,Tottenham Women,London City Lionesses Women,0-15,,,,,,,UNKNOWN,INSUFFICIENT_CURRENT_EVIDENCE,,,,,,0,0,0.0,0.0,0.0,0.0,0.0,0.0,0,0,0,,,,,,,CALIBRATING,lineup_not_confirmed;player_profile_coverage_low;dc_pi_unavailable;segment_probabilities_wait_for_recent_live_calibration
2026-10-04T10:43:45+08:00,FB6274,2026-10-04T21:00+08:00,EPLW,Tottenham Women,London City Lionesses Women,16-30,,,,,,,UNKNOWN,INSUFFICIENT_CURRENT_EVIDENCE,,,,,,0,0,0.0,0.0,0.0,0.0,0.0,0.0,0,0,0,,,,,,,CALIBRATING,lineup_not_confirmed;player_profile_coverage_low;dc_pi_unavailable;segment_probabilities_wait_for_recent_live_calibration
2026-10-04T10:43:45+08:00,FB6274,2026-10-04T21:00+08:00,EPLW,Tottenham Women,London City Lionesses Women,31-HT,,,,,,,UNKNOWN,INSUFFICIENT_CURRENT_EVIDENCE,,,,,,0,0,0.0,0.0,0.0,0.0,0.0,0.0,0,0,0,,,,,,,CALIBRATING,lineup_not_confirmed;player_profile_coverage_low;dc_pi_unavailable;segment_probabilities_wait_for_recent_live_calibration
2026-10-04T10:43:45+08:00,FB6274,2026-10-04T21:00+08:00,EPLW,Tottenham Women,London City Lionesses Women,46-60,,,,,,,UNKNOWN,INSUFFICIENT_CURRENT_EVIDENCE,,,,,,0,0,0.0,0.0,0.0,0.0,0.0,0.0,0,0,0,,,,,,,CALIBRATING,lineup_not_confirmed;player_profile_coverage_low;dc_pi_unavailable;segment_probabilities_wait_for_recent_live_calibration
2026-10-04T10:43:45+08:00,FB6274,2026-10-04T21:00+08:00,EPLW,Tottenham Women,London City Lionesses Women,61-75,,,,,,,UNKNOWN,INSUFFICIENT_CURRENT_EVIDENCE,,,,,,0,0,0.0,0.0,0.0,0.0,0.0,0.0,0,0,0,,,,,,,CALIBRATING,lineup_not_confirmed;player_profile_coverage_low;dc_pi_unavailable;segment_probabilities_wait_for_recent_live_calibration
2026-10-04T10:43:45+08:00,FB6274,2026-10-04T21:00+08:00,EPLW,Tottenham Women,London City Lionesses Women,76-FT,,,,,,,UNKNOWN,INSUFFICIENT_CURRENT_EVIDENCE,,,,,,0,0,0.0,0.0,0.0,0.0,0.0,0.0,0,0,0,,,,,,,CALIBRATING,lineup_not_confirmed;player_profile_coverage_low;dc_pi_unavailable;segment_probabilities_wait_for_recent_live_calibration
2026-10-04T10:43:45+08:00,FB6275,2026-10-04T21:00+08:00,EPLW,West Ham Women,Chelsea Women,0-15,,,,,,,UNKNOWN,INSUFFICIENT_CURRENT_EVIDENCE,,,,,,0,0,0.0,0.0,0.0,0.0,0.0,0.0,0,0,0,,,,,,,CALIBRATING,lineup_not_confirmed;player_profile_coverage_low;dc_pi_unavailable;segment_probabilities_wait_for_recent_live_calibration
2026-10-04T10:43:45+08:00,FB6275,2026-10-04T21:00+08:00,EPLW,West Ham Women,Chelsea Women,16-30,,,,,,,UNKNOWN,INSUFFICIENT_CURRENT_EVIDENCE,,,,,,0,0,0.0,0.0,0.0,0.0,0.0,0.0,0,0,0,,,,,,,CALIBRATING,lineup_not_confirmed;player_profile_coverage_low;dc_pi_unavailable;segment_probabilities_wait_for_recent_live_calibration
2026-10-04T10:43:45+08:00,FB6275,2026-10-04T21:00+08:00,EPLW,West Ham Women,Chelsea Women,31-HT,,,,,,,UNKNOWN,INSUFFICIENT_CURRENT_EVIDENCE,,,,,,0,0,0.0,0.0,0.0,0.0,0.0,0.0,0,0,0,,,,,,,CALIBRATING,lineup_not_confirmed;player_profile_coverage_low;dc_pi_unavailable;segment_probabilities_wait_for_recent_live_calibration
2026-10-04T10:43:45+08:00,FB6275,2026-10-04T21:00+08:00,EPLW,West Ham Women,Chelsea Women,46-60,,,,,,,UNKNOWN,INSUFFICIENT_CURRENT_EVIDENCE,,,,,,0,0,0.0,0.0,0.0,0.0,0.0,0.0,0,0,0,,,,,,,CALIBRATING,lineup_not_confirmed;player_profile_coverage_low;dc_pi_unavailable;segment_probabilities_wait_for_recent_live_calibration
2026-10-04T10:43:45+08:00,FB6275,2026-10-04T21:00+08:00,EPLW,West Ham Women,Chelsea Women,61-75,,,,,,,UNKNOWN,INSUFFICIENT_CURRENT_EVIDENCE,,,,,,0,0,0.0,0.0,0.0,0.0,0.0,0.0,0,0,0,,,,,,,CALIBRATING,lineup_not_confirmed;player_profile_coverage_low;dc_pi_unavailable;segment_probabilities_wait_for_recent_live_calibration
2026-10-04T10:43:45+08:00,FB6275,2026-10-04T21:00+08:00,EPLW,West Ham Women,Chelsea Women,76-FT,,,,,,,UNKNOWN,INSUFFICIENT_CURRENT_EVIDENCE,,,,,,0,0,0.0,0.0,0.0,0.0,0.0,0.0,0,0,0,,,,,,,CALIBRATING,lineup_not_confirmed;player_profile_coverage_low;dc_pi_unavailable;segment_probabilities_wait_for_recent_live_calibration
2026-10-04T10:43:45+08:00,FB6286,2026-10-04T21:10+08:00,SPLW,Hibernian Women,Hearts Women,0-15,A,,A,A,,,A,HDA_MODEL_CONSENSUS,,,,,,0,0,0.0,0.0,0.0,0.0,0.0,0.0,0,0,15,,,,,,,CALIBRATING,lineup_not_confirmed;player_profile_coverage_low;segment_probabilities_wait_for_recent_live_calibration
2026-10-04T10:43:45+08:00,FB6286,2026-10-04T21:10+08:00,SPLW,Hibernian Women,Hearts Women,16-30,A,,A,A,,,A,HDA_MODEL_CONSENSUS,,,,,,0,0,0.0,0.0,0.0,0.0,0.0,0.0,0,0,15,,,,,,,CALIBRATING,lineup_not_confirmed;player_profile_coverage_low;segment_probabilities_wait_for_recent_live_calibration
2026-10-04T10:43:45+08:00,FB6286,2026-10-04T21:10+08:00,SPLW,Hibernian Women,Hearts Women,31-HT,A,,A,A,,,A,HDA_MODEL_CONSENSUS,,,,,,0,0,0.0,0.0,0.0,0.0,0.0,0.0,0,0,15,,,,,,,CALIBRATING,lineup_not_confirmed;player_profile_coverage_low;segment_probabilities_wait_for_recent_live_calibration
2026-10-04T10:43:45+08:00,FB6286,2026-10-04T21:10+08:00,SPLW,Hibernian Women,Hearts Women,46-60,A,,A,A,,,A,HDA_MODEL_CONSENSUS,,,,,,0,0,0.0,0.0,0.0,0.0,0.0,0.0,0,0,15,,,,,,,CALIBRATING,lineup_not_confirmed;player_profile_coverage_low;segment_probabilities_wait_for_recent_live_calibration
2026-10-04T10:43:45+08:00,FB6286,2026-10-04T21:10+08:00,SPLW,Hibernian Women,Hearts Women,61-75,A,,A,A,,,A,HDA_MODEL_CONSENSUS,,,,,,0,0,0.0,0.0,0.0,0.0,0.0,0.0,0,0,15,,,,,,,CALIBRATING,lineup_not_confirmed;player_profile_coverage_low;segment_probabilities_wait_for_recent_live_calibration
2026-10-04T10:43:45+08:00,FB6286,2026-10-04T21:10+08:00,SPLW,Hibernian Women,Hearts Women,76-FT,A,,A,A,,,A,HDA_MODEL_CONSENSUS,,,,,,0,0,0.0,0.0,0.0,0.0,0.0,0.0,0,0,15,,,,,,,CALIBRATING,lineup_not_confirmed;player_profile_coverage_low;segment_probabilities_wait_for_recent_live_calibration
2026-10-04T10:43:45+08:00,FB6264,2026-10-04T22:00+08:00,GSLW,Stuttgart Women,Union Berlin Women,0-15,H,,H,H,,,H,HDA_MODEL_CONSENSUS,,,,,,0,0,0.0,0.0,0.0,0.0,0.0,0.0,0,0,15,,,,,,,CALIBRATING,lineup_not_confirmed;player_profile_coverage_low;segment_probabilities_wait_for_recent_live_calibration
2026-10-04T10:43:45+08:00,FB6264,2026-10-04T22:00+08:00,GSLW,Stuttgart Women,Union Berlin Women,16-30,H,,H,H,,,H,HDA_MODEL_CONSENSUS,,,,,,0,0,0.0,0.0,0.0,0.0,0.0,0.0,0,0,15,,,,,,,CALIBRATING,lineup_not_confirmed;player_profile_coverage_low;segment_probabilities_wait_for_recent_live_calibration
2026-10-04T10:43:45+08:00,FB6264,2026-10-04T22:00+08:00,GSLW,Stuttgart Women,Union Berlin Women,31-HT,H,,H,H,,,H,HDA_MODEL_CONSENSUS,,,,,,0,0,0.0,0.0,0.0,0.0,0.0,0.0,0,0,15,,,,,,,CALIBRATING,lineup_not_confirmed;player_profile_coverage_low;segment_probabilities_wait_for_recent_live_calibration
2026-10-04T10:43:45+08:00,FB6264,2026-10-04T22:00+08:00,GSLW,Stuttgart Women,Union Berlin Women,46-60,H,,H,H,,,H,HDA_MODEL_CONSENSUS,,,,,,0,0,0.0,0.0,0.0,0.0,0.0,0.0,0,0,15,,,,,,,CALIBRATING,lineup_not_confirmed;player_profile_coverage_low;segment_probabilities_wait_for_recent_live_calibration
2026-10-04T10:43:45+08:00,FB6264,2026-10-04T22:00+08:00,GSLW,Stuttgart Women,Union Berlin Women,61-75,H,,H,H,,,H,HDA_MODEL_CONSENSUS,,,,,,0,0,0.0,0.0,0.0,0.0,0.0,0.0,0,0,15,,,,,,,CALIBRATING,lineup_not_confirmed;player_profile_coverage_low;segment_probabilities_wait_for_recent_live_calibration
2026-10-04T10:43:45+08:00,FB6264,2026-10-04T22:00+08:00,GSLW,Stuttgart Women,Union Berlin Women,76-FT,H,,H,H,,,H,HDA_MODEL_CONSENSUS,,,,,,0,0,0.0,0.0,0.0,0.0,0.0,0.0,0,0,15,,,,,,,CALIBRATING,lineup_not_confirmed;player_profile_coverage_low;segment_probabilities_wait_for_recent_live_calibration
2026-10-04T10:43:45+08:00,FB6278,2026-10-04T22:00+08:00,INT,Kyrgyzstan,Lebanon,0-15,,,,,,,UNKNOWN,INSUFFICIENT_CURRENT_EVIDENCE,,,,,,0,0,0.0,0.0,0.0,0.0,0.0,0.0,0,0,0,,,,,,,CALIBRATING,lineup_not_confirmed;player_profile_coverage_low;dc_pi_unavailable;segment_probabilities_wait_for_recent_live_calibration
2026-10-04T10:43:45+08:00,FB6278,2026-10-04T22:00+08:00,INT,Kyrgyzstan,Lebanon,16-30,,,,,,,UNKNOWN,INSUFFICIENT_CURRENT_EVIDENCE,,,,,,0,0,0.0,0.0,0.0,0.0,0.0,0.0,0,0,0,,,,,,,CALIBRATING,lineup_not_confirmed;player_profile_coverage_low;dc_pi_unavailable;segment_probabilities_wait_for_recent_live_calibration
2026-10-04T10:43:45+08:00,FB6278,2026-10-04T22:00+08:00,INT,Kyrgyzstan,Lebanon,31-HT,,,,,,,UNKNOWN,INSUFFICIENT_CURRENT_EVIDENCE,,,,,,0,0,0.0,0.0,0.0,0.0,0.0,0.0,0,0,0,,,,,,,CALIBRATING,lineup_not_confirmed;player_profile_coverage_low;dc_pi_unavailable;segment_probabilities_wait_for_recent_live_calibration
2026-10-04T10:43:45+08:00,FB6278,2026-10-04T22:00+08:00,INT,Kyrgyzstan,Lebanon,46-60,,,,,,,UNKNOWN,INSUFFICIENT_CURRENT_EVIDENCE,,,,,,0,0,0.0,0.0,0.0,0.0,0.0,0.0,0,0,0,,,,,,,CALIBRATING,lineup_not_confirmed;player_profile_coverage_low;dc_pi_unavailable;segment_probabilities_wait_for_recent_live_calibration
2026-10-04T10:43:45+08:00,FB6278,2026-10-04T22:00+08:00,INT,Kyrgyzstan,Lebanon,61-75,,,,,,,UNKNOWN,INSUFFICIENT_CURRENT_EVIDENCE,,,,,,0,0,0.0,0.0,0.0,0.0,0.0,0.0,0,0,0,,,,,,,CALIBRATING,lineup_not_confirmed;player_profile_coverage_low;dc_pi_unavailable;segment_probabilities_wait_for_recent_live_calibration
2026-10-04T10:43:45+08:00,FB6278,2026-10-04T22:00+08:00,INT,Kyrgyzstan,Lebanon,76-FT,,,,,,,UNKNOWN,INSUFFICIENT_CURRENT_EVIDENCE,,,,,,0,0,0.0,0.0,0.0,0.0,0.0,0.0,0,0,0,,,,,,,CALIBRATING,lineup_not_confirmed;player_profile_coverage_low;dc_pi_unavailable;segment_probabilities_wait_for_recent_live_calibration
2026-10-04T10:43:45+08:00,FB6178,2026-10-04T22:15+08:00,SF2,Gijon,Celta Fortuna,0-15,,,,,,,UNKNOWN,INSUFFICIENT_CURRENT_EVIDENCE,,,,,,0,0,0.0,0.0,0.0,0.0,0.0,0.0,0,0,0,,,,,,,CALIBRATING,lineup_not_confirmed;player_profile_coverage_low;dc_pi_unavailable;segment_probabilities_wait_for_recent_live_calibration
2026-10-04T10:43:45+08:00,FB6178,2026-10-04T22:15+08:00,SF2,Gijon,Celta Fortuna,16-30,,,,,,,UNKNOWN,INSUFFICIENT_CURRENT_EVIDENCE,,,,,,0,0,0.0,0.0,0.0,0.0,0.0,0.0,0,0,0,,,,,,,CALIBRATING,lineup_not_confirmed;player_profile_coverage_low;dc_pi_unavailable;segment_probabilities_wait_for_recent_live_calibration
2026-10-04T10:43:45+08:00,FB6178,2026-10-04T22:15+08:00,SF2,Gijon,Celta Fortuna,31-HT,,,,,,,UNKNOWN,INSUFFICIENT_CURRENT_EVIDENCE,,,,,,0,0,0.0,0.0,0.0,0.0,0.0,0.0,0,0,0,,,,,,,CALIBRATING,lineup_not_confirmed;player_profile_coverage_low;dc_pi_unavailable;segment_probabilities_wait_for_recent_live_calibration
2026-10-04T10:43:45+08:00,FB6178,2026-10-04T22:15+08:00,SF2,Gijon,Celta Fortuna,46-60,,,,,,,UNKNOWN,INSUFFICIENT_CURRENT_EVIDENCE,,,,,,0,0,0.0,0.0,0.0,0.0,0.0,0.0,0,0,0,,,,,,,CALIBRATING,lineup_not_confirmed;player_profile_coverage_low;dc_pi_unavailable;segment_probabilities_wait_for_recent_live_calibration
2026-10-04T10:43:45+08:00,FB6178,2026-10-04T22:15+08:00,SF2,Gijon,Celta Fortuna,61-75,,,,,,,UNKNOWN,INSUFFICIENT_CURRENT_EVIDENCE,,,,,,0,0,0.0,0.0,0.0,0.0,0.0,0.0,0,0,0,,,,,,,CALIBRATING,lineup_not_confirmed;player_profile_coverage_low;dc_pi_unavailable;segment_probabilities_wait_for_recent_live_calibration
2026-10-04T10:43:45+08:00,FB6178,2026-10-04T22:15+08:00,SF2,Gijon,Celta Fortuna,76-FT,,,,,,,UNKNOWN,INSUFFICIENT_CURRENT_EVIDENCE,,,,,,0,0,0.0,0.0,0.0,0.0,0.0,0.0,0,0,0,,,,,,,CALIBRATING,lineup_not_confirmed;player_profile_coverage_low;dc_pi_unavailable;segment_probabilities_wait_for_recent_live_calibration
2026-10-04T10:43:45+08:00,FB6266,2026-10-04T23:00+08:00,NTLW,Valerenga Women,Rosenborg Women,0-15,A,,A,A,,,A,HDA_MODEL_CONSENSUS,,,,,,0,0,0.0,0.0,0.0,0.0,0.0,0.0,0,0,15,,,,,,,CALIBRATING,lineup_not_confirmed;player_profile_coverage_low;segment_probabilities_wait_for_recent_live_calibration
2026-10-04T10:43:45+08:00,FB6266,2026-10-04T23:00+08:00,NTLW,Valerenga Women,Rosenborg Women,16-30,A,,A,A,,,A,HDA_MODEL_CONSENSUS,,,,,,0,0,0.0,0.0,0.0,0.0,0.0,0.0,0,0,15,,,,,,,CALIBRATING,lineup_not_confirmed;player_profile_coverage_low;segment_probabilities_wait_for_recent_live_calibration
2026-10-04T10:43:45+08:00,FB6266,2026-10-04T23:00+08:00,NTLW,Valerenga Women,Rosenborg Women,31-HT,A,,A,A,,,A,HDA_MODEL_CONSENSUS,,,,,,0,0,0.0,0.0,0.0,0.0,0.0,0.0,0,0,15,,,,,,,CALIBRATING,lineup_not_confirmed;player_profile_coverage_low;segment_probabilities_wait_for_recent_live_calibration
2026-10-04T10:43:45+08:00,FB6266,2026-10-04T23:00+08:00,NTLW,Valerenga Women,Rosenborg Women,46-60,A,,A,A,,,A,HDA_MODEL_CONSENSUS,,,,,,0,0,0.0,0.0,0.0,0.0,0.0,0.0,0,0,15,,,,,,,CALIBRATING,lineup_not_confirmed;player_profile_coverage_low;segment_probabilities_wait_for_recent_live_calibration
2026-10-04T10:43:45+08:00,FB6266,2026-10-04T23:00+08:00,NTLW,Valerenga Women,Rosenborg Women,61-75,A,,A,A,,,A,HDA_MODEL_CONSENSUS,,,,,,0,0,0.0,0.0,0.0,0.0,0.0,0.0,0,0,15,,,,,,,CALIBRATING,lineup_not_confirmed;player_profile_coverage_low;segment_probabilities_wait_for_recent_live_calibration
2026-10-04T10:43:45+08:00,FB6266,2026-10-04T23:00+08:00,NTLW,Valerenga Women,Rosenborg Women,76-FT,A,,A,A,,,A,HDA_MODEL_CONSENSUS,,,,,,0,0,0.0,0.0,0.0,0.0,0.0,0.0,0,0,15,,,,,,,CALIBRATING,lineup_not_confirmed;player_profile_coverage_low;segment_probabilities_wait_for_recent_live_calibration
2026-10-04T10:43:45+08:00,FB6276,2026-10-04T23:30+08:00,EPLW,Manchester City Women,Arsenal Women,0-15,H,,H,H,,,H,HDA_MODEL_CONSENSUS,,,,,,0,0,0.0,0.0,0.0,0.0,0.0,0.0,0,0,15,,,,,,,CALIBRATING,lineup_not_confirmed;player_profile_coverage_low;segment_probabilities_wait_for_recent_live_calibration
2026-10-04T10:43:45+08:00,FB6276,2026-10-04T23:30+08:00,EPLW,Manchester City Women,Arsenal Women,16-30,H,,H,H,,,H,HDA_MODEL_CONSENSUS,,,,,,0,0,0.0,0.0,0.0,0.0,0.0,0.0,0,0,15,,,,,,,CALIBRATING,lineup_not_confirmed;player_profile_coverage_low;segment_probabilities_wait_for_recent_live_calibration
2026-10-04T10:43:45+08:00,FB6276,2026-10-04T23:30+08:00,EPLW,Manchester City Women,Arsenal Women,31-HT,H,,H,H,,,H,HDA_MODEL_CONSENSUS,,,,,,0,0,0.0,0.0,0.0,0.0,0.0,0.0,0,0,15,,,,,,,CALIBRATING,lineup_not_confirmed;player_profile_coverage_low;segment_probabilities_wait_for_recent_live_calibration
2026-10-04T10:43:45+08:00,FB6276,2026-10-04T23:30+08:00,EPLW,Manchester City Women,Arsenal Women,46-60,H,,H,H,,,H,HDA_MODEL_CONSENSUS,,,,,,0,0,0.0,0.0,0.0,0.0,0.0,0.0,0,0,15,,,,,,,CALIBRATING,lineup_not_confirmed;player_profile_coverage_low;segment_probabilities_wait_for_recent_live_calibration
2026-10-04T10:43:45+08:00,FB6276,2026-10-04T23:30+08:00,EPLW,Manchester City Women,Arsenal Women,61-75,H,,H,H,,,H,HDA_MODEL_CONSENSUS,,,,,,0,0,0.0,0.0,0.0,0.0,0.0,0.0,0,0,15,,,,,,,CALIBRATING,lineup_not_confirmed;player_profile_coverage_low;segment_probabilities_wait_for_recent_live_calibration
2026-10-04T10:43:45+08:00,FB6276,2026-10-04T23:30+08:00,EPLW,Manchester City Women,Arsenal Women,76-FT,H,,H,H,,,H,HDA_MODEL_CONSENSUS,,,,,,0,0,0.0,0.0,0.0,0.0,0.0,0.0,0,0,15,,,,,,,CALIBRATING,lineup_not_confirmed;player_profile_coverage_low;segment_probabilities_wait_for_recent_live_calibration
2026-10-04T10:43:45+08:00,FB6126,2026-10-04T23:57+08:00,UD1,Boston River,Juventud Las Piedras,0-15,,,,,,,UNKNOWN,INSUFFICIENT_CURRENT_EVIDENCE,,,,,,0,0,0.0,0.0,0.0,0.0,0.0,0.0,0,0,0,,,,,,,CALIBRATING,lineup_not_confirmed;player_profile_coverage_low;dc_pi_unavailable;segment_probabilities_wait_for_recent_live_calibration
2026-10-04T10:43:45+08:00,FB6126,2026-10-04T23:57+08:00,UD1,Boston River,Juventud Las Piedras,16-30,,,,,,,UNKNOWN,INSUFFICIENT_CURRENT_EVIDENCE,,,,,,0,0,0.0,0.0,0.0,0.0,0.0,0.0,0,0,0,,,,,,,CALIBRATING,lineup_not_confirmed;player_profile_coverage_low;dc_pi_unavailable;segment_probabilities_wait_for_recent_live_calibration
2026-10-04T10:43:45+08:00,FB6126,2026-10-04T23:57+08:00,UD1,Boston River,Juventud Las Piedras,31-HT,,,,,,,UNKNOWN,INSUFFICIENT_CURRENT_EVIDENCE,,,,,,0,0,0.0,0.0,0.0,0.0,0.0,0.0,0,0,0,,,,,,,CALIBRATING,lineup_not_confirmed;player_profile_coverage_low;dc_pi_unavailable;segment_probabilities_wait_for_recent_live_calibration
2026-10-04T10:43:45+08:00,FB6126,2026-10-04T23:57+08:00,UD1,Boston River,Juventud Las Piedras,46-60,,,,,,,UNKNOWN,INSUFFICIENT_CURRENT_EVIDENCE,,,,,,0,0,0.0,0.0,0.0,0.0,0.0,0.0,0,0,0,,,,,,,CALIBRATING,lineup_not_confirmed;player_profile_coverage_low;dc_pi_unavailable;segment_probabilities_wait_for_recent_live_calibration
2026-10-04T10:43:45+08:00,FB6126,2026-10-04T23:57+08:00,UD1,Boston River,Juventud Las Piedras,61-75,,,,,,,UNKNOWN,INSUFFICIENT_CURRENT_EVIDENCE,,,,,,0,0,0.0,0.0,0.0,0.0,0.0,0.0,0,0,0,,,,,,,CALIBRATING,lineup_not_confirmed;player_profile_coverage_low;dc_pi_unavailable;segment_probabilities_wait_for_recent_live_calibration
2026-10-04T10:43:45+08:00,FB6126,2026-10-04T23:57+08:00,UD1,Boston River,Juventud Las Piedras,76-FT,,,,,,,UNKNOWN,INSUFFICIENT_CURRENT_EVIDENCE,,,,,,0,0,0.0,0.0,0.0,0.0,0.0,0.0,0,0,0,,,,,,,CALIBRATING,lineup_not_confirmed;player_profile_coverage_low;dc_pi_unavailable;segment_probabilities_wait_for_recent_live_calibration
2026-10-04T10:43:45+08:00,FB6253,2026-10-05T00:00+08:00,ENL,Kosovo,Austria,0-15,,,,,,,UNKNOWN,INSUFFICIENT_CURRENT_EVIDENCE,,,,,,0,0,0.0,0.0,0.0,0.0,0.0,0.0,0,0,0,,,,,,,CALIBRATING,lineup_not_confirmed;player_profile_coverage_low;dc_pi_unavailable;segment_probabilities_wait_for_recent_live_calibration
2026-10-04T10:43:45+08:00,FB6253,2026-10-05T00:00+08:00,ENL,Kosovo,Austria,16-30,,,,,,,UNKNOWN,INSUFFICIENT_CURRENT_EVIDENCE,,,,,,0,0,0.0,0.0,0.0,0.0,0.0,0.0,0,0,0,,,,,,,CALIBRATING,lineup_not_confirmed;player_profile_coverage_low;dc_pi_unavailable;segment_probabilities_wait_for_recent_live_calibration
2026-10-04T10:43:45+08:00,FB6253,2026-10-05T00:00+08:00,ENL,Kosovo,Austria,31-HT,,,,,,,UNKNOWN,INSUFFICIENT_CURRENT_EVIDENCE,,,,,,0,0,0.0,0.0,0.0,0.0,0.0,0.0,0,0,0,,,,,,,CALIBRATING,lineup_not_confirmed;player_profile_coverage_low;dc_pi_unavailable;segment_probabilities_wait_for_recent_live_calibration
2026-10-04T10:43:45+08:00,FB6253,2026-10-05T00:00+08:00,ENL,Kosovo,Austria,46-60,,,,,,,UNKNOWN,INSUFFICIENT_CURRENT_EVIDENCE,,,,,,0,0,0.0,0.0,0.0,0.0,0.0,0.0,0,0,0,,,,,,,CALIBRATING,lineup_not_confirmed;player_profile_coverage_low;dc_pi_unavailable;segment_probabilities_wait_for_recent_live_calibration
2026-10-04T10:43:45+08:00,FB6253,2026-10-05T00:00+08:00,ENL,Kosovo,Austria,61-75,,,,,,,UNKNOWN,INSUFFICIENT_CURRENT_EVIDENCE,,,,,,0,0,0.0,0.0,0.0,0.0,0.0,0.0,0,0,0,,,,,,,CALIBRATING,lineup_not_confirmed;player_profile_coverage_low;dc_pi_unavailable;segment_probabilities_wait_for_recent_live_calibration
2026-10-04T10:43:45+08:00,FB6253,2026-10-05T00:00+08:00,ENL,Kosovo,Austria,76-FT,,,,,,,UNKNOWN,INSUFFICIENT_CURRENT_EVIDENCE,,,,,,0,0,0.0,0.0,0.0,0.0,0.0,0.0,0,0,0,,,,,,,CALIBRATING,lineup_not_confirmed;player_profile_coverage_low;dc_pi_unavailable;segment_probabilities_wait_for_recent_live_calibration
2026-10-04T10:43:45+08:00,FB6270,2026-10-05T00:00+08:00,ISAW,FC Como Women,Inter Milan Women,0-15,,,,,,,UNKNOWN,INSUFFICIENT_CURRENT_EVIDENCE,,,,,,0,0,0.0,0.0,0.0,0.0,0.0,0.0,0,0,0,,,,,,,CALIBRATING,lineup_not_confirmed;player_profile_coverage_low;dc_pi_unavailable;segment_probabilities_wait_for_recent_live_calibration
2026-10-04T10:43:45+08:00,FB6270,2026-10-05T00:00+08:00,ISAW,FC Como Women,Inter Milan Women,16-30,,,,,,,UNKNOWN,INSUFFICIENT_CURRENT_EVIDENCE,,,,,,0,0,0.0,0.0,0.0,0.0,0.0,0.0,0,0,0,,,,,,,CALIBRATING,lineup_not_confirmed;player_profile_coverage_low;dc_pi_unavailable;segment_probabilities_wait_for_recent_live_calibration
2026-10-04T10:43:45+08:00,FB6270,2026-10-05T00:00+08:00,ISAW,FC Como Women,Inter Milan Women,31-HT,,,,,,,UNKNOWN,INSUFFICIENT_CURRENT_EVIDENCE,,,,,,0,0,0.0,0.0,0.0,0.0,0.0,0.0,0,0,0,,,,,,,CALIBRATING,lineup_not_confirmed;player_profile_coverage_low;dc_pi_unavailable;segment_probabilities_wait_for_recent_live_calibration
2026-10-04T10:43:45+08:00,FB6270,2026-10-05T00:00+08:00,ISAW,FC Como Women,Inter Milan Women,46-60,,,,,,,UNKNOWN,INSUFFICIENT_CURRENT_EVIDENCE,,,,,,0,0,0.0,0.0,0.0,0.0,0.0,0.0,0,0,0,,,,,,,CALIBRATING,lineup_not_confirmed;player_profile_coverage_low;dc_pi_unavailable;segment_probabilities_wait_for_recent_live_calibration
2026-10-04T10:43:45+08:00,FB6270,2026-10-05T00:00+08:00,ISAW,FC Como Women,Inter Milan Women,61-75,,,,,,,UNKNOWN,INSUFFICIENT_CURRENT_EVIDENCE,,,,,,0,0,0.0,0.0,0.0,0.0,0.0,0.0,0,0,0,,,,,,,CALIBRATING,lineup_not_confirmed;player_profile_coverage_low;dc_pi_unavailable;segment_probabilities_wait_for_recent_live_calibration
2026-10-04T10:43:45+08:00,FB6270,2026-10-05T00:00+08:00,ISAW,FC Como Women,Inter Milan Women,76-FT,,,,,,,UNKNOWN,INSUFFICIENT_CURRENT_EVIDENCE,,,,,,0,0,0.0,0.0,0.0,0.0,0.0,0.0,0,0,0,,,,,,,CALIBRATING,lineup_not_confirmed;player_profile_coverage_low;dc_pi_unavailable;segment_probabilities_wait_for_recent_live_calibration
2026-10-04T10:43:45+08:00,FB6179,2026-10-05T00:30+08:00,SF2,Las Palmas,Valladolid,0-15,H,,H,H,,,H,HDA_MODEL_CONSENSUS,,,,,,0,0,0.0,0.0,0.0,0.0,0.0,0.0,0,0,15,,,,,,,CALIBRATING,lineup_not_confirmed;player_profile_coverage_low;segment_probabilities_wait_for_recent_live_calibration
2026-10-04T10:43:45+08:00,FB6179,2026-10-05T00:30+08:00,SF2,Las Palmas,Valladolid,16-30,H,,H,H,,,H,HDA_MODEL_CONSENSUS,,,,,,0,0,0.0,0.0,0.0,0.0,0.0,0.0,0,0,15,,,,,,,CALIBRATING,lineup_not_confirmed;player_profile_coverage_low;segment_probabilities_wait_for_recent_live_calibration
2026-10-04T10:43:45+08:00,FB6179,2026-10-05T00:30+08:00,SF2,Las Palmas,Valladolid,31-HT,H,,H,H,,,H,HDA_MODEL_CONSENSUS,,,,,,0,0,0.0,0.0,0.0,0.0,0.0,0.0,0,0,15,,,,,,,CALIBRATING,lineup_not_confirmed;player_profile_coverage_low;segment_probabilities_wait_for_recent_live_calibration
2026-10-04T10:43:45+08:00,FB6179,2026-10-05T00:30+08:00,SF2,Las Palmas,Valladolid,46-60,H,,H,H,,,H,HDA_MODEL_CONSENSUS,,,,,,0,0,0.0,0.0,0.0,0.0,0.0,0.0,0,0,15,,,,,,,CALIBRATING,lineup_not_confirmed;player_profile_coverage_low;segment_probabilities_wait_for_recent_live_calibration
2026-10-04T10:43:45+08:00,FB6179,2026-10-05T00:30+08:00,SF2,Las Palmas,Valladolid,61-75,H,,H,H,,,H,HDA_MODEL_CONSENSUS,,,,,,0,0,0.0,0.0,0.0,0.0,0.0,0.0,0,0,15,,,,,,,CALIBRATING,lineup_not_confirmed;player_profile_coverage_low;segment_probabilities_wait_for_recent_live_calibration
2026-10-04T10:43:45+08:00,FB6179,2026-10-05T00:30+08:00,SF2,Las Palmas,Valladolid,76-FT,H,,H,H,,,H,HDA_MODEL_CONSENSUS,,,,,,0,0,0.0,0.0,0.0,0.0,0.0,0.0,0,0,15,,,,,,,CALIBRATING,lineup_not_confirmed;player_profile_coverage_low;segment_probabilities_wait_for_recent_live_calibration
2026-10-04T10:43:45+08:00,FB6180,2026-10-05T00:30+08:00,SF2,Castellon,Ceuta,0-15,H,,H,H,,,H,HDA_MODEL_CONSENSUS,,,,,,0,0,0.0,0.0,0.0,0.0,0.0,0.0,0,0,15,,,,,,,CALIBRATING,lineup_not_confirmed;player_profile_coverage_low;segment_probabilities_wait_for_recent_live_calibration
2026-10-04T10:43:45+08:00,FB6180,2026-10-05T00:30+08:00,SF2,Castellon,Ceuta,16-30,H,,H,H,,,H,HDA_MODEL_CONSENSUS,,,,,,0,0,0.0,0.0,0.0,0.0,0.0,0.0,0,0,15,,,,,,,CALIBRATING,lineup_not_confirmed;player_profile_coverage_low;segment_probabilities_wait_for_recent_live_calibration
2026-10-04T10:43:45+08:00,FB6180,2026-10-05T00:30+08:00,SF2,Castellon,Ceuta,31-HT,H,,H,H,,,H,HDA_MODEL_CONSENSUS,,,,,,0,0,0.0,0.0,0.0,0.0,0.0,0.0,0,0,15,,,,,,,CALIBRATING,lineup_not_confirmed;player_profile_coverage_low;segment_probabilities_wait_for_recent_live_calibration
2026-10-04T10:43:45+08:00,FB6180,2026-10-05T00:30+08:00,SF2,Castellon,Ceuta,46-60,H,,H,H,,,H,HDA_MODEL_CONSENSUS,,,,,,0,0,0.0,0.0,0.0,0.0,0.0,0.0,0,0,15,,,,,,,CALIBRATING,lineup_not_confirmed;player_profile_coverage_low;segment_probabilities_wait_for_recent_live_calibration
2026-10-04T10:43:45+08:00,FB6180,2026-10-05T00:30+08:00,SF2,Castellon,Ceuta,61-75,H,,H,H,,,H,HDA_MODEL_CONSENSUS,,,,,,0,0,0.0,0.0,0.0,0.0,0.0,0.0,0,0,15,,,,,,,CALIBRATING,lineup_not_confirmed;player_profile_coverage_low;segment_probabilities_wait_for_recent_live_calibration
2026-10-04T10:43:45+08:00,FB6180,2026-10-05T00:30+08:00,SF2,Castellon,Ceuta,76-FT,H,,H,H,,,H,HDA_MODEL_CONSENSUS,,,,,,0,0,0.0,0.0,0.0,0.0,0.0,0.0,0,0,15,,,,,,,CALIBRATING,lineup_not_confirmed;player_profile_coverage_low;segment_probabilities_wait_for_recent_live_calibration
2026-10-04T10:43:45+08:00,FB6262,2026-10-05T00:30+08:00,GSLW,Nurnberg Women,Hoffenheim Women,0-15,,,,,,,UNKNOWN,INSUFFICIENT_CURRENT_EVIDENCE,,,,,,0,0,0.0,0.0,0.0,0.0,0.0,0.0,0,0,0,,,,,,,CALIBRATING,lineup_not_confirmed;player_profile_coverage_low;dc_pi_unavailable;segment_probabilities_wait_for_recent_live_calibration
2026-10-04T10:43:45+08:00,FB6262,2026-10-05T00:30+08:00,GSLW,Nurnberg Women,Hoffenheim Women,16-30,,,,,,,UNKNOWN,INSUFFICIENT_CURRENT_EVIDENCE,,,,,,0,0,0.0,0.0,0.0,0.0,0.0,0.0,0,0,0,,,,,,,CALIBRATING,lineup_not_confirmed;player_profile_coverage_low;dc_pi_unavailable;segment_probabilities_wait_for_recent_live_calibration
2026-10-04T10:43:45+08:00,FB6262,2026-10-05T00:30+08:00,GSLW,Nurnberg Women,Hoffenheim Women,31-HT,,,,,,,UNKNOWN,INSUFFICIENT_CURRENT_EVIDENCE,,,,,,0,0,0.0,0.0,0.0,0.0,0.0,0.0,0,0,0,,,,,,,CALIBRATING,lineup_not_confirmed;player_profile_coverage_low;dc_pi_unavailable;segment_probabilities_wait_for_recent_live_calibration
2026-10-04T10:43:45+08:00,FB6262,2026-10-05T00:30+08:00,GSLW,Nurnberg Women,Hoffenheim Women,46-60,,,,,,,UNKNOWN,INSUFFICIENT_CURRENT_EVIDENCE,,,,,,0,0,0.0,0.0,0.0,0.0,0.0,0.0,0,0,0,,,,,,,CALIBRATING,lineup_not_confirmed;player_profile_coverage_low;dc_pi_unavailable;segment_probabilities_wait_for_recent_live_calibration
2026-10-04T10:43:45+08:00,FB6262,2026-10-05T00:30+08:00,GSLW,Nurnberg Women,Hoffenheim Women,61-75,,,,,,,UNKNOWN,INSUFFICIENT_CURRENT_EVIDENCE,,,,,,0,0,0.0,0.0,0.0,0.0,0.0,0.0,0,0,0,,,,,,,CALIBRATING,lineup_not_confirmed;player_profile_coverage_low;dc_pi_unavailable;segment_probabilities_wait_for_recent_live_calibration
2026-10-04T10:43:45+08:00,FB6262,2026-10-05T00:30+08:00,GSLW,Nurnberg Women,Hoffenheim Women,76-FT,,,,,,,UNKNOWN,INSUFFICIENT_CURRENT_EVIDENCE,,,,,,0,0,0.0,0.0,0.0,0.0,0.0,0.0,0,0,0,,,,,,,CALIBRATING,lineup_not_confirmed;player_profile_coverage_low;dc_pi_unavailable;segment_probabilities_wait_for_recent_live_calibration
2026-10-04T10:43:45+08:00,FB6261,2026-10-05T01:00+08:00,SFLW,Barcelona Women,Real Madrid Women,0-15,H,,H,H,,,H,HDA_MODEL_CONSENSUS,,,,,,0,0,0.0,0.0,0.0,0.0,0.0,0.0,0,0,15,,,,,,,CALIBRATING,lineup_not_confirmed;player_profile_coverage_low;segment_probabilities_wait_for_recent_live_calibration
2026-10-04T10:43:45+08:00,FB6261,2026-10-05T01:00+08:00,SFLW,Barcelona Women,Real Madrid Women,16-30,H,,H,H,,,H,HDA_MODEL_CONSENSUS,,,,,,0,0,0.0,0.0,0.0,0.0,0.0,0.0,0,0,15,,,,,,,CALIBRATING,lineup_not_confirmed;player_profile_coverage_low;segment_probabilities_wait_for_recent_live_calibration
2026-10-04T10:43:45+08:00,FB6261,2026-10-05T01:00+08:00,SFLW,Barcelona Women,Real Madrid Women,31-HT,H,,H,H,,,H,HDA_MODEL_CONSENSUS,,,,,,0,0,0.0,0.0,0.0,0.0,0.0,0.0,0,0,15,,,,,,,CALIBRATING,lineup_not_confirmed;player_profile_coverage_low;segment_probabilities_wait_for_recent_live_calibration
2026-10-04T10:43:45+08:00,FB6261,2026-10-05T01:00+08:00,SFLW,Barcelona Women,Real Madrid Women,46-60,H,,H,H,,,H,HDA_MODEL_CONSENSUS,,,,,,0,0,0.0,0.0,0.0,0.0,0.0,0.0,0,0,15,,,,,,,CALIBRATING,lineup_not_confirmed;player_profile_coverage_low;segment_probabilities_wait_for_recent_live_calibration
2026-10-04T10:43:45+08:00,FB6261,2026-10-05T01:00+08:00,SFLW,Barcelona Women,Real Madrid Women,61-75,H,,H,H,,,H,HDA_MODEL_CONSENSUS,,,,,,0,0,0.0,0.0,0.0,0.0,0.0,0.0,0,0,15,,,,,,,CALIBRATING,lineup_not_confirmed;player_profile_coverage_low;segment_probabilities_wait_for_recent_live_calibration
2026-10-04T10:43:45+08:00,FB6261,2026-10-05T01:00+08:00,SFLW,Barcelona Women,Real Madrid Women,76-FT,H,,H,H,,,H,HDA_MODEL_CONSENSUS,,,,,,0,0,0.0,0.0,0.0,0.0,0.0,0.0,0,0,15,,,,,,,CALIBRATING,lineup_not_confirmed;player_profile_coverage_low;segment_probabilities_wait_for_recent_live_calibration
2026-10-04T10:43:45+08:00,FB6277,2026-10-05T01:30+08:00,SFLW,Valencia Women,Real Sociedad Women,0-15,CONFLICT,,H,D,,,UNKNOWN,INSUFFICIENT_CURRENT_EVIDENCE,,,,,,0,0,0.0,0.0,0.0,0.0,0.0,0.0,0,0,15,,,,,,,CALIBRATING,lineup_not_confirmed;player_profile_coverage_low;segment_probabilities_wait_for_recent_live_calibration
2026-10-04T10:43:45+08:00,FB6277,2026-10-05T01:30+08:00,SFLW,Valencia Women,Real Sociedad Women,16-30,CONFLICT,,H,D,,,UNKNOWN,INSUFFICIENT_CURRENT_EVIDENCE,,,,,,0,0,0.0,0.0,0.0,0.0,0.0,0.0,0,0,15,,,,,,,CALIBRATING,lineup_not_confirmed;player_profile_coverage_low;segment_probabilities_wait_for_recent_live_calibration
2026-10-04T10:43:45+08:00,FB6277,2026-10-05T01:30+08:00,SFLW,Valencia Women,Real Sociedad Women,31-HT,CONFLICT,,H,D,,,UNKNOWN,INSUFFICIENT_CURRENT_EVIDENCE,,,,,,0,0,0.0,0.0,0.0,0.0,0.0,0.0,0,0,15,,,,,,,CALIBRATING,lineup_not_confirmed;player_profile_coverage_low;segment_probabilities_wait_for_recent_live_calibration
2026-10-04T10:43:45+08:00,FB6277,2026-10-05T01:30+08:00,SFLW,Valencia Women,Real Sociedad Women,46-60,CONFLICT,,H,D,,,UNKNOWN,INSUFFICIENT_CURRENT_EVIDENCE,,,,,,0,0,0.0,0.0,0.0,0.0,0.0,0.0,0,0,15,,,,,,,CALIBRATING,lineup_not_confirmed;player_profile_coverage_low;segment_probabilities_wait_for_recent_live_calibration
2026-10-04T10:43:45+08:00,FB6277,2026-10-05T01:30+08:00,SFLW,Valencia Women,Real Sociedad Women,61-75,CONFLICT,,H,D,,,UNKNOWN,INSUFFICIENT_CURRENT_EVIDENCE,,,,,,0,0,0.0,0.0,0.0,0.0,0.0,0.0,0,0,15,,,,,,,CALIBRATING,lineup_not_confirmed;player_profile_coverage_low;segment_probabilities_wait_for_recent_live_calibration
2026-10-04T10:43:45+08:00,FB6277,2026-10-05T01:30+08:00,SFLW,Valencia Women,Real Sociedad Women,76-FT,CONFLICT,,H,D,,,UNKNOWN,INSUFFICIENT_CURRENT_EVIDENCE,,,,,,0,0,0.0,0.0,0.0,0.0,0.0,0.0,0,0,15,,,,,,,CALIBRATING,lineup_not_confirmed;player_profile_coverage_low;segment_probabilities_wait_for_recent_live_calibration
2026-10-04T10:43:45+08:00,FB6197,2026-10-05T01:43+08:00,APL,Huracan,Aldosivi,0-15,H,,H,H,,,H,HDA_MODEL_CONSENSUS,,,,,,0,0,0.0,0.0,0.0,0.0,0.0,0.0,0,0,15,,,,,,,CALIBRATING,lineup_not_confirmed;player_profile_coverage_low;segment_probabilities_wait_for_recent_live_calibration
2026-10-04T10:43:45+08:00,FB6197,2026-10-05T01:43+08:00,APL,Huracan,Aldosivi,16-30,H,,H,H,,,H,HDA_MODEL_CONSENSUS,,,,,,0,0,0.0,0.0,0.0,0.0,0.0,0.0,0,0,15,,,,,,,CALIBRATING,lineup_not_confirmed;player_profile_coverage_low;segment_probabilities_wait_for_recent_live_calibration
2026-10-04T10:43:45+08:00,FB6197,2026-10-05T01:43+08:00,APL,Huracan,Aldosivi,31-HT,H,,H,H,,,H,HDA_MODEL_CONSENSUS,,,,,,0,0,0.0,0.0,0.0,0.0,0.0,0.0,0,0,15,,,,,,,CALIBRATING,lineup_not_confirmed;player_profile_coverage_low;segment_probabilities_wait_for_recent_live_calibration
2026-10-04T10:43:45+08:00,FB6197,2026-10-05T01:43+08:00,APL,Huracan,Aldosivi,46-60,H,,H,H,,,H,HDA_MODEL_CONSENSUS,,,,,,0,0,0.0,0.0,0.0,0.0,0.0,0.0,0,0,15,,,,,,,CALIBRATING,lineup_not_confirmed;player_profile_coverage_low;segment_probabilities_wait_for_recent_live_calibration
2026-10-04T10:43:45+08:00,FB6197,2026-10-05T01:43+08:00,APL,Huracan,Aldosivi,61-75,H,,H,H,,,H,HDA_MODEL_CONSENSUS,,,,,,0,0,0.0,0.0,0.0,0.0,0.0,0.0,0,0,15,,,,,,,CALIBRATING,lineup_not_confirmed;player_profile_coverage_low;segment_probabilities_wait_for_recent_live_calibration
2026-10-04T10:43:45+08:00,FB6197,2026-10-05T01:43+08:00,APL,Huracan,Aldosivi,76-FT,H,,H,H,,,H,HDA_MODEL_CONSENSUS,,,,,,0,0,0.0,0.0,0.0,0.0,0.0,0.0,0,0,15,,,,,,,CALIBRATING,lineup_not_confirmed;player_profile_coverage_low;segment_probabilities_wait_for_recent_live_calibration
2026-10-04T10:43:45+08:00,FB6242,2026-10-05T02:00+08:00,MD1,Universidad Guadalajara,Dorados,0-15,,,,,,,UNKNOWN,INSUFFICIENT_CURRENT_EVIDENCE,,,,,,0,0,0.0,0.0,0.0,0.0,0.0,0.0,0,0,0,,,,,,,CALIBRATING,lineup_not_confirmed;player_profile_coverage_low;dc_pi_unavailable;segment_probabilities_wait_for_recent_live_calibration
2026-10-04T10:43:45+08:00,FB6242,2026-10-05T02:00+08:00,MD1,Universidad Guadalajara,Dorados,16-30,,,,,,,UNKNOWN,INSUFFICIENT_CURRENT_EVIDENCE,,,,,,0,0,0.0,0.0,0.0,0.0,0.0,0.0,0,0,0,,,,,,,CALIBRATING,lineup_not_confirmed;player_profile_coverage_low;dc_pi_unavailable;segment_probabilities_wait_for_recent_live_calibration
2026-10-04T10:43:45+08:00,FB6242,2026-10-05T02:00+08:00,MD1,Universidad Guadalajara,Dorados,31-HT,,,,,,,UNKNOWN,INSUFFICIENT_CURRENT_EVIDENCE,,,,,,0,0,0.0,0.0,0.0,0.0,0.0,0.0,0,0,0,,,,,,,CALIBRATING,lineup_not_confirmed;player_profile_coverage_low;dc_pi_unavailable;segment_probabilities_wait_for_recent_live_calibration
2026-10-04T10:43:45+08:00,FB6242,2026-10-05T02:00+08:00,MD1,Universidad Guadalajara,Dorados,46-60,,,,,,,UNKNOWN,INSUFFICIENT_CURRENT_EVIDENCE,,,,,,0,0,0.0,0.0,0.0,0.0,0.0,0.0,0,0,0,,,,,,,CALIBRATING,lineup_not_confirmed;player_profile_coverage_low;dc_pi_unavailable;segment_probabilities_wait_for_recent_live_calibration
2026-10-04T10:43:45+08:00,FB6242,2026-10-05T02:00+08:00,MD1,Universidad Guadalajara,Dorados,61-75,,,,,,,UNKNOWN,INSUFFICIENT_CURRENT_EVIDENCE,,,,,,0,0,0.0,0.0,0.0,0.0,0.0,0.0,0,0,0,,,,,,,CALIBRATING,lineup_not_confirmed;player_profile_coverage_low;dc_pi_unavailable;segment_probabilities_wait_for_recent_live_calibration
2026-10-04T10:43:45+08:00,FB6242,2026-10-05T02:00+08:00,MD1,Universidad Guadalajara,Dorados,76-FT,,,,,,,UNKNOWN,INSUFFICIENT_CURRENT_EVIDENCE,,,,,,0,0,0.0,0.0,0.0,0.0,0.0,0.0,0,0,0,,,,,,,CALIBRATING,lineup_not_confirmed;player_profile_coverage_low;dc_pi_unavailable;segment_probabilities_wait_for_recent_live_calibration
2026-10-04T10:43:45+08:00,FB6287,2026-10-05T02:00+08:00,INT,Egypt,South Africa,0-15,,,,,,,UNKNOWN,INSUFFICIENT_CURRENT_EVIDENCE,,,,,,0,0,0.0,0.0,0.0,0.0,0.0,0.0,0,0,0,,,,,,,CALIBRATING,lineup_not_confirmed;player_profile_coverage_low;dc_pi_unavailable;segment_probabilities_wait_for_recent_live_calibration
2026-10-04T10:43:45+08:00,FB6287,2026-10-05T02:00+08:00,INT,Egypt,South Africa,16-30,,,,,,,UNKNOWN,INSUFFICIENT_CURRENT_EVIDENCE,,,,,,0,0,0.0,0.0,0.0,0.0,0.0,0.0,0,0,0,,,,,,,CALIBRATING,lineup_not_confirmed;player_profile_coverage_low;dc_pi_unavailable;segment_probabilities_wait_for_recent_live_calibration
2026-10-04T10:43:45+08:00,FB6287,2026-10-05T02:00+08:00,INT,Egypt,South Africa,31-HT,,,,,,,UNKNOWN,INSUFFICIENT_CURRENT_EVIDENCE,,,,,,0,0,0.0,0.0,0.0,0.0,0.0,0.0,0,0,0,,,,,,,CALIBRATING,lineup_not_confirmed;player_profile_coverage_low;dc_pi_unavailable;segment_probabilities_wait_for_recent_live_calibration
2026-10-04T10:43:45+08:00,FB6287,2026-10-05T02:00+08:00,INT,Egypt,South Africa,46-60,,,,,,,UNKNOWN,INSUFFICIENT_CURRENT_EVIDENCE,,,,,,0,0,0.0,0.0,0.0,0.0,0.0,0.0,0,0,0,,,,,,,CALIBRATING,lineup_not_confirmed;player_profile_coverage_low;dc_pi_unavailable;segment_probabilities_wait_for_recent_live_calibration
2026-10-04T10:43:45+08:00,FB6287,2026-10-05T02:00+08:00,INT,Egypt,South Africa,61-75,,,,,,,UNKNOWN,INSUFFICIENT_CURRENT_EVIDENCE,,,,,,0,0,0.0,0.0,0.0,0.0,0.0,0.0,0,0,0,,,,,,,CALIBRATING,lineup_not_confirmed;player_profile_coverage_low;dc_pi_unavailable;segment_probabilities_wait_for_recent_live_calibration
2026-10-04T10:43:45+08:00,FB6287,2026-10-05T02:00+08:00,INT,Egypt,South Africa,76-FT,,,,,,,UNKNOWN,INSUFFICIENT_CURRENT_EVIDENCE,,,,,,0,0,0.0,0.0,0.0,0.0,0.0,0.0,0,0,0,,,,,,,CALIBRATING,lineup_not_confirmed;player_profile_coverage_low;dc_pi_unavailable;segment_probabilities_wait_for_recent_live_calibration
2026-10-04T10:43:45+08:00,FB6288,2026-10-05T02:00+08:00,INT,Morocco,Mali,0-15,,,,,,,UNKNOWN,INSUFFICIENT_CURRENT_EVIDENCE,,,,,,0,0,0.0,0.0,0.0,0.0,0.0,0.0,0,0,0,,,,,,,CALIBRATING,lineup_not_confirmed;player_profile_coverage_low;dc_pi_unavailable;segment_probabilities_wait_for_recent_live_calibration
2026-10-04T10:43:45+08:00,FB6288,2026-10-05T02:00+08:00,INT,Morocco,Mali,16-30,,,,,,,UNKNOWN,INSUFFICIENT_CURRENT_EVIDENCE,,,,,,0,0,0.0,0.0,0.0,0.0,0.0,0.0,0,0,0,,,,,,,CALIBRATING,lineup_not_confirmed;player_profile_coverage_low;dc_pi_unavailable;segment_probabilities_wait_for_recent_live_calibration
2026-10-04T10:43:45+08:00,FB6288,2026-10-05T02:00+08:00,INT,Morocco,Mali,31-HT,,,,,,,UNKNOWN,INSUFFICIENT_CURRENT_EVIDENCE,,,,,,0,0,0.0,0.0,0.0,0.0,0.0,0.0,0,0,0,,,,,,,CALIBRATING,lineup_not_confirmed;player_profile_coverage_low;dc_pi_unavailable;segment_probabilities_wait_for_recent_live_calibration
2026-10-04T10:43:45+08:00,FB6288,2026-10-05T02:00+08:00,INT,Morocco,Mali,46-60,,,,,,,UNKNOWN,INSUFFICIENT_CURRENT_EVIDENCE,,,,,,0,0,0.0,0.0,0.0,0.0,0.0,0.0,0,0,0,,,,,,,CALIBRATING,lineup_not_confirmed;player_profile_coverage_low;dc_pi_unavailable;segment_probabilities_wait_for_recent_live_calibration
2026-10-04T10:43:45+08:00,FB6288,2026-10-05T02:00+08:00,INT,Morocco,Mali,61-75,,,,,,,UNKNOWN,INSUFFICIENT_CURRENT_EVIDENCE,,,,,,0,0,0.0,0.0,0.0,0.0,0.0,0.0,0,0,0,,,,,,,CALIBRATING,lineup_not_confirmed;player_profile_coverage_low;dc_pi_unavailable;segment_probabilities_wait_for_recent_live_calibration
2026-10-04T10:43:45+08:00,FB6288,2026-10-05T02:00+08:00,INT,Morocco,Mali,76-FT,,,,,,,UNKNOWN,INSUFFICIENT_CURRENT_EVIDENCE,,,,,,0,0,0.0,0.0,0.0,0.0,0.0,0.0,0,0,0,,,,,,,CALIBRATING,lineup_not_confirmed;player_profile_coverage_low;dc_pi_unavailable;segment_probabilities_wait_for_recent_live_calibration
2026-10-04T10:43:45+08:00,FB6250,2026-10-05T02:45+08:00,ENL,Greece,Germany,0-15,,,,,,,UNKNOWN,INSUFFICIENT_CURRENT_EVIDENCE,,,,,,0,0,0.0,0.0,0.0,0.0,0.0,0.0,0,0,0,,,,,,,CALIBRATING,lineup_not_confirmed;player_profile_coverage_low;dc_pi_unavailable;segment_probabilities_wait_for_recent_live_calibration
2026-10-04T10:43:45+08:00,FB6250,2026-10-05T02:45+08:00,ENL,Greece,Germany,16-30,,,,,,,UNKNOWN,INSUFFICIENT_CURRENT_EVIDENCE,,,,,,0,0,0.0,0.0,0.0,0.0,0.0,0.0,0,0,0,,,,,,,CALIBRATING,lineup_not_confirmed;player_profile_coverage_low;dc_pi_unavailable;segment_probabilities_wait_for_recent_live_calibration
2026-10-04T10:43:45+08:00,FB6250,2026-10-05T02:45+08:00,ENL,Greece,Germany,31-HT,,,,,,,UNKNOWN,INSUFFICIENT_CURRENT_EVIDENCE,,,,,,0,0,0.0,0.0,0.0,0.0,0.0,0.0,0,0,0,,,,,,,CALIBRATING,lineup_not_confirmed;player_profile_coverage_low;dc_pi_unavailable;segment_probabilities_wait_for_recent_live_calibration
2026-10-04T10:43:45+08:00,FB6250,2026-10-05T02:45+08:00,ENL,Greece,Germany,46-60,,,,,,,UNKNOWN,INSUFFICIENT_CURRENT_EVIDENCE,,,,,,0,0,0.0,0.0,0.0,0.0,0.0,0.0,0,0,0,,,,,,,CALIBRATING,lineup_not_confirmed;player_profile_coverage_low;dc_pi_unavailable;segment_probabilities_wait_for_recent_live_calibration
2026-10-04T10:43:45+08:00,FB6250,2026-10-05T02:45+08:00,ENL,Greece,Germany,61-75,,,,,,,UNKNOWN,INSUFFICIENT_CURRENT_EVIDENCE,,,,,,0,0,0.0,0.0,0.0,0.0,0.0,0.0,0,0,0,,,,,,,CALIBRATING,lineup_not_confirmed;player_profile_coverage_low;dc_pi_unavailable;segment_probabilities_wait_for_recent_live_calibration
2026-10-04T10:43:45+08:00,FB6250,2026-10-05T02:45+08:00,ENL,Greece,Germany,76-FT,,,,,,,UNKNOWN,INSUFFICIENT_CURRENT_EVIDENCE,,,,,,0,0,0.0,0.0,0.0,0.0,0.0,0.0,0,0,0,,,,,,,CALIBRATING,lineup_not_confirmed;player_profile_coverage_low;dc_pi_unavailable;segment_probabilities_wait_for_recent_live_calibration
2026-10-04T10:43:45+08:00,FB6251,2026-10-05T02:45+08:00,ENL,Netherlands,Serbia,0-15,,,,,,,UNKNOWN,INSUFFICIENT_CURRENT_EVIDENCE,,,,,,0,0,0.0,0.0,0.0,0.0,0.0,0.0,0,0,0,,,,,,,CALIBRATING,lineup_not_confirmed;player_profile_coverage_low;dc_pi_unavailable;segment_probabilities_wait_for_recent_live_calibration
2026-10-04T10:43:45+08:00,FB6251,2026-10-05T02:45+08:00,ENL,Netherlands,Serbia,16-30,,,,,,,UNKNOWN,INSUFFICIENT_CURRENT_EVIDENCE,,,,,,0,0,0.0,0.0,0.0,0.0,0.0,0.0,0,0,0,,,,,,,CALIBRATING,lineup_not_confirmed;player_profile_coverage_low;dc_pi_unavailable;segment_probabilities_wait_for_recent_live_calibration
2026-10-04T10:43:45+08:00,FB6251,2026-10-05T02:45+08:00,ENL,Netherlands,Serbia,31-HT,,,,,,,UNKNOWN,INSUFFICIENT_CURRENT_EVIDENCE,,,,,,0,0,0.0,0.0,0.0,0.0,0.0,0.0,0,0,0,,,,,,,CALIBRATING,lineup_not_confirmed;player_profile_coverage_low;dc_pi_unavailable;segment_probabilities_wait_for_recent_live_calibration
2026-10-04T10:43:45+08:00,FB6251,2026-10-05T02:45+08:00,ENL,Netherlands,Serbia,46-60,,,,,,,UNKNOWN,INSUFFICIENT_CURRENT_EVIDENCE,,,,,,0,0,0.0,0.0,0.0,0.0,0.0,0.0,0,0,0,,,,,,,CALIBRATING,lineup_not_confirmed;player_profile_coverage_low;dc_pi_unavailable;segment_probabilities_wait_for_recent_live_calibration
2026-10-04T10:43:45+08:00,FB6251,2026-10-05T02:45+08:00,ENL,Netherlands,Serbia,61-75,,,,,,,UNKNOWN,INSUFFICIENT_CURRENT_EVIDENCE,,,,,,0,0,0.0,0.0,0.0,0.0,0.0,0.0,0,0,0,,,,,,,CALIBRATING,lineup_not_confirmed;player_profile_coverage_low;dc_pi_unavailable;segment_probabilities_wait_for_recent_live_calibration
2026-10-04T10:43:45+08:00,FB6251,2026-10-05T02:45+08:00,ENL,Netherlands,Serbia,76-FT,,,,,,,UNKNOWN,INSUFFICIENT_CURRENT_EVIDENCE,,,,,,0,0,0.0,0.0,0.0,0.0,0.0,0.0,0,0,0,,,,,,,CALIBRATING,lineup_not_confirmed;player_profile_coverage_low;dc_pi_unavailable;segment_probabilities_wait_for_recent_live_calibration
2026-10-04T10:43:45+08:00,FB6252,2026-10-05T02:45+08:00,ENL,Wales,Denmark,0-15,,,,,,,UNKNOWN,INSUFFICIENT_CURRENT_EVIDENCE,,,,,,0,0,0.0,0.0,0.0,0.0,0.0,0.0,0,0,0,,,,,,,CALIBRATING,lineup_not_confirmed;player_profile_coverage_low;dc_pi_unavailable;segment_probabilities_wait_for_recent_live_calibration
2026-10-04T10:43:45+08:00,FB6252,2026-10-05T02:45+08:00,ENL,Wales,Denmark,16-30,,,,,,,UNKNOWN,INSUFFICIENT_CURRENT_EVIDENCE,,,,,,0,0,0.0,0.0,0.0,0.0,0.0,0.0,0,0,0,,,,,,,CALIBRATING,lineup_not_confirmed;player_profile_coverage_low;dc_pi_unavailable;segment_probabilities_wait_for_recent_live_calibration
2026-10-04T10:43:45+08:00,FB6252,2026-10-05T02:45+08:00,ENL,Wales,Denmark,31-HT,,,,,,,UNKNOWN,INSUFFICIENT_CURRENT_EVIDENCE,,,,,,0,0,0.0,0.0,0.0,0.0,0.0,0.0,0,0,0,,,,,,,CALIBRATING,lineup_not_confirmed;player_profile_coverage_low;dc_pi_unavailable;segment_probabilities_wait_for_recent_live_calibration
2026-10-04T10:43:45+08:00,FB6252,2026-10-05T02:45+08:00,ENL,Wales,Denmark,46-60,,,,,,,UNKNOWN,INSUFFICIENT_CURRENT_EVIDENCE,,,,,,0,0,0.0,0.0,0.0,0.0,0.0,0.0,0,0,0,,,,,,,CALIBRATING,lineup_not_confirmed;player_profile_coverage_low;dc_pi_unavailable;segment_probabilities_wait_for_recent_live_calibration
2026-10-04T10:43:45+08:00,FB6252,2026-10-05T02:45+08:00,ENL,Wales,Denmark,61-75,,,,,,,UNKNOWN,INSUFFICIENT_CURRENT_EVIDENCE,,,,,,0,0,0.0,0.0,0.0,0.0,0.0,0.0,0,0,0,,,,,,,CALIBRATING,lineup_not_confirmed;player_profile_coverage_low;dc_pi_unavailable;segment_probabilities_wait_for_recent_live_calibration
2026-10-04T10:43:45+08:00,FB6252,2026-10-05T02:45+08:00,ENL,Wales,Denmark,76-FT,,,,,,,UNKNOWN,INSUFFICIENT_CURRENT_EVIDENCE,,,,,,0,0,0.0,0.0,0.0,0.0,0.0,0.0,0,0,0,,,,,,,CALIBRATING,lineup_not_confirmed;player_profile_coverage_low;dc_pi_unavailable;segment_probabilities_wait_for_recent_live_calibration
2026-10-04T10:43:45+08:00,FB6254,2026-10-05T02:45+08:00,ENL,Portugal,Norway,0-15,,,,,,,UNKNOWN,INSUFFICIENT_CURRENT_EVIDENCE,,,,,,0,0,0.0,0.0,0.0,0.0,0.0,0.0,0,0,0,,,,,,,CALIBRATING,lineup_not_confirmed;player_profile_coverage_low;dc_pi_unavailable;segment_probabilities_wait_for_recent_live_calibration
2026-10-04T10:43:45+08:00,FB6254,2026-10-05T02:45+08:00,ENL,Portugal,Norway,16-30,,,,,,,UNKNOWN,INSUFFICIENT_CURRENT_EVIDENCE,,,,,,0,0,0.0,0.0,0.0,0.0,0.0,0.0,0,0,0,,,,,,,CALIBRATING,lineup_not_confirmed;player_profile_coverage_low;dc_pi_unavailable;segment_probabilities_wait_for_recent_live_calibration
2026-10-04T10:43:45+08:00,FB6254,2026-10-05T02:45+08:00,ENL,Portugal,Norway,31-HT,,,,,,,UNKNOWN,INSUFFICIENT_CURRENT_EVIDENCE,,,,,,0,0,0.0,0.0,0.0,0.0,0.0,0.0,0,0,0,,,,,,,CALIBRATING,lineup_not_confirmed;player_profile_coverage_low;dc_pi_unavailable;segment_probabilities_wait_for_recent_live_calibration
2026-10-04T10:43:45+08:00,FB6254,2026-10-05T02:45+08:00,ENL,Portugal,Norway,46-60,,,,,,,UNKNOWN,INSUFFICIENT_CURRENT_EVIDENCE,,,,,,0,0,0.0,0.0,0.0,0.0,0.0,0.0,0,0,0,,,,,,,CALIBRATING,lineup_not_confirmed;player_profile_coverage_low;dc_pi_unavailable;segment_probabilities_wait_for_recent_live_calibration
2026-10-04T10:43:45+08:00,FB6254,2026-10-05T02:45+08:00,ENL,Portugal,Norway,61-75,,,,,,,UNKNOWN,INSUFFICIENT_CURRENT_EVIDENCE,,,,,,0,0,0.0,0.0,0.0,0.0,0.0,0.0,0,0,0,,,,,,,CALIBRATING,lineup_not_confirmed;player_profile_coverage_low;dc_pi_unavailable;segment_probabilities_wait_for_recent_live_calibration
2026-10-04T10:43:45+08:00,FB6254,2026-10-05T02:45+08:00,ENL,Portugal,Norway,76-FT,,,,,,,UNKNOWN,INSUFFICIENT_CURRENT_EVIDENCE,,,,,,0,0,0.0,0.0,0.0,0.0,0.0,0.0,0,0,0,,,,,,,CALIBRATING,lineup_not_confirmed;player_profile_coverage_low;dc_pi_unavailable;segment_probabilities_wait_for_recent_live_calibration
2026-10-04T10:43:45+08:00,FB6255,2026-10-05T02:45+08:00,ENL,Republic of Ireland,Israel,0-15,,,,,,,UNKNOWN,INSUFFICIENT_CURRENT_EVIDENCE,,,,,,0,0,0.0,0.0,0.0,0.0,0.0,0.0,0,0,0,,,,,,,CALIBRATING,lineup_not_confirmed;player_profile_coverage_low;dc_pi_unavailable;segment_probabilities_wait_for_recent_live_calibration
2026-10-04T10:43:45+08:00,FB6255,2026-10-05T02:45+08:00,ENL,Republic of Ireland,Israel,16-30,,,,,,,UNKNOWN,INSUFFICIENT_CURRENT_EVIDENCE,,,,,,0,0,0.0,0.0,0.0,0.0,0.0,0.0,0,0,0,,,,,,,CALIBRATING,lineup_not_confirmed;player_profile_coverage_low;dc_pi_unavailable;segment_probabilities_wait_for_recent_live_calibration
2026-10-04T10:43:45+08:00,FB6255,2026-10-05T02:45+08:00,ENL,Republic of Ireland,Israel,31-HT,,,,,,,UNKNOWN,INSUFFICIENT_CURRENT_EVIDENCE,,,,,,0,0,0.0,0.0,0.0,0.0,0.0,0.0,0,0,0,,,,,,,CALIBRATING,lineup_not_confirmed;player_profile_coverage_low;dc_pi_unavailable;segment_probabilities_wait_for_recent_live_calibration
2026-10-04T10:43:45+08:00,FB6255,2026-10-05T02:45+08:00,ENL,Republic of Ireland,Israel,46-60,,,,,,,UNKNOWN,INSUFFICIENT_CURRENT_EVIDENCE,,,,,,0,0,0.0,0.0,0.0,0.0,0.0,0.0,0,0,0,,,,,,,CALIBRATING,lineup_not_confirmed;player_profile_coverage_low;dc_pi_unavailable;segment_probabilities_wait_for_recent_live_calibration
2026-10-04T10:43:45+08:00,FB6255,2026-10-05T02:45+08:00,ENL,Republic of Ireland,Israel,61-75,,,,,,,UNKNOWN,INSUFFICIENT_CURRENT_EVIDENCE,,,,,,0,0,0.0,0.0,0.0,0.0,0.0,0.0,0,0,0,,,,,,,CALIBRATING,lineup_not_confirmed;player_profile_coverage_low;dc_pi_unavailable;segment_probabilities_wait_for_recent_live_calibration
2026-10-04T10:43:45+08:00,FB6255,2026-10-05T02:45+08:00,ENL,Republic of Ireland,Israel,76-FT,,,,,,,UNKNOWN,INSUFFICIENT_CURRENT_EVIDENCE,,,,,,0,0,0.0,0.0,0.0,0.0,0.0,0.0,0,0,0,,,,,,,CALIBRATING,lineup_not_confirmed;player_profile_coverage_low;dc_pi_unavailable;segment_probabilities_wait_for_recent_live_calibration
2026-10-04T10:43:45+08:00,FB6125,2026-10-05T02:57+08:00,UD1,CA Cerro,Montevideo Wanderers,0-15,,,,,,,UNKNOWN,INSUFFICIENT_CURRENT_EVIDENCE,,,,,,0,0,0.0,0.0,0.0,0.0,0.0,0.0,0,0,0,,,,,,,CALIBRATING,lineup_not_confirmed;player_profile_coverage_low;dc_pi_unavailable;segment_probabilities_wait_for_recent_live_calibration
2026-10-04T10:43:45+08:00,FB6125,2026-10-05T02:57+08:00,UD1,CA Cerro,Montevideo Wanderers,16-30,,,,,,,UNKNOWN,INSUFFICIENT_CURRENT_EVIDENCE,,,,,,0,0,0.0,0.0,0.0,0.0,0.0,0.0,0,0,0,,,,,,,CALIBRATING,lineup_not_confirmed;player_profile_coverage_low;dc_pi_unavailable;segment_probabilities_wait_for_recent_live_calibration
2026-10-04T10:43:45+08:00,FB6125,2026-10-05T02:57+08:00,UD1,CA Cerro,Montevideo Wanderers,31-HT,,,,,,,UNKNOWN,INSUFFICIENT_CURRENT_EVIDENCE,,,,,,0,0,0.0,0.0,0.0,0.0,0.0,0.0,0,0,0,,,,,,,CALIBRATING,lineup_not_confirmed;player_profile_coverage_low;dc_pi_unavailable;segment_probabilities_wait_for_recent_live_calibration
2026-10-04T10:43:45+08:00,FB6125,2026-10-05T02:57+08:00,UD1,CA Cerro,Montevideo Wanderers,46-60,,,,,,,UNKNOWN,INSUFFICIENT_CURRENT_EVIDENCE,,,,,,0,0,0.0,0.0,0.0,0.0,0.0,0.0,0,0,0,,,,,,,CALIBRATING,lineup_not_confirmed;player_profile_coverage_low;dc_pi_unavailable;segment_probabilities_wait_for_recent_live_calibration
2026-10-04T10:43:45+08:00,FB6125,2026-10-05T02:57+08:00,UD1,CA Cerro,Montevideo Wanderers,61-75,,,,,,,UNKNOWN,INSUFFICIENT_CURRENT_EVIDENCE,,,,,,0,0,0.0,0.0,0.0,0.0,0.0,0.0,0,0,0,,,,,,,CALIBRATING,lineup_not_confirmed;player_profile_coverage_low;dc_pi_unavailable;segment_probabilities_wait_for_recent_live_calibration
2026-10-04T10:43:45+08:00,FB6125,2026-10-05T02:57+08:00,UD1,CA Cerro,Montevideo Wanderers,76-FT,,,,,,,UNKNOWN,INSUFFICIENT_CURRENT_EVIDENCE,,,,,,0,0,0.0,0.0,0.0,0.0,0.0,0.0,0,0,0,,,,,,,CALIBRATING,lineup_not_confirmed;player_profile_coverage_low;dc_pi_unavailable;segment_probabilities_wait_for_recent_live_calibration
2026-10-04T10:43:45+08:00,FB6181,2026-10-05T03:00+08:00,SF2,Girona,Mallorca,0-15,,,,,,,UNKNOWN,INSUFFICIENT_CURRENT_EVIDENCE,,,,,,0,0,0.0,0.0,0.0,0.0,0.0,0.0,0,0,0,,,,,,,CALIBRATING,lineup_not_confirmed;player_profile_coverage_low;dc_pi_unavailable;segment_probabilities_wait_for_recent_live_calibration
2026-10-04T10:43:45+08:00,FB6181,2026-10-05T03:00+08:00,SF2,Girona,Mallorca,16-30,,,,,,,UNKNOWN,INSUFFICIENT_CURRENT_EVIDENCE,,,,,,0,0,0.0,0.0,0.0,0.0,0.0,0.0,0,0,0,,,,,,,CALIBRATING,lineup_not_confirmed;player_profile_coverage_low;dc_pi_unavailable;segment_probabilities_wait_for_recent_live_calibration
2026-10-04T10:43:45+08:00,FB6181,2026-10-05T03:00+08:00,SF2,Girona,Mallorca,31-HT,,,,,,,UNKNOWN,INSUFFICIENT_CURRENT_EVIDENCE,,,,,,0,0,0.0,0.0,0.0,0.0,0.0,0.0,0,0,0,,,,,,,CALIBRATING,lineup_not_confirmed;player_profile_coverage_low;dc_pi_unavailable;segment_probabilities_wait_for_recent_live_calibration
2026-10-04T10:43:45+08:00,FB6181,2026-10-05T03:00+08:00,SF2,Girona,Mallorca,46-60,,,,,,,UNKNOWN,INSUFFICIENT_CURRENT_EVIDENCE,,,,,,0,0,0.0,0.0,0.0,0.0,0.0,0.0,0,0,0,,,,,,,CALIBRATING,lineup_not_confirmed;player_profile_coverage_low;dc_pi_unavailable;segment_probabilities_wait_for_recent_live_calibration
2026-10-04T10:43:45+08:00,FB6181,2026-10-05T03:00+08:00,SF2,Girona,Mallorca,61-75,,,,,,,UNKNOWN,INSUFFICIENT_CURRENT_EVIDENCE,,,,,,0,0,0.0,0.0,0.0,0.0,0.0,0.0,0,0,0,,,,,,,CALIBRATING,lineup_not_confirmed;player_profile_coverage_low;dc_pi_unavailable;segment_probabilities_wait_for_recent_live_calibration
2026-10-04T10:43:45+08:00,FB6181,2026-10-05T03:00+08:00,SF2,Girona,Mallorca,76-FT,,,,,,,UNKNOWN,INSUFFICIENT_CURRENT_EVIDENCE,,,,,,0,0,0.0,0.0,0.0,0.0,0.0,0.0,0,0,0,,,,,,,CALIBRATING,lineup_not_confirmed;player_profile_coverage_low;dc_pi_unavailable;segment_probabilities_wait_for_recent_live_calibration
2026-10-04T10:43:45+08:00,FB6196,2026-10-05T03:58+08:00,APL,Talleres,Belgrano,0-15,A,,A,A,,,A,HDA_MODEL_CONSENSUS,,,,,,0,0,0.0,0.0,0.0,0.0,0.0,0.0,0,0,15,,,,,,,CALIBRATING,lineup_not_confirmed;player_profile_coverage_low;segment_probabilities_wait_for_recent_live_calibration
2026-10-04T10:43:45+08:00,FB6196,2026-10-05T03:58+08:00,APL,Talleres,Belgrano,16-30,A,,A,A,,,A,HDA_MODEL_CONSENSUS,,,,,,0,0,0.0,0.0,0.0,0.0,0.0,0.0,0,0,15,,,,,,,CALIBRATING,lineup_not_confirmed;player_profile_coverage_low;segment_probabilities_wait_for_recent_live_calibration
2026-10-04T10:43:45+08:00,FB6196,2026-10-05T03:58+08:00,APL,Talleres,Belgrano,31-HT,A,,A,A,,,A,HDA_MODEL_CONSENSUS,,,,,,0,0,0.0,0.0,0.0,0.0,0.0,0.0,0,0,15,,,,,,,CALIBRATING,lineup_not_confirmed;player_profile_coverage_low;segment_probabilities_wait_for_recent_live_calibration
2026-10-04T10:43:45+08:00,FB6196,2026-10-05T03:58+08:00,APL,Talleres,Belgrano,46-60,A,,A,A,,,A,HDA_MODEL_CONSENSUS,,,,,,0,0,0.0,0.0,0.0,0.0,0.0,0.0,0,0,15,,,,,,,CALIBRATING,lineup_not_confirmed;player_profile_coverage_low;segment_probabilities_wait_for_recent_live_calibration
2026-10-04T10:43:45+08:00,FB6196,2026-10-05T03:58+08:00,APL,Talleres,Belgrano,61-75,A,,A,A,,,A,HDA_MODEL_CONSENSUS,,,,,,0,0,0.0,0.0,0.0,0.0,0.0,0.0,0,0,15,,,,,,,CALIBRATING,lineup_not_confirmed;player_profile_coverage_low;segment_probabilities_wait_for_recent_live_calibration
2026-10-04T10:43:45+08:00,FB6196,2026-10-05T03:58+08:00,APL,Talleres,Belgrano,76-FT,A,,A,A,,,A,HDA_MODEL_CONSENSUS,,,,,,0,0,0.0,0.0,0.0,0.0,0.0,0.0,0,0,15,,,,,,,CALIBRATING,lineup_not_confirmed;player_profile_coverage_low;segment_probabilities_wait_for_recent_live_calibration
2026-10-04T10:43:45+08:00,FB6228,2026-10-05T06:00+08:00,USL,New Mexico Utd,Phoenix Rising,0-15,,,,,,,UNKNOWN,INSUFFICIENT_CURRENT_EVIDENCE,,,,,,0,0,0.0,0.0,0.0,0.0,0.0,0.0,0,0,0,,,,,,,CALIBRATING,lineup_not_confirmed;player_profile_coverage_low;dc_pi_unavailable;segment_probabilities_wait_for_recent_live_calibration
2026-10-04T10:43:45+08:00,FB6228,2026-10-05T06:00+08:00,USL,New Mexico Utd,Phoenix Rising,16-30,,,,,,,UNKNOWN,INSUFFICIENT_CURRENT_EVIDENCE,,,,,,0,0,0.0,0.0,0.0,0.0,0.0,0.0,0,0,0,,,,,,,CALIBRATING,lineup_not_confirmed;player_profile_coverage_low;dc_pi_unavailable;segment_probabilities_wait_for_recent_live_calibration
2026-10-04T10:43:45+08:00,FB6228,2026-10-05T06:00+08:00,USL,New Mexico Utd,Phoenix Rising,31-HT,,,,,,,UNKNOWN,INSUFFICIENT_CURRENT_EVIDENCE,,,,,,0,0,0.0,0.0,0.0,0.0,0.0,0.0,0,0,0,,,,,,,CALIBRATING,lineup_not_confirmed;player_profile_coverage_low;dc_pi_unavailable;segment_probabilities_wait_for_recent_live_calibration
2026-10-04T10:43:45+08:00,FB6228,2026-10-05T06:00+08:00,USL,New Mexico Utd,Phoenix Rising,46-60,,,,,,,UNKNOWN,INSUFFICIENT_CURRENT_EVIDENCE,,,,,,0,0,0.0,0.0,0.0,0.0,0.0,0.0,0,0,0,,,,,,,CALIBRATING,lineup_not_confirmed;player_profile_coverage_low;dc_pi_unavailable;segment_probabilities_wait_for_recent_live_calibration
2026-10-04T10:43:45+08:00,FB6228,2026-10-05T06:00+08:00,USL,New Mexico Utd,Phoenix Rising,61-75,,,,,,,UNKNOWN,INSUFFICIENT_CURRENT_EVIDENCE,,,,,,0,0,0.0,0.0,0.0,0.0,0.0,0.0,0,0,0,,,,,,,CALIBRATING,lineup_not_confirmed;player_profile_coverage_low;dc_pi_unavailable;segment_probabilities_wait_for_recent_live_calibration
2026-10-04T10:43:45+08:00,FB6228,2026-10-05T06:00+08:00,USL,New Mexico Utd,Phoenix Rising,76-FT,,,,,,,UNKNOWN,INSUFFICIENT_CURRENT_EVIDENCE,,,,,,0,0,0.0,0.0,0.0,0.0,0.0,0.0,0,0,0,,,,,,,CALIBRATING,lineup_not_confirmed;player_profile_coverage_low;dc_pi_unavailable;segment_probabilities_wait_for_recent_live_calibration
2026-10-04T10:43:45+08:00,FB6204,2026-10-05T06:13+08:00,APL,Argentinos Juniors,Tigre,0-15,H,,H,H,,,H,HDA_MODEL_CONSENSUS,,,,,,0,0,0.0,0.0,0.0,0.0,0.0,0.0,0,0,15,,,,,,,CALIBRATING,lineup_not_confirmed;player_profile_coverage_low;segment_probabilities_wait_for_recent_live_calibration
2026-10-04T10:43:45+08:00,FB6204,2026-10-05T06:13+08:00,APL,Argentinos Juniors,Tigre,16-30,H,,H,H,,,H,HDA_MODEL_CONSENSUS,,,,,,0,0,0.0,0.0,0.0,0.0,0.0,0.0,0,0,15,,,,,,,CALIBRATING,lineup_not_confirmed;player_profile_coverage_low;segment_probabilities_wait_for_recent_live_calibration
2026-10-04T10:43:45+08:00,FB6204,2026-10-05T06:13+08:00,APL,Argentinos Juniors,Tigre,31-HT,H,,H,H,,,H,HDA_MODEL_CONSENSUS,,,,,,0,0,0.0,0.0,0.0,0.0,0.0,0.0,0,0,15,,,,,,,CALIBRATING,lineup_not_confirmed;player_profile_coverage_low;segment_probabilities_wait_for_recent_live_calibration
2026-10-04T10:43:45+08:00,FB6204,2026-10-05T06:13+08:00,APL,Argentinos Juniors,Tigre,46-60,H,,H,H,,,H,HDA_MODEL_CONSENSUS,,,,,,0,0,0.0,0.0,0.0,0.0,0.0,0.0,0,0,15,,,,,,,CALIBRATING,lineup_not_confirmed;player_profile_coverage_low;segment_probabilities_wait_for_recent_live_calibration
2026-10-04T10:43:45+08:00,FB6204,2026-10-05T06:13+08:00,APL,Argentinos Juniors,Tigre,61-75,H,,H,H,,,H,HDA_MODEL_CONSENSUS,,,,,,0,0,0.0,0.0,0.0,0.0,0.0,0.0,0,0,15,,,,,,,CALIBRATING,lineup_not_confirmed;player_profile_coverage_low;segment_probabilities_wait_for_recent_live_calibration
2026-10-04T10:43:45+08:00,FB6204,2026-10-05T06:13+08:00,APL,Argentinos Juniors,Tigre,76-FT,H,,H,H,,,H,HDA_MODEL_CONSENSUS,,,,,,0,0,0.0,0.0,0.0,0.0,0.0,0.0,0,0,15,,,,,,,CALIBRATING,lineup_not_confirmed;player_profile_coverage_low;segment_probabilities_wait_for_recent_live_calibration
2026-10-04T10:43:45+08:00,FB6124,2026-10-05T06:27+08:00,UD1,Racing Club Montevideo,Penarol,0-15,,,,,,,UNKNOWN,INSUFFICIENT_CURRENT_EVIDENCE,,,,,,0,0,0.0,0.0,0.0,0.0,0.0,0.0,0,0,0,,,,,,,CALIBRATING,lineup_not_confirmed;player_profile_coverage_low;dc_pi_unavailable;segment_probabilities_wait_for_recent_live_calibration
2026-10-04T10:43:45+08:00,FB6124,2026-10-05T06:27+08:00,UD1,Racing Club Montevideo,Penarol,16-30,,,,,,,UNKNOWN,INSUFFICIENT_CURRENT_EVIDENCE,,,,,,0,0,0.0,0.0,0.0,0.0,0.0,0.0,0,0,0,,,,,,,CALIBRATING,lineup_not_confirmed;player_profile_coverage_low;dc_pi_unavailable;segment_probabilities_wait_for_recent_live_calibration
2026-10-04T10:43:45+08:00,FB6124,2026-10-05T06:27+08:00,UD1,Racing Club Montevideo,Penarol,31-HT,,,,,,,UNKNOWN,INSUFFICIENT_CURRENT_EVIDENCE,,,,,,0,0,0.0,0.0,0.0,0.0,0.0,0.0,0,0,0,,,,,,,CALIBRATING,lineup_not_confirmed;player_profile_coverage_low;dc_pi_unavailable;segment_probabilities_wait_for_recent_live_calibration
2026-10-04T10:43:45+08:00,FB6124,2026-10-05T06:27+08:00,UD1,Racing Club Montevideo,Penarol,46-60,,,,,,,UNKNOWN,INSUFFICIENT_CURRENT_EVIDENCE,,,,,,0,0,0.0,0.0,0.0,0.0,0.0,0.0,0,0,0,,,,,,,CALIBRATING,lineup_not_confirmed;player_profile_coverage_low;dc_pi_unavailable;segment_probabilities_wait_for_recent_live_calibration
2026-10-04T10:43:45+08:00,FB6124,2026-10-05T06:27+08:00,UD1,Racing Club Montevideo,Penarol,61-75,,,,,,,UNKNOWN,INSUFFICIENT_CURRENT_EVIDENCE,,,,,,0,0,0.0,0.0,0.0,0.0,0.0,0.0,0,0,0,,,,,,,CALIBRATING,lineup_not_confirmed;player_profile_coverage_low;dc_pi_unavailable;segment_probabilities_wait_for_recent_live_calibration
2026-10-04T10:43:45+08:00,FB6124,2026-10-05T06:27+08:00,UD1,Racing Club Montevideo,Penarol,76-FT,,,,,,,UNKNOWN,INSUFFICIENT_CURRENT_EVIDENCE,,,,,,0,0,0.0,0.0,0.0,0.0,0.0,0.0,0,0,0,,,,,,,CALIBRATING,lineup_not_confirmed;player_profile_coverage_low;dc_pi_unavailable;segment_probabilities_wait_for_recent_live_calibration
2026-10-04T10:43:45+08:00,FB6200,2026-10-05T08:28+08:00,APL,Estudiantes Rio Cuarto,Racing Club,0-15,A,,A,A,,,A,HDA_MODEL_CONSENSUS,,,,,,0,0,0.0,0.0,0.0,0.0,0.0,0.0,0,0,15,,,,,,,CALIBRATING,lineup_not_confirmed;player_profile_coverage_low;segment_probabilities_wait_for_recent_live_calibration
2026-10-04T10:43:45+08:00,FB6200,2026-10-05T08:28+08:00,APL,Estudiantes Rio Cuarto,Racing Club,16-30,A,,A,A,,,A,HDA_MODEL_CONSENSUS,,,,,,0,0,0.0,0.0,0.0,0.0,0.0,0.0,0,0,15,,,,,,,CALIBRATING,lineup_not_confirmed;player_profile_coverage_low;segment_probabilities_wait_for_recent_live_calibration
2026-10-04T10:43:45+08:00,FB6200,2026-10-05T08:28+08:00,APL,Estudiantes Rio Cuarto,Racing Club,31-HT,A,,A,A,,,A,HDA_MODEL_CONSENSUS,,,,,,0,0,0.0,0.0,0.0,0.0,0.0,0.0,0,0,15,,,,,,,CALIBRATING,lineup_not_confirmed;player_profile_coverage_low;segment_probabilities_wait_for_recent_live_calibration
2026-10-04T10:43:45+08:00,FB6200,2026-10-05T08:28+08:00,APL,Estudiantes Rio Cuarto,Racing Club,46-60,A,,A,A,,,A,HDA_MODEL_CONSENSUS,,,,,,0,0,0.0,0.0,0.0,0.0,0.0,0.0,0,0,15,,,,,,,CALIBRATING,lineup_not_confirmed;player_profile_coverage_low;segment_probabilities_wait_for_recent_live_calibration
2026-10-04T10:43:45+08:00,FB6200,2026-10-05T08:28+08:00,APL,Estudiantes Rio Cuarto,Racing Club,61-75,A,,A,A,,,A,HDA_MODEL_CONSENSUS,,,,,,0,0,0.0,0.0,0.0,0.0,0.0,0.0,0,0,15,,,,,,,CALIBRATING,lineup_not_confirmed;player_profile_coverage_low;segment_probabilities_wait_for_recent_live_calibration
2026-10-04T10:43:45+08:00,FB6200,2026-10-05T08:28+08:00,APL,Estudiantes Rio Cuarto,Racing Club,76-FT,A,,A,A,,,A,HDA_MODEL_CONSENSUS,,,,,,0,0,0.0,0.0,0.0,0.0,0.0,0.0,0,0,15,,,,,,,CALIBRATING,lineup_not_confirmed;player_profile_coverage_low;segment_probabilities_wait_for_recent_live_calibration
2026-10-04T10:43:45+08:00,FB6284,2026-10-05T08:30+08:00,CLB,Guadalajara,CF America,0-15,H,,H,H,,,H,HDA_MODEL_CONSENSUS,,,,,,0,0,0.0,0.0,0.0,0.0,0.0,0.0,0,0,15,,,,,,,CALIBRATING,lineup_not_confirmed;player_profile_coverage_low;segment_probabilities_wait_for_recent_live_calibration
2026-10-04T10:43:45+08:00,FB6284,2026-10-05T08:30+08:00,CLB,Guadalajara,CF America,16-30,H,,H,H,,,H,HDA_MODEL_CONSENSUS,,,,,,0,0,0.0,0.0,0.0,0.0,0.0,0.0,0,0,15,,,,,,,CALIBRATING,lineup_not_confirmed;player_profile_coverage_low;segment_probabilities_wait_for_recent_live_calibration
2026-10-04T10:43:45+08:00,FB6284,2026-10-05T08:30+08:00,CLB,Guadalajara,CF America,31-HT,H,,H,H,,,H,HDA_MODEL_CONSENSUS,,,,,,0,0,0.0,0.0,0.0,0.0,0.0,0.0,0,0,15,,,,,,,CALIBRATING,lineup_not_confirmed;player_profile_coverage_low;segment_probabilities_wait_for_recent_live_calibration
2026-10-04T10:43:45+08:00,FB6284,2026-10-05T08:30+08:00,CLB,Guadalajara,CF America,46-60,H,,H,H,,,H,HDA_MODEL_CONSENSUS,,,,,,0,0,0.0,0.0,0.0,0.0,0.0,0.0,0,0,15,,,,,,,CALIBRATING,lineup_not_confirmed;player_profile_coverage_low;segment_probabilities_wait_for_recent_live_calibration
2026-10-04T10:43:45+08:00,FB6284,2026-10-05T08:30+08:00,CLB,Guadalajara,CF America,61-75,H,,H,H,,,H,HDA_MODEL_CONSENSUS,,,,,,0,0,0.0,0.0,0.0,0.0,0.0,0.0,0,0,15,,,,,,,CALIBRATING,lineup_not_confirmed;player_profile_coverage_low;segment_probabilities_wait_for_recent_live_calibration
2026-10-04T10:43:45+08:00,FB6284,2026-10-05T08:30+08:00,CLB,Guadalajara,CF America,76-FT,H,,H,H,,,H,HDA_MODEL_CONSENSUS,,,,,,0,0,0.0,0.0,0.0,0.0,0.0,0.0,0,0,15,,,,,,,CALIBRATING,lineup_not_confirmed;player_profile_coverage_low;segment_probabilities_wait_for_recent_live_calibration
2026-10-04T10:43:45+08:00,FB6279,2026-10-05T14:30+08:00,INT,Ecuador,Panama,0-15,,,,,,,UNKNOWN,INSUFFICIENT_CURRENT_EVIDENCE,,,,,,0,0,0.0,0.0,0.0,0.0,0.0,0.0,0,0,0,,,,,,,CALIBRATING,lineup_not_confirmed;player_profile_coverage_low;dc_pi_unavailable;segment_probabilities_wait_for_recent_live_calibration
2026-10-04T10:43:45+08:00,FB6279,2026-10-05T14:30+08:00,INT,Ecuador,Panama,16-30,,,,,,,UNKNOWN,INSUFFICIENT_CURRENT_EVIDENCE,,,,,,0,0,0.0,0.0,0.0,0.0,0.0,0.0,0,0,0,,,,,,,CALIBRATING,lineup_not_confirmed;player_profile_coverage_low;dc_pi_unavailable;segment_probabilities_wait_for_recent_live_calibration
2026-10-04T10:43:45+08:00,FB6279,2026-10-05T14:30+08:00,INT,Ecuador,Panama,31-HT,,,,,,,UNKNOWN,INSUFFICIENT_CURRENT_EVIDENCE,,,,,,0,0,0.0,0.0,0.0,0.0,0.0,0.0,0,0,0,,,,,,,CALIBRATING,lineup_not_confirmed;player_profile_coverage_low;dc_pi_unavailable;segment_probabilities_wait_for_recent_live_calibration
2026-10-04T10:43:45+08:00,FB6279,2026-10-05T14:30+08:00,INT,Ecuador,Panama,46-60,,,,,,,UNKNOWN,INSUFFICIENT_CURRENT_EVIDENCE,,,,,,0,0,0.0,0.0,0.0,0.0,0.0,0.0,0,0,0,,,,,,,CALIBRATING,lineup_not_confirmed;player_profile_coverage_low;dc_pi_unavailable;segment_probabilities_wait_for_recent_live_calibration
2026-10-04T10:43:45+08:00,FB6279,2026-10-05T14:30+08:00,INT,Ecuador,Panama,61-75,,,,,,,UNKNOWN,INSUFFICIENT_CURRENT_EVIDENCE,,,,,,0,0,0.0,0.0,0.0,0.0,0.0,0.0,0,0,0,,,,,,,CALIBRATING,lineup_not_confirmed;player_profile_coverage_low;dc_pi_unavailable;segment_probabilities_wait_for_recent_live_calibration
2026-10-04T10:43:45+08:00,FB6279,2026-10-05T14:30+08:00,INT,Ecuador,Panama,76-FT,,,,,,,UNKNOWN,INSUFFICIENT_CURRENT_EVIDENCE,,,,,,0,0,0.0,0.0,0.0,0.0,0.0,0.0,0,0,0,,,,,,,CALIBRATING,lineup_not_confirmed;player_profile_coverage_low;dc_pi_unavailable;segment_probabilities_wait_for_recent_live_calibration
2026-10-04T10:43:45+08:00,FB6282,2026-10-05T17:00+08:00,AEC,Malaysia,Vietnam,0-15,,,,,,,UNKNOWN,INSUFFICIENT_CURRENT_EVIDENCE,,,,,,0,0,0.0,0.0,0.0,0.0,0.0,0.0,0,0,0,,,,,,,CALIBRATING,lineup_not_confirmed;player_profile_coverage_low;dc_pi_unavailable;segment_probabilities_wait_for_recent_live_calibration
2026-10-04T10:43:45+08:00,FB6282,2026-10-05T17:00+08:00,AEC,Malaysia,Vietnam,16-30,,,,,,,UNKNOWN,INSUFFICIENT_CURRENT_EVIDENCE,,,,,,0,0,0.0,0.0,0.0,0.0,0.0,0.0,0,0,0,,,,,,,CALIBRATING,lineup_not_confirmed;player_profile_coverage_low;dc_pi_unavailable;segment_probabilities_wait_for_recent_live_calibration
2026-10-04T10:43:45+08:00,FB6282,2026-10-05T17:00+08:00,AEC,Malaysia,Vietnam,31-HT,,,,,,,UNKNOWN,INSUFFICIENT_CURRENT_EVIDENCE,,,,,,0,0,0.0,0.0,0.0,0.0,0.0,0.0,0,0,0,,,,,,,CALIBRATING,lineup_not_confirmed;player_profile_coverage_low;dc_pi_unavailable;segment_probabilities_wait_for_recent_live_calibration
2026-10-04T10:43:45+08:00,FB6282,2026-10-05T17:00+08:00,AEC,Malaysia,Vietnam,46-60,,,,,,,UNKNOWN,INSUFFICIENT_CURRENT_EVIDENCE,,,,,,0,0,0.0,0.0,0.0,0.0,0.0,0.0,0,0,0,,,,,,,CALIBRATING,lineup_not_confirmed;player_profile_coverage_low;dc_pi_unavailable;segment_probabilities_wait_for_recent_live_calibration
2026-10-04T10:43:45+08:00,FB6282,2026-10-05T17:00+08:00,AEC,Malaysia,Vietnam,61-75,,,,,,,UNKNOWN,INSUFFICIENT_CURRENT_EVIDENCE,,,,,,0,0,0.0,0.0,0.0,0.0,0.0,0.0,0,0,0,,,,,,,CALIBRATING,lineup_not_confirmed;player_profile_coverage_low;dc_pi_unavailable;segment_probabilities_wait_for_recent_live_calibration
2026-10-04T10:43:45+08:00,FB6282,2026-10-05T17:00+08:00,AEC,Malaysia,Vietnam,76-FT,,,,,,,UNKNOWN,INSUFFICIENT_CURRENT_EVIDENCE,,,,,,0,0,0.0,0.0,0.0,0.0,0.0,0.0,0,0,0,,,,,,,CALIBRATING,lineup_not_confirmed;player_profile_coverage_low;dc_pi_unavailable;segment_probabilities_wait_for_recent_live_calibration
2026-10-04T10:43:45+08:00,FB6280,2026-10-05T18:30+08:00,INT,Japan,New Zealand,0-15,,,,,,,UNKNOWN,INSUFFICIENT_CURRENT_EVIDENCE,,,,,,0,0,0.0,0.0,0.0,0.0,0.0,0.0,0,0,0,,,,,,,CALIBRATING,lineup_not_confirmed;player_profile_coverage_low;dc_pi_unavailable;segment_probabilities_wait_for_recent_live_calibration
2026-10-04T10:43:45+08:00,FB6280,2026-10-05T18:30+08:00,INT,Japan,New Zealand,16-30,,,,,,,UNKNOWN,INSUFFICIENT_CURRENT_EVIDENCE,,,,,,0,0,0.0,0.0,0.0,0.0,0.0,0.0,0,0,0,,,,,,,CALIBRATING,lineup_not_confirmed;player_profile_coverage_low;dc_pi_unavailable;segment_probabilities_wait_for_recent_live_calibration
2026-10-04T10:43:45+08:00,FB6280,2026-10-05T18:30+08:00,INT,Japan,New Zealand,31-HT,,,,,,,UNKNOWN,INSUFFICIENT_CURRENT_EVIDENCE,,,,,,0,0,0.0,0.0,0.0,0.0,0.0,0.0,0,0,0,,,,,,,CALIBRATING,lineup_not_confirmed;player_profile_coverage_low;dc_pi_unavailable;segment_probabilities_wait_for_recent_live_calibration
2026-10-04T10:43:45+08:00,FB6280,2026-10-05T18:30+08:00,INT,Japan,New Zealand,46-60,,,,,,,UNKNOWN,INSUFFICIENT_CURRENT_EVIDENCE,,,,,,0,0,0.0,0.0,0.0,0.0,0.0,0.0,0,0,0,,,,,,,CALIBRATING,lineup_not_confirmed;player_profile_coverage_low;dc_pi_unavailable;segment_probabilities_wait_for_recent_live_calibration
2026-10-04T10:43:45+08:00,FB6280,2026-10-05T18:30+08:00,INT,Japan,New Zealand,61-75,,,,,,,UNKNOWN,INSUFFICIENT_CURRENT_EVIDENCE,,,,,,0,0,0.0,0.0,0.0,0.0,0.0,0.0,0,0,0,,,,,,,CALIBRATING,lineup_not_confirmed;player_profile_coverage_low;dc_pi_unavailable;segment_probabilities_wait_for_recent_live_calibration
2026-10-04T10:43:45+08:00,FB6280,2026-10-05T18:30+08:00,INT,Japan,New Zealand,76-FT,,,,,,,UNKNOWN,INSUFFICIENT_CURRENT_EVIDENCE,,,,,,0,0,0.0,0.0,0.0,0.0,0.0,0.0,0,0,0,,,,,,,CALIBRATING,lineup_not_confirmed;player_profile_coverage_low;dc_pi_unavailable;segment_probabilities_wait_for_recent_live_calibration
2026-10-04T10:43:45+08:00,FB6281,2026-10-05T21:00+08:00,AEC,Indonesia,Thailand,0-15,,,,,,,UNKNOWN,INSUFFICIENT_CURRENT_EVIDENCE,,,,,,0,0,0.0,0.0,0.0,0.0,0.0,0.0,0,0,0,,,,,,,CALIBRATING,lineup_not_confirmed;player_profile_coverage_low;dc_pi_unavailable;segment_probabilities_wait_for_recent_live_calibration
2026-10-04T10:43:45+08:00,FB6281,2026-10-05T21:00+08:00,AEC,Indonesia,Thailand,16-30,,,,,,,UNKNOWN,INSUFFICIENT_CURRENT_EVIDENCE,,,,,,0,0,0.0,0.0,0.0,0.0,0.0,0.0,0,0,0,,,,,,,CALIBRATING,lineup_not_confirmed;player_profile_coverage_low;dc_pi_unavailable;segment_probabilities_wait_for_recent_live_calibration
2026-10-04T10:43:45+08:00,FB6281,2026-10-05T21:00+08:00,AEC,Indonesia,Thailand,31-HT,,,,,,,UNKNOWN,INSUFFICIENT_CURRENT_EVIDENCE,,,,,,0,0,0.0,0.0,0.0,0.0,0.0,0.0,0,0,0,,,,,,,CALIBRATING,lineup_not_confirmed;player_profile_coverage_low;dc_pi_unavailable;segment_probabilities_wait_for_recent_live_calibration
2026-10-04T10:43:45+08:00,FB6281,2026-10-05T21:00+08:00,AEC,Indonesia,Thailand,46-60,,,,,,,UNKNOWN,INSUFFICIENT_CURRENT_EVIDENCE,,,,,,0,0,0.0,0.0,0.0,0.0,0.0,0.0,0,0,0,,,,,,,CALIBRATING,lineup_not_confirmed;player_profile_coverage_low;dc_pi_unavailable;segment_probabilities_wait_for_recent_live_calibration
2026-10-04T10:43:45+08:00,FB6281,2026-10-05T21:00+08:00,AEC,Indonesia,Thailand,61-75,,,,,,,UNKNOWN,INSUFFICIENT_CURRENT_EVIDENCE,,,,,,0,0,0.0,0.0,0.0,0.0,0.0,0.0,0,0,0,,,,,,,CALIBRATING,lineup_not_confirmed;player_profile_coverage_low;dc_pi_unavailable;segment_probabilities_wait_for_recent_live_calibration
2026-10-04T10:43:45+08:00,FB6281,2026-10-05T21:00+08:00,AEC,Indonesia,Thailand,76-FT,,,,,,,UNKNOWN,INSUFFICIENT_CURRENT_EVIDENCE,,,,,,0,0,0.0,0.0,0.0,0.0,0.0,0.0,0,0,0,,,,,,,CALIBRATING,lineup_not_confirmed;player_profile_coverage_low;dc_pi_unavailable;segment_probabilities_wait_for_recent_live_calibration
