captured_at_hkt,snapshot_slot_hkt,hkjc_event_id,kickoff_hkt,home_hkjc,away_hkjc,home_oddsmath,away_oddsmath,oddsmath_league,bn,odds_home,odds_draw,odds_away,fair_home,fair_draw,fair_away,match_confidence
2026-09-18T19:03:26+08:00,2026-09-18T19:00:00+08:00,FB5260,2026-09-19 03:00,Brentford,Chelsea,Brentford,Chelsea,England ‐ Premier League,7,2.7230,3.8500,2.5800,0.361965,0.256008,0.382027,1.000
2026-09-18T19:03:26+08:00,2026-09-18T19:00:00+08:00,FB5268,2026-09-19 07:30,New York City,New York Red Bulls,New York City,New York Red Bulls,USA ‐ Major League Soccer,7,1.8150,4.1700,4.2100,0.535800,0.233208,0.230992,1.000
2026-09-18T19:03:26+08:00,2026-09-18T19:00:00+08:00,FB5269,2026-09-19 11:00,Juarez,Tigres UANL,FC Juarez,Tigres UANL,Mexico ‐ Primera Division,7,4.1800,3.7000,1.9170,0.232007,0.262105,0.505888,1.000
2026-09-18T19:03:26+08:00,2026-09-18T19:00:00+08:00,FB5270,2026-09-19 09:00,Puebla,Atlante,Puebla,Atlante,Mexico ‐ Primera Division,7,2.3100,3.5500,3.1240,0.418385,0.272245,0.309369,1.000
2026-09-18T19:03:26+08:00,2026-09-18T19:00:00+08:00,FB5273,2026-09-18 23:00,Lahti,Jaro,Lahti,FF Jaro,Finland ‐ Veikkausliiga,7,1.6110,4.3800,5.6110,0.604258,0.222251,0.173491,1.000
2026-09-18T19:03:26+08:00,2026-09-18T19:00:00+08:00,FB5274,2026-09-19 00:00,AC Oulu,Inter Turku,AC Oulu,Inter Turku,Finland ‐ Veikkausliiga,7,4.1300,3.5100,1.9900,0.235183,0.276725,0.488093,1.000
2026-09-18T19:03:26+08:00,2026-09-18T19:00:00+08:00,FB5275,2026-09-19 00:00,Gnistan,HJK Helsinki,IF Gnistan,HJK Helsinki,Finland ‐ Veikkausliiga,7,4.3370,4.2600,1.7720,0.223934,0.227982,0.548083,1.000
2026-09-18T19:03:26+08:00,2026-09-18T19:00:00+08:00,FB5276,2026-09-19 00:30,Wolfsburg,Darmstadt,VfL Wolfsburg,SV Darmstadt 98,Germany ‐ Bundesliga 2,7,1.5170,5.0000,5.9570,0.641824,0.194730,0.163446,0.940
2026-09-18T19:03:26+08:00,2026-09-18T19:00:00+08:00,FB5278,2026-09-19 02:00,Jong Ajax,Roda,Jong Ajax Amsterdam,Roda JC,Netherlands ‐ Eerste Divisie,7,3.3500,4.0450,2.0000,0.285455,0.236409,0.478137,0.940
2026-09-18T19:03:26+08:00,2026-09-18T19:00:00+08:00,FB5279,2026-09-19 02:00,Jong Utrecht,Venlo,Jong Utrecht,VVV-Venlo,Netherlands ‐ Eerste Divisie,7,2.4420,3.8200,2.7200,0.394157,0.251971,0.353872,1.000
2026-09-18T19:03:26+08:00,2026-09-18T19:00:00+08:00,FB5280,2026-09-19 02:00,RKC Waalwijk,Maastricht,RKC Waalwijk,MVV Maastricht,Netherlands ‐ Eerste Divisie,7,1.6530,4.2790,4.8100,0.578047,0.223302,0.198651,1.000
2026-09-18T19:03:26+08:00,2026-09-18T19:00:00+08:00,FB5281,2026-09-19 02:00,Den Bosch,Helmond,Den Bosch,Helmond Sport,Netherlands ‐ Eerste Divisie,7,1.8800,4.2100,3.6700,0.510512,0.227972,0.261516,1.000
2026-09-18T19:03:26+08:00,2026-09-18T19:00:00+08:00,FB5282,2026-09-19 02:00,Groningen,Zwolle,Groningen,PEC Zwolle,Netherlands ‐ Eredivisie,7,1.5580,4.9000,6.0200,0.634211,0.201653,0.164136,1.000
2026-09-18T19:03:26+08:00,2026-09-18T19:00:00+08:00,FB5283,2026-09-19 02:00,Oss,Dordrecht,FC Oss,Dordrecht,Netherlands ‐ Eerste Divisie,7,2.5460,3.6230,2.6260,0.374214,0.262972,0.362814,1.000
2026-09-18T19:03:26+08:00,2026-09-18T19:00:00+08:00,FB5284,2026-09-19 02:00,Almere City,Heracles,Almere City,Heracles Almelo,Netherlands ‐ Eerste Divisie,7,3.2900,4.0980,2.0640,0.294393,0.236348,0.469260,0.970
2026-09-18T19:03:26+08:00,2026-09-18T19:00:00+08:00,FB5285,2026-09-19 02:30,Bayern Munich,Union Berlin,Bayern Munchen,Union Berlin,Germany ‐ Bundesliga,7,1.0530,22.0000,50.0000,0.935521,0.044777,0.019702,0.944
2026-09-18T19:03:26+08:00,2026-09-18T19:00:00+08:00,FB5286,2026-09-19 02:30,Albacete,Cordoba,Albacete Balompie,Cordoba,Spain ‐ Segunda Division,7,2.5000,3.6500,2.8170,0.388742,0.266262,0.344996,1.000
2026-09-18T19:03:26+08:00,2026-09-18T19:00:00+08:00,FB5287,2026-09-19 02:45,AA Gent,Standard,KAA Gent,Standard Liege,Belgium ‐ Pro League,7,1.8230,3.7100,4.7600,0.533516,0.262156,0.204328,0.970
2026-09-18T19:03:26+08:00,2026-09-18T19:00:00+08:00,FB5288,2026-09-19 03:00,Espanyol,CF Elche,RCD Espanyol,Elche,Spain ‐ Primera Division,7,1.8990,3.7500,4.7060,0.523580,0.265141,0.211279,0.970
2026-09-18T19:03:26+08:00,2026-09-18T19:00:00+08:00,FB5289,2026-09-19 22:00,Brighton,Arsenal,Brighton & Hove Albion,Arsenal,England ‐ Premier League,7,5.0200,4.2100,1.7460,0.197334,0.235301,0.567364,0.970
2026-09-18T19:03:26+08:00,2026-09-18T19:00:00+08:00,FB5290,2026-09-19 02:45,Monza,Sassuolo,Monza Brianza,Sassuolo,Italy ‐ Serie A,7,2.8230,3.4700,2.6810,0.348856,0.283810,0.367334,0.970
2026-09-18T19:03:26+08:00,2026-09-18T19:00:00+08:00,FB5291,2026-09-19 04:58,CA Central Cordoba,Defensa y Justicia,Central Cordoba Santiago,Defensa y Justicia,Argentina ‐ Liga Profesional,7,2.8500,3.1000,2.8000,0.340459,0.313003,0.346539,0.857
2026-09-18T19:03:26+08:00,2026-09-18T19:00:00+08:00,FB5292,2026-09-19 08:13,Racing Club,Sarmiento,Racing Club,Sarmiento Junin,Argentina ‐ Liga Profesional,7,1.7300,3.6700,5.3800,0.557740,0.262913,0.179348,1.000
2026-09-18T19:03:26+08:00,2026-09-18T19:00:00+08:00,FB5294,2026-09-19 01:00,Sarpsborg,KFUM Oslo,Sarpsborg 08,KFUM Oslo,Norway ‐ Tippeligaen,7,1.6120,4.5000,5.9000,0.612954,0.219574,0.167472,1.000
2026-09-18T19:03:26+08:00,2026-09-18T19:00:00+08:00,FB5295,2026-09-19 02:00,Annecy FC,Dijon,Annecy FC,Dijon,France ‐ Ligue 2,7,2.1840,3.5800,3.4240,0.444858,0.271388,0.283753,1.000
2026-09-18T19:03:26+08:00,2026-09-18T19:00:00+08:00,FB5296,2026-09-19 02:45,Monaco,Lens,AS Monaco,Lens,France ‐ Ligue 1,7,2.1030,3.8000,3.6350,0.469051,0.259583,0.271366,0.970
2026-09-18T19:03:26+08:00,2026-09-18T19:00:00+08:00,FB5297,2026-09-19 02:00,Rodez,Nancy,Rodez Aveyron,Nancy,France ‐ Ligue 2,7,2.4850,3.4200,2.9800,0.390549,0.283776,0.325676,0.970
2026-09-18T19:03:26+08:00,2026-09-18T19:00:00+08:00,FB5298,2026-09-19 02:00,Reims,Montpellier,Reims,Montpellier,France ‐ Ligue 2,7,2.1600,3.4330,3.5600,0.447241,0.281399,0.271360,1.000
2026-09-18T19:03:26+08:00,2026-09-18T19:00:00+08:00,FB5299,2026-09-19 02:00,Grenoble Foot,Clermont,Grenoble Foot,Clermont,France ‐ Ligue 2,7,2.4900,3.0800,3.2400,0.388054,0.313719,0.298227,1.000
2026-09-18T19:03:26+08:00,2026-09-18T19:00:00+08:00,FB5300,2026-09-19 07:28,Ceara,Novorizontino,Ceara,Novorizontino SP,Brazil ‐ Serie B,7,2.7700,3.3000,2.7280,0.350288,0.294030,0.355681,0.970
2026-09-18T19:03:26+08:00,2026-09-18T19:00:00+08:00,FB5301,2026-09-19 06:28,Vila Nova,America Mineiro,Vila Nova GO,America Mineiro MG,Brazil ‐ Serie B,7,1.4440,4.2790,8.6820,0.664989,0.224409,0.110602,0.940
2026-09-18T19:03:26+08:00,2026-09-18T19:00:00+08:00,FB5302,2026-09-19 00:30,Greuther Furth,Magdeburg,Greuther Furth,FC Magdeburg,Germany ‐ Bundesliga 2,7,3.0120,3.9500,2.3000,0.325511,0.248212,0.426277,1.000
2026-09-18T19:03:26+08:00,2026-09-18T19:00:00+08:00,FB5303,2026-09-19 07:58,Sao Bernardo,Atletico Goianiense,Sao Bernardo SP,Atletico GO,Brazil ‐ Serie B,7,2.7800,3.1000,2.8060,0.346319,0.310570,0.343110,0.940
2026-09-18T19:03:26+08:00,2026-09-18T19:00:00+08:00,FB5304,2026-09-19 03:00,Bristol City,Watford,Bristol City,Watford,England ‐ Championship,7,1.7810,3.9400,4.6080,0.543912,0.245865,0.210223,1.000
2026-09-18T19:03:26+08:00,2026-09-18T19:00:00+08:00,FB5305,2026-09-19 09:00,Piratas FC,Venados,Piratas de Veracruz FC,Venados,Mexico ‐ Liga de Expansion,6,1.7000,4.0000,4.4250,0.552736,0.234913,0.212351,0.970
2026-09-18T19:03:26+08:00,2026-09-18T19:00:00+08:00,FB5306,2026-09-19 09:00,Tepatitlan,Mineros Zacatecas,Tepatitlan,Mineros de Zacatecas,Mexico ‐ Liga de Expansion,6,3.4000,3.6000,2.0080,0.274901,0.259629,0.465470,0.959
2026-09-18T19:03:26+08:00,2026-09-18T19:00:00+08:00,FB5308,2026-09-19 22:57,Boston River,CA Progresso,CA Boston River,CA Progreso,Uruguay ‐ Primera Division,5,1.9930,3.3700,3.8600,0.474447,0.280586,0.244967,0.948
2026-09-18T19:03:26+08:00,2026-09-18T19:00:00+08:00,FB5309,2026-09-20 05:27,Deportivo Maldonado,Cerro Largo,Deportivo Maldonado,Cerro Largo,Uruguay ‐ Primera Division,5,1.6730,3.7200,5.0980,0.562462,0.252957,0.184582,1.000
2026-09-18T19:03:26+08:00,2026-09-18T19:00:00+08:00,FB5310,2026-09-19 13:00,Hokkaido Consadole Sapporo,Oita Trinita,Consadole Sapporo,Oita Trinita,Japan ‐ J2 League,7,2.4220,3.3200,3.0710,0.397111,0.289700,0.313189,1.000
2026-09-18T19:03:26+08:00,2026-09-18T19:00:00+08:00,FB5312,2026-09-19 15:30,Jeonnam Dragons,Suwon FC,Jeonnam Dragons,Suwon City,South Korea ‐ K-League Challenge,7,3.6760,3.9600,1.9150,0.259884,0.241246,0.498869,0.970
2026-09-18T19:03:26+08:00,2026-09-18T19:00:00+08:00,FB5314,2026-09-19 17:00,Avispa Fukuoka,Sanfrecce Hiroshima,Avispa Fukuoka,Sanfrecce Hiroshima,Japan ‐ J League,7,4.7250,4.1000,1.7390,0.205359,0.236664,0.557977,1.000
2026-09-18T19:03:26+08:00,2026-09-18T19:00:00+08:00,FB5315,2026-09-19 17:00,Kawasaki Frontale,Kashima Antlers,Kawasaki Frontale,Kashima Antlers,Japan ‐ J League,7,2.6810,3.7600,2.5500,0.361742,0.257933,0.380325,1.000
2026-09-18T19:03:26+08:00,2026-09-18T19:00:00+08:00,FB5316,2026-09-19 17:30,V-Varen Nagasaki,Cerezo Osaka,V-Varen Nagasaki,Cerezo Osaka,Japan ‐ J League,7,3.7090,3.8500,2.0700,0.266300,0.256547,0.477153,1.000
2026-09-18T19:03:26+08:00,2026-09-18T19:00:00+08:00,FB5317,2026-09-19 17:30,Urawa Reds,Tokyo Verdy,Urawa Red Diamonds,Tokyo Verdy,Japan ‐ J League,7,1.8500,3.6500,4.8100,0.528691,0.267967,0.203343,0.857
2026-09-18T19:03:26+08:00,2026-09-18T19:00:00+08:00,FB5318,2026-09-19 18:00,FC Anyang,Ulsan HD,FC Anyang,Ulsan Hyundai,South Korea ‐ K-League Classic,7,3.5900,3.6500,2.0500,0.267753,0.263352,0.468895,0.881
2026-09-18T19:03:26+08:00,2026-09-18T19:00:00+08:00,FB5319,2026-09-19 18:00,Gimpo FC,Busan I'Park,Gimpo Citizen FC,Busan I Park,South Korea ‐ K-League Challenge,7,2.5000,3.4700,2.7950,0.382422,0.275520,0.342059,1.000
2026-09-18T19:03:26+08:00,2026-09-18T19:00:00+08:00,FB5320,2026-09-19 18:00,Seoul E-Land,Daegu FC,Seoul E-Land,Daegu FC,South Korea ‐ K-League Challenge,7,2.1500,3.9000,3.0540,0.443405,0.244441,0.312154,1.000
2026-09-18T19:03:26+08:00,2026-09-18T19:00:00+08:00,FB5321,2026-09-19 18:00,Montedio Yamagata,Kataller Toyama,Montedio Yamagata,Kataller Toyama,Japan ‐ J2 League,7,2.7340,3.7600,2.3800,0.347721,0.252838,0.399441,1.000
2026-09-18T19:03:26+08:00,2026-09-18T19:00:00+08:00,FB5322,2026-09-19 18:00,Albirex Niigata,Jubilo Iwata,Albirex Niigata,Jubilo Iwata,Japan ‐ J2 League,7,3.2300,3.4000,2.3070,0.298500,0.283575,0.417926,1.000
2026-09-18T19:03:26+08:00,2026-09-18T19:00:00+08:00,FB5323,2026-09-19 18:00,Sagan Tosu,Iwaki FC,Sagan Tosu,Iwaki,Japan ‐ J2 League,7,1.9740,3.5000,3.9400,0.484258,0.273121,0.242621,1.000
2026-09-18T19:03:26+08:00,2026-09-18T19:00:00+08:00,FB5324,2026-09-19 18:00,Shonan Bellmare,Blaublitz Akita,Shonan Bellmare,Blaublitz Akita,Japan ‐ J2 League,7,2.1600,3.3000,3.5980,0.443483,0.290280,0.266238,1.000
2026-09-18T19:03:26+08:00,2026-09-18T19:00:00+08:00,FB5325,2026-09-19 18:00,FC Yokohama,FC Imabari,Yokohama FC,Imabari,Japan ‐ J2 League,7,1.6900,4.0500,5.0300,0.570363,0.238004,0.191633,1.000
2026-09-18T19:03:26+08:00,2026-09-18T19:00:00+08:00,FB5326,2026-09-19 18:00,Fagiano Okayama,Kyoto Sanga,Fagiano Okayama,Kyoto Sanga,Japan ‐ J League,7,1.9100,3.8000,4.2840,0.513221,0.257961,0.228817,1.000
2026-09-18T19:03:26+08:00,2026-09-18T19:00:00+08:00,FB5327,2026-09-19 18:00,FC Tokyo,Nagoya Grampus,FC Tokyo,Nagoya Grampus,Japan ‐ J League,7,1.7800,4.2000,4.2600,0.542991,0.230125,0.226884,1.000
2026-09-18T19:03:26+08:00,2026-09-18T19:00:00+08:00,FB5328,2026-09-19 18:30,Yokohama F.Marinos,Mito Hollyhock,Yokohama F Marinos,Mito Hollyhock,Japan ‐ J League,7,2.0600,3.8500,3.5410,0.472406,0.252768,0.274826,1.000
2026-09-18T19:03:26+08:00,2026-09-18T19:00:00+08:00,FB5329,2026-09-19 19:00,Kaiserslautern,Braunschweig,Kaiserslautern,Eintracht Braunschweig,Germany ‐ Bundesliga 2,7,1.9700,4.0000,3.6470,0.491964,0.242292,0.265744,0.970
2026-09-18T19:03:26+08:00,2026-09-18T19:00:00+08:00,FB5330,2026-09-19 19:00,Holstein Kiel,Osnabruck,Holstein Kiel,VfL Osnabruck,Germany ‐ Bundesliga 2,7,1.8120,4.1600,4.1000,0.532615,0.231995,0.235390,1.000
2026-09-18T19:03:26+08:00,2026-09-18T19:00:00+08:00,FB5331,2026-09-19 20:00,Osasuna,Vallecano,Osasuna,Rayo Vallecano,Spain ‐ Primera Division,7,2.4800,3.3700,3.2100,0.398646,0.293366,0.307988,0.970
2026-09-18T19:03:26+08:00,2026-09-18T19:00:00+08:00,FB5332,2026-09-19 21:30,Werder Bremen,Augsburg,Werder Bremen,Augsburg,Germany ‐ Bundesliga,7,2.3640,4.0050,2.9180,0.416596,0.245901,0.337503,1.000
2026-09-18T19:03:26+08:00,2026-09-18T19:00:00+08:00,FB5333,2026-09-19 22:15,Bilbao,Alaves,Athletic Bilbao,Alaves,Spain ‐ Primera Division,7,1.6960,4.0700,5.9000,0.586798,0.244523,0.168679,0.970
2026-09-18T19:03:26+08:00,2026-09-18T19:00:00+08:00,FB5334,2026-09-19 22:30,Den Haag,Cambuur,ADO Den Haag,Cambuur-Leeuwarden,Netherlands ‐ Eredivisie,7,1.8300,4.1500,4.0250,0.527531,0.232622,0.239847,0.940
2026-09-18T19:03:26+08:00,2026-09-18T19:00:00+08:00,FB5335,2026-09-19 22:30,Vitesse,Jong PSV Eindhoven,Vitesse Arnhem,Jong PSV Eindhoven,Netherlands ‐ Eerste Divisie,6,1.5890,4.6000,4.7000,0.593994,0.205186,0.200820,0.970
2026-09-18T19:03:26+08:00,2026-09-18T19:00:00+08:00,FB5336,2026-09-20 00:30,Stuttgart,Dortmund,VfB Stuttgart,Borussia Dortmund,Germany ‐ Bundesliga,7,2.5020,3.8570,2.8470,0.395646,0.256652,0.347702,0.940
2026-09-18T19:03:26+08:00,2026-09-18T19:00:00+08:00,FB5337,2026-09-20 00:30,Celta Vigo,Santander,Celta Vigo,Racing Santander,Spain ‐ Primera Division,7,1.8810,4.0600,4.2650,0.525118,0.243288,0.231594,1.000
2026-09-18T19:03:26+08:00,2026-09-18T19:00:00+08:00,FB5338,2026-09-20 00:45,Sparta Rotterdam,Heerenveen,Sparta Rotterdam,Heerenveen,Netherlands ‐ Eredivisie,7,2.5670,3.8500,2.6520,0.379550,0.253066,0.367385,1.000
2026-09-18T19:03:26+08:00,2026-09-18T19:00:00+08:00,FB5339,2026-09-20 23:30,Fulham,Manchester Utd,Fulham,Manchester United,England ‐ Premier League,7,3.6350,3.8650,2.0760,0.270896,0.254775,0.474329,0.952
2026-09-18T19:03:26+08:00,2026-09-18T19:00:00+08:00,FB5340,2026-09-19 22:00,Everton,Ipswich,Everton,Ipswich Town,England ‐ Premier League,7,1.8260,3.9800,4.6150,0.539240,0.247400,0.213359,0.970
2026-09-18T19:03:26+08:00,2026-09-18T19:00:00+08:00,FB5341,2026-09-20 00:30,Nottingham Forest,Coventry,Nottingham Forest,Coventry City,England ‐ Premier League,7,1.6350,4.2650,5.9600,0.603252,0.231258,0.165489,1.000
2026-09-18T19:03:26+08:00,2026-09-18T19:00:00+08:00,FB5342,2026-09-19 19:30,Tottenham,Aston Villa,Tottenham Hotspur,Aston Villa,England ‐ Premier League,7,2.0750,3.7500,3.7830,0.475774,0.263261,0.260965,0.970
2026-09-18T19:03:26+08:00,2026-09-18T19:00:00+08:00,FB5343,2026-09-19 22:00,Newcastle,Hull City,Newcastle United,Hull City,England ‐ Premier League,7,1.6340,4.5200,5.4900,0.602723,0.217887,0.179390,0.970
2026-09-18T19:03:26+08:00,2026-09-18T19:00:00+08:00,FB5344,2026-09-20 02:00,Ajax,Excelsior,Ajax Amsterdam,SBV Excelsior,Netherlands ‐ Eredivisie,6,1.2210,7.7500,11.5000,0.791313,0.124670,0.084017,0.940
2026-09-18T19:03:26+08:00,2026-09-18T19:00:00+08:00,FB5345,2026-09-20 02:30,Dresden,Hertha Berlin,Dynamo Dresden,Hertha Berlin,Germany ‐ Bundesliga 2,7,2.7700,4.1090,2.3100,0.348036,0.234622,0.417342,0.970
2026-09-18T19:03:26+08:00,2026-09-18T19:00:00+08:00,FB5346,2026-09-20 03:00,Willem II,Fortuna Sittard,Willem II Tilburg,Fortuna Sittard,Netherlands ‐ Eredivisie,6,2.5510,3.9000,2.6100,0.380012,0.248567,0.371421,0.970
2026-09-18T19:03:26+08:00,2026-09-18T19:00:00+08:00,FB5347,2026-09-20 03:00,Sevilla,Barcelona,Sevilla,Barcelona,Spain ‐ Primera Division,7,14.7800,7.8000,1.2400,0.067503,0.127909,0.804588,1.000
2026-09-18T19:03:26+08:00,2026-09-18T19:00:00+08:00,FB5348,2026-09-20 15:30,Jeonbuk Motors,Gwangju FC,Jeonbuk Hyundai Motors,Gwangju FC,South Korea ‐ K-League Classic,7,1.4100,4.9760,7.5600,0.680333,0.192779,0.126888,0.889
2026-09-18T19:03:26+08:00,2026-09-18T19:00:00+08:00,FB5350,2026-09-20 18:00,Incheon Utd,Daejeon Citizen,Incheon United,Daejeon Citizen,South Korea ‐ K-League Classic,7,2.7730,3.4500,2.5650,0.346637,0.278616,0.374747,0.940
2026-09-18T19:03:26+08:00,2026-09-18T19:00:00+08:00,FB5351,2026-09-20 18:00,Seongnam FC,Hwaseong FC,Seongnam Ilhwa Chunma,Hwaseong FC,South Korea ‐ K-League Challenge,7,2.7550,3.3000,2.5950,0.345244,0.288226,0.366530,0.970
2026-09-18T19:03:26+08:00,2026-09-18T19:00:00+08:00,FB5353,2026-09-19 22:00,Dundee,Motherwell,Dundee FC,Motherwell,Scotland ‐ Premier League,7,3.1100,3.4090,2.3380,0.308405,0.281355,0.410240,1.000
2026-09-18T19:03:26+08:00,2026-09-18T19:00:00+08:00,FB5355,2026-09-20 18:15,Feyenoord,Utrecht,Feyenoord Rotterdam,Utrecht,Netherlands ‐ Eredivisie,7,1.2900,6.3700,9.9500,0.750661,0.152018,0.097322,0.970
2026-09-18T19:03:26+08:00,2026-09-18T19:00:00+08:00,FB5356,2026-09-19 22:00,St. Mirren,Dundee Utd,Saint Mirren,Dundee United,Scotland ‐ Premier League,7,2.3740,3.7200,2.7900,0.401757,0.256390,0.341853,0.863
2026-09-18T19:03:26+08:00,2026-09-18T19:00:00+08:00,FB5357,2026-09-19 22:00,Hibernian,Aberdeen,Hibernian,Aberdeen,Scotland ‐ Premier League,7,1.7630,3.9410,4.4700,0.542960,0.242892,0.214147,1.000
2026-09-18T19:03:26+08:00,2026-09-18T19:00:00+08:00,FB5358,2026-09-19 22:00,St. Johnstone,Falkirk,St. Johnstone,Falkirk,Scotland ‐ Premier League,7,2.0690,3.5500,3.5800,0.462802,0.269729,0.267469,1.000
2026-09-18T19:03:26+08:00,2026-09-18T19:00:00+08:00,FB5359,2026-09-20 19:30,Hannover,Bochum,Hannover 96,VfL Bochum,Germany ‐ Bundesliga 2,7,1.8300,4.2500,4.0290,0.530562,0.228454,0.240985,0.940
2026-09-18T19:03:26+08:00,2026-09-18T19:00:00+08:00,FB5360,2026-09-20 20:30,Twente,PSV Eindhoven,Twente Enschede,PSV Eindhoven,Netherlands ‐ Eredivisie,7,2.9420,4.3500,2.2100,0.332497,0.224875,0.442628,0.970
2026-09-18T19:03:26+08:00,2026-09-18T19:00:00+08:00,FB5361,2026-09-20 20:30,AZ Alkmaar,Telstar,AZ Alkmaar,Telstar,Netherlands ‐ Eredivisie,7,1.2700,6.8500,10.2000,0.763410,0.141537,0.095052,1.000
2026-09-18T19:03:26+08:00,2026-09-18T19:00:00+08:00,FB5362,2026-09-20 22:15,Atletico Madrid,Real Madrid,Atletico Madrid,Real Madrid,Spain ‐ Primera Division,7,3.7350,4.1000,2.0230,0.266153,0.242458,0.491389,1.000
2026-09-18T19:03:26+08:00,2026-09-18T19:00:00+08:00,FB5363,2026-09-20 02:45,Le Mans,Lorient,Le Mans,Lorient,France ‐ Ligue 1,7,2.7820,3.5100,2.6950,0.353998,0.280576,0.365426,1.000
2026-09-18T19:03:26+08:00,2026-09-18T19:00:00+08:00,FB5364,2026-09-20 02:45,Lyon,Rennes,Lyon,Rennes,France ‐ Ligue 1,7,2.1880,3.8600,3.3350,0.449860,0.254999,0.295141,1.000
2026-09-18T19:03:26+08:00,2026-09-18T19:00:00+08:00,FB5365,2026-09-20 02:45,Toulouse,Le Havre,Toulouse,Le Havre,France ‐ Ligue 1,7,1.8060,3.9300,4.9510,0.548150,0.251898,0.199951,1.000
2026-09-18T19:03:26+08:00,2026-09-18T19:00:00+08:00,FB5366,2026-09-20 22:45,De Graafschap,NAC,De Graafschap,NAC Breda,Netherlands ‐ Eerste Divisie,7,3.4200,4.3200,1.9600,0.282760,0.223852,0.493388,0.970
2026-09-18T19:03:26+08:00,2026-09-18T19:00:00+08:00,FB5367,2026-09-20 02:45,Angers SCO,Troyes,Angers,Troyes,France ‐ Ligue 1,7,2.2790,3.5300,3.4050,0.431981,0.278891,0.289129,0.970
2026-09-18T19:03:26+08:00,2026-09-18T19:00:00+08:00,FB5368,2026-09-20 21:00,Auxerre,Brest,Auxerre,Brest,France ‐ Ligue 1,7,2.9300,3.7200,2.4670,0.336099,0.264723,0.399177,1.000
2026-09-18T19:03:26+08:00,2026-09-18T19:00:00+08:00,FB5369,2026-09-20 23:15,Nice,Lille,Nice,Lille,France ‐ Ligue 1,7,3.7150,3.5950,2.1360,0.265068,0.273916,0.461015,1.000
2026-09-18T19:03:26+08:00,2026-09-18T19:00:00+08:00,FB5370,2026-09-19 21:30,Monchengladbach,Mainz,Borussia Monchengladbach,FSV Mainz 05,Germany ‐ Bundesliga,7,3.0700,3.8850,2.3120,0.320711,0.253432,0.425857,0.940
2026-09-18T19:03:26+08:00,2026-09-18T19:00:00+08:00,FB5371,2026-09-20 21:30,Leverkusen,RB Leipzig,Bayer Leverkusen,RB Leipzig,Germany ‐ Bundesliga,7,2.0440,4.4000,3.4590,0.486507,0.226005,0.287488,1.000
2026-09-18T19:03:26+08:00,2026-09-18T19:00:00+08:00,FB5372,2026-09-20 23:30,Schalke 04,Elversberg,Schalke 04,SV Elversberg,Germany ‐ Bundesliga,7,2.1160,3.8500,3.6350,0.469103,0.257824,0.273073,1.000
2026-09-18T19:03:26+08:00,2026-09-18T19:00:00+08:00,FB5374,2026-09-19 21:30,Frankfurt,Freiburg,Eintracht Frankfurt,SC Freiburg,Germany ‐ Bundesliga,7,2.4660,4.0000,2.7950,0.400194,0.246719,0.353087,0.970
2026-09-18T19:03:26+08:00,2026-09-18T19:00:00+08:00,FB5375,2026-09-20 02:45,Venezia,Lazio,Venezia,Lazio,Italy ‐ Serie A,7,3.9300,3.7250,2.0290,0.250504,0.264290,0.485205,1.000
2026-09-18T19:03:26+08:00,2026-09-18T19:00:00+08:00,FB5376,2026-09-20 18:30,Fiorentina,Napoli,Fiorentina,Napoli,Italy ‐ Serie A,7,3.4200,3.6000,2.3200,0.292044,0.277442,0.430514,1.000
2026-09-18T19:03:26+08:00,2026-09-18T19:00:00+08:00,FB5377,2026-09-20 21:00,Parma,Genoa,Parma,Genoa,Italy ‐ Serie A,7,3.2350,3.1300,2.5860,0.304459,0.314673,0.380868,1.000
2026-09-18T19:03:26+08:00,2026-09-18T19:00:00+08:00,FB5378,2026-09-20 00:00,Roma,Inter Milan,AS Roma,Inter Milan,Italy ‐ Serie A,7,2.8040,3.5350,2.6620,0.351302,0.278656,0.370042,0.970
2026-09-18T19:03:26+08:00,2026-09-18T19:00:00+08:00,FB5379,2026-09-20 21:00,Frosinone,Como,Frosinone,Como,Italy ‐ Serie A,7,6.4000,4.7500,1.5770,0.156111,0.210339,0.633550,1.000
2026-09-18T19:03:26+08:00,2026-09-18T19:00:00+08:00,FB5380,2026-09-21 02:45,AC Milan,Lecce,AC Milan,Lecce,Italy ‐ Serie A,7,1.2970,6.0400,12.7000,0.759382,0.163066,0.077553,1.000
2026-09-18T19:03:26+08:00,2026-09-18T19:00:00+08:00,FB5381,2026-09-19 21:00,Udinese,Cagliari,Udinese,Cagliari,Italy ‐ Serie A,7,2.3300,3.3950,3.4800,0.424476,0.291320,0.284204,1.000
2026-09-18T19:03:26+08:00,2026-09-18T19:00:00+08:00,FB5382,2026-09-19 21:00,Bologna,AC Torino,Bologna,Torino,Italy ‐ Serie A,7,2.0190,3.6050,4.1200,0.487780,0.273184,0.239036,1.000
2026-09-18T19:03:26+08:00,2026-09-18T19:00:00+08:00,FB5383,2026-09-20 16:00,Gamba Osaka,Vissel Kobe,Gamba Osaka,Vissel Kobe,Japan ‐ J League,7,3.3900,3.6000,2.2500,0.289995,0.273079,0.436926,1.000
2026-09-18T19:03:26+08:00,2026-09-18T19:00:00+08:00,FB5384,2026-09-20 16:00,Tochigi City,Vegalta Sendai,Tochigi UVA,Vegalta Sendai,Japan ‐ J2 League,7,3.5010,3.6500,2.0800,0.274548,0.263340,0.462112,0.848
2026-09-18T19:03:26+08:00,2026-09-18T19:00:00+08:00,FB5385,2026-09-20 13:00,Iran AM,China AM,Iran U23,China U23,Asia - AFC - Asian Games U23,4,1.6800,3.4200,4.7600,0.542250,0.266368,0.191382,1.000
2026-09-18T19:03:26+08:00,2026-09-18T19:00:00+08:00,FB5387,2026-09-19 18:00,Ventforet Kofu,Tokushima Vortis,Ventforet Kofu,Tokushima Vortis,Japan ‐ J2 League,7,3.2320,3.2000,2.3500,0.295393,0.298347,0.406260,1.000
2026-09-18T19:03:26+08:00,2026-09-18T19:00:00+08:00,FB5388,2026-09-19 17:30,Fujieda MYFC,RB Omiya Ardija,Fujieda MYFC,Omiya Ardija,Japan ‐ J2 League,7,3.4000,3.6000,2.1100,0.281229,0.265605,0.453165,1.000
2026-09-18T19:03:26+08:00,2026-09-18T19:00:00+08:00,FB5389,2026-09-19 17:30,Shimizu S-Pulse,JEF United Chiba,Shimizu S-Pulse,JEF United Ichihara,Japan ‐ J League,7,1.9100,3.8000,4.2000,0.510883,0.256786,0.232330,0.929
2026-09-18T19:03:26+08:00,2026-09-18T19:00:00+08:00,FB5390,2026-09-18 20:00,Ayutthaya Utd,Uthai Thani,Ayutthaya United,Uthai Thani FC,Thailand ‐ Premier League,7,2.4100,3.0730,3.2700,0.396628,0.311056,0.292316,0.948
2026-09-18T19:03:26+08:00,2026-09-18T19:00:00+08:00,FB5391,2026-09-21 01:15,Brann,Bodo Glimt,Brann,Bodo-Glimt,Norway ‐ Tippeligaen,7,4.5600,4.7500,1.6500,0.211701,0.203233,0.585065,1.000
2026-09-18T19:03:26+08:00,2026-09-18T19:00:00+08:00,FB5392,2026-09-19 19:00,Karlsruher,Nurnberg,Karlsruher,Nurnberg,Germany ‐ Bundesliga 2,7,3.0000,4.1000,2.2500,0.326260,0.238727,0.435013,1.000
2026-09-18T19:03:26+08:00,2026-09-18T19:00:00+08:00,FB5393,2026-09-19 22:30,Gil Vicente,Maritimo,Gil Vicente,Maritimo Funchal,Portugal ‐ Primeira Liga,7,2.0130,3.5000,4.0660,0.483040,0.277817,0.239144,0.970
2026-09-18T19:03:26+08:00,2026-09-18T19:00:00+08:00,FB5394,2026-09-19 22:30,Nacional,Famalicao,CD Nacional Madeira,Famalicao,Portugal ‐ Primeira Liga,7,3.7300,3.4150,2.1260,0.259963,0.283941,0.456096,0.970
2026-09-18T19:03:26+08:00,2026-09-18T19:00:00+08:00,FB5395,2026-09-20 01:00,Alverca,Rio Ave,FC Alverca,Rio Ave,Portugal ‐ Primeira Liga,7,1.9200,3.6400,4.2650,0.505651,0.266717,0.227632,1.000
2026-09-18T19:03:26+08:00,2026-09-18T19:00:00+08:00,FB5396,2026-09-21 01:00,Santa Clara,Braga,Santa Clara,Sporting Braga,Portugal ‐ Primeira Liga,7,3.8600,3.2600,2.1600,0.251820,0.298168,0.450012,0.970
2026-09-18T19:03:26+08:00,2026-09-18T19:00:00+08:00,FB5397,2026-09-21 01:00,Estoril,Casa Pia AC,Estoril Praia,Casa Pia,Portugal ‐ Primeira Liga,7,1.8220,3.7900,4.5950,0.532692,0.256086,0.211222,0.970
2026-09-18T19:03:26+08:00,2026-09-18T19:00:00+08:00,FB5398,2026-09-20 03:30,Sporting,Arouca,Sporting Lisbon,Arouca,Portugal ‐ Primeira Liga,7,1.2220,7.3300,15.5000,0.802858,0.133846,0.063296,0.970
2026-09-18T19:03:26+08:00,2026-09-18T19:00:00+08:00,FB5399,2026-09-21 03:30,Porto,Benfica,FC Porto,Benfica,Portugal ‐ Primeira Liga,7,2.7540,3.4500,2.6500,0.352422,0.281325,0.366253,1.000
2026-09-18T19:03:26+08:00,2026-09-18T19:00:00+08:00,FB5400,2026-09-20 22:30,Guimaraes,Moreirense,Vitoria Guimaraes,Moreirense,Portugal ‐ Primeira Liga,7,1.5530,4.3500,6.4100,0.625278,0.223231,0.151491,0.970
2026-09-18T19:03:26+08:00,2026-09-18T19:00:00+08:00,FB5401,2026-09-20 22:30,Amadora,Viseu,Estrela Amadora,Academico Viseu,Portugal ‐ Primeira Liga,7,2.1700,3.3550,3.7000,0.447771,0.289617,0.262612,0.940
2026-09-18T19:03:26+08:00,2026-09-18T19:00:00+08:00,FB5402,2026-09-20 20:00,Brondby,Copenhagen,Brondby IF,FC Copenhagen,Denmark ‐ Superliga,7,3.2410,3.7500,2.1300,0.295346,0.255257,0.449397,1.000
2026-09-18T19:03:26+08:00,2026-09-18T19:00:00+08:00,FB5403,2026-09-20 00:00,Odense,Midtjylland,Odense BK,Midtjylland,Denmark ‐ Superliga,7,4.1230,4.2100,1.8100,0.234894,0.230040,0.535066,0.970
2026-09-18T19:03:26+08:00,2026-09-18T19:00:00+08:00,FB5404,2026-09-20 20:00,Sonderjyske,Randers,Sonderjyske,Randers FC,Denmark ‐ Superliga,7,2.7560,3.7000,2.4500,0.348461,0.259556,0.391983,1.000
2026-09-18T19:03:26+08:00,2026-09-18T19:00:00+08:00,FB5405,2026-09-19 01:00,Lyngby,Silkeborg IF,Lyngby BK,Silkeborg IF,Denmark ‐ Superliga,7,1.9230,3.9900,3.8180,0.503621,0.242722,0.253657,0.970
2026-09-18T19:03:26+08:00,2026-09-18T19:00:00+08:00,FB5406,2026-09-21 00:00,Viborg,Nordsjaelland,Viborg FF,Nordsjaelland,Denmark ‐ Superliga,7,2.8500,3.8500,2.3260,0.337207,0.249621,0.413173,0.970
2026-09-18T19:03:26+08:00,2026-09-18T19:00:00+08:00,FB5407,2026-09-20 22:00,Horsens,AGF Aarhus,AC Horsens,AGF Aarhus,Denmark ‐ Superliga,7,3.9670,3.7300,1.9300,0.242779,0.258204,0.499017,1.000
2026-09-18T19:03:26+08:00,2026-09-18T19:00:00+08:00,FB5408,2026-09-19 19:30,Pattani,Prachuap,Pattani FC,Prachuap,Thailand ‐ Premier League,6,4.1300,3.0000,1.9900,0.224616,0.309221,0.466163,1.000
2026-09-18T19:03:26+08:00,2026-09-18T19:00:00+08:00,FB5409,2026-09-19 19:00,Rasisalai Utd,Lamphun Warriors,Rasisalai United,Lamphun Warrior,Thailand ‐ Premier League,3,2.3000,3.4000,2.7000,0.395519,0.267557,0.336924,0.948
2026-09-18T19:03:26+08:00,2026-09-18T19:00:00+08:00,FB5410,2026-09-19 23:15,Paris FC,Strasbourg,Paris FC,Strasbourg,France ‐ Ligue 1,7,2.0870,3.8500,3.7000,0.474804,0.257381,0.267815,1.000
2026-09-18T19:03:26+08:00,2026-09-18T19:00:00+08:00,FB5411,2026-09-19 13:30,Oakleigh Cannons,Avondale,Oakleigh Cannons,Avondale Heights SC,Australia ‐ Victoria Premier League,7,2.1500,3.7000,2.9500,0.432920,0.251562,0.315518,0.970
2026-09-18T19:03:26+08:00,2026-09-18T19:00:00+08:00,FB5412,2026-09-19 22:00,Kristiansund,Rosenborg,Kristiansund BK,Rosenborg,Norway ‐ Tippeligaen,7,5.6400,4.8800,1.5280,0.171033,0.197669,0.631298,0.970
2026-09-18T19:03:26+08:00,2026-09-18T19:00:00+08:00,FB5413,2026-09-20 00:00,Molde,Aalesund,Molde,Aalesund,Norway ‐ Tippeligaen,7,1.3170,6.4000,8.2500,0.732377,0.150709,0.116914,1.000
2026-09-18T19:03:26+08:00,2026-09-18T19:00:00+08:00,FB5414,2026-09-20 19:30,Cottbus,St. Pauli,Energie Cottbus,St. Pauli,Germany ‐ Bundesliga 2,7,3.1200,4.1500,2.1320,0.311021,0.233827,0.455152,0.970
2026-09-18T19:03:26+08:00,2026-09-18T19:00:00+08:00,FB5415,2026-09-20 19:30,Bielefeld,Heidenheim,Arminia Bielefeld,FC Heidenheim,Germany ‐ Bundesliga 2,7,2.1240,3.8500,3.2830,0.454823,0.250921,0.294256,0.970
2026-09-18T19:03:26+08:00,2026-09-18T19:00:00+08:00,FB5416,2026-09-20 23:00,Tromso,Ham-Kam,Tromso,Ham Kam,Norway ‐ Tippeligaen,7,1.5100,4.6500,6.1100,0.636186,0.206589,0.157224,1.000
2026-09-18T19:03:26+08:00,2026-09-18T19:00:00+08:00,FB5417,2026-09-20 20:30,Valerenga,Fredrikstad,Valerenga IF,Fredrikstad,Norway ‐ Tippeligaen,7,1.9300,4.1000,3.7350,0.503153,0.236850,0.259996,1.000
2026-09-18T19:03:26+08:00,2026-09-18T19:00:00+08:00,FB5418,2026-09-20 23:00,Sandefjord,Start,Sandefjord,IK Start,Norway ‐ Tippeligaen,7,2.0550,3.8000,3.5300,0.471044,0.254736,0.274220,0.970
2026-09-18T19:03:26+08:00,2026-09-18T19:00:00+08:00,FB5419,2026-09-20 15:30,Yongin FC,Gyeongnam FC,Yongin City FC,Gyeongnam FC,South Korea ‐ K-League Challenge,7,2.3570,3.4000,2.9650,0.401901,0.278612,0.319487,0.970
2026-09-18T19:03:26+08:00,2026-09-18T19:00:00+08:00,FB5420,2026-09-20 18:00,Pohang Steelers,FC Seoul,Pohang Steelers,FC Seoul,South Korea ‐ K-League Classic,7,4.5100,3.4500,1.9400,0.215890,0.282221,0.501889,1.000
2026-09-18T19:03:26+08:00,2026-09-18T19:00:00+08:00,FB5422,2026-09-18 21:58,Newell's Old Boys Women,Gimnasia LP Women,Newells Old Boys Women,Gimnasia La Plata Women,Argentina ‐ Primera Division Women,3,2.7700,3.3000,2.3800,0.332972,0.279494,0.387534,0.914
2026-09-18T19:03:26+08:00,2026-09-18T19:00:00+08:00,FB5426,2026-09-20 16:00,Machida Zelvia,Kashiwa Reysol,Machida Zelvia,Kashiwa Reysol,Japan ‐ J League,7,2.6090,3.6000,2.7220,0.372688,0.270095,0.357217,1.000
2026-09-18T19:03:26+08:00,2026-09-18T19:00:00+08:00,FB5427,2026-09-20 19:00,Rayong,Ratchaburi,Rayong FC,Ratchaburi FC,Thailand ‐ Premier League,4,3.8000,3.5000,1.8920,0.244250,0.265185,0.490565,1.000
2026-09-18T19:03:26+08:00,2026-09-18T19:00:00+08:00,FB5428,2026-09-20 19:30,Sukhothai,Port FC,Sukhothai FC,Port FC,Thailand ‐ Premier League,4,5.4500,4.0700,1.5980,0.173926,0.232898,0.593176,1.000
2026-09-18T19:03:26+08:00,2026-09-18T19:00:00+08:00,FB5429,2026-09-19 20:00,Chiangrai Utd,Sisaket Utd,Chiangrai United,Sisaket,Thailand ‐ Premier League,6,1.7870,3.4100,4.4100,0.518333,0.271631,0.210036,0.918
2026-09-18T19:03:26+08:00,2026-09-18T19:00:00+08:00,FB5430,2026-09-20 19:00,Chonburi,Buriram Utd,Chonburi,Buriram United,Thailand ‐ Premier League,4,6.9700,3.5500,1.5580,0.134462,0.263999,0.601539,0.940
2026-09-18T19:03:26+08:00,2026-09-18T19:00:00+08:00,FB5433,2026-09-20 07:30,Vasco da Gama,Coritiba,Vasco da Gama RJ,Coritiba PR,Brazil ‐ Serie A,7,1.5590,4.2000,6.2510,0.617059,0.229046,0.153895,0.940
2026-09-18T19:03:26+08:00,2026-09-18T19:00:00+08:00,FB5434,2026-09-20 03:00,Atletico Mineiro,Chapecoense,Atletico Mineiro MG,Chapecoense,Brazil ‐ Serie A,7,1.4770,4.6600,7.2180,0.657212,0.208305,0.134483,0.970
2026-09-18T19:03:26+08:00,2026-09-18T19:00:00+08:00,FB5435,2026-09-20 04:00,Mirassol,Botafogo,Mirassol SP,Botafogo RJ,Brazil ‐ Serie A,7,2.1700,3.6000,3.4600,0.448441,0.270311,0.281248,0.940
2026-09-18T19:03:26+08:00,2026-09-18T19:00:00+08:00,FB5436,2026-09-20 08:00,Sao Paulo,Internacional,Sao Paulo SP,Internacional RS,Brazil ‐ Serie A,7,1.9000,3.6800,4.4110,0.513599,0.265173,0.221228,0.940
2026-09-18T19:03:26+08:00,2026-09-18T19:00:00+08:00,FB5437,2026-09-20 21:00,Bournemouth,Liverpool,Bournemouth AFC,Liverpool,England ‐ Premier League,7,3.2900,4.0000,2.1900,0.300771,0.247385,0.451844,1.000
2026-09-18T19:03:26+08:00,2026-09-18T19:00:00+08:00,FB5439,2026-09-20 21:00,Manchester City,Sunderland,Manchester City,Sunderland,England ‐ Premier League,7,1.3200,6.0300,10.9000,0.746265,0.163362,0.090373,1.000
2026-09-18T19:03:26+08:00,2026-09-18T19:00:00+08:00,FB5440,2026-09-21 02:45,Marseille,Paris Saint Germain,Marseille,Paris Saint Germain,France ‐ Ligue 1,7,7.4360,5.4400,1.4390,0.132725,0.181423,0.685852,1.000
2026-09-18T23:03:20+08:00,2026-09-18T23:00:00+08:00,FB5260,2026-09-19 03:00,Brentford,Chelsea,Brentford,Chelsea,England ‐ Premier League,7,2.7150,3.8000,2.6140,0.363225,0.259515,0.377260,1.000
2026-09-18T23:03:20+08:00,2026-09-18T23:00:00+08:00,FB5268,2026-09-19 07:30,New York City,New York Red Bulls,New York City,New York Red Bulls,USA ‐ Major League Soccer,7,1.8390,4.1200,4.1200,0.528341,0.235830,0.235830,1.000
2026-09-18T23:03:20+08:00,2026-09-18T23:00:00+08:00,FB5269,2026-09-19 11:00,Juarez,Tigres UANL,FC Juarez,Tigres UANL,Mexico ‐ Primera Division,7,4.2600,3.7600,1.9000,0.228567,0.258962,0.512471,1.000
2026-09-18T23:03:20+08:00,2026-09-18T23:00:00+08:00,FB5270,2026-09-19 09:00,Puebla,Atlante,Puebla,Atlante,Mexico ‐ Primera Division,7,2.3230,3.5600,3.1310,0.417630,0.272515,0.309855,1.000
2026-09-18T23:03:20+08:00,2026-09-18T23:00:00+08:00,FB5274,2026-09-19 00:00,AC Oulu,Inter Turku,AC Oulu,Inter Turku,Finland ‐ Veikkausliiga,7,4.0750,3.5000,2.0400,0.240279,0.279753,0.479968,1.000
2026-09-18T23:03:20+08:00,2026-09-18T23:00:00+08:00,FB5275,2026-09-19 00:00,Gnistan,HJK Helsinki,IF Gnistan,HJK Helsinki,Finland ‐ Veikkausliiga,7,4.1080,4.1000,1.8300,0.235474,0.235933,0.528593,1.000
2026-09-18T23:03:20+08:00,2026-09-18T23:00:00+08:00,FB5276,2026-09-19 00:30,Wolfsburg,Darmstadt,VfL Wolfsburg,SV Darmstadt 98,Germany ‐ Bundesliga 2,7,1.5220,4.9500,6.0030,0.640609,0.196971,0.162420,0.940
2026-09-18T23:03:20+08:00,2026-09-18T23:00:00+08:00,FB5278,2026-09-19 02:00,Jong Ajax,Roda,Jong Ajax Amsterdam,Roda JC,Netherlands ‐ Eerste Divisie,7,3.3480,3.9400,2.0510,0.287181,0.244031,0.468787,0.940
2026-09-18T23:03:20+08:00,2026-09-18T23:00:00+08:00,FB5279,2026-09-19 02:00,Jong Utrecht,Venlo,Jong Utrecht,VVV-Venlo,Netherlands ‐ Eerste Divisie,7,2.4910,3.8000,2.7600,0.390921,0.256259,0.352820,1.000
2026-09-18T23:03:20+08:00,2026-09-18T23:00:00+08:00,FB5280,2026-09-19 02:00,RKC Waalwijk,Maastricht,RKC Waalwijk,MVV Maastricht,Netherlands ‐ Eerste Divisie,7,1.6370,4.3700,4.8400,0.583832,0.218703,0.197465,1.000
2026-09-18T23:03:20+08:00,2026-09-18T23:00:00+08:00,FB5281,2026-09-19 02:00,Den Bosch,Helmond,Den Bosch,Helmond Sport,Netherlands ‐ Eerste Divisie,7,1.8240,4.2400,3.7600,0.522113,0.224607,0.253280,1.000
2026-09-18T23:03:20+08:00,2026-09-18T23:00:00+08:00,FB5282,2026-09-19 02:00,Groningen,Zwolle,Groningen,PEC Zwolle,Netherlands ‐ Eredivisie,7,1.5490,4.9000,6.0100,0.635381,0.200858,0.163761,1.000
2026-09-18T23:03:20+08:00,2026-09-18T23:00:00+08:00,FB5283,2026-09-19 02:00,Oss,Dordrecht,FC Oss,Dordrecht,Netherlands ‐ Eerste Divisie,7,2.5490,3.6000,2.6940,0.376757,0.266765,0.356478,1.000
2026-09-18T23:03:20+08:00,2026-09-18T23:00:00+08:00,FB5284,2026-09-19 02:00,Almere City,Heracles,Almere City,Heracles Almelo,Netherlands ‐ Eerste Divisie,7,3.3100,4.0620,2.0400,0.290916,0.237059,0.472025,0.970
2026-09-18T23:03:20+08:00,2026-09-18T23:00:00+08:00,FB5285,2026-09-19 02:30,Bayern Munich,Union Berlin,Bayern Munchen,Union Berlin,Germany ‐ Bundesliga,7,1.0540,20.0000,50.0000,0.931289,0.049079,0.019632,0.944
2026-09-18T23:03:20+08:00,2026-09-18T23:00:00+08:00,FB5286,2026-09-19 02:30,Albacete,Cordoba,Albacete Balompie,Cordoba,Spain ‐ Segunda Division,7,2.5560,3.7000,2.7810,0.383156,0.264688,0.352156,1.000
2026-09-18T23:03:20+08:00,2026-09-18T23:00:00+08:00,FB5287,2026-09-19 02:45,AA Gent,Standard,KAA Gent,Standard Liege,Belgium ‐ Pro League,7,1.8200,3.6800,4.8590,0.535009,0.264597,0.200394,0.970
2026-09-18T23:03:20+08:00,2026-09-18T23:00:00+08:00,FB5288,2026-09-19 03:00,Espanyol,CF Elche,RCD Espanyol,Elche,Spain ‐ Primera Division,7,1.8810,3.8000,4.8100,0.530206,0.262452,0.207342,0.970
2026-09-18T23:03:20+08:00,2026-09-18T23:00:00+08:00,FB5289,2026-09-19 22:00,Brighton,Arsenal,Brighton & Hove Albion,Arsenal,England ‐ Premier League,7,5.0300,4.2100,1.7460,0.197019,0.235394,0.567587,0.970
2026-09-18T23:03:20+08:00,2026-09-18T23:00:00+08:00,FB5290,2026-09-19 02:45,Monza,Sassuolo,Monza Brianza,Sassuolo,Italy ‐ Serie A,7,2.8680,3.4150,2.6750,0.343410,0.288404,0.368187,0.970
2026-09-18T23:03:20+08:00,2026-09-18T23:00:00+08:00,FB5291,2026-09-19 04:58,CA Central Cordoba,Defensa y Justicia,Central Cordoba Santiago,Defensa y Justicia,Argentina ‐ Liga Profesional,7,2.7220,3.1000,2.9700,0.357838,0.314205,0.327958,0.857
2026-09-18T23:03:20+08:00,2026-09-18T23:00:00+08:00,FB5292,2026-09-19 08:13,Racing Club,Sarmiento,Racing Club,Sarmiento Junin,Argentina ‐ Liga Profesional,7,1.8400,3.5750,4.8870,0.528766,0.272148,0.199085,1.000
2026-09-18T23:03:20+08:00,2026-09-18T23:00:00+08:00,FB5294,2026-09-19 01:00,Sarpsborg,KFUM Oslo,Sarpsborg 08,KFUM Oslo,Norway ‐ Tippeligaen,7,1.5930,4.5000,6.0000,0.617475,0.218586,0.163939,1.000
2026-09-18T23:03:20+08:00,2026-09-18T23:00:00+08:00,FB5295,2026-09-19 02:00,Annecy FC,Dijon,Annecy FC,Dijon,France ‐ Ligue 2,7,2.1700,3.5200,3.4800,0.446421,0.275208,0.278371,1.000
2026-09-18T23:03:20+08:00,2026-09-18T23:00:00+08:00,FB5296,2026-09-19 02:45,Monaco,Lens,AS Monaco,Lens,France ‐ Ligue 1,7,1.9930,3.8850,3.9400,0.495335,0.254106,0.250559,0.970
2026-09-18T23:03:20+08:00,2026-09-18T23:00:00+08:00,FB5297,2026-09-19 02:00,Rodez,Nancy,Rodez Aveyron,Nancy,France ‐ Ligue 2,7,2.4720,3.4400,2.9310,0.390320,0.280486,0.329195,0.970
2026-09-18T23:03:20+08:00,2026-09-18T23:00:00+08:00,FB5298,2026-09-19 02:00,Reims,Montpellier,Reims,Montpellier,France ‐ Ligue 2,7,2.2300,3.3300,3.5600,0.435526,0.291659,0.272815,1.000
2026-09-18T23:03:20+08:00,2026-09-18T23:00:00+08:00,FB5299,2026-09-19 02:00,Grenoble Foot,Clermont,Grenoble Foot,Clermont,France ‐ Ligue 2,7,2.5400,3.0600,3.1700,0.380036,0.315455,0.304509,1.000
2026-09-18T23:03:20+08:00,2026-09-18T23:00:00+08:00,FB5300,2026-09-19 07:28,Ceara,Novorizontino,Ceara,Novorizontino SP,Brazil ‐ Serie B,7,2.8730,3.3000,2.6450,0.338203,0.294441,0.367356,0.970
2026-09-18T23:03:20+08:00,2026-09-18T23:00:00+08:00,FB5301,2026-09-19 06:28,Vila Nova,America Mineiro,Vila Nova GO,America Mineiro MG,Brazil ‐ Serie B,7,1.5000,4.1500,7.9900,0.645503,0.233314,0.121183,0.940
2026-09-18T23:03:20+08:00,2026-09-18T23:00:00+08:00,FB5302,2026-09-19 00:30,Greuther Furth,Magdeburg,Greuther Furth,FC Magdeburg,Germany ‐ Bundesliga 2,7,3.0300,3.9500,2.2810,0.323054,0.247811,0.429134,1.000
2026-09-18T23:03:20+08:00,2026-09-18T23:00:00+08:00,FB5303,2026-09-19 07:58,Sao Bernardo,Atletico Goianiense,Sao Bernardo SP,Atletico GO,Brazil ‐ Serie B,7,2.7580,3.0900,2.8800,0.350853,0.313156,0.335991,0.940
2026-09-18T23:03:20+08:00,2026-09-18T23:00:00+08:00,FB5304,2026-09-19 03:00,Bristol City,Watford,Bristol City,Watford,England ‐ Championship,7,1.7800,4.0000,4.6360,0.546761,0.243309,0.209930,1.000
2026-09-18T23:03:20+08:00,2026-09-18T23:00:00+08:00,FB5305,2026-09-19 09:00,Piratas FC,Venados,Piratas de Veracruz FC,Venados,Mexico ‐ Liga de Expansion,6,1.6500,4.3330,4.3900,0.569264,0.216775,0.213960,0.970
2026-09-18T23:03:20+08:00,2026-09-18T23:00:00+08:00,FB5306,2026-09-19 09:00,Tepatitlan,Mineros Zacatecas,Tepatitlan,Mineros de Zacatecas,Mexico ‐ Liga de Expansion,6,3.3250,3.8000,2.0000,0.282686,0.247350,0.469965,0.959
2026-09-18T23:03:20+08:00,2026-09-18T23:00:00+08:00,FB5308,2026-09-19 22:57,Boston River,CA Progresso,CA Boston River,CA Progreso,Uruguay ‐ Primera Division,6,1.9700,3.4300,4.0540,0.485370,0.278769,0.235861,0.948
2026-09-18T23:03:20+08:00,2026-09-18T23:00:00+08:00,FB5309,2026-09-20 05:27,Deportivo Maldonado,Cerro Largo,Deportivo Maldonado,Cerro Largo,Uruguay ‐ Primera Division,6,1.6720,3.7200,5.1080,0.562812,0.252963,0.184225,1.000
2026-09-18T23:03:20+08:00,2026-09-18T23:00:00+08:00,FB5310,2026-09-19 13:00,Hokkaido Consadole Sapporo,Oita Trinita,Consadole Sapporo,Oita Trinita,Japan ‐ J2 League,7,2.4740,3.3000,2.9900,0.388030,0.290905,0.321065,1.000
2026-09-18T23:03:20+08:00,2026-09-18T23:00:00+08:00,FB5312,2026-09-19 15:30,Jeonnam Dragons,Suwon FC,Jeonnam Dragons,Suwon City,South Korea ‐ K-League Challenge,7,3.6760,3.9600,1.9150,0.259884,0.241246,0.498869,0.970
2026-09-18T23:03:20+08:00,2026-09-18T23:00:00+08:00,FB5314,2026-09-19 17:00,Avispa Fukuoka,Sanfrecce Hiroshima,Avispa Fukuoka,Sanfrecce Hiroshima,Japan ‐ J League,7,4.7250,4.1000,1.7370,0.205227,0.236512,0.558261,1.000
2026-09-18T23:03:20+08:00,2026-09-18T23:00:00+08:00,FB5315,2026-09-19 17:00,Kawasaki Frontale,Kashima Antlers,Kawasaki Frontale,Kashima Antlers,Japan ‐ J League,7,2.6810,3.7600,2.5560,0.362065,0.258164,0.379771,1.000
2026-09-18T23:03:20+08:00,2026-09-18T23:00:00+08:00,FB5316,2026-09-19 17:30,V-Varen Nagasaki,Cerezo Osaka,V-Varen Nagasaki,Cerezo Osaka,Japan ‐ J League,7,3.6200,3.8500,2.0700,0.271072,0.254878,0.474049,1.000
2026-09-18T23:03:20+08:00,2026-09-18T23:00:00+08:00,FB5317,2026-09-19 17:30,Urawa Reds,Tokyo Verdy,Urawa Red Diamonds,Tokyo Verdy,Japan ‐ J League,7,1.8500,3.6500,4.8000,0.528467,0.267853,0.203680,0.857
2026-09-18T23:03:20+08:00,2026-09-18T23:00:00+08:00,FB5318,2026-09-19 18:00,FC Anyang,Ulsan HD,FC Anyang,Ulsan Hyundai,South Korea ‐ K-League Classic,7,3.6180,3.6500,2.0500,0.266233,0.263899,0.469868,0.881
2026-09-18T23:03:20+08:00,2026-09-18T23:00:00+08:00,FB5319,2026-09-19 18:00,Gimpo FC,Busan I'Park,Gimpo Citizen FC,Busan I Park,South Korea ‐ K-League Challenge,7,2.5350,3.4800,2.8000,0.379679,0.276576,0.343745,1.000
2026-09-18T23:03:20+08:00,2026-09-18T23:00:00+08:00,FB5320,2026-09-19 18:00,Seoul E-Land,Daegu FC,Seoul E-Land,Daegu FC,South Korea ‐ K-League Challenge,7,2.1500,3.9000,3.0640,0.443857,0.244690,0.311453,1.000
2026-09-18T23:03:20+08:00,2026-09-18T23:00:00+08:00,FB5321,2026-09-19 18:00,Montedio Yamagata,Kataller Toyama,Montedio Yamagata,Kataller Toyama,Japan ‐ J2 League,7,2.7340,3.7600,2.3800,0.347721,0.252838,0.399441,1.000
2026-09-18T23:03:20+08:00,2026-09-18T23:00:00+08:00,FB5322,2026-09-19 18:00,Albirex Niigata,Jubilo Iwata,Albirex Niigata,Jubilo Iwata,Japan ‐ J2 League,7,3.2300,3.4000,2.3040,0.298337,0.283421,0.418242,1.000
2026-09-18T23:03:20+08:00,2026-09-18T23:00:00+08:00,FB5323,2026-09-19 18:00,Sagan Tosu,Iwaki FC,Sagan Tosu,Iwaki,Japan ‐ J2 League,7,1.9700,3.5000,3.9960,0.486417,0.273783,0.239800,1.000
2026-09-18T23:03:20+08:00,2026-09-18T23:00:00+08:00,FB5324,2026-09-19 18:00,Shonan Bellmare,Blaublitz Akita,Shonan Bellmare,Blaublitz Akita,Japan ‐ J2 League,7,2.1870,3.3000,3.5500,0.438831,0.290825,0.270344,1.000
2026-09-18T23:03:20+08:00,2026-09-18T23:00:00+08:00,FB5325,2026-09-19 18:00,FC Yokohama,FC Imabari,Yokohama FC,Imabari,Japan ‐ J2 League,7,1.6900,4.0500,5.0300,0.570363,0.238004,0.191633,1.000
2026-09-18T23:03:20+08:00,2026-09-18T23:00:00+08:00,FB5326,2026-09-19 18:00,Fagiano Okayama,Kyoto Sanga,Fagiano Okayama,Kyoto Sanga,Japan ‐ J League,7,1.9100,3.8000,4.2600,0.512561,0.257629,0.229810,1.000
2026-09-18T23:03:20+08:00,2026-09-18T23:00:00+08:00,FB5327,2026-09-19 18:00,FC Tokyo,Nagoya Grampus,FC Tokyo,Nagoya Grampus,Japan ‐ J League,7,1.7800,4.2790,4.3560,0.548060,0.227985,0.223955,1.000
2026-09-18T23:03:20+08:00,2026-09-18T23:00:00+08:00,FB5328,2026-09-19 18:30,Yokohama F.Marinos,Mito Hollyhock,Yokohama F Marinos,Mito Hollyhock,Japan ‐ J League,7,2.0600,3.8500,3.5730,0.473572,0.253392,0.273036,1.000
2026-09-18T23:03:20+08:00,2026-09-18T23:00:00+08:00,FB5329,2026-09-19 19:00,Kaiserslautern,Braunschweig,Kaiserslautern,Eintracht Braunschweig,Germany ‐ Bundesliga 2,7,1.9700,4.0500,3.7100,0.495683,0.241110,0.263207,0.970
2026-09-18T23:03:20+08:00,2026-09-18T23:00:00+08:00,FB5330,2026-09-19 19:00,Holstein Kiel,Osnabruck,Holstein Kiel,VfL Osnabruck,Germany ‐ Bundesliga 2,7,1.8060,4.2300,4.1190,0.536076,0.228878,0.235046,1.000
2026-09-18T23:03:20+08:00,2026-09-18T23:00:00+08:00,FB5331,2026-09-19 20:00,Osasuna,Vallecano,Osasuna,Rayo Vallecano,Spain ‐ Primera Division,7,2.4900,3.3700,3.2100,0.397682,0.293836,0.308482,0.970
2026-09-18T23:03:20+08:00,2026-09-18T23:00:00+08:00,FB5332,2026-09-19 21:30,Werder Bremen,Augsburg,Werder Bremen,Augsburg,Germany ‐ Bundesliga,7,2.4420,4.0000,2.8380,0.404700,0.247069,0.348230,1.000
2026-09-18T23:03:20+08:00,2026-09-18T23:00:00+08:00,FB5333,2026-09-19 22:15,Bilbao,Alaves,Athletic Bilbao,Alaves,Spain ‐ Primera Division,7,1.7060,4.0450,5.9000,0.584485,0.246510,0.169005,0.970
2026-09-18T23:03:20+08:00,2026-09-18T23:00:00+08:00,FB5334,2026-09-19 22:30,Den Haag,Cambuur,ADO Den Haag,Cambuur-Leeuwarden,Netherlands ‐ Eredivisie,7,1.8370,4.1700,4.0250,0.527169,0.232232,0.240599,0.940
2026-09-18T23:03:20+08:00,2026-09-18T23:00:00+08:00,FB5335,2026-09-19 22:30,Vitesse,Jong PSV Eindhoven,Vitesse Arnhem,Jong PSV Eindhoven,Netherlands ‐ Eerste Divisie,6,1.5810,4.6500,4.8140,0.599370,0.203786,0.196844,0.970
2026-09-18T23:03:20+08:00,2026-09-18T23:00:00+08:00,FB5336,2026-09-20 00:30,Stuttgart,Dortmund,VfB Stuttgart,Borussia Dortmund,Germany ‐ Bundesliga,7,2.5110,3.8420,2.8360,0.393861,0.257414,0.348725,0.940
2026-09-18T23:03:20+08:00,2026-09-18T23:00:00+08:00,FB5337,2026-09-20 00:30,Celta Vigo,Santander,Celta Vigo,Racing Santander,Spain ‐ Primera Division,7,1.8570,4.1090,4.3600,0.532523,0.240666,0.226811,1.000
2026-09-18T23:03:20+08:00,2026-09-18T23:00:00+08:00,FB5338,2026-09-20 00:45,Sparta Rotterdam,Heerenveen,Sparta Rotterdam,Heerenveen,Netherlands ‐ Eredivisie,7,2.5670,3.8500,2.6630,0.380126,0.253451,0.366423,1.000
2026-09-18T23:03:20+08:00,2026-09-18T23:00:00+08:00,FB5339,2026-09-20 23:30,Fulham,Manchester Utd,Fulham,Manchester United,England ‐ Premier League,7,3.6350,3.8650,2.0900,0.271759,0.255587,0.472653,0.952
2026-09-18T23:03:20+08:00,2026-09-18T23:00:00+08:00,FB5340,2026-09-19 22:00,Everton,Ipswich,Everton,Ipswich Town,England ‐ Premier League,7,1.8400,3.9850,4.5880,0.536833,0.247873,0.215295,0.970
2026-09-18T23:03:20+08:00,2026-09-18T23:00:00+08:00,FB5341,2026-09-20 00:30,Nottingham Forest,Coventry,Nottingham Forest,Coventry City,England ‐ Premier League,7,1.6240,4.3150,5.9700,0.606653,0.228321,0.165026,1.000
2026-09-18T23:03:20+08:00,2026-09-18T23:00:00+08:00,FB5342,2026-09-19 19:30,Tottenham,Aston Villa,Tottenham Hotspur,Aston Villa,England ‐ Premier League,7,2.0750,3.7500,3.8000,0.476330,0.263569,0.260101,0.970
2026-09-18T23:03:20+08:00,2026-09-18T23:00:00+08:00,FB5343,2026-09-19 22:00,Newcastle,Hull City,Newcastle United,Hull City,England ‐ Premier League,7,1.6340,4.5200,5.4900,0.602723,0.217887,0.179390,0.970
2026-09-18T23:03:20+08:00,2026-09-18T23:00:00+08:00,FB5344,2026-09-20 02:00,Ajax,Excelsior,Ajax Amsterdam,SBV Excelsior,Netherlands ‐ Eredivisie,7,1.2210,7.8500,11.4000,0.791987,0.123187,0.084826,0.940
2026-09-18T23:03:20+08:00,2026-09-18T23:00:00+08:00,FB5345,2026-09-20 02:30,Dresden,Hertha Berlin,Dynamo Dresden,Hertha Berlin,Germany ‐ Bundesliga 2,7,2.7700,4.1090,2.3100,0.348036,0.234622,0.417342,0.970
2026-09-18T23:03:20+08:00,2026-09-18T23:00:00+08:00,FB5346,2026-09-20 03:00,Willem II,Fortuna Sittard,Willem II Tilburg,Fortuna Sittard,Netherlands ‐ Eredivisie,7,2.6500,3.9000,2.5180,0.366044,0.248722,0.385233,0.970
2026-09-18T23:03:20+08:00,2026-09-18T23:00:00+08:00,FB5347,2026-09-20 03:00,Sevilla,Barcelona,Sevilla,Barcelona,Spain ‐ Primera Division,7,13.4900,7.8000,1.2400,0.073483,0.127089,0.799428,1.000
2026-09-18T23:03:20+08:00,2026-09-18T23:00:00+08:00,FB5348,2026-09-20 15:30,Jeonbuk Motors,Gwangju FC,Jeonbuk Hyundai Motors,Gwangju FC,South Korea ‐ K-League Classic,7,1.4100,4.9760,7.5600,0.680333,0.192779,0.126888,0.889
2026-09-18T23:03:20+08:00,2026-09-18T23:00:00+08:00,FB5350,2026-09-20 18:00,Incheon Utd,Daejeon Citizen,Incheon United,Daejeon Citizen,South Korea ‐ K-League Classic,7,2.7730,3.4500,2.5650,0.346637,0.278616,0.374747,0.940
2026-09-18T23:03:20+08:00,2026-09-18T23:00:00+08:00,FB5351,2026-09-20 18:00,Seongnam FC,Hwaseong FC,Seongnam Ilhwa Chunma,Hwaseong FC,South Korea ‐ K-League Challenge,7,2.7550,3.3000,2.5950,0.345244,0.288226,0.366530,0.970
2026-09-18T23:03:20+08:00,2026-09-18T23:00:00+08:00,FB5353,2026-09-19 22:00,Dundee,Motherwell,Dundee FC,Motherwell,Scotland ‐ Premier League,7,3.1400,3.4000,2.3710,0.307895,0.284350,0.407756,1.000
2026-09-18T23:03:20+08:00,2026-09-18T23:00:00+08:00,FB5355,2026-09-20 18:15,Feyenoord,Utrecht,Feyenoord Rotterdam,Utrecht,Netherlands ‐ Eredivisie,7,1.2900,6.3700,9.9500,0.750661,0.152018,0.097322,0.970
2026-09-18T23:03:20+08:00,2026-09-18T23:00:00+08:00,FB5356,2026-09-19 22:00,St. Mirren,Dundee Utd,Saint Mirren,Dundee United,Scotland ‐ Premier League,7,2.4100,3.7000,2.8810,0.401951,0.261811,0.336238,0.863
2026-09-18T23:03:20+08:00,2026-09-18T23:00:00+08:00,FB5357,2026-09-19 22:00,Hibernian,Aberdeen,Hibernian,Aberdeen,Scotland ‐ Premier League,7,1.7660,3.9900,4.5290,0.545691,0.241527,0.212782,1.000
2026-09-18T23:03:20+08:00,2026-09-18T23:00:00+08:00,FB5358,2026-09-19 22:00,St. Johnstone,Falkirk,St. Johnstone,Falkirk,Scotland ‐ Premier League,7,2.1030,3.5700,3.6000,0.460142,0.271058,0.268800,1.000
2026-09-18T23:03:20+08:00,2026-09-18T23:00:00+08:00,FB5359,2026-09-20 19:30,Hannover,Bochum,Hannover 96,VfL Bochum,Germany ‐ Bundesliga 2,7,1.8300,4.2500,4.0290,0.530562,0.228454,0.240985,0.940
2026-09-18T23:03:20+08:00,2026-09-18T23:00:00+08:00,FB5360,2026-09-20 20:30,Twente,PSV Eindhoven,Twente Enschede,PSV Eindhoven,Netherlands ‐ Eredivisie,7,2.9320,4.3500,2.2100,0.333253,0.224620,0.442126,0.970
2026-09-18T23:03:20+08:00,2026-09-18T23:00:00+08:00,FB5361,2026-09-20 20:30,AZ Alkmaar,Telstar,AZ Alkmaar,Telstar,Netherlands ‐ Eredivisie,7,1.2700,6.8500,10.2000,0.763410,0.141537,0.095052,1.000
2026-09-18T23:03:20+08:00,2026-09-18T23:00:00+08:00,FB5362,2026-09-20 22:15,Atletico Madrid,Real Madrid,Atletico Madrid,Real Madrid,Spain ‐ Primera Division,7,3.7350,4.1000,2.0230,0.266153,0.242458,0.491389,1.000
2026-09-18T23:03:20+08:00,2026-09-18T23:00:00+08:00,FB5363,2026-09-20 02:45,Le Mans,Lorient,Le Mans,Lorient,France ‐ Ligue 1,7,2.7850,3.4900,2.7030,0.353565,0.282143,0.364291,1.000
2026-09-18T23:03:20+08:00,2026-09-18T23:00:00+08:00,FB5364,2026-09-20 02:45,Lyon,Rennes,Lyon,Rennes,France ‐ Ligue 1,7,2.1880,3.8600,3.3350,0.449860,0.254999,0.295141,1.000
2026-09-18T23:03:20+08:00,2026-09-18T23:00:00+08:00,FB5365,2026-09-20 02:45,Toulouse,Le Havre,Toulouse,Le Havre,France ‐ Ligue 1,7,1.7960,4.0100,4.8200,0.549301,0.246021,0.204677,1.000
2026-09-18T23:03:20+08:00,2026-09-18T23:00:00+08:00,FB5366,2026-09-20 22:45,De Graafschap,NAC,De Graafschap,NAC Breda,Netherlands ‐ Eerste Divisie,7,3.4200,4.3780,1.9600,0.283601,0.221543,0.494855,0.970
2026-09-18T23:03:20+08:00,2026-09-18T23:00:00+08:00,FB5367,2026-09-20 02:45,Angers SCO,Troyes,Angers,Troyes,France ‐ Ligue 1,7,2.2620,3.5450,3.4300,0.435245,0.277722,0.287033,0.970
2026-09-18T23:03:20+08:00,2026-09-18T23:00:00+08:00,FB5368,2026-09-20 21:00,Auxerre,Brest,Auxerre,Brest,France ‐ Ligue 1,7,2.9300,3.7200,2.4670,0.336099,0.264723,0.399177,1.000
2026-09-18T23:03:20+08:00,2026-09-18T23:00:00+08:00,FB5369,2026-09-20 23:15,Nice,Lille,Nice,Lille,France ‐ Ligue 1,7,3.7800,3.5950,2.1160,0.260563,0.273971,0.465466,1.000
2026-09-18T23:03:20+08:00,2026-09-18T23:00:00+08:00,FB5370,2026-09-19 21:30,Monchengladbach,Mainz,Borussia Monchengladbach,FSV Mainz 05,Germany ‐ Bundesliga,7,3.0600,3.9050,2.3120,0.321839,0.252197,0.425964,0.940
2026-09-18T23:03:20+08:00,2026-09-18T23:00:00+08:00,FB5371,2026-09-20 21:30,Leverkusen,RB Leipzig,Bayer Leverkusen,RB Leipzig,Germany ‐ Bundesliga,7,2.0440,4.4000,3.4500,0.486143,0.225835,0.288022,1.000
2026-09-18T23:03:20+08:00,2026-09-18T23:00:00+08:00,FB5372,2026-09-20 23:30,Schalke 04,Elversberg,Schalke 04,SV Elversberg,Germany ‐ Bundesliga,7,2.1160,3.8500,3.6350,0.469103,0.257824,0.273073,1.000
2026-09-18T23:03:20+08:00,2026-09-18T23:00:00+08:00,FB5374,2026-09-19 21:30,Frankfurt,Freiburg,Eintracht Frankfurt,SC Freiburg,Germany ‐ Bundesliga,7,2.4570,4.0100,2.7860,0.400861,0.245615,0.353524,0.970
2026-09-18T23:03:20+08:00,2026-09-18T23:00:00+08:00,FB5375,2026-09-20 02:45,Venezia,Lazio,Venezia,Lazio,Italy ‐ Serie A,7,3.9000,3.7250,2.0400,0.252605,0.264473,0.482922,1.000
2026-09-18T23:03:20+08:00,2026-09-18T23:00:00+08:00,FB5376,2026-09-20 18:30,Fiorentina,Napoli,Fiorentina,Napoli,Italy ‐ Serie A,7,3.3550,3.6000,2.3100,0.295480,0.275371,0.429149,1.000
2026-09-18T23:03:20+08:00,2026-09-18T23:00:00+08:00,FB5377,2026-09-20 21:00,Parma,Genoa,Parma,Genoa,Italy ‐ Serie A,7,3.2490,3.1300,2.5860,0.303545,0.315086,0.381369,1.000
2026-09-18T23:03:20+08:00,2026-09-18T23:00:00+08:00,FB5378,2026-09-20 00:00,Roma,Inter Milan,AS Roma,Inter Milan,Italy ‐ Serie A,7,2.7410,3.7000,2.7100,0.363339,0.269166,0.367495,0.970
2026-09-18T23:03:20+08:00,2026-09-18T23:00:00+08:00,FB5379,2026-09-20 21:00,Frosinone,Como,Frosinone,Como,Italy ‐ Serie A,7,6.4200,4.7500,1.5770,0.155700,0.210441,0.633859,1.000
2026-09-18T23:03:20+08:00,2026-09-18T23:00:00+08:00,FB5380,2026-09-21 02:45,AC Milan,Lecce,AC Milan,Lecce,Italy ‐ Serie A,7,1.2970,6.0400,12.7000,0.759382,0.163066,0.077553,1.000
2026-09-18T23:03:20+08:00,2026-09-18T23:00:00+08:00,FB5381,2026-09-19 21:00,Udinese,Cagliari,Udinese,Cagliari,Italy ‐ Serie A,7,2.3060,3.3950,3.5090,0.428009,0.290718,0.281273,1.000
2026-09-18T23:03:20+08:00,2026-09-18T23:00:00+08:00,FB5382,2026-09-19 21:00,Bologna,AC Torino,Bologna,Torino,Italy ‐ Serie A,7,2.0190,3.6050,4.1200,0.487780,0.273184,0.239036,1.000
2026-09-18T23:03:20+08:00,2026-09-18T23:00:00+08:00,FB5383,2026-09-20 16:00,Gamba Osaka,Vissel Kobe,Gamba Osaka,Vissel Kobe,Japan ‐ J League,7,3.3900,3.6000,2.2500,0.289995,0.273079,0.436926,1.000
2026-09-18T23:03:20+08:00,2026-09-18T23:00:00+08:00,FB5384,2026-09-20 16:00,Tochigi City,Vegalta Sendai,Tochigi UVA,Vegalta Sendai,Japan ‐ J2 League,7,3.5010,3.6500,2.0800,0.274548,0.263340,0.462112,0.848
2026-09-18T23:03:20+08:00,2026-09-18T23:00:00+08:00,FB5385,2026-09-20 13:00,Iran AM,China AM,Iran U23,China U23,Asia - AFC - Asian Games U23,5,1.8400,3.3000,4.4450,0.507222,0.282815,0.209964,1.000
2026-09-18T23:03:20+08:00,2026-09-18T23:00:00+08:00,FB5387,2026-09-19 18:00,Ventforet Kofu,Tokushima Vortis,Ventforet Kofu,Tokushima Vortis,Japan ‐ J2 League,7,3.2600,3.2000,2.3500,0.293601,0.299106,0.407293,1.000
2026-09-18T23:03:20+08:00,2026-09-18T23:00:00+08:00,FB5388,2026-09-19 17:30,Fujieda MYFC,RB Omiya Ardija,Fujieda MYFC,Omiya Ardija,Japan ‐ J2 League,7,3.4000,3.6000,2.1240,0.282072,0.266401,0.451527,1.000
2026-09-18T23:03:20+08:00,2026-09-18T23:00:00+08:00,FB5389,2026-09-19 17:30,Shimizu S-Pulse,JEF United Chiba,Shimizu S-Pulse,JEF United Ichihara,Japan ‐ J League,7,1.9100,3.8000,4.2200,0.511447,0.257069,0.231484,0.929
2026-09-18T23:03:20+08:00,2026-09-18T23:00:00+08:00,FB5391,2026-09-21 01:15,Brann,Bodo Glimt,Brann,Bodo-Glimt,Norway ‐ Tippeligaen,7,4.5600,4.7500,1.6500,0.211701,0.203233,0.585065,1.000
2026-09-18T23:03:20+08:00,2026-09-18T23:00:00+08:00,FB5392,2026-09-19 19:00,Karlsruher,Nurnberg,Karlsruher,Nurnberg,Germany ‐ Bundesliga 2,7,3.0100,4.1050,2.2500,0.325624,0.238764,0.435612,1.000
2026-09-18T23:03:20+08:00,2026-09-18T23:00:00+08:00,FB5393,2026-09-19 22:30,Gil Vicente,Maritimo,Gil Vicente,Maritimo Funchal,Portugal ‐ Primeira Liga,7,2.0130,3.5000,4.1600,0.485664,0.279326,0.235010,0.970
2026-09-18T23:03:20+08:00,2026-09-18T23:00:00+08:00,FB5394,2026-09-19 22:30,Nacional,Famalicao,CD Nacional Madeira,Famalicao,Portugal ‐ Primeira Liga,7,3.8500,3.4400,2.1450,0.255489,0.285940,0.458571,0.970
2026-09-18T23:03:20+08:00,2026-09-18T23:00:00+08:00,FB5395,2026-09-20 01:00,Alverca,Rio Ave,FC Alverca,Rio Ave,Portugal ‐ Primeira Liga,7,2.0020,3.5650,3.9800,0.484359,0.272002,0.243640,1.000
2026-09-18T23:03:20+08:00,2026-09-18T23:00:00+08:00,FB5396,2026-09-21 01:00,Santa Clara,Braga,Santa Clara,Sporting Braga,Portugal ‐ Primeira Liga,7,3.8600,3.2600,2.1600,0.251820,0.298168,0.450012,0.970
2026-09-18T23:03:20+08:00,2026-09-18T23:00:00+08:00,FB5397,2026-09-21 01:00,Estoril,Casa Pia AC,Estoril Praia,Casa Pia,Portugal ‐ Primeira Liga,7,1.7900,3.8550,4.7600,0.543365,0.252302,0.204333,0.970
2026-09-18T23:03:20+08:00,2026-09-18T23:00:00+08:00,FB5398,2026-09-20 03:30,Sporting,Arouca,Sporting Lisbon,Arouca,Portugal ‐ Primeira Liga,7,1.2220,7.3600,16.0000,0.804889,0.133638,0.061473,0.970
2026-09-18T23:03:20+08:00,2026-09-18T23:00:00+08:00,FB5399,2026-09-21 03:30,Porto,Benfica,FC Porto,Benfica,Portugal ‐ Primeira Liga,7,2.7540,3.4500,2.6500,0.352422,0.281325,0.366253,1.000
2026-09-18T23:03:20+08:00,2026-09-18T23:00:00+08:00,FB5400,2026-09-20 22:30,Guimaraes,Moreirense,Vitoria Guimaraes,Moreirense,Portugal ‐ Primeira Liga,7,1.5630,4.2700,6.3500,0.620277,0.227047,0.152676,0.970
2026-09-18T23:03:20+08:00,2026-09-18T23:00:00+08:00,FB5401,2026-09-20 22:30,Amadora,Viseu,Estrela Amadora,Academico Viseu,Portugal ‐ Primeira Liga,7,2.2720,3.3100,3.4600,0.426794,0.292953,0.280253,0.940
2026-09-18T23:03:20+08:00,2026-09-18T23:00:00+08:00,FB5402,2026-09-20 20:00,Brondby,Copenhagen,Brondby IF,FC Copenhagen,Denmark ‐ Superliga,7,3.2300,3.7500,2.1300,0.296054,0.255001,0.448945,1.000
2026-09-18T23:03:20+08:00,2026-09-18T23:00:00+08:00,FB5403,2026-09-20 00:00,Odense,Midtjylland,Odense BK,Midtjylland,Denmark ‐ Superliga,7,4.1110,4.2100,1.8100,0.235418,0.229882,0.534699,0.970
2026-09-18T23:03:20+08:00,2026-09-18T23:00:00+08:00,FB5404,2026-09-20 20:00,Sonderjyske,Randers,Sonderjyske,Randers FC,Denmark ‐ Superliga,7,2.7300,3.7000,2.4500,0.350616,0.258698,0.390686,1.000
2026-09-18T23:03:20+08:00,2026-09-18T23:00:00+08:00,FB5405,2026-09-19 01:00,Lyngby,Silkeborg IF,Lyngby BK,Silkeborg IF,Denmark ‐ Superliga,7,1.9080,4.0190,3.9400,0.510462,0.242339,0.247198,0.970
2026-09-18T23:03:20+08:00,2026-09-18T23:00:00+08:00,FB5406,2026-09-21 00:00,Viborg,Nordsjaelland,Viborg FF,Nordsjaelland,Denmark ‐ Superliga,7,2.8500,3.8500,2.3260,0.337207,0.249621,0.413173,0.970
2026-09-18T23:03:20+08:00,2026-09-18T23:00:00+08:00,FB5407,2026-09-20 22:00,Horsens,AGF Aarhus,AC Horsens,AGF Aarhus,Denmark ‐ Superliga,7,4.0700,3.7700,1.9300,0.238756,0.257755,0.503490,1.000
2026-09-18T23:03:20+08:00,2026-09-18T23:00:00+08:00,FB5408,2026-09-19 19:30,Pattani,Prachuap,Pattani FC,Prachuap,Thailand ‐ Premier League,6,4.1300,3.3500,1.9900,0.232115,0.286159,0.481726,1.000
2026-09-18T23:03:20+08:00,2026-09-18T23:00:00+08:00,FB5409,2026-09-19 19:00,Rasisalai Utd,Lamphun Warriors,Rasisalai United,Lamphun Warrior,Thailand ‐ Premier League,4,2.3000,3.4500,2.7000,0.397059,0.264706,0.338235,0.948
2026-09-18T23:03:20+08:00,2026-09-18T23:00:00+08:00,FB5410,2026-09-19 23:15,Paris FC,Strasbourg,Paris FC,Strasbourg,France ‐ Ligue 1,7,2.0650,3.8500,3.7500,0.479150,0.256998,0.263852,1.000
2026-09-18T23:03:20+08:00,2026-09-18T23:00:00+08:00,FB5411,2026-09-19 13:30,Oakleigh Cannons,Avondale,Oakleigh Cannons,Avondale Heights SC,Australia ‐ Victoria Premier League,7,2.1610,3.7000,2.9500,0.431668,0.252117,0.316215,0.970
2026-09-18T23:03:20+08:00,2026-09-18T23:00:00+08:00,FB5412,2026-09-19 22:00,Kristiansund,Rosenborg,Kristiansund BK,Rosenborg,Norway ‐ Tippeligaen,7,5.7120,4.9700,1.5260,0.169710,0.195047,0.635244,0.970
2026-09-18T23:03:20+08:00,2026-09-18T23:00:00+08:00,FB5413,2026-09-20 00:00,Molde,Aalesund,Molde,Aalesund,Norway ‐ Tippeligaen,7,1.3170,6.4000,8.2500,0.732377,0.150709,0.116914,1.000
2026-09-18T23:03:20+08:00,2026-09-18T23:00:00+08:00,FB5414,2026-09-20 19:30,Cottbus,St. Pauli,Energie Cottbus,St. Pauli,Germany ‐ Bundesliga 2,7,3.1100,4.1500,2.1310,0.311642,0.233544,0.454814,0.970
2026-09-18T23:03:20+08:00,2026-09-18T23:00:00+08:00,FB5415,2026-09-20 19:30,Bielefeld,Heidenheim,Arminia Bielefeld,FC Heidenheim,Germany ‐ Bundesliga 2,7,2.1390,3.8500,3.2840,0.453119,0.251746,0.295135,0.970
2026-09-18T23:03:20+08:00,2026-09-18T23:00:00+08:00,FB5416,2026-09-20 23:00,Tromso,Ham-Kam,Tromso,Ham Kam,Norway ‐ Tippeligaen,7,1.5100,4.6500,6.1100,0.636186,0.206589,0.157224,1.000
2026-09-18T23:03:20+08:00,2026-09-18T23:00:00+08:00,FB5417,2026-09-20 20:30,Valerenga,Fredrikstad,Valerenga IF,Fredrikstad,Norway ‐ Tippeligaen,7,1.9800,4.1000,3.7350,0.496759,0.239898,0.263342,1.000
2026-09-18T23:03:20+08:00,2026-09-18T23:00:00+08:00,FB5418,2026-09-20 23:00,Sandefjord,Start,Sandefjord,IK Start,Norway ‐ Tippeligaen,7,2.0530,3.8500,3.5630,0.474058,0.252790,0.273152,0.970
2026-09-18T23:03:20+08:00,2026-09-18T23:00:00+08:00,FB5419,2026-09-20 15:30,Yongin FC,Gyeongnam FC,Yongin City FC,Gyeongnam FC,South Korea ‐ K-League Challenge,7,2.3570,3.4000,2.9650,0.401901,0.278612,0.319487,0.970
2026-09-18T23:03:20+08:00,2026-09-18T23:00:00+08:00,FB5420,2026-09-20 18:00,Pohang Steelers,FC Seoul,Pohang Steelers,FC Seoul,South Korea ‐ K-League Classic,7,4.5880,3.4500,1.9400,0.213001,0.283261,0.503737,1.000
2026-09-18T23:03:20+08:00,2026-09-18T23:00:00+08:00,FB5426,2026-09-20 16:00,Machida Zelvia,Kashiwa Reysol,Machida Zelvia,Kashiwa Reysol,Japan ‐ J League,7,2.6090,3.6000,2.7220,0.372688,0.270095,0.357217,1.000
2026-09-18T23:03:20+08:00,2026-09-18T23:00:00+08:00,FB5427,2026-09-20 19:00,Rayong,Ratchaburi,Rayong FC,Ratchaburi FC,Thailand ‐ Premier League,6,3.8000,3.5000,1.8920,0.244250,0.265185,0.490565,1.000
2026-09-18T23:03:20+08:00,2026-09-18T23:00:00+08:00,FB5428,2026-09-20 19:30,Sukhothai,Port FC,Sukhothai FC,Port FC,Thailand ‐ Premier League,6,5.4500,4.0700,1.5980,0.173926,0.232898,0.593176,1.000
2026-09-18T23:03:20+08:00,2026-09-18T23:00:00+08:00,FB5429,2026-09-19 20:00,Chiangrai Utd,Sisaket Utd,Chiangrai United,Sisaket,Thailand ‐ Premier League,6,1.8080,3.4100,4.4170,0.515588,0.273368,0.211044,0.918
2026-09-18T23:03:20+08:00,2026-09-18T23:00:00+08:00,FB5430,2026-09-20 19:00,Chonburi,Buriram Utd,Chonburi,Buriram United,Thailand ‐ Premier League,6,6.9700,3.5500,1.5580,0.134462,0.263999,0.601539,0.940
2026-09-18T23:03:20+08:00,2026-09-18T23:00:00+08:00,FB5433,2026-09-20 07:30,Vasco da Gama,Coritiba,Vasco da Gama RJ,Coritiba PR,Brazil ‐ Serie A,7,1.5590,4.2000,6.3320,0.618276,0.229498,0.152226,0.940
2026-09-18T23:03:20+08:00,2026-09-18T23:00:00+08:00,FB5434,2026-09-20 03:00,Atletico Mineiro,Chapecoense,Atletico Mineiro MG,Chapecoense,Brazil ‐ Serie A,7,1.4650,4.7500,7.4400,0.664306,0.204886,0.130808,0.970
2026-09-18T23:03:20+08:00,2026-09-18T23:00:00+08:00,FB5435,2026-09-20 04:00,Mirassol,Botafogo,Mirassol SP,Botafogo RJ,Brazil ‐ Serie A,7,2.1700,3.6000,3.4640,0.448587,0.270398,0.281014,0.940
2026-09-18T23:03:20+08:00,2026-09-18T23:00:00+08:00,FB5436,2026-09-20 08:00,Sao Paulo,Internacional,Sao Paulo SP,Internacional RS,Brazil ‐ Serie A,7,1.9310,3.6340,4.1300,0.500269,0.265828,0.233903,0.940
2026-09-18T23:03:20+08:00,2026-09-18T23:00:00+08:00,FB5437,2026-09-20 21:00,Bournemouth,Liverpool,Bournemouth AFC,Liverpool,England ‐ Premier League,7,3.2350,3.9050,2.2200,0.304355,0.252136,0.443509,1.000
2026-09-18T23:03:20+08:00,2026-09-18T23:00:00+08:00,FB5439,2026-09-20 21:00,Manchester City,Sunderland,Manchester City,Sunderland,England ‐ Premier League,7,1.3300,5.9500,10.6000,0.741289,0.165700,0.093011,1.000
2026-09-18T23:03:20+08:00,2026-09-18T23:00:00+08:00,FB5440,2026-09-21 02:45,Marseille,Paris Saint Germain,Marseille,Paris Saint Germain,France ‐ Ligue 1,7,7.5000,5.4900,1.4280,0.131264,0.179323,0.689413,1.000
2026-09-18T23:03:20+08:00,2026-09-18T23:00:00+08:00,FB5444,2026-09-20 08:30,Sporting Kansas City,Philadelphia Union,Sporting Kansas City,Philadelphia Union,USA ‐ Major League Soccer,7,4.8950,4.5500,1.6570,0.198809,0.213883,0.587308,1.000
2026-09-18T23:03:20+08:00,2026-09-18T23:00:00+08:00,FB5445,2026-09-20 07:30,CF Montreal,Columbus Crew,Montreal Impact,Columbus Crew,USA ‐ Major League Soccer,7,2.5110,3.7700,2.7200,0.386218,0.257240,0.356542,0.970
2026-09-18T23:03:20+08:00,2026-09-18T23:00:00+08:00,FB5446,2026-09-20 10:30,Portland Timbers,Atlanta Utd,Portland Timbers,Atlanta United,USA ‐ Major League Soccer,7,2.1790,3.9880,3.1650,0.447456,0.244485,0.308059,0.940
2026-09-18T23:03:20+08:00,2026-09-18T23:00:00+08:00,FB5447,2026-09-20 09:30,Nashville SC,Chicago Fire,Nashville,Chicago Fire,USA ‐ Major League Soccer,7,1.8340,4.0380,4.2200,0.529442,0.240465,0.230094,1.000
2026-09-18T23:03:20+08:00,2026-09-18T23:00:00+08:00,FB5448,2026-09-20 07:30,New England Revolution,Orlando City,New England Revolution,Orlando City,USA ‐ Major League Soccer,7,1.9720,4.1300,3.5450,0.491701,0.234778,0.273521,1.000
2026-09-18T23:03:20+08:00,2026-09-18T23:00:00+08:00,FB5449,2026-09-20 08:30,FC Dallas,Austin FC,FC Dallas,Austin FC,USA ‐ Major League Soccer,7,1.7370,4.2000,4.6400,0.559308,0.231314,0.209379,1.000
2026-09-18T23:03:20+08:00,2026-09-18T23:00:00+08:00,FB5450,2026-09-20 08:30,St. Louis City SC,Toronto FC,Saint Louis FC,Toronto FC,USA ‐ Major League Soccer,7,1.6780,4.4000,4.8450,0.578804,0.220735,0.200461,0.833
2026-09-18T23:03:20+08:00,2026-09-18T23:00:00+08:00,FB5451,2026-09-20 09:30,Real Salt Lake,Vancouver Whitecaps,Real Salt Lake,Vancouver Whitecaps,USA ‐ Major League Soccer,7,3.9600,4.0600,1.9000,0.246331,0.240264,0.513405,1.000
2026-09-18T23:03:20+08:00,2026-09-18T23:00:00+08:00,FB5452,2026-09-20 08:30,Houston Dynamo,FC Cincinnati,Houston Dynamo,FC Cincinnati,USA ‐ Major League Soccer,7,1.9300,4.0500,3.7950,0.503751,0.240059,0.256190,1.000
2026-09-18T23:03:20+08:00,2026-09-18T23:00:00+08:00,FB5453,2026-09-20 07:30,San Jose Earthquakes,Los Angeles FC,San Jose Earthquakes,Los Angeles FC,USA ‐ Major League Soccer,7,2.9840,3.9080,2.2900,0.326092,0.248991,0.424916,1.000
2026-09-18T23:03:20+08:00,2026-09-18T23:00:00+08:00,FB5454,2026-09-20 09:30,Colorado Rapids,Seattle Sounders,Colorado Rapids,Seattle Sounders,USA ‐ Major League Soccer,7,1.9400,4.0000,3.7950,0.500952,0.242962,0.256086,1.000
2026-09-18T23:03:20+08:00,2026-09-18T23:00:00+08:00,FB5455,2026-09-20 08:30,Minnesota Utd,LA Galaxy,Minnesota United,LA Galaxy,USA ‐ Major League Soccer,7,1.6970,4.5200,4.5800,0.572749,0.215034,0.212217,0.948
2026-09-18T23:03:20+08:00,2026-09-18T23:00:00+08:00,FB5456,2026-09-20 07:30,DC United,Charlotte FC,Washington DC United,Charlotte FC,USA ‐ Major League Soccer,7,2.8770,3.7500,2.4080,0.337613,0.259017,0.403370,0.970
2026-09-18T23:03:20+08:00,2026-09-18T23:00:00+08:00,FB5457,2026-09-21 07:00,Inter Miami CF,San Diego FC,Inter Miami,San Diego FC,USA ‐ Major League Soccer,7,1.5230,5.3500,5.3700,0.637639,0.181519,0.180842,1.000
2026-09-18T23:03:20+08:00,2026-09-18T23:00:00+08:00,FB5461,2026-09-20 11:15,CF America,Guadalajara,Club America,Guadalajara Chivas,Mexico ‐ Primera Division,6,2.6600,3.8220,2.4700,0.360634,0.250991,0.388375,0.970
2026-09-18T23:03:20+08:00,2026-09-18T23:00:00+08:00,FB5462,2026-09-20 09:10,Monterrey,Cruz Azul,Monterrey,Cruz Azul,Mexico ‐ Primera Division,6,2.4340,3.7500,2.7060,0.392380,0.254681,0.352939,1.000
2026-09-18T23:03:20+08:00,2026-09-18T23:00:00+08:00,FB5464,2026-09-20 07:00,Atletico San Luis,Necaxa,Atletico San Luis,Necaxa,Mexico ‐ Primera Division,6,2.3370,3.5000,3.0400,0.410431,0.274051,0.315519,1.000
2026-09-18T23:03:20+08:00,2026-09-18T23:00:00+08:00,FB5465,2026-09-21 03:00,Corinthians,Fluminense,Corinthians SP,Fluminense RJ,Brazil ‐ Serie A,7,2.1900,3.1950,3.8580,0.443833,0.304224,0.251943,0.940
2026-09-18T23:03:20+08:00,2026-09-18T23:00:00+08:00,FB5466,2026-09-21 03:00,Vitoria,Cruzeiro,Vitoria BA,Cruzeiro MG,Brazil ‐ Serie A,7,2.9760,3.3000,2.5290,0.324826,0.292934,0.382239,0.940
2026-09-18T23:03:20+08:00,2026-09-18T23:00:00+08:00,FB5467,2026-09-21 05:30,Flamengo,RB Bragantino,Flamengo RJ,Bragantino SP,Brazil ‐ Serie A,7,1.3660,5.2940,8.5000,0.704854,0.181872,0.113274,0.855
2026-09-18T23:03:20+08:00,2026-09-18T23:00:00+08:00,FB5468,2026-09-21 06:30,Athletico Paranaense,Bahia,Atletico PR,Bahia BA,Brazil ‐ Serie A,7,2.1700,3.4760,3.4450,0.443620,0.276944,0.279436,0.825
2026-09-18T23:03:20+08:00,2026-09-18T23:00:00+08:00,FB5469,2026-09-20 22:00,Gremio,Palmeiras,Gremio RS,Palmeiras SP,Brazil ‐ Serie A,7,4.2650,3.7300,1.8890,0.227209,0.259798,0.512994,0.940
2026-09-18T23:03:20+08:00,2026-09-18T23:00:00+08:00,FB5470,2026-09-19 20:00,TPS Turku,Ilves,TPS Turku,Ilves Tampere,Finland ‐ Veikkausliiga,7,2.6460,3.7100,2.5800,0.365125,0.260410,0.374465,0.970
2026-09-18T23:03:20+08:00,2026-09-18T23:00:00+08:00,FB5472,2026-09-19 22:00,VPS Vaasa,KuPS,VPS Vaasa,KuPS Kuopio,Finland ‐ Veikkausliiga,7,3.2600,3.5400,2.2630,0.297489,0.273959,0.428552,0.970
2026-09-18T23:03:20+08:00,2026-09-18T23:00:00+08:00,FB5473,2026-09-19 22:15,FC Andorra,Gijon,Andorra CF,Sporting Gijon,Spain ‐ Segunda Division,7,2.0600,3.6300,3.6720,0.469815,0.266617,0.263567,0.970
2026-09-18T23:03:20+08:00,2026-09-18T23:00:00+08:00,FB5474,2026-09-19 23:00,Austria Lustenau,Rheindorf Altach,Austria Lustenau,SC Rheindorf Altach,Austria ‐ Bundesliga,7,3.0400,3.6600,2.3130,0.317974,0.264110,0.417917,1.000
2026-09-18T23:03:20+08:00,2026-09-18T23:00:00+08:00,FB5475,2026-09-20 00:00,Young Boys Bern,Servette,Young Boys,Servette,Switzerland ‐ Super League,7,1.7500,4.3000,4.3400,0.552424,0.224824,0.222752,0.970
2026-09-18T23:03:20+08:00,2026-09-18T23:00:00+08:00,FB5476,2026-09-20 00:00,Luzern,Grasshoppers,Luzern,Grasshopper,Switzerland ‐ Super League,7,1.7160,4.5000,4.2000,0.558689,0.213047,0.228264,0.970
2026-09-18T23:03:20+08:00,2026-09-18T23:00:00+08:00,FB5477,2026-09-20 00:15,Charleroi,Cercle Bruges,Royal Charleroi,Cercle Brugge,Belgium ‐ Pro League,7,1.8090,4.1450,4.1450,0.533943,0.233028,0.233028,0.932
2026-09-18T23:03:20+08:00,2026-09-18T23:00:00+08:00,FB5478,2026-09-20 02:30,Sion,Zurich,Sion,FC Zurich,Switzerland ‐ Super League,7,1.4870,4.8000,6.1300,0.644177,0.199561,0.156263,1.000
2026-09-18T23:03:20+08:00,2026-09-18T23:00:00+08:00,FB5479,2026-09-20 02:45,Anderlecht,Zulte Waregem,Anderlecht,Zulte Waregem,Belgium ‐ Pro League,7,1.7800,3.8000,4.6650,0.540545,0.253202,0.206253,1.000
2026-09-18T23:03:20+08:00,2026-09-18T23:00:00+08:00,FB5481,2026-09-20 19:00,Celtic,Rangers,Celtic,Glasgow Rangers,Scotland ‐ Premier League,7,2.2530,3.7300,3.0450,0.426635,0.257697,0.315668,0.970
2026-09-18T23:03:20+08:00,2026-09-18T23:00:00+08:00,FB5482,2026-09-20 23:00,Salzburg,Sturm Graz,Red Bull Salzburg,Sturm Graz,Austria ‐ Bundesliga,7,1.6900,4.5000,4.7400,0.577335,0.216821,0.205843,0.970
2026-09-18T23:03:20+08:00,2026-09-18T23:00:00+08:00,FB5483,2026-09-20 20:30,Hartberg,LASK Linz,TSV Hartberg,LASK Linz,Austria ‐ Bundesliga,7,11.0000,5.7000,1.2820,0.086880,0.167663,0.745458,0.970
2026-09-18T23:03:20+08:00,2026-09-18T23:00:00+08:00,FB5484,2026-09-20 19:30,Antwerp,Union Saint Gilloise,Royal Antwerp,Union Saint-Gilloise,Belgium ‐ Pro League,7,5.1800,4.0700,1.6450,0.184445,0.234748,0.580806,0.970
2026-09-18T23:03:20+08:00,2026-09-18T23:00:00+08:00,FB5485,2026-09-20 20:00,Vaduz,Thun,Vaduz,Thun,Switzerland ‐ Super League,7,2.4390,4.2500,2.5600,0.395786,0.227135,0.377079,1.000
2026-09-18T23:03:20+08:00,2026-09-18T23:00:00+08:00,FB5486,2026-09-20 20:00,Getafe,Malaga,Getafe,Malaga,Spain ‐ Primera Division,7,2.1170,3.2100,4.5000,0.469495,0.309633,0.220872,1.000
2026-09-18T23:03:20+08:00,2026-09-18T23:00:00+08:00,FB5487,2026-09-20 22:00,Sint Truiden,Westerlo,Sint-Truidense,Westerlo,Belgium ‐ Pro League,7,1.7040,4.2000,4.9100,0.570528,0.231472,0.198000,0.970
2026-09-18T23:03:20+08:00,2026-09-18T23:00:00+08:00,FB5488,2026-09-20 22:15,Ceuta,Valladolid,AD Ceuta,Real Valladolid,Spain ‐ Segunda Division,7,2.6770,3.3850,2.6900,0.358936,0.283862,0.357202,0.940
2026-09-18T23:03:20+08:00,2026-09-18T23:00:00+08:00,FB5489,2026-09-20 22:30,Lausanne,Lugano,Lausanne Sport,FC Lugano,Switzerland ‐ Super League,7,3.7170,4.0110,1.9000,0.257532,0.238655,0.503813,0.970
2026-09-18T23:03:20+08:00,2026-09-18T23:00:00+08:00,FB5490,2026-09-20 22:30,Basel,St. Gallen,Basel,St Gallen,Switzerland ‐ Super League,7,2.5720,4.0500,2.4590,0.372993,0.236874,0.390133,1.000
2026-09-18T23:03:20+08:00,2026-09-18T23:00:00+08:00,FB5491,2026-09-20 22:45,NEC Nijmegen,Go Ahead Eagles,NEC Nijmegen,Go Ahead Eagles,Netherlands ‐ Eredivisie,7,2.0000,4.3500,3.5100,0.492715,0.226536,0.280749,1.000
2026-09-18T23:03:20+08:00,2026-09-18T23:00:00+08:00,FB5492,2026-09-21 00:30,Deportivo,Betis,Deportivo La Coruna,Real Betis,Spain ‐ Primera Division,7,3.5500,3.7500,2.1670,0.278950,0.264072,0.456978,1.000
2026-09-18T23:03:20+08:00,2026-09-18T23:00:00+08:00,FB5493,2026-09-21 00:30,Bruges,Genk,Club Brugge,KRC Genk,Belgium ‐ Pro League,7,1.5290,4.8000,5.7000,0.630204,0.200746,0.169050,0.887
2026-09-18T23:03:20+08:00,2026-09-18T23:00:00+08:00,FB5494,2026-09-21 00:30,Villarreal,Levante,Villarreal,Levante,Spain ‐ Primera Division,7,1.5400,4.8750,6.2100,0.639433,0.201995,0.158571,1.000
2026-09-18T23:03:20+08:00,2026-09-18T23:00:00+08:00,FB5495,2026-09-21 00:30,Las Palmas,Burgos,Las Palmas,Burgos CF,Spain ‐ Segunda Division,7,2.1060,3.2000,4.3000,0.465573,0.306405,0.228022,1.000
2026-09-18T23:03:20+08:00,2026-09-18T23:00:00+08:00,FB5496,2026-09-21 01:15,KV Kortrijk,SK Beveren,Kortrijk,Waasland Beveren,Belgium ‐ Pro League,7,2.6700,3.5500,2.6180,0.360754,0.271327,0.367919,0.816
2026-09-18T23:03:20+08:00,2026-09-18T23:00:00+08:00,FB5497,2026-09-21 00:00,Juventus,Atalanta,Juventus,Atalanta,Italy ‐ Serie A,7,1.7400,3.9950,5.3100,0.567142,0.247015,0.185843,1.000
2026-09-18T23:03:20+08:00,2026-09-18T23:00:00+08:00,FB5498,2026-09-21 03:58,Rosario Central,Argentinos Juniors,Rosario Central,Argentinos Juniors,Argentina ‐ Liga Profesional,7,2.3600,3.0100,3.5870,0.409503,0.321072,0.269425,1.000
2026-09-18T23:03:20+08:00,2026-09-18T23:00:00+08:00,FB5499,2026-09-20 01:28,Gimnasia LP,Banfield,Gimnasia La Plata,Banfield,Argentina ‐ Liga Profesional,7,1.8700,3.5500,4.5950,0.517137,0.272407,0.210456,0.893
2026-09-18T23:03:20+08:00,2026-09-18T23:00:00+08:00,FB5500,2026-09-21 01:43,San Lorenzo,Boca Juniors,San Lorenzo,Boca Juniors,Argentina ‐ Liga Profesional,7,3.7500,3.1030,2.2100,0.256060,0.309450,0.434490,1.000
2026-09-18T23:03:20+08:00,2026-09-18T23:00:00+08:00,FB5503,2026-09-20 01:28,Gimnasia Mendoza,Deportivo Riestra,Gimnasia Mendoza,Deportivo Riestra,Argentina ‐ Liga Profesional,7,2.3280,2.8890,3.7210,0.411277,0.331413,0.257310,1.000
2026-09-18T23:03:20+08:00,2026-09-18T23:00:00+08:00,FB5504,2026-09-20 08:13,Instituto de Cordoba,Talleres,Instituto AC Cordoba,Talleres de Cordoba,Argentina ‐ Liga Profesional,7,1.9800,3.2000,4.5000,0.485732,0.300546,0.213722,0.929
2026-09-18T23:03:20+08:00,2026-09-18T23:00:00+08:00,FB5505,2026-09-21 03:58,CA Platense,Newell's Old Boys,CA Platense,Newells Old Boys,Argentina ‐ Liga Profesional,7,2.2030,3.0550,3.7900,0.434333,0.313203,0.252463,0.985
2026-09-18T23:03:20+08:00,2026-09-18T23:00:00+08:00,FB5506,2026-09-20 03:43,Union Santa Fe,Independiente,Union Santa Fe,CA Independiente Avellaneda,Argentina ‐ Liga Profesional,7,2.4800,3.0500,3.2130,0.386850,0.314554,0.298596,0.970
2026-09-18T23:03:20+08:00,2026-09-18T23:00:00+08:00,FB5509,2026-09-21 03:00,Valencia,Real Sociedad,Valencia,Real Sociedad,Spain ‐ Primera Division,7,2.8230,3.4900,2.6690,0.348848,0.282177,0.368976,1.000
2026-09-18T23:03:20+08:00,2026-09-18T23:00:00+08:00,FB5510,2026-09-21 03:00,Leganes,CF Granada,CD Leganes,Granada CF,Spain ‐ Segunda Division,7,2.1110,3.3200,4.0850,0.464552,0.295382,0.240066,0.970
2026-09-18T23:03:20+08:00,2026-09-18T23:00:00+08:00,FB5511,2026-09-21 01:30,Paderborn,Hoffenheim,Paderborn,TSG Hoffenheim,Germany ‐ Bundesliga,7,4.5650,4.6150,1.7240,0.215653,0.213317,0.571030,0.970
2026-09-18T23:03:20+08:00,2026-09-18T23:00:00+08:00,FB5512,2026-09-19 21:00,Brommapojkarna,Goteborg,Brommapojkarna,IFK Goteborg,Sweden ‐ Allsvenskan,7,3.0200,3.6100,2.3040,0.317730,0.265802,0.416469,0.970
2026-09-18T23:03:20+08:00,2026-09-18T23:00:00+08:00,FB5513,2026-09-19 21:00,Vasteras SK,Malmo,Vasteras SK,Malmo,Sweden ‐ Allsvenskan,7,3.2610,3.7800,2.2100,0.299557,0.258427,0.442016,1.000
2026-09-18T23:03:20+08:00,2026-09-18T23:00:00+08:00,FB5514,2026-09-20 20:00,Djurgardens,Elfsborg,Djurgardens IF,Elfsborg,Sweden ‐ Allsvenskan,7,1.5870,4.3330,5.4000,0.602356,0.220618,0.177026,1.000
2026-09-18T23:03:20+08:00,2026-09-18T23:00:00+08:00,FB5515,2026-09-20 20:00,Kalmar,Hacken,Kalmar FF,BK Hacken,Sweden ‐ Allsvenskan,7,2.8330,3.5700,2.3910,0.335749,0.266436,0.397815,0.940
2026-09-18T23:03:20+08:00,2026-09-18T23:00:00+08:00,FB5516,2026-09-20 20:00,Halmstads,AIK Solna,Halmstads,AIK Solna,Sweden ‐ Allsvenskan,6,3.1850,3.9500,2.1200,0.302235,0.243701,0.454065,1.000
2026-09-18T23:03:20+08:00,2026-09-18T23:00:00+08:00,FB5518,2026-09-19 20:00,Guingamp,Red Star,Guingamp,Red Star FC,France ‐ Ligue 2,7,2.4100,3.5460,2.9780,0.401783,0.273067,0.325150,1.000
2026-09-18T23:03:20+08:00,2026-09-18T23:00:00+08:00,FB5519,2026-09-19 19:30,Burton Albion,Mansfield,Burton Albion,Mansfield Town,England ‐ League 1,7,2.4210,3.4500,3.0600,0.401137,0.281493,0.317370,0.970
2026-09-18T23:03:20+08:00,2026-09-18T23:00:00+08:00,FB5520,2026-09-19 19:30,Barnsley,Leicester,Barnsley,Leicester City,England ‐ League 1,7,3.3000,3.9130,2.0600,0.290252,0.244782,0.464966,0.970
2026-09-18T23:03:20+08:00,2026-09-18T23:00:00+08:00,FB5521,2026-09-19 19:30,Cardiff,Charlton,Cardiff City,Charlton Athletic,England ‐ Championship,7,1.8300,4.0900,4.2030,0.531114,0.237638,0.231249,0.940
2026-09-18T23:03:20+08:00,2026-09-18T23:00:00+08:00,FB5522,2026-09-19 22:00,Blackpool,Plymouth,Blackpool,Plymouth Argyle,England ‐ League 1,7,2.7100,3.9600,2.4000,0.355428,0.243235,0.401337,0.970
2026-09-18T23:03:20+08:00,2026-09-18T23:00:00+08:00,FB5523,2026-09-19 22:00,Sheff Wednesday,Stockport,Sheffield Wednesday,Stockport County,England ‐ League 1,7,2.8830,3.9300,2.2990,0.334716,0.245543,0.419741,0.911
2026-09-18T23:03:20+08:00,2026-09-18T23:00:00+08:00,FB5524,2026-09-19 19:30,Rochdale,Oldham,Rochdale AFC,Oldham Athletic,England ‐ League 2,7,3.8100,3.7100,2.0000,0.254326,0.261182,0.484492,0.970
2026-09-18T23:03:20+08:00,2026-09-18T23:00:00+08:00,FB5525,2026-09-19 19:30,Walsall,Port Vale,Walsall,Port Vale,England ‐ League 2,7,2.5500,3.2650,2.9290,0.377129,0.294542,0.328330,1.000
2026-09-18T23:03:20+08:00,2026-09-18T23:00:00+08:00,FB5526,2026-09-19 22:00,Luton,Bradford,Luton Town,Bradford City,England ‐ League 1,7,2.1600,3.7300,3.3320,0.448964,0.259990,0.291045,0.940
2026-09-18T23:03:20+08:00,2026-09-18T23:00:00+08:00,FB5527,2026-09-19 22:00,Portsmouth,Blackburn,Portsmouth,Blackburn Rovers,England ‐ Championship,7,2.1900,3.5000,3.4610,0.442776,0.277051,0.280173,0.970
2026-09-18T23:03:20+08:00,2026-09-18T23:00:00+08:00,FB5528,2026-09-19 22:00,Burnley,Derby,Burnley,Derby County,England ‐ Championship,7,1.8200,3.8840,4.4500,0.532601,0.249571,0.217828,0.970
2026-09-18T23:03:20+08:00,2026-09-18T23:00:00+08:00,FB5529,2026-09-19 22:00,Wrexham,Southampton,Wrexham,Southampton,England ‐ Championship,7,3.0160,3.6300,2.3400,0.320539,0.266321,0.413139,1.000
2026-09-18T23:03:20+08:00,2026-09-18T23:00:00+08:00,FB5531,2026-09-19 22:00,Lincoln City,Swansea,Lincoln City,Swansea,England ‐ Championship,7,2.9600,3.5000,2.4600,0.327980,0.277377,0.394643,1.000
2026-09-18T23:03:20+08:00,2026-09-18T23:00:00+08:00,FB5532,2026-09-19 22:00,Oxford Utd,Cambridge Utd,Oxford United,Cambridge United,England ‐ League 1,7,2.1900,3.5700,3.4140,0.443474,0.272047,0.284478,0.883
2026-09-18T23:03:20+08:00,2026-09-18T23:00:00+08:00,FB5533,2026-09-19 22:00,Birmingham,Middlesbrough,Birmingham City,Middlesbrough,England ‐ Championship,7,2.9100,3.6700,2.3920,0.332284,0.263473,0.404242,0.970
2026-09-18T23:03:20+08:00,2026-09-18T23:00:00+08:00,FB5534,2026-09-19 19:30,Millwall,West Ham,Millwall,West Ham United,England ‐ Championship,7,4.2700,3.9000,1.8550,0.227440,0.249018,0.523542,0.970
2026-09-18T23:03:20+08:00,2026-09-18T23:00:00+08:00,FB5535,2026-09-19 19:30,Stoke,Sheff Utd,Stoke City,Sheffield United,England ‐ Championship,7,2.4100,3.4700,3.0710,0.403342,0.280131,0.316527,0.830
2026-09-18T23:03:20+08:00,2026-09-18T23:00:00+08:00,FB5537,2026-09-20 20:30,Norwich,Bolton,Norwich City,Bolton Wanderers,England ‐ Championship,7,1.5100,4.6800,5.7310,0.630466,0.203420,0.166115,0.970
2026-09-18T23:03:20+08:00,2026-09-18T23:00:00+08:00,FB5538,2026-09-19 10:00,San Diego Wave Women,Kansas City Current Women,San Diego Wave Women,Kansas City Women,USA ‐ NWSL Women,6,2.2200,3.6500,2.7500,0.413994,0.251799,0.334206,0.905
2026-09-18T23:03:20+08:00,2026-09-18T23:00:00+08:00,FB5539,2026-09-20 05:58,River Plate,Huracan,River Plate,Atletico Huracan,Argentina ‐ Liga Profesional,7,1.5420,3.8000,7.3500,0.618971,0.251172,0.129858,0.970
2026-09-18T23:03:20+08:00,2026-09-18T23:00:00+08:00,FB5540,2026-09-19 23:30,Orgryte,Sirius,Orgryte,Sirius,Sweden ‐ Allsvenskan,7,5.4700,4.5500,1.5350,0.173439,0.208508,0.618053,1.000
2026-09-18T23:03:20+08:00,2026-09-18T23:00:00+08:00,FB5541,2026-09-20 10:00,Phoenix Rising,El Paso Locomotive,Phoenix Rising,El Paso Locomotive,USA ‐ USL League One,6,2.3790,3.6000,2.8500,0.400710,0.264803,0.334487,1.000
2026-09-18T23:03:20+08:00,2026-09-18T23:00:00+08:00,FB5545,2026-09-20 23:00,Viking,Lillestrom,Viking,Lillestrom SK,Norway ‐ Tippeligaen,7,1.4300,5.4160,6.4100,0.672440,0.177546,0.150014,1.000
2026-09-18T23:03:20+08:00,2026-09-18T23:00:00+08:00,FB5546,2026-09-21 07:00,Sacramento Republic,San Antonio FC,Sacramento Republic,San Antonio Scorpions,USA ‐ USL League One,6,1.8810,3.4100,4.1800,0.499597,0.275584,0.224819,0.970
2026-09-18T23:03:20+08:00,2026-09-18T23:00:00+08:00,FB5547,2026-09-21 07:00,Tapatio,Tlaxcala,Deportivo Tapatio,Tlaxcala,Mexico ‐ Liga de Expansion,5,1.9090,3.6000,3.5300,0.482842,0.256040,0.261118,0.970
2026-09-18T23:03:20+08:00,2026-09-18T23:00:00+08:00,FB5550,2026-09-21 06:13,Belgrano,Estudiantes Rio Cuarto,Belgrano de Cordoba,Estudiantes Rio Cuarto,Argentina ‐ Liga Profesional,7,1.4700,4.1200,8.3500,0.652382,0.232767,0.114851,0.970
2026-09-18T23:03:20+08:00,2026-09-18T23:00:00+08:00,FB5551,2026-09-21 05:00,Indy Eleven,Oakland Roots,Indy Eleven,Oakland Roots SC,USA ‐ USL League One,6,1.9730,3.8100,3.4100,0.476999,0.247013,0.275988,1.000
2026-09-18T23:03:20+08:00,2026-09-18T23:00:00+08:00,FB5552,2026-09-20 09:00,Cancun FC,Oaxaca,Cancun FC,Alebrijes de Oaxaca,Mexico ‐ Liga de Expansion,5,1.8500,3.7500,3.8250,0.505819,0.249537,0.244644,0.970
2026-09-18T23:03:20+08:00,2026-09-18T23:00:00+08:00,FB5554,2026-09-20 22:30,Mjallby,GAIS,Mjallby,GAIS Goteborg,Sweden ‐ Allsvenskan,6,2.7100,3.6070,2.4750,0.351337,0.263966,0.384697,0.970
2026-09-18T23:03:20+08:00,2026-09-18T23:00:00+08:00,FB5555,2026-09-20 22:30,Degerfors,Hammarby,Degerfors,Hammarby IF,Sweden ‐ Allsvenskan,7,9.4000,5.5000,1.3260,0.102061,0.174431,0.723508,1.000
2026-09-18T23:03:20+08:00,2026-09-18T23:00:00+08:00,FB5556,2026-09-20 10:30,Las Vegas Lights,Hartford Athletic,Las Vegas Lights,Hartford Athletic,USA ‐ USL League One,6,2.0950,3.6100,3.2700,0.450247,0.261293,0.288461,1.000
2026-09-18T23:03:20+08:00,2026-09-18T23:00:00+08:00,FB5557,2026-09-19 20:00,Real Sociedad B,Mallorca,Real Sociedad II,Mallorca,Spain ‐ Segunda Division,7,4.1910,3.7570,1.9000,0.231411,0.258144,0.510445,0.952
2026-09-18T23:03:20+08:00,2026-09-18T23:00:00+08:00,FB5559,2026-09-20 01:30,Grazer AK,Austria Vienna,Grazer AK,Austria Wien,Austria ‐ Bundesliga,7,2.4970,3.4500,2.8430,0.384310,0.278151,0.337539,0.923
2026-09-18T23:03:20+08:00,2026-09-18T23:00:00+08:00,FB5560,2026-09-20 07:00,Louisville City,Loudoun Utd,Louisville City FC,Loudoun United,USA ‐ USL League One,6,1.4800,4.7700,5.7300,0.637527,0.197807,0.164667,0.940
2026-09-18T23:03:20+08:00,2026-09-18T23:00:00+08:00,FB5562,2026-09-19 19:45,Chelsea Women,Birmingham Women,Chelsea Women,Birmingham City Women,England ‐ Super League Women,6,1.0630,13.0000,23.6100,0.887475,0.072568,0.039957,0.932
2026-09-18T23:03:20+08:00,2026-09-18T23:00:00+08:00,FB5564,2026-09-20 02:00,Metz,St. Etienne,Metz,Saint Etienne,France ‐ Ligue 2,7,3.6400,3.6100,2.0200,0.262447,0.264628,0.472925,0.935
2026-09-19T02:34:00+08:00,2026-09-19T02:30:00+08:00,FB5260,2026-09-19 03:00,Brentford,Chelsea,Brentford,Chelsea,England ‐ Premier League,7,2.6640,3.7500,2.7400,0.372764,0.264812,0.362425,1.000
2026-09-19T02:34:00+08:00,2026-09-19T02:30:00+08:00,FB5287,2026-09-19 02:45,AA Gent,Standard,KAA Gent,Standard Liege,Belgium ‐ Pro League,7,1.9300,3.5800,4.6600,0.511962,0.276002,0.212036,0.970
2026-09-19T02:34:00+08:00,2026-09-19T02:30:00+08:00,FB5288,2026-09-19 03:00,Espanyol,CF Elche,RCD Espanyol,Elche,Spain ‐ Primera Division,7,1.8500,3.8000,4.9100,0.536589,0.261234,0.202177,0.970
2026-09-19T02:34:00+08:00,2026-09-19T02:30:00+08:00,FB5290,2026-09-19 02:45,Monza,Sassuolo,Monza Brianza,Sassuolo,Italy ‐ Serie A,7,2.9800,3.3600,2.5850,0.328979,0.291773,0.379248,0.970
2026-09-19T02:34:00+08:00,2026-09-19T02:30:00+08:00,FB5291,2026-09-19 04:58,CA Central Cordoba,Defensa y Justicia,Central Cordoba Santiago,Defensa y Justicia,Argentina ‐ Liga Profesional,7,2.7390,3.1000,2.9700,0.356408,0.314904,0.328688,0.857
2026-09-19T02:34:00+08:00,2026-09-19T02:30:00+08:00,FB5296,2026-09-19 02:45,Monaco,Lens,AS Monaco,Lens,France ‐ Ligue 1,7,1.8700,3.9500,4.2100,0.521486,0.246881,0.231634,0.970
2026-09-19T02:34:00+08:00,2026-09-19T02:30:00+08:00,FB5301,2026-09-19 06:28,Vila Nova,America Mineiro,Vila Nova GO,America Mineiro MG,Brazil ‐ Serie B,7,1.5000,4.1300,7.9800,0.644676,0.234144,0.121180,0.940
2026-09-19T02:34:00+08:00,2026-09-19T02:30:00+08:00,FB5304,2026-09-19 03:00,Bristol City,Watford,Bristol City,Watford,England ‐ Championship,7,1.7600,4.0600,4.5290,0.548816,0.237910,0.213274,1.000
2026-09-19T05:18:02+08:00,2026-09-19T05:00:00+08:00,FB5268,2026-09-19 07:30,New York City,New York Red Bulls,New York City,New York Red Bulls,USA ‐ Major League Soccer,7,1.9800,3.9600,3.7950,0.494624,0.247312,0.258065,1.000
2026-09-19T05:18:02+08:00,2026-09-19T05:00:00+08:00,FB5269,2026-09-19 11:00,Juarez,Tigres UANL,FC Juarez,Tigres UANL,Mexico ‐ Primera Division,7,4.2100,3.6840,1.9300,0.231261,0.264280,0.504460,1.000
2026-09-19T05:18:02+08:00,2026-09-19T05:00:00+08:00,FB5270,2026-09-19 09:00,Puebla,Atlante,Puebla,Atlante,Mexico ‐ Primera Division,7,2.4000,3.5500,3.0310,0.405207,0.273943,0.320850,1.000
2026-09-19T05:18:02+08:00,2026-09-19T05:00:00+08:00,FB5289,2026-09-19 22:00,Brighton,Arsenal,Brighton & Hove Albion,Arsenal,England ‐ Premier League,7,4.9380,4.2100,1.7530,0.200409,0.235064,0.564528,0.970
2026-09-19T05:18:02+08:00,2026-09-19T05:00:00+08:00,FB5292,2026-09-19 08:13,Racing Club,Sarmiento,Racing Club,Sarmiento Junin,Argentina ‐ Liga Profesional,7,1.8900,3.4600,4.7000,0.513249,0.280359,0.206392,1.000
2026-09-19T05:18:02+08:00,2026-09-19T05:00:00+08:00,FB5300,2026-09-19 07:28,Ceara,Novorizontino,Ceara,Novorizontino SP,Brazil ‐ Serie B,7,2.9020,3.2800,2.6600,0.336052,0.297324,0.366625,0.970
2026-09-19T05:18:02+08:00,2026-09-19T05:00:00+08:00,FB5301,2026-09-19 06:28,Vila Nova,America Mineiro,Vila Nova GO,America Mineiro MG,Brazil ‐ Serie B,7,1.4800,4.1500,8.6000,0.654142,0.233284,0.112573,0.940
2026-09-19T05:18:02+08:00,2026-09-19T05:00:00+08:00,FB5303,2026-09-19 07:58,Sao Bernardo,Atletico Goianiense,Sao Bernardo SP,Atletico GO,Brazil ‐ Serie B,7,2.7200,3.0600,2.9500,0.355755,0.316227,0.328018,0.940
2026-09-19T05:18:02+08:00,2026-09-19T05:00:00+08:00,FB5305,2026-09-19 09:00,Piratas FC,Venados,Piratas de Veracruz FC,Venados,Mexico ‐ Liga de Expansion,6,1.5710,4.5000,4.7900,0.596272,0.208165,0.195562,0.970
2026-09-19T05:18:02+08:00,2026-09-19T05:00:00+08:00,FB5306,2026-09-19 09:00,Tepatitlan,Mineros Zacatecas,Tepatitlan,Mineros de Zacatecas,Mexico ‐ Liga de Expansion,6,3.3000,3.8000,1.9790,0.282811,0.245599,0.471590,0.959
2026-09-19T05:18:02+08:00,2026-09-19T05:00:00+08:00,FB5308,2026-09-19 22:57,Boston River,CA Progresso,CA Boston River,CA Progreso,Uruguay ‐ Primera Division,6,1.9610,3.4100,4.1360,0.487995,0.280633,0.231373,0.948
2026-09-19T05:18:02+08:00,2026-09-19T05:00:00+08:00,FB5309,2026-09-20 05:27,Deportivo Maldonado,Cerro Largo,Deportivo Maldonado,Cerro Largo,Uruguay ‐ Primera Division,6,1.6800,3.7270,5.0000,0.559671,0.252280,0.188049,1.000
2026-09-19T05:18:02+08:00,2026-09-19T05:00:00+08:00,FB5310,2026-09-19 13:00,Hokkaido Consadole Sapporo,Oita Trinita,Consadole Sapporo,Oita Trinita,Japan ‐ J2 League,7,2.4650,3.3100,2.9900,0.389237,0.289870,0.320893,1.000
2026-09-19T05:18:02+08:00,2026-09-19T05:00:00+08:00,FB5312,2026-09-19 15:30,Jeonnam Dragons,Suwon FC,Jeonnam Dragons,Suwon City,South Korea ‐ K-League Challenge,7,3.7150,3.9800,1.9230,0.258713,0.241487,0.499801,0.970
2026-09-19T05:18:02+08:00,2026-09-19T05:00:00+08:00,FB5314,2026-09-19 17:00,Avispa Fukuoka,Sanfrecce Hiroshima,Avispa Fukuoka,Sanfrecce Hiroshima,Japan ‐ J League,7,4.7770,4.1000,1.7370,0.203448,0.237041,0.559511,1.000
2026-09-19T05:18:02+08:00,2026-09-19T05:00:00+08:00,FB5315,2026-09-19 17:00,Kawasaki Frontale,Kashima Antlers,Kawasaki Frontale,Kashima Antlers,Japan ‐ J League,7,2.6670,3.7500,2.5800,0.364309,0.259097,0.376594,1.000
2026-09-19T05:18:02+08:00,2026-09-19T05:00:00+08:00,FB5316,2026-09-19 17:30,V-Varen Nagasaki,Cerezo Osaka,V-Varen Nagasaki,Cerezo Osaka,Japan ‐ J League,7,3.6050,3.8000,2.0700,0.270986,0.257080,0.471934,1.000
2026-09-19T05:18:02+08:00,2026-09-19T05:00:00+08:00,FB5317,2026-09-19 17:30,Urawa Reds,Tokyo Verdy,Urawa Red Diamonds,Tokyo Verdy,Japan ‐ J League,7,1.8600,3.7000,4.8200,0.529494,0.266178,0.204328,0.857
2026-09-19T05:18:02+08:00,2026-09-19T05:00:00+08:00,FB5318,2026-09-19 18:00,FC Anyang,Ulsan HD,FC Anyang,Ulsan Hyundai,South Korea ‐ K-League Classic,7,3.5900,3.6630,2.0510,0.268065,0.262723,0.469212,0.881
2026-09-19T05:18:02+08:00,2026-09-19T05:00:00+08:00,FB5319,2026-09-19 18:00,Gimpo FC,Busan I'Park,Gimpo Citizen FC,Busan I Park,South Korea ‐ K-League Challenge,7,2.5110,3.4500,2.8080,0.381380,0.277578,0.341042,1.000
2026-09-19T05:18:02+08:00,2026-09-19T05:00:00+08:00,FB5320,2026-09-19 18:00,Seoul E-Land,Daegu FC,Seoul E-Land,Daegu FC,South Korea ‐ K-League Challenge,7,2.1500,3.8900,3.0740,0.444027,0.245414,0.310559,1.000
2026-09-19T05:18:02+08:00,2026-09-19T05:00:00+08:00,FB5321,2026-09-19 18:00,Montedio Yamagata,Kataller Toyama,Montedio Yamagata,Kataller Toyama,Japan ‐ J2 League,7,2.7300,3.7500,2.4210,0.350185,0.254935,0.394880,1.000
2026-09-19T05:18:02+08:00,2026-09-19T05:00:00+08:00,FB5322,2026-09-19 18:00,Albirex Niigata,Jubilo Iwata,Albirex Niigata,Jubilo Iwata,Japan ‐ J2 League,7,3.2300,3.4000,2.3100,0.298662,0.283729,0.417609,1.000
2026-09-19T05:18:02+08:00,2026-09-19T05:00:00+08:00,FB5323,2026-09-19 18:00,Sagan Tosu,Iwaki FC,Sagan Tosu,Iwaki,Japan ‐ J2 League,7,1.9700,3.5000,3.9400,0.484765,0.272853,0.242382,1.000
2026-09-19T05:18:02+08:00,2026-09-19T05:00:00+08:00,FB5324,2026-09-19 18:00,Shonan Bellmare,Blaublitz Akita,Shonan Bellmare,Blaublitz Akita,Japan ‐ J2 League,7,2.2470,3.3000,3.5600,0.432509,0.294500,0.272991,1.000
2026-09-19T05:18:02+08:00,2026-09-19T05:00:00+08:00,FB5325,2026-09-19 18:00,FC Yokohama,FC Imabari,Yokohama FC,Imabari,Japan ‐ J2 League,7,1.6900,4.0500,5.0300,0.570363,0.238004,0.191633,1.000
2026-09-19T05:18:02+08:00,2026-09-19T05:00:00+08:00,FB5326,2026-09-19 18:00,Fagiano Okayama,Kyoto Sanga,Fagiano Okayama,Kyoto Sanga,Japan ‐ J League,7,1.9100,3.8500,4.2900,0.515112,0.255549,0.229339,1.000
2026-09-19T05:18:02+08:00,2026-09-19T05:00:00+08:00,FB5327,2026-09-19 18:00,FC Tokyo,Nagoya Grampus,FC Tokyo,Nagoya Grampus,Japan ‐ J League,7,1.7800,4.2790,4.4140,0.549678,0.228658,0.221664,1.000
2026-09-19T05:18:02+08:00,2026-09-19T05:00:00+08:00,FB5328,2026-09-19 18:30,Yokohama F.Marinos,Mito Hollyhock,Yokohama F Marinos,Mito Hollyhock,Japan ‐ J League,7,2.0600,3.8500,3.5510,0.472772,0.252964,0.274264,1.000
2026-09-19T05:18:02+08:00,2026-09-19T05:00:00+08:00,FB5329,2026-09-19 19:00,Kaiserslautern,Braunschweig,Kaiserslautern,Eintracht Braunschweig,Germany ‐ Bundesliga 2,7,2.0090,4.0000,3.6100,0.485729,0.243958,0.270313,0.970
2026-09-19T05:18:02+08:00,2026-09-19T05:00:00+08:00,FB5330,2026-09-19 19:00,Holstein Kiel,Osnabruck,Holstein Kiel,VfL Osnabruck,Germany ‐ Bundesliga 2,7,1.7810,4.2650,4.1900,0.542698,0.226623,0.230679,1.000
2026-09-19T05:18:02+08:00,2026-09-19T05:00:00+08:00,FB5331,2026-09-19 20:00,Osasuna,Vallecano,Osasuna,Rayo Vallecano,Spain ‐ Primera Division,7,2.6600,3.3850,3.0250,0.375212,0.294849,0.329939,0.970
2026-09-19T05:18:02+08:00,2026-09-19T05:00:00+08:00,FB5332,2026-09-19 21:30,Werder Bremen,Augsburg,Werder Bremen,Augsburg,Germany ‐ Bundesliga,7,2.4420,4.0000,2.8270,0.404153,0.246735,0.349112,1.000
2026-09-19T05:18:02+08:00,2026-09-19T05:00:00+08:00,FB5333,2026-09-19 22:15,Bilbao,Alaves,Athletic Bilbao,Alaves,Spain ‐ Primera Division,7,1.7060,4.0450,5.9000,0.584485,0.246510,0.169005,0.970
2026-09-19T05:18:02+08:00,2026-09-19T05:00:00+08:00,FB5334,2026-09-19 22:30,Den Haag,Cambuur,ADO Den Haag,Cambuur-Leeuwarden,Netherlands ‐ Eredivisie,7,1.8370,4.1500,4.0240,0.526548,0.233077,0.240375,0.940
2026-09-19T05:18:02+08:00,2026-09-19T05:00:00+08:00,FB5335,2026-09-19 22:30,Vitesse,Jong PSV Eindhoven,Vitesse Arnhem,Jong PSV Eindhoven,Netherlands ‐ Eerste Divisie,6,1.6120,4.6400,4.7000,0.591579,0.205523,0.202899,0.970
2026-09-19T05:18:02+08:00,2026-09-19T05:00:00+08:00,FB5336,2026-09-20 00:30,Stuttgart,Dortmund,VfB Stuttgart,Borussia Dortmund,Germany ‐ Bundesliga,7,2.5100,3.8500,2.8150,0.393144,0.256309,0.350547,0.940
2026-09-19T05:18:02+08:00,2026-09-19T05:00:00+08:00,FB5337,2026-09-20 00:30,Celta Vigo,Santander,Celta Vigo,Racing Santander,Spain ‐ Primera Division,7,1.8590,4.1300,4.3650,0.533047,0.239935,0.227018,1.000
2026-09-19T05:18:02+08:00,2026-09-19T05:00:00+08:00,FB5338,2026-09-20 00:45,Sparta Rotterdam,Heerenveen,Sparta Rotterdam,Heerenveen,Netherlands ‐ Eredivisie,7,2.5630,3.8500,2.6700,0.380860,0.253544,0.365597,1.000
2026-09-19T05:18:02+08:00,2026-09-19T05:00:00+08:00,FB5339,2026-09-20 23:30,Fulham,Manchester Utd,Fulham,Manchester United,England ‐ Premier League,7,3.6350,3.8650,2.0900,0.271759,0.255587,0.472653,0.952
2026-09-19T05:18:02+08:00,2026-09-19T05:00:00+08:00,FB5340,2026-09-19 22:00,Everton,Ipswich,Everton,Ipswich Town,England ‐ Premier League,7,1.8590,3.9550,4.4500,0.529720,0.248988,0.221292,0.970
2026-09-19T05:18:02+08:00,2026-09-19T05:00:00+08:00,FB5341,2026-09-20 00:30,Nottingham Forest,Coventry,Nottingham Forest,Coventry City,England ‐ Premier League,7,1.7040,4.1000,5.7000,0.583241,0.242401,0.174358,1.000
2026-09-19T05:18:02+08:00,2026-09-19T05:00:00+08:00,FB5342,2026-09-19 19:30,Tottenham,Aston Villa,Tottenham Hotspur,Aston Villa,England ‐ Premier League,7,2.0870,3.7500,3.7600,0.473578,0.263562,0.262861,0.970
2026-09-19T05:18:02+08:00,2026-09-19T05:00:00+08:00,FB5343,2026-09-19 22:00,Newcastle,Hull City,Newcastle United,Hull City,England ‐ Premier League,7,1.6340,4.5200,5.4900,0.602723,0.217887,0.179390,0.970
2026-09-19T05:18:02+08:00,2026-09-19T05:00:00+08:00,FB5344,2026-09-20 02:00,Ajax,Excelsior,Ajax Amsterdam,SBV Excelsior,Netherlands ‐ Eredivisie,7,1.2190,7.8000,11.7000,0.793355,0.123987,0.082658,0.940
2026-09-19T05:18:02+08:00,2026-09-19T05:00:00+08:00,FB5345,2026-09-20 02:30,Dresden,Hertha Berlin,Dynamo Dresden,Hertha Berlin,Germany ‐ Bundesliga 2,7,2.7980,4.1090,2.3600,0.348853,0.237549,0.413598,0.970
2026-09-19T05:18:02+08:00,2026-09-19T05:00:00+08:00,FB5346,2026-09-20 03:00,Willem II,Fortuna Sittard,Willem II Tilburg,Fortuna Sittard,Netherlands ‐ Eredivisie,7,2.6790,3.9000,2.5020,0.362625,0.249096,0.388279,0.970
2026-09-19T05:18:02+08:00,2026-09-19T05:00:00+08:00,FB5347,2026-09-20 03:00,Sevilla,Barcelona,Sevilla,Barcelona,Spain ‐ Primera Division,7,12.8900,7.5000,1.2610,0.077275,0.132811,0.789914,1.000
2026-09-19T05:18:02+08:00,2026-09-19T05:00:00+08:00,FB5348,2026-09-20 15:30,Jeonbuk Motors,Gwangju FC,Jeonbuk Hyundai Motors,Gwangju FC,South Korea ‐ K-League Classic,7,1.4100,4.9500,7.6660,0.680838,0.193936,0.125226,0.889
2026-09-19T05:18:02+08:00,2026-09-19T05:00:00+08:00,FB5350,2026-09-20 18:00,Incheon Utd,Daejeon Citizen,Incheon United,Daejeon Citizen,South Korea ‐ K-League Classic,7,2.7830,3.4500,2.5620,0.345671,0.278841,0.375488,0.940
2026-09-19T05:18:02+08:00,2026-09-19T05:00:00+08:00,FB5351,2026-09-20 18:00,Seongnam FC,Hwaseong FC,Seongnam Ilhwa Chunma,Hwaseong FC,South Korea ‐ K-League Challenge,7,2.7400,3.3000,2.5900,0.346234,0.287479,0.366286,0.970
2026-09-19T05:18:02+08:00,2026-09-19T05:00:00+08:00,FB5353,2026-09-19 22:00,Dundee,Motherwell,Dundee FC,Motherwell,Scotland ‐ Premier League,7,3.1400,3.4710,2.3500,0.308565,0.279140,0.412295,1.000
2026-09-19T05:18:02+08:00,2026-09-19T05:00:00+08:00,FB5355,2026-09-20 18:15,Feyenoord,Utrecht,Feyenoord Rotterdam,Utrecht,Netherlands ‐ Eredivisie,7,1.2900,6.4200,9.8000,0.750431,0.150788,0.098781,0.970
2026-09-19T05:18:02+08:00,2026-09-19T05:00:00+08:00,FB5356,2026-09-19 22:00,St. Mirren,Dundee Utd,Saint Mirren,Dundee United,Scotland ‐ Premier League,7,2.4000,3.7400,2.8500,0.402606,0.258357,0.339037,0.863
2026-09-19T05:18:02+08:00,2026-09-19T05:00:00+08:00,FB5357,2026-09-19 22:00,Hibernian,Aberdeen,Hibernian,Aberdeen,Scotland ‐ Premier League,7,1.7740,3.9900,4.5290,0.544571,0.242122,0.213307,1.000
2026-09-19T05:18:02+08:00,2026-09-19T05:00:00+08:00,FB5358,2026-09-19 22:00,St. Johnstone,Falkirk,St. Johnstone,Falkirk,Scotland ‐ Premier League,7,2.0870,3.5800,3.6300,0.463415,0.270153,0.266432,1.000
2026-09-19T05:18:02+08:00,2026-09-19T05:00:00+08:00,FB5359,2026-09-20 19:30,Hannover,Bochum,Hannover 96,VfL Bochum,Germany ‐ Bundesliga 2,7,1.8330,4.2500,4.0290,0.530154,0.228652,0.241194,0.940
2026-09-19T05:18:02+08:00,2026-09-19T05:00:00+08:00,FB5360,2026-09-20 20:30,Twente,PSV Eindhoven,Twente Enschede,PSV Eindhoven,Netherlands ‐ Eredivisie,7,2.9680,4.2500,2.2000,0.328144,0.229160,0.442696,0.970
2026-09-19T05:18:02+08:00,2026-09-19T05:00:00+08:00,FB5361,2026-09-20 20:30,AZ Alkmaar,Telstar,AZ Alkmaar,Telstar,Netherlands ‐ Eredivisie,7,1.2700,7.0000,10.7000,0.769160,0.139548,0.091293,1.000
2026-09-19T05:18:02+08:00,2026-09-19T05:00:00+08:00,FB5362,2026-09-20 22:15,Atletico Madrid,Real Madrid,Atletico Madrid,Real Madrid,Spain ‐ Primera Division,7,3.7150,4.1000,2.0340,0.267914,0.242756,0.489331,1.000
2026-09-19T05:18:02+08:00,2026-09-19T05:00:00+08:00,FB5363,2026-09-20 02:45,Le Mans,Lorient,Le Mans,Lorient,France ‐ Ligue 1,7,2.8050,3.5150,2.6720,0.351150,0.280221,0.368629,1.000
2026-09-19T05:18:02+08:00,2026-09-19T05:00:00+08:00,FB5364,2026-09-20 02:45,Lyon,Rennes,Lyon,Rennes,France ‐ Ligue 1,7,2.1880,3.8600,3.3350,0.449860,0.254999,0.295141,1.000
2026-09-19T05:18:02+08:00,2026-09-19T05:00:00+08:00,FB5365,2026-09-20 02:45,Toulouse,Le Havre,Toulouse,Le Havre,France ‐ Ligue 1,7,1.7870,4.0800,4.8180,0.552825,0.242132,0.205043,1.000
2026-09-19T05:18:02+08:00,2026-09-19T05:00:00+08:00,FB5366,2026-09-20 22:45,De Graafschap,NAC,De Graafschap,NAC Breda,Netherlands ‐ Eerste Divisie,7,3.4200,4.3210,1.9600,0.282775,0.223812,0.493413,0.970
2026-09-19T05:18:02+08:00,2026-09-19T05:00:00+08:00,FB5367,2026-09-20 02:45,Angers SCO,Troyes,Angers,Troyes,France ‐ Ligue 1,7,2.2690,3.5300,3.4300,0.433973,0.278947,0.287080,0.970
2026-09-19T05:18:02+08:00,2026-09-19T05:00:00+08:00,FB5368,2026-09-20 21:00,Auxerre,Brest,Auxerre,Brest,France ‐ Ligue 1,7,2.9300,3.7200,2.4670,0.336099,0.264723,0.399177,1.000
2026-09-19T05:18:02+08:00,2026-09-19T05:00:00+08:00,FB5369,2026-09-20 23:15,Nice,Lille,Nice,Lille,France ‐ Ligue 1,7,3.7800,3.5950,2.1160,0.260563,0.273971,0.465466,1.000
2026-09-19T05:18:02+08:00,2026-09-19T05:00:00+08:00,FB5370,2026-09-19 21:30,Monchengladbach,Mainz,Borussia Monchengladbach,FSV Mainz 05,Germany ‐ Bundesliga,7,3.1050,3.9000,2.2900,0.317254,0.252583,0.430163,0.940
2026-09-19T05:18:02+08:00,2026-09-19T05:00:00+08:00,FB5371,2026-09-20 21:30,Leverkusen,RB Leipzig,Bayer Leverkusen,RB Leipzig,Germany ‐ Bundesliga,7,2.0320,4.4000,3.4720,0.488503,0.225599,0.285898,1.000
2026-09-19T05:18:02+08:00,2026-09-19T05:00:00+08:00,FB5372,2026-09-20 23:30,Schalke 04,Elversberg,Schalke 04,SV Elversberg,Germany ‐ Bundesliga,7,2.1070,3.8500,3.6550,0.470867,0.257693,0.271441,1.000
2026-09-19T05:18:02+08:00,2026-09-19T05:00:00+08:00,FB5374,2026-09-19 21:30,Frankfurt,Freiburg,Eintracht Frankfurt,SC Freiburg,Germany ‐ Bundesliga,7,2.4900,4.0000,2.7630,0.396244,0.246662,0.357093,0.970
2026-09-19T05:18:02+08:00,2026-09-19T05:00:00+08:00,FB5375,2026-09-20 02:45,Venezia,Lazio,Venezia,Lazio,Italy ‐ Serie A,7,3.9950,3.8100,1.9890,0.246481,0.258450,0.495069,1.000
2026-09-19T05:18:02+08:00,2026-09-19T05:00:00+08:00,FB5376,2026-09-20 18:30,Fiorentina,Napoli,Fiorentina,Napoli,Italy ‐ Serie A,7,3.3550,3.6000,2.3100,0.295480,0.275371,0.429149,1.000
2026-09-19T05:18:02+08:00,2026-09-19T05:00:00+08:00,FB5377,2026-09-20 21:00,Parma,Genoa,Parma,Genoa,Italy ‐ Serie A,7,3.2350,3.1400,2.5770,0.304359,0.313568,0.382073,1.000
2026-09-19T05:18:02+08:00,2026-09-19T05:00:00+08:00,FB5378,2026-09-20 00:00,Roma,Inter Milan,AS Roma,Inter Milan,Italy ‐ Serie A,7,2.7410,3.7000,2.7100,0.363339,0.269166,0.367495,0.970
2026-09-19T05:18:02+08:00,2026-09-19T05:00:00+08:00,FB5379,2026-09-20 21:00,Frosinone,Como,Frosinone,Como,Italy ‐ Serie A,7,6.7500,4.8500,1.5460,0.147976,0.205946,0.646078,1.000
2026-09-19T05:18:02+08:00,2026-09-19T05:00:00+08:00,FB5380,2026-09-21 02:45,AC Milan,Lecce,AC Milan,Lecce,Italy ‐ Serie A,7,1.2970,6.0400,12.7000,0.759382,0.163066,0.077553,1.000
2026-09-19T05:18:02+08:00,2026-09-19T05:00:00+08:00,FB5381,2026-09-19 21:00,Udinese,Cagliari,Udinese,Cagliari,Italy ‐ Serie A,7,2.2970,3.3950,3.5000,0.428657,0.290022,0.281321,1.000
2026-09-19T05:18:02+08:00,2026-09-19T05:00:00+08:00,FB5382,2026-09-19 21:00,Bologna,AC Torino,Bologna,Torino,Italy ‐ Serie A,7,2.0180,3.6250,4.0950,0.487927,0.271624,0.240449,1.000
2026-09-19T05:18:02+08:00,2026-09-19T05:00:00+08:00,FB5383,2026-09-20 16:00,Gamba Osaka,Vissel Kobe,Gamba Osaka,Vissel Kobe,Japan ‐ J League,7,3.3900,3.6000,2.2500,0.289995,0.273079,0.436926,1.000
2026-09-19T05:18:02+08:00,2026-09-19T05:00:00+08:00,FB5384,2026-09-20 16:00,Tochigi City,Vegalta Sendai,Tochigi UVA,Vegalta Sendai,Japan ‐ J2 League,7,3.4800,3.6500,2.0800,0.275748,0.262905,0.461347,0.848
2026-09-19T05:18:02+08:00,2026-09-19T05:00:00+08:00,FB5385,2026-09-20 13:00,Iran AM,China AM,Iran U23,China U23,Asia - AFC - Asian Games U23,5,2.1000,3.2000,4.1000,0.461160,0.302636,0.236204,1.000
2026-09-19T05:18:02+08:00,2026-09-19T05:00:00+08:00,FB5387,2026-09-19 18:00,Ventforet Kofu,Tokushima Vortis,Ventforet Kofu,Tokushima Vortis,Japan ‐ J2 League,7,3.2430,3.2000,2.3500,0.294686,0.298646,0.406667,1.000
2026-09-19T05:18:02+08:00,2026-09-19T05:00:00+08:00,FB5388,2026-09-19 17:30,Fujieda MYFC,RB Omiya Ardija,Fujieda MYFC,Omiya Ardija,Japan ‐ J2 League,7,3.4000,3.6000,2.1100,0.281229,0.265605,0.453165,1.000
2026-09-19T05:18:02+08:00,2026-09-19T05:00:00+08:00,FB5389,2026-09-19 17:30,Shimizu S-Pulse,JEF United Chiba,Shimizu S-Pulse,JEF United Ichihara,Japan ‐ J League,7,1.9100,3.8000,4.2830,0.513194,0.257948,0.228858,0.929
2026-09-19T05:18:02+08:00,2026-09-19T05:00:00+08:00,FB5391,2026-09-21 01:15,Brann,Bodo Glimt,Brann,Bodo-Glimt,Norway ‐ Tippeligaen,7,4.5600,4.7500,1.6500,0.211701,0.203233,0.585065,1.000
2026-09-19T05:18:02+08:00,2026-09-19T05:00:00+08:00,FB5392,2026-09-19 19:00,Karlsruher,Nurnberg,Karlsruher,Nurnberg,Germany ‐ Bundesliga 2,7,2.9290,4.1340,2.2800,0.334095,0.236711,0.429194,1.000
2026-09-19T05:18:02+08:00,2026-09-19T05:00:00+08:00,FB5393,2026-09-19 22:30,Gil Vicente,Maritimo,Gil Vicente,Maritimo Funchal,Portugal ‐ Primeira Liga,7,1.9700,3.4900,4.2830,0.493967,0.278829,0.227204,0.970
2026-09-19T05:18:02+08:00,2026-09-19T05:00:00+08:00,FB5394,2026-09-19 22:30,Nacional,Famalicao,CD Nacional Madeira,Famalicao,Portugal ‐ Primeira Liga,7,3.8400,3.3750,2.1170,0.253058,0.287924,0.459019,0.970
2026-09-19T05:18:02+08:00,2026-09-19T05:00:00+08:00,FB5395,2026-09-20 01:00,Alverca,Rio Ave,FC Alverca,Rio Ave,Portugal ‐ Primeira Liga,7,2.0240,3.5450,4.0560,0.483101,0.275824,0.241074,1.000
2026-09-19T05:18:02+08:00,2026-09-19T05:00:00+08:00,FB5396,2026-09-21 01:00,Santa Clara,Braga,Santa Clara,Sporting Braga,Portugal ‐ Primeira Liga,7,3.8600,3.2600,2.1600,0.251820,0.298168,0.450012,0.970
2026-09-19T05:18:02+08:00,2026-09-19T05:00:00+08:00,FB5397,2026-09-21 01:00,Estoril,Casa Pia AC,Estoril Praia,Casa Pia,Portugal ‐ Primeira Liga,7,1.7900,3.8550,4.7600,0.543365,0.252302,0.204333,0.970
2026-09-19T05:18:02+08:00,2026-09-19T05:00:00+08:00,FB5398,2026-09-20 03:30,Sporting,Arouca,Sporting Lisbon,Arouca,Portugal ‐ Primeira Liga,7,1.2000,7.6000,17.0000,0.814012,0.128528,0.057460,0.970
2026-09-19T05:18:02+08:00,2026-09-19T05:00:00+08:00,FB5399,2026-09-21 03:30,Porto,Benfica,FC Porto,Benfica,Portugal ‐ Primeira Liga,7,2.7650,3.4500,2.6400,0.351025,0.281329,0.367646,1.000
2026-09-19T05:18:02+08:00,2026-09-19T05:00:00+08:00,FB5400,2026-09-20 22:30,Guimaraes,Moreirense,Vitoria Guimaraes,Moreirense,Portugal ‐ Primeira Liga,7,1.5630,4.2700,6.3550,0.620351,0.227075,0.152574,0.970
2026-09-19T05:18:02+08:00,2026-09-19T05:00:00+08:00,FB5401,2026-09-20 22:30,Amadora,Viseu,Estrela Amadora,Academico Viseu,Portugal ‐ Primeira Liga,7,2.2720,3.3100,3.4600,0.426794,0.292953,0.280253,0.940
2026-09-19T05:18:02+08:00,2026-09-19T05:00:00+08:00,FB5402,2026-09-20 20:00,Brondby,Copenhagen,Brondby IF,FC Copenhagen,Denmark ‐ Superliga,7,3.2200,3.7700,2.1300,0.297102,0.253758,0.449140,1.000
2026-09-19T05:18:02+08:00,2026-09-19T05:00:00+08:00,FB5403,2026-09-20 00:00,Odense,Midtjylland,Odense BK,Midtjylland,Denmark ‐ Superliga,7,4.0990,4.2600,1.8100,0.236583,0.227642,0.535775,0.970
2026-09-19T05:18:02+08:00,2026-09-19T05:00:00+08:00,FB5404,2026-09-20 20:00,Sonderjyske,Randers,Sonderjyske,Randers FC,Denmark ‐ Superliga,7,2.7530,3.7000,2.4500,0.348708,0.259458,0.391834,1.000
2026-09-19T05:18:02+08:00,2026-09-19T05:00:00+08:00,FB5406,2026-09-21 00:00,Viborg,Nordsjaelland,Viborg FF,Nordsjaelland,Denmark ‐ Superliga,7,2.8590,3.8500,2.3100,0.335541,0.249172,0.415287,0.970
2026-09-19T05:18:02+08:00,2026-09-19T05:00:00+08:00,FB5407,2026-09-20 22:00,Horsens,AGF Aarhus,AC Horsens,AGF Aarhus,Denmark ‐ Superliga,7,4.0190,3.8080,1.8700,0.237834,0.251013,0.511153,1.000
2026-09-19T05:18:02+08:00,2026-09-19T05:00:00+08:00,FB5408,2026-09-19 19:30,Pattani,Prachuap,Pattani FC,Prachuap,Thailand ‐ Premier League,6,4.1300,3.3500,1.9910,0.232171,0.286229,0.481600,1.000
2026-09-19T05:18:02+08:00,2026-09-19T05:00:00+08:00,FB5409,2026-09-19 19:00,Rasisalai Utd,Lamphun Warriors,Rasisalai United,Lamphun Warrior,Thailand ‐ Premier League,4,2.3000,3.4500,2.7000,0.397059,0.264706,0.338235,0.948
2026-09-19T05:18:02+08:00,2026-09-19T05:00:00+08:00,FB5410,2026-09-19 23:15,Paris FC,Strasbourg,Paris FC,Strasbourg,France ‐ Ligue 1,7,2.0560,3.8500,3.7800,0.481246,0.256998,0.261757,1.000
2026-09-19T05:18:02+08:00,2026-09-19T05:00:00+08:00,FB5411,2026-09-19 13:30,Oakleigh Cannons,Avondale,Oakleigh Cannons,Avondale Heights SC,Australia ‐ Victoria Premier League,7,2.2220,3.7000,2.9600,0.425312,0.255417,0.319271,0.970
2026-09-19T05:18:02+08:00,2026-09-19T05:00:00+08:00,FB5412,2026-09-19 22:00,Kristiansund,Rosenborg,Kristiansund BK,Rosenborg,Norway ‐ Tippeligaen,7,5.8940,4.9600,1.5290,0.165478,0.196638,0.637884,0.970
2026-09-19T05:18:02+08:00,2026-09-19T05:00:00+08:00,FB5413,2026-09-20 00:00,Molde,Aalesund,Molde,Aalesund,Norway ‐ Tippeligaen,7,1.3720,6.4000,7.5500,0.716283,0.153553,0.130164,1.000
2026-09-19T05:18:02+08:00,2026-09-19T05:00:00+08:00,FB5414,2026-09-20 19:30,Cottbus,St. Pauli,Energie Cottbus,St. Pauli,Germany ‐ Bundesliga 2,7,3.1100,4.1500,2.1300,0.311576,0.233494,0.454930,0.970
2026-09-19T05:18:02+08:00,2026-09-19T05:00:00+08:00,FB5415,2026-09-20 19:30,Bielefeld,Heidenheim,Arminia Bielefeld,FC Heidenheim,Germany ‐ Bundesliga 2,7,2.1900,3.8500,3.2000,0.443812,0.252454,0.303734,0.970
2026-09-19T05:18:02+08:00,2026-09-19T05:00:00+08:00,FB5416,2026-09-20 23:00,Tromso,Ham-Kam,Tromso,Ham Kam,Norway ‐ Tippeligaen,7,1.5120,4.6500,6.1100,0.635880,0.206763,0.157357,1.000
2026-09-19T05:18:02+08:00,2026-09-19T05:00:00+08:00,FB5417,2026-09-20 20:30,Valerenga,Fredrikstad,Valerenga IF,Fredrikstad,Norway ‐ Tippeligaen,7,1.9800,4.1000,3.7350,0.496759,0.239898,0.263342,1.000
2026-09-19T05:18:02+08:00,2026-09-19T05:00:00+08:00,FB5418,2026-09-20 23:00,Sandefjord,Start,Sandefjord,IK Start,Norway ‐ Tippeligaen,7,2.0440,3.8500,3.6240,0.477344,0.253426,0.269230,0.970
2026-09-19T05:18:02+08:00,2026-09-19T05:00:00+08:00,FB5419,2026-09-20 15:30,Yongin FC,Gyeongnam FC,Yongin City FC,Gyeongnam FC,South Korea ‐ K-League Challenge,7,2.3450,3.4000,2.9700,0.403345,0.278189,0.318466,0.970
2026-09-19T05:18:02+08:00,2026-09-19T05:00:00+08:00,FB5420,2026-09-20 18:00,Pohang Steelers,FC Seoul,Pohang Steelers,FC Seoul,South Korea ‐ K-League Classic,7,4.5100,3.4500,1.9400,0.215890,0.282221,0.501889,1.000
2026-09-19T05:18:02+08:00,2026-09-19T05:00:00+08:00,FB5426,2026-09-20 16:00,Machida Zelvia,Kashiwa Reysol,Machida Zelvia,Kashiwa Reysol,Japan ‐ J League,7,2.5990,3.6000,2.7220,0.373586,0.269709,0.356705,1.000
2026-09-19T05:18:02+08:00,2026-09-19T05:00:00+08:00,FB5427,2026-09-20 19:00,Rayong,Ratchaburi,Rayong FC,Ratchaburi FC,Thailand ‐ Premier League,6,3.8000,3.5000,1.8920,0.244250,0.265185,0.490565,1.000
2026-09-19T05:18:02+08:00,2026-09-19T05:00:00+08:00,FB5428,2026-09-20 19:30,Sukhothai,Port FC,Sukhothai FC,Port FC,Thailand ‐ Premier League,6,5.3900,4.0700,1.5980,0.175522,0.232448,0.592030,1.000
2026-09-19T05:18:02+08:00,2026-09-19T05:00:00+08:00,FB5429,2026-09-19 20:00,Chiangrai Utd,Sisaket Utd,Chiangrai United,Sisaket,Thailand ‐ Premier League,6,1.8090,3.4000,4.4860,0.516712,0.274921,0.208367,0.918
2026-09-19T05:18:02+08:00,2026-09-19T05:00:00+08:00,FB5430,2026-09-20 19:00,Chonburi,Buriram Utd,Chonburi,Buriram United,Thailand ‐ Premier League,6,6.9700,3.5500,1.5580,0.134462,0.263999,0.601539,0.940
2026-09-19T05:18:02+08:00,2026-09-19T05:00:00+08:00,FB5433,2026-09-20 07:30,Vasco da Gama,Coritiba,Vasco da Gama RJ,Coritiba PR,Brazil ‐ Serie A,7,1.5700,4.2000,6.1900,0.614460,0.229691,0.155849,0.940
2026-09-19T05:18:02+08:00,2026-09-19T05:00:00+08:00,FB5434,2026-09-20 03:00,Atletico Mineiro,Chapecoense,Atletico Mineiro MG,Chapecoense,Brazil ‐ Serie A,7,1.4550,4.8000,7.7100,0.670313,0.203189,0.126499,0.970
2026-09-19T05:18:02+08:00,2026-09-19T05:00:00+08:00,FB5435,2026-09-20 04:00,Mirassol,Botafogo,Mirassol SP,Botafogo RJ,Brazil ‐ Serie A,7,2.1800,3.6000,3.5200,0.449464,0.272175,0.278361,0.940
2026-09-19T05:18:02+08:00,2026-09-19T05:00:00+08:00,FB5436,2026-09-20 08:00,Sao Paulo,Internacional,Sao Paulo SP,Internacional RS,Brazil ‐ Serie A,7,1.9310,3.6100,4.1300,0.499386,0.267123,0.233490,0.940
2026-09-19T05:18:02+08:00,2026-09-19T05:00:00+08:00,FB5437,2026-09-20 21:00,Bournemouth,Liverpool,Bournemouth AFC,Liverpool,England ‐ Premier League,7,3.2200,3.9000,2.2280,0.305728,0.252421,0.441851,1.000
2026-09-19T05:18:02+08:00,2026-09-19T05:00:00+08:00,FB5439,2026-09-20 21:00,Manchester City,Sunderland,Manchester City,Sunderland,England ‐ Premier League,7,1.3190,6.0300,10.9000,0.746409,0.163269,0.090322,1.000
2026-09-19T05:18:02+08:00,2026-09-19T05:00:00+08:00,FB5440,2026-09-21 02:45,Marseille,Paris Saint Germain,Marseille,Paris Saint Germain,France ‐ Ligue 1,7,7.5000,5.4900,1.4280,0.131264,0.179323,0.689413,1.000
2026-09-19T05:18:02+08:00,2026-09-19T05:00:00+08:00,FB5444,2026-09-20 08:30,Sporting Kansas City,Philadelphia Union,Sporting Kansas City,Philadelphia Union,USA ‐ Major League Soccer,7,4.8950,4.6230,1.6570,0.199483,0.211219,0.589298,1.000
2026-09-19T05:18:02+08:00,2026-09-19T05:00:00+08:00,FB5445,2026-09-20 07:30,CF Montreal,Columbus Crew,Montreal Impact,Columbus Crew,USA ‐ Major League Soccer,7,2.5250,3.7550,2.7130,0.384151,0.258317,0.357531,0.970
2026-09-19T05:18:02+08:00,2026-09-19T05:00:00+08:00,FB5446,2026-09-20 10:30,Portland Timbers,Atlanta Utd,Portland Timbers,Atlanta United,USA ‐ Major League Soccer,7,2.1700,3.9810,3.1700,0.448505,0.244475,0.307020,0.940
2026-09-19T05:18:02+08:00,2026-09-19T05:00:00+08:00,FB5447,2026-09-20 09:30,Nashville SC,Chicago Fire,Nashville,Chicago Fire,USA ‐ Major League Soccer,7,1.8340,4.0330,4.2200,0.529284,0.240691,0.230025,1.000
2026-09-19T05:18:02+08:00,2026-09-19T05:00:00+08:00,FB5448,2026-09-20 07:30,New England Revolution,Orlando City,New England Revolution,Orlando City,USA ‐ Major League Soccer,7,1.9400,4.2160,3.7300,0.504984,0.232369,0.262646,1.000
2026-09-19T05:18:02+08:00,2026-09-19T05:00:00+08:00,FB5449,2026-09-20 08:30,FC Dallas,Austin FC,FC Dallas,Austin FC,USA ‐ Major League Soccer,7,1.7210,4.2200,4.6900,0.563453,0.229787,0.206760,1.000
2026-09-19T05:18:02+08:00,2026-09-19T05:00:00+08:00,FB5450,2026-09-20 08:30,St. Louis City SC,Toronto FC,Saint Louis FC,Toronto FC,USA ‐ Major League Soccer,7,1.6580,4.5320,5.0000,0.589121,0.215526,0.195353,0.833
2026-09-19T05:18:02+08:00,2026-09-19T05:00:00+08:00,FB5451,2026-09-20 09:30,Real Salt Lake,Vancouver Whitecaps,Real Salt Lake,Vancouver Whitecaps,USA ‐ Major League Soccer,7,3.9800,4.0600,1.8870,0.244531,0.239713,0.515757,1.000
2026-09-19T05:18:02+08:00,2026-09-19T05:00:00+08:00,FB5452,2026-09-20 08:30,Houston Dynamo,FC Cincinnati,Houston Dynamo,FC Cincinnati,USA ‐ Major League Soccer,7,1.9300,4.0500,3.7950,0.503751,0.240059,0.256190,1.000
2026-09-19T05:18:02+08:00,2026-09-19T05:00:00+08:00,FB5453,2026-09-20 07:30,San Jose Earthquakes,Los Angeles FC,San Jose Earthquakes,Los Angeles FC,USA ‐ Major League Soccer,7,3.0350,3.9140,2.2900,0.322503,0.250076,0.427422,1.000
2026-09-19T05:18:02+08:00,2026-09-19T05:00:00+08:00,FB5454,2026-09-20 09:30,Colorado Rapids,Seattle Sounders,Colorado Rapids,Seattle Sounders,USA ‐ Major League Soccer,7,1.9300,4.0000,3.8150,0.502917,0.242658,0.254425,1.000
2026-09-19T05:18:02+08:00,2026-09-19T05:00:00+08:00,FB5455,2026-09-20 08:30,Minnesota Utd,LA Galaxy,Minnesota United,LA Galaxy,USA ‐ Major League Soccer,7,1.6970,4.5700,4.5800,0.574099,0.213183,0.212718,0.948
2026-09-19T05:18:02+08:00,2026-09-19T05:00:00+08:00,FB5456,2026-09-20 07:30,DC United,Charlotte FC,Washington DC United,Charlotte FC,USA ‐ Major League Soccer,7,2.9200,3.7500,2.3780,0.332603,0.258987,0.408410,0.970
2026-09-19T05:18:02+08:00,2026-09-19T05:00:00+08:00,FB5457,2026-09-21 07:00,Inter Miami CF,San Diego FC,Inter Miami,San Diego FC,USA ‐ Major League Soccer,7,1.5230,5.3500,5.3700,0.637639,0.181519,0.180842,1.000
2026-09-19T05:18:02+08:00,2026-09-19T05:00:00+08:00,FB5461,2026-09-20 11:15,CF America,Guadalajara,Club America,Guadalajara Chivas,Mexico ‐ Primera Division,6,2.6500,3.8110,2.4810,0.361863,0.251624,0.386513,0.970
2026-09-19T05:18:02+08:00,2026-09-19T05:00:00+08:00,FB5462,2026-09-20 09:10,Monterrey,Cruz Azul,Monterrey,Cruz Azul,Mexico ‐ Primera Division,6,2.4200,3.8160,2.7000,0.395184,0.250614,0.354202,1.000
2026-09-19T05:18:02+08:00,2026-09-19T05:00:00+08:00,FB5464,2026-09-20 07:00,Atletico San Luis,Necaxa,Atletico San Luis,Necaxa,Mexico ‐ Primera Division,6,2.3840,3.5000,3.0200,0.404769,0.275705,0.319526,1.000
2026-09-19T05:18:02+08:00,2026-09-19T05:00:00+08:00,FB5465,2026-09-21 03:00,Corinthians,Fluminense,Corinthians SP,Fluminense RJ,Brazil ‐ Serie A,7,2.1970,3.1950,3.7780,0.440691,0.303036,0.256273,0.940
2026-09-19T05:18:02+08:00,2026-09-19T05:00:00+08:00,FB5466,2026-09-21 03:00,Vitoria,Cruzeiro,Vitoria BA,Cruzeiro MG,Brazil ‐ Serie A,7,3.0630,3.3200,2.4870,0.317038,0.292496,0.390466,0.940
2026-09-19T05:18:02+08:00,2026-09-19T05:00:00+08:00,FB5467,2026-09-21 05:30,Flamengo,RB Bragantino,Flamengo RJ,Bragantino SP,Brazil ‐ Serie A,7,1.3740,5.2600,8.3200,0.701085,0.183135,0.115780,0.855
2026-09-19T05:18:02+08:00,2026-09-19T05:00:00+08:00,FB5468,2026-09-21 06:30,Athletico Paranaense,Bahia,Atletico PR,Bahia BA,Brazil ‐ Serie A,7,2.1700,3.4600,3.4450,0.443053,0.277869,0.279078,0.825
2026-09-19T05:18:02+08:00,2026-09-19T05:00:00+08:00,FB5469,2026-09-20 22:00,Gremio,Palmeiras,Gremio RS,Palmeiras SP,Brazil ‐ Serie A,7,4.2240,3.7300,1.8890,0.228909,0.259226,0.511865,0.940
2026-09-19T05:18:02+08:00,2026-09-19T05:00:00+08:00,FB5470,2026-09-19 20:00,TPS Turku,Ilves,TPS Turku,Ilves Tampere,Finland ‐ Veikkausliiga,7,2.6200,3.7100,2.5990,0.368422,0.260179,0.371399,0.970
2026-09-19T05:18:02+08:00,2026-09-19T05:00:00+08:00,FB5472,2026-09-19 22:00,VPS Vaasa,KuPS,VPS Vaasa,KuPS Kuopio,Finland ‐ Veikkausliiga,7,3.1940,3.5100,2.2800,0.302037,0.274845,0.423117,0.970
2026-09-19T05:18:02+08:00,2026-09-19T05:00:00+08:00,FB5473,2026-09-19 22:15,FC Andorra,Gijon,Andorra CF,Sporting Gijon,Spain ‐ Segunda Division,7,2.0600,3.6300,3.7040,0.470888,0.267226,0.261887,0.970
2026-09-19T05:18:02+08:00,2026-09-19T05:00:00+08:00,FB5474,2026-09-19 23:00,Austria Lustenau,Rheindorf Altach,Austria Lustenau,SC Rheindorf Altach,Austria ‐ Bundesliga,7,3.0400,3.6600,2.3130,0.317974,0.264110,0.417917,1.000
2026-09-19T05:18:02+08:00,2026-09-19T05:00:00+08:00,FB5475,2026-09-20 00:00,Young Boys Bern,Servette,Young Boys,Servette,Switzerland ‐ Super League,7,1.7200,4.5210,4.4300,0.565384,0.215099,0.219517,0.970
2026-09-19T05:18:02+08:00,2026-09-19T05:00:00+08:00,FB5476,2026-09-20 00:00,Luzern,Grasshoppers,Luzern,Grasshopper,Switzerland ‐ Super League,7,1.7300,4.5920,4.2200,0.559693,0.210860,0.229447,0.970
2026-09-19T05:18:02+08:00,2026-09-19T05:00:00+08:00,FB5477,2026-09-20 00:15,Charleroi,Cercle Bruges,Royal Charleroi,Cercle Brugge,Belgium ‐ Pro League,7,1.8060,4.0750,4.1550,0.532525,0.236010,0.231466,0.932
2026-09-19T05:18:02+08:00,2026-09-19T05:00:00+08:00,FB5478,2026-09-20 02:30,Sion,Zurich,Sion,FC Zurich,Switzerland ‐ Super League,7,1.5050,4.8310,6.0900,0.641578,0.199871,0.158551,1.000
2026-09-19T05:18:02+08:00,2026-09-19T05:00:00+08:00,FB5479,2026-09-20 02:45,Anderlecht,Zulte Waregem,Anderlecht,Zulte Waregem,Belgium ‐ Pro League,7,1.7800,3.8870,4.6650,0.543626,0.248946,0.207428,1.000
2026-09-19T05:18:02+08:00,2026-09-19T05:00:00+08:00,FB5481,2026-09-20 19:00,Celtic,Rangers,Celtic,Glasgow Rangers,Scotland ‐ Premier League,7,2.2410,3.7200,3.0200,0.426535,0.256953,0.316512,0.970
2026-09-19T05:18:02+08:00,2026-09-19T05:00:00+08:00,FB5482,2026-09-20 23:00,Salzburg,Sturm Graz,Red Bull Salzburg,Sturm Graz,Austria ‐ Bundesliga,7,1.6900,4.6040,4.7400,0.580177,0.212967,0.206856,0.970
2026-09-19T05:18:02+08:00,2026-09-19T05:00:00+08:00,FB5483,2026-09-20 20:30,Hartberg,LASK Linz,TSV Hartberg,LASK Linz,Austria ‐ Bundesliga,7,11.0000,5.7600,1.2860,0.087234,0.166593,0.746172,0.970
2026-09-19T05:18:02+08:00,2026-09-19T05:00:00+08:00,FB5484,2026-09-20 19:30,Antwerp,Union Saint Gilloise,Royal Antwerp,Union Saint-Gilloise,Belgium ‐ Pro League,7,5.2300,4.1050,1.6320,0.182525,0.232547,0.584929,0.970
2026-09-19T05:18:02+08:00,2026-09-19T05:00:00+08:00,FB5485,2026-09-20 20:00,Vaduz,Thun,Vaduz,Thun,Switzerland ‐ Super League,7,2.3600,4.2500,2.6150,0.406871,0.225933,0.367195,1.000
2026-09-19T05:18:02+08:00,2026-09-19T05:00:00+08:00,FB5486,2026-09-20 20:00,Getafe,Malaga,Getafe,Malaga,Spain ‐ Primera Division,7,2.1030,3.2200,4.5000,0.471600,0.308005,0.220395,1.000
2026-09-19T05:18:02+08:00,2026-09-19T05:00:00+08:00,FB5487,2026-09-20 22:00,Sint Truiden,Westerlo,Sint-Truidense,Westerlo,Belgium ‐ Pro League,7,1.7240,4.1000,4.8100,0.562143,0.236374,0.201483,0.970
2026-09-19T05:18:02+08:00,2026-09-19T05:00:00+08:00,FB5488,2026-09-20 22:15,Ceuta,Valladolid,AD Ceuta,Real Valladolid,Spain ‐ Segunda Division,7,2.6740,3.3850,2.6900,0.359194,0.283748,0.357058,0.940
2026-09-19T05:18:02+08:00,2026-09-19T05:00:00+08:00,FB5489,2026-09-20 22:30,Lausanne,Lugano,Lausanne Sport,FC Lugano,Switzerland ‐ Super League,7,3.7100,4.0850,1.9000,0.259012,0.235234,0.505754,0.970
2026-09-19T05:18:02+08:00,2026-09-19T05:00:00+08:00,FB5490,2026-09-20 22:30,Basel,St. Gallen,Basel,St Gallen,Switzerland ‐ Super League,7,2.5730,4.0500,2.4640,0.373198,0.237096,0.389707,1.000
2026-09-19T05:18:02+08:00,2026-09-19T05:00:00+08:00,FB5491,2026-09-20 22:45,NEC Nijmegen,Go Ahead Eagles,NEC Nijmegen,Go Ahead Eagles,Netherlands ‐ Eredivisie,7,1.9600,4.3500,3.5900,0.500868,0.225678,0.273454,1.000
2026-09-19T05:18:02+08:00,2026-09-19T05:00:00+08:00,FB5492,2026-09-21 00:30,Deportivo,Betis,Deportivo La Coruna,Real Betis,Spain ‐ Primera Division,7,3.5560,3.7700,2.1670,0.279001,0.263164,0.457835,1.000
2026-09-19T05:18:02+08:00,2026-09-19T05:00:00+08:00,FB5493,2026-09-21 00:30,Bruges,Genk,Club Brugge,KRC Genk,Belgium ‐ Pro League,7,1.5460,4.7900,5.6400,0.626225,0.202118,0.171657,0.887
2026-09-19T05:18:02+08:00,2026-09-19T05:00:00+08:00,FB5494,2026-09-21 00:30,Villarreal,Levante,Villarreal,Levante,Spain ‐ Primera Division,7,1.5400,4.8750,6.2100,0.639433,0.201995,0.158571,1.000
2026-09-19T05:18:02+08:00,2026-09-19T05:00:00+08:00,FB5495,2026-09-21 00:30,Las Palmas,Burgos,Las Palmas,Burgos CF,Spain ‐ Segunda Division,7,2.1060,3.2000,4.3000,0.465573,0.306405,0.228022,1.000
2026-09-19T05:18:02+08:00,2026-09-19T05:00:00+08:00,FB5496,2026-09-21 01:15,KV Kortrijk,SK Beveren,Kortrijk,Waasland Beveren,Belgium ‐ Pro League,7,2.6080,3.5500,2.7140,0.370976,0.272537,0.356487,0.816
2026-09-19T05:18:02+08:00,2026-09-19T05:00:00+08:00,FB5497,2026-09-21 00:00,Juventus,Atalanta,Juventus,Atalanta,Italy ‐ Serie A,7,1.7400,3.9950,5.3100,0.567142,0.247015,0.185843,1.000
2026-09-19T05:18:02+08:00,2026-09-19T05:00:00+08:00,FB5498,2026-09-21 03:58,Rosario Central,Argentinos Juniors,Rosario Central,Argentinos Juniors,Argentina ‐ Liga Profesional,7,2.3480,3.0500,3.4670,0.408651,0.314594,0.276756,1.000
2026-09-19T05:18:02+08:00,2026-09-19T05:00:00+08:00,FB5499,2026-09-20 01:28,Gimnasia LP,Banfield,Gimnasia La Plata,Banfield,Argentina ‐ Liga Profesional,7,1.8590,3.5600,4.6400,0.520065,0.271573,0.208362,0.893
2026-09-19T05:18:02+08:00,2026-09-19T05:00:00+08:00,FB5500,2026-09-21 01:43,San Lorenzo,Boca Juniors,San Lorenzo,Boca Juniors,Argentina ‐ Liga Profesional,7,3.7620,3.0700,2.2100,0.254604,0.311993,0.433403,1.000
2026-09-19T05:18:02+08:00,2026-09-19T05:00:00+08:00,FB5503,2026-09-20 01:28,Gimnasia Mendoza,Deportivo Riestra,Gimnasia Mendoza,Deportivo Riestra,Argentina ‐ Liga Profesional,7,2.2800,2.9600,4.0900,0.429604,0.330911,0.239486,1.000
2026-09-19T05:18:02+08:00,2026-09-19T05:00:00+08:00,FB5504,2026-09-20 08:13,Instituto de Cordoba,Talleres,Instituto AC Cordoba,Talleres de Cordoba,Argentina ‐ Liga Profesional,7,1.9800,3.2000,4.5000,0.485732,0.300546,0.213722,0.929
2026-09-19T05:18:02+08:00,2026-09-19T05:00:00+08:00,FB5505,2026-09-21 03:58,CA Platense,Newell's Old Boys,CA Platense,Newells Old Boys,Argentina ‐ Liga Profesional,7,2.2000,3.0550,3.8150,0.435388,0.313536,0.251076,0.985
2026-09-19T05:18:02+08:00,2026-09-19T05:00:00+08:00,FB5506,2026-09-20 03:43,Union Santa Fe,Independiente,Union Santa Fe,CA Independiente Avellaneda,Argentina ‐ Liga Profesional,7,2.5200,3.0600,3.2360,0.384280,0.316466,0.299254,0.970
2026-09-19T05:18:02+08:00,2026-09-19T05:00:00+08:00,FB5509,2026-09-21 03:00,Valencia,Real Sociedad,Valencia,Real Sociedad,Spain ‐ Primera Division,7,2.8170,3.4950,2.7050,0.351196,0.283067,0.365737,1.000
2026-09-19T05:18:02+08:00,2026-09-19T05:00:00+08:00,FB5510,2026-09-21 03:00,Leganes,CF Granada,CD Leganes,Granada CF,Spain ‐ Segunda Division,7,2.0740,3.3000,3.9800,0.465205,0.292374,0.242421,0.970
2026-09-19T05:18:02+08:00,2026-09-19T05:00:00+08:00,FB5511,2026-09-21 01:30,Paderborn,Hoffenheim,Paderborn,TSG Hoffenheim,Germany ‐ Bundesliga,7,4.5650,4.6150,1.7240,0.215653,0.213317,0.571030,0.970
2026-09-19T05:18:02+08:00,2026-09-19T05:00:00+08:00,FB5512,2026-09-19 21:00,Brommapojkarna,Goteborg,Brommapojkarna,IFK Goteborg,Sweden ‐ Allsvenskan,7,3.0200,3.6100,2.3210,0.318702,0.266615,0.414683,0.970
2026-09-19T05:18:02+08:00,2026-09-19T05:00:00+08:00,FB5513,2026-09-19 21:00,Vasteras SK,Malmo,Vasteras SK,Malmo,Sweden ‐ Allsvenskan,7,3.2410,3.7600,2.2100,0.300437,0.258967,0.440596,1.000
2026-09-19T05:18:02+08:00,2026-09-19T05:00:00+08:00,FB5514,2026-09-20 20:00,Djurgardens,Elfsborg,Djurgardens IF,Elfsborg,Sweden ‐ Allsvenskan,7,1.5830,4.3330,5.4000,0.602960,0.220283,0.176757,1.000
2026-09-19T05:18:02+08:00,2026-09-19T05:00:00+08:00,FB5515,2026-09-20 20:00,Kalmar,Hacken,Kalmar FF,BK Hacken,Sweden ‐ Allsvenskan,7,2.8310,3.5540,2.4200,0.337109,0.268530,0.394361,0.940
2026-09-19T05:18:02+08:00,2026-09-19T05:00:00+08:00,FB5516,2026-09-20 20:00,Halmstads,AIK Solna,Halmstads,AIK Solna,Sweden ‐ Allsvenskan,7,3.2050,3.9500,2.1600,0.303473,0.246235,0.450292,1.000
2026-09-19T05:18:02+08:00,2026-09-19T05:00:00+08:00,FB5518,2026-09-19 20:00,Guingamp,Red Star,Guingamp,Red Star FC,France ‐ Ligue 2,7,2.4000,3.5680,2.9010,0.400009,0.269064,0.330927,1.000
2026-09-19T05:18:02+08:00,2026-09-19T05:00:00+08:00,FB5519,2026-09-19 19:30,Burton Albion,Mansfield,Burton Albion,Mansfield Town,England ‐ League 1,7,2.5190,3.4500,2.9100,0.385241,0.281281,0.333478,0.970
2026-09-19T05:18:02+08:00,2026-09-19T05:00:00+08:00,FB5520,2026-09-19 19:30,Barnsley,Leicester,Barnsley,Leicester City,England ‐ League 1,7,3.2450,3.8700,2.1000,0.295531,0.247803,0.456666,0.970
2026-09-19T05:18:02+08:00,2026-09-19T05:00:00+08:00,FB5521,2026-09-19 19:30,Cardiff,Charlton,Cardiff City,Charlton Athletic,England ‐ Championship,7,1.8100,4.1200,4.2420,0.535904,0.235434,0.228662,0.940
2026-09-19T05:18:02+08:00,2026-09-19T05:00:00+08:00,FB5522,2026-09-19 22:00,Blackpool,Plymouth,Blackpool,Plymouth Argyle,England ‐ League 1,7,2.7280,3.8900,2.4380,0.354580,0.248662,0.396758,0.970
2026-09-19T05:18:02+08:00,2026-09-19T05:00:00+08:00,FB5523,2026-09-19 22:00,Sheff Wednesday,Stockport,Sheffield Wednesday,Stockport County,England ‐ League 1,7,2.8720,3.9300,2.3130,0.336421,0.245853,0.417726,0.911
2026-09-19T05:18:02+08:00,2026-09-19T05:00:00+08:00,FB5524,2026-09-19 19:30,Rochdale,Oldham,Rochdale AFC,Oldham Athletic,England ‐ League 2,7,3.8100,3.7100,2.0000,0.254326,0.261182,0.484492,0.970
2026-09-19T05:18:02+08:00,2026-09-19T05:00:00+08:00,FB5525,2026-09-19 19:30,Walsall,Port Vale,Walsall,Port Vale,England ‐ League 2,7,2.5100,3.3170,2.9690,0.384303,0.290805,0.324891,1.000
2026-09-19T05:18:02+08:00,2026-09-19T05:00:00+08:00,FB5526,2026-09-19 22:00,Luton,Bradford,Luton Town,Bradford City,England ‐ League 1,7,2.1390,3.6900,3.4230,0.453604,0.262943,0.283453,0.940
2026-09-19T05:18:02+08:00,2026-09-19T05:00:00+08:00,FB5527,2026-09-19 22:00,Portsmouth,Blackburn,Portsmouth,Blackburn Rovers,England ‐ Championship,7,2.1800,3.5000,3.4450,0.443330,0.276131,0.280539,0.970
2026-09-19T05:18:02+08:00,2026-09-19T05:00:00+08:00,FB5528,2026-09-19 22:00,Burnley,Derby,Burnley,Derby County,England ‐ Championship,7,1.7820,3.9100,4.5200,0.540540,0.246353,0.213107,0.970
2026-09-19T05:18:02+08:00,2026-09-19T05:00:00+08:00,FB5529,2026-09-19 22:00,Wrexham,Southampton,Wrexham,Southampton,England ‐ Championship,7,2.9700,3.6700,2.3530,0.325576,0.263477,0.410948,1.000
2026-09-19T05:18:02+08:00,2026-09-19T05:00:00+08:00,FB5531,2026-09-19 22:00,Lincoln City,Swansea,Lincoln City,Swansea,England ‐ Championship,7,2.9600,3.5000,2.4670,0.328348,0.277688,0.393964,1.000
2026-09-19T05:18:02+08:00,2026-09-19T05:00:00+08:00,FB5532,2026-09-19 22:00,Oxford Utd,Cambridge Utd,Oxford United,Cambridge United,England ‐ League 1,7,2.1500,3.5400,3.5460,0.451740,0.274362,0.273898,0.883
2026-09-19T05:18:02+08:00,2026-09-19T05:00:00+08:00,FB5533,2026-09-19 22:00,Birmingham,Middlesbrough,Birmingham City,Middlesbrough,England ‐ Championship,7,2.8700,3.6500,2.4200,0.336445,0.264547,0.399007,0.970
2026-09-19T05:18:02+08:00,2026-09-19T05:00:00+08:00,FB5534,2026-09-19 19:30,Millwall,West Ham,Millwall,West Ham United,England ‐ Championship,7,4.2700,3.9000,1.8680,0.228272,0.249929,0.521799,0.970
2026-09-19T05:18:02+08:00,2026-09-19T05:00:00+08:00,FB5535,2026-09-19 19:30,Stoke,Sheff Utd,Stoke City,Sheffield United,England ‐ Championship,7,2.3980,3.4700,3.0590,0.404043,0.279221,0.316736,0.830
2026-09-19T05:18:02+08:00,2026-09-19T05:00:00+08:00,FB5537,2026-09-20 20:30,Norwich,Bolton,Norwich City,Bolton Wanderers,England ‐ Championship,7,1.4880,4.7600,5.9380,0.639716,0.199978,0.160306,0.970
2026-09-19T05:18:02+08:00,2026-09-19T05:00:00+08:00,FB5538,2026-09-19 10:00,San Diego Wave Women,Kansas City Current Women,San Diego Wave Women,Kansas City Women,USA ‐ NWSL Women,6,2.2100,3.7500,2.8180,0.421305,0.248289,0.330406,0.905
2026-09-19T05:18:02+08:00,2026-09-19T05:00:00+08:00,FB5539,2026-09-20 05:58,River Plate,Huracan,River Plate,Atletico Huracan,Argentina ‐ Liga Profesional,7,1.5410,3.8100,7.3740,0.619794,0.250683,0.129523,0.970
2026-09-19T05:18:02+08:00,2026-09-19T05:00:00+08:00,FB5540,2026-09-19 23:30,Orgryte,Sirius,Orgryte,Sirius,Sweden ‐ Allsvenskan,7,5.6700,4.6710,1.5360,0.169340,0.205557,0.625103,1.000
2026-09-19T05:18:02+08:00,2026-09-19T05:00:00+08:00,FB5541,2026-09-20 10:00,Phoenix Rising,El Paso Locomotive,Phoenix Rising,El Paso Locomotive,USA ‐ USL League One,6,2.2600,3.6000,3.1240,0.425313,0.267002,0.307685,1.000
2026-09-19T05:18:02+08:00,2026-09-19T05:00:00+08:00,FB5543,2026-09-20 00:15,Al Wasl,Al Ain,Al Wasl Dubai,Al Ain FC,United Arab Emirates ‐ League Cup,3,2.8300,3.5000,2.2100,0.323717,0.261749,0.414534,0.970
2026-09-19T05:18:02+08:00,2026-09-19T05:00:00+08:00,FB5544,2026-09-19 21:30,Kalba FC,Khor Fakkan,Al Ittihad Kalba,Al-Khaleej Khor Fakkan,United Arab Emirates ‐ League Cup,3,2.1600,3.5680,2.7890,0.420194,0.254378,0.325428,0.940
2026-09-19T05:18:02+08:00,2026-09-19T05:00:00+08:00,FB5545,2026-09-20 23:00,Viking,Lillestrom,Viking,Lillestrom SK,Norway ‐ Tippeligaen,7,1.4300,5.4750,6.4100,0.673729,0.175969,0.150301,1.000
2026-09-19T05:18:02+08:00,2026-09-19T05:00:00+08:00,FB5546,2026-09-21 07:00,Sacramento Republic,San Antonio FC,Sacramento Republic,San Antonio Scorpions,USA ‐ USL League One,6,1.8950,3.4110,4.1800,0.497784,0.276546,0.225670,0.970
2026-09-19T05:18:02+08:00,2026-09-19T05:00:00+08:00,FB5547,2026-09-21 07:00,Tapatio,Tlaxcala,Deportivo Tapatio,Tlaxcala,Mexico ‐ Liga de Expansion,5,1.9090,3.6000,3.5300,0.482842,0.256040,0.261118,0.970
2026-09-19T05:18:02+08:00,2026-09-19T05:00:00+08:00,FB5550,2026-09-21 06:13,Belgrano,Estudiantes Rio Cuarto,Belgrano de Cordoba,Estudiantes Rio Cuarto,Argentina ‐ Liga Profesional,7,1.4700,4.2250,8.3500,0.656178,0.228303,0.115519,0.970
2026-09-19T05:18:02+08:00,2026-09-19T05:00:00+08:00,FB5551,2026-09-21 05:00,Indy Eleven,Oakland Roots,Indy Eleven,Oakland Roots SC,USA ‐ USL League One,6,1.9710,3.8100,3.4110,0.477291,0.246913,0.275796,1.000
2026-09-19T05:18:02+08:00,2026-09-19T05:00:00+08:00,FB5552,2026-09-20 09:00,Cancun FC,Oaxaca,Cancun FC,Alebrijes de Oaxaca,Mexico ‐ Liga de Expansion,5,1.8500,3.7500,3.8250,0.505819,0.249537,0.244644,0.970
2026-09-19T05:18:02+08:00,2026-09-19T05:00:00+08:00,FB5554,2026-09-20 22:30,Mjallby,GAIS,Mjallby,GAIS Goteborg,Sweden ‐ Allsvenskan,7,2.7250,3.6000,2.4600,0.349081,0.264235,0.386685,0.970
2026-09-19T05:18:02+08:00,2026-09-19T05:00:00+08:00,FB5555,2026-09-20 22:30,Degerfors,Hammarby,Degerfors,Hammarby IF,Sweden ‐ Allsvenskan,7,9.4000,5.5000,1.3310,0.102339,0.174907,0.722754,1.000
2026-09-19T05:18:02+08:00,2026-09-19T05:00:00+08:00,FB5556,2026-09-20 10:30,Las Vegas Lights,Hartford Athletic,Las Vegas Lights,Hartford Athletic,USA ‐ USL League One,6,2.0810,3.6100,3.3000,0.453091,0.261186,0.285722,1.000
2026-09-19T05:18:02+08:00,2026-09-19T05:00:00+08:00,FB5557,2026-09-19 20:00,Real Sociedad B,Mallorca,Real Sociedad II,Mallorca,Spain ‐ Segunda Division,7,4.0700,3.7500,1.9080,0.237053,0.257282,0.505664,0.952
2026-09-19T05:18:02+08:00,2026-09-19T05:00:00+08:00,FB5558,2026-09-20 00:15,Ajman Club,Sharjah FC,Ajman Club,Al Sharjah,United Arab Emirates ‐ League Cup,3,3.3000,3.4500,2.0000,0.277275,0.265220,0.457505,0.970
2026-09-19T05:18:02+08:00,2026-09-19T05:00:00+08:00,FB5559,2026-09-20 01:30,Grazer AK,Austria Vienna,Grazer AK,Austria Wien,Austria ‐ Bundesliga,7,2.5300,3.4500,2.8820,0.382966,0.280842,0.336192,0.923
2026-09-19T05:18:02+08:00,2026-09-19T05:00:00+08:00,FB5560,2026-09-20 07:00,Louisville City,Loudoun Utd,Louisville City FC,Loudoun United,USA ‐ USL League One,6,1.4300,5.1000,6.4700,0.666040,0.186752,0.147208,0.940
2026-09-19T05:18:02+08:00,2026-09-19T05:00:00+08:00,FB5562,2026-09-19 19:45,Chelsea Women,Birmingham Women,Chelsea Women,Birmingham City Women,England ‐ Super League Women,6,1.0710,13.0000,23.0000,0.885779,0.072975,0.041246,0.932
2026-09-19T05:18:02+08:00,2026-09-19T05:00:00+08:00,FB5564,2026-09-20 02:00,Metz,St. Etienne,Metz,Saint Etienne,France ‐ Ligue 2,7,3.6100,3.6300,2.0650,0.267189,0.265717,0.467095,0.935
2026-09-19T07:23:42+08:00,2026-09-19T07:00:00+08:00,FB5268,2026-09-19 07:30,New York City,New York Red Bulls,New York City,New York Red Bulls,USA ‐ Major League Soccer,7,1.9200,4.0400,3.9400,0.509539,0.242157,0.248303,1.000
2026-09-19T07:23:42+08:00,2026-09-19T07:00:00+08:00,FB5269,2026-09-19 11:00,Juarez,Tigres UANL,FC Juarez,Tigres UANL,Mexico ‐ Primera Division,7,4.2400,3.7000,1.9200,0.229659,0.263177,0.507164,1.000
2026-09-19T07:23:42+08:00,2026-09-19T07:00:00+08:00,FB5270,2026-09-19 09:00,Puebla,Atlante,Puebla,Atlante,Mexico ‐ Primera Division,7,2.4000,3.5500,3.0310,0.405207,0.273943,0.320850,1.000
2026-09-19T07:23:42+08:00,2026-09-19T07:00:00+08:00,FB5289,2026-09-19 22:00,Brighton,Arsenal,Brighton & Hove Albion,Arsenal,England ‐ Premier League,7,4.9500,4.2100,1.7530,0.200020,0.235178,0.564802,0.970
2026-09-19T07:23:42+08:00,2026-09-19T07:00:00+08:00,FB5292,2026-09-19 08:13,Racing Club,Sarmiento,Racing Club,Sarmiento Junin,Argentina ‐ Liga Profesional,7,1.8900,3.4600,4.7460,0.514278,0.280921,0.204801,1.000
2026-09-19T07:23:42+08:00,2026-09-19T07:00:00+08:00,FB5300,2026-09-19 07:28,Ceara,Novorizontino,Ceara,Novorizontino SP,Brazil ‐ Serie B,7,3.0280,3.3200,2.4900,0.319682,0.291565,0.388753,0.970
2026-09-19T07:23:42+08:00,2026-09-19T07:00:00+08:00,FB5303,2026-09-19 07:58,Sao Bernardo,Atletico Goianiense,Sao Bernardo SP,Atletico GO,Brazil ‐ Serie B,7,2.7010,3.0500,2.9570,0.357271,0.316389,0.326340,0.940
2026-09-19T07:23:42+08:00,2026-09-19T07:00:00+08:00,FB5305,2026-09-19 09:00,Piratas FC,Venados,Piratas de Veracruz FC,Venados,Mexico ‐ Liga de Expansion,6,1.6150,4.3330,4.7000,0.582636,0.217161,0.200204,0.970
2026-09-19T07:23:42+08:00,2026-09-19T07:00:00+08:00,FB5306,2026-09-19 09:00,Tepatitlan,Mineros Zacatecas,Tepatitlan,Mineros de Zacatecas,Mexico ‐ Liga de Expansion,6,3.5550,4.2000,1.8730,0.267062,0.226049,0.506890,0.959
2026-09-19T07:23:42+08:00,2026-09-19T07:00:00+08:00,FB5308,2026-09-19 22:57,Boston River,CA Progresso,CA Boston River,CA Progreso,Uruguay ‐ Primera Division,6,1.9580,3.4300,4.1750,0.490238,0.279850,0.229913,0.948
2026-09-19T07:23:42+08:00,2026-09-19T07:00:00+08:00,FB5309,2026-09-20 05:27,Deportivo Maldonado,Cerro Largo,Deportivo Maldonado,Cerro Largo,Uruguay ‐ Primera Division,6,1.7140,3.7400,5.1780,0.558876,0.256127,0.184997,1.000
2026-09-19T07:23:42+08:00,2026-09-19T07:00:00+08:00,FB5310,2026-09-19 13:00,Hokkaido Consadole Sapporo,Oita Trinita,Consadole Sapporo,Oita Trinita,Japan ‐ J2 League,7,2.4600,3.2500,3.0490,0.390054,0.295241,0.314704,1.000
2026-09-19T07:23:42+08:00,2026-09-19T07:00:00+08:00,FB5312,2026-09-19 15:30,Jeonnam Dragons,Suwon FC,Jeonnam Dragons,Suwon City,South Korea ‐ K-League Challenge,7,3.7270,3.9700,1.9250,0.258072,0.242275,0.499653,0.970
2026-09-19T07:23:42+08:00,2026-09-19T07:00:00+08:00,FB5314,2026-09-19 17:00,Avispa Fukuoka,Sanfrecce Hiroshima,Avispa Fukuoka,Sanfrecce Hiroshima,Japan ‐ J League,7,4.7770,4.1000,1.7370,0.203448,0.237041,0.559511,1.000
2026-09-19T07:23:42+08:00,2026-09-19T07:00:00+08:00,FB5315,2026-09-19 17:00,Kawasaki Frontale,Kashima Antlers,Kawasaki Frontale,Kashima Antlers,Japan ‐ J League,7,2.7200,3.7500,2.5800,0.359764,0.260949,0.379286,1.000
2026-09-19T07:23:42+08:00,2026-09-19T07:00:00+08:00,FB5316,2026-09-19 17:30,V-Varen Nagasaki,Cerezo Osaka,V-Varen Nagasaki,Cerezo Osaka,Japan ‐ J League,7,3.6050,3.8000,2.0800,0.271602,0.257665,0.470733,1.000
2026-09-19T07:23:42+08:00,2026-09-19T07:00:00+08:00,FB5317,2026-09-19 17:30,Urawa Reds,Tokyo Verdy,Urawa Red Diamonds,Tokyo Verdy,Japan ‐ J League,7,1.8690,3.7000,4.8270,0.528448,0.266938,0.204614,0.857
2026-09-19T07:23:42+08:00,2026-09-19T07:00:00+08:00,FB5318,2026-09-19 18:00,FC Anyang,Ulsan HD,FC Anyang,Ulsan Hyundai,South Korea ‐ K-League Classic,7,3.6100,3.6700,2.0700,0.268268,0.263882,0.467849,0.881
2026-09-19T07:23:42+08:00,2026-09-19T07:00:00+08:00,FB5319,2026-09-19 18:00,Gimpo FC,Busan I'Park,Gimpo Citizen FC,Busan I Park,South Korea ‐ K-League Challenge,7,2.5600,3.4500,2.8300,0.377840,0.280368,0.341792,1.000
2026-09-19T07:23:42+08:00,2026-09-19T07:00:00+08:00,FB5320,2026-09-19 18:00,Seoul E-Land,Daegu FC,Seoul E-Land,Daegu FC,South Korea ‐ K-League Challenge,7,2.1600,3.9200,3.0830,0.444121,0.244720,0.311159,1.000
2026-09-19T07:23:42+08:00,2026-09-19T07:00:00+08:00,FB5321,2026-09-19 18:00,Montedio Yamagata,Kataller Toyama,Montedio Yamagata,Kataller Toyama,Japan ‐ J2 League,7,2.7800,3.7500,2.3960,0.344637,0.255491,0.399871,1.000
2026-09-19T07:23:42+08:00,2026-09-19T07:00:00+08:00,FB5322,2026-09-19 18:00,Albirex Niigata,Jubilo Iwata,Albirex Niigata,Jubilo Iwata,Japan ‐ J2 League,7,3.4350,3.4000,2.2200,0.281089,0.283983,0.434928,1.000
2026-09-19T07:23:42+08:00,2026-09-19T07:00:00+08:00,FB5323,2026-09-19 18:00,Sagan Tosu,Iwaki FC,Sagan Tosu,Iwaki,Japan ‐ J2 League,7,2.0090,3.5000,3.9000,0.478669,0.274756,0.246576,1.000
2026-09-19T07:23:42+08:00,2026-09-19T07:00:00+08:00,FB5324,2026-09-19 18:00,Shonan Bellmare,Blaublitz Akita,Shonan Bellmare,Blaublitz Akita,Japan ‐ J2 League,7,2.1970,3.3000,3.5800,0.438703,0.292070,0.269227,1.000
2026-09-19T07:23:42+08:00,2026-09-19T07:00:00+08:00,FB5325,2026-09-19 18:00,FC Yokohama,FC Imabari,Yokohama FC,Imabari,Japan ‐ J2 League,7,1.6700,4.0700,5.0700,0.574809,0.235855,0.189336,1.000
2026-09-19T07:23:42+08:00,2026-09-19T07:00:00+08:00,FB5326,2026-09-19 18:00,Fagiano Okayama,Kyoto Sanga,Fagiano Okayama,Kyoto Sanga,Japan ‐ J League,7,1.9090,3.8500,4.3000,0.515518,0.255616,0.228866,1.000
2026-09-19T07:23:42+08:00,2026-09-19T07:00:00+08:00,FB5327,2026-09-19 18:00,FC Tokyo,Nagoya Grampus,FC Tokyo,Nagoya Grampus,Japan ‐ J League,7,1.7420,4.3100,4.4940,0.558097,0.225569,0.216334,1.000
2026-09-19T07:23:42+08:00,2026-09-19T07:00:00+08:00,FB5328,2026-09-19 18:30,Yokohama F.Marinos,Mito Hollyhock,Yokohama F Marinos,Mito Hollyhock,Japan ‐ J League,7,2.0600,3.8500,3.5910,0.474221,0.253739,0.272040,1.000
2026-09-19T07:23:42+08:00,2026-09-19T07:00:00+08:00,FB5329,2026-09-19 19:00,Kaiserslautern,Braunschweig,Kaiserslautern,Eintracht Braunschweig,Germany ‐ Bundesliga 2,7,2.0290,4.0000,3.6100,0.483255,0.245131,0.271614,0.970
2026-09-19T07:23:42+08:00,2026-09-19T07:00:00+08:00,FB5330,2026-09-19 19:00,Holstein Kiel,Osnabruck,Holstein Kiel,VfL Osnabruck,Germany ‐ Bundesliga 2,7,1.7950,4.2900,4.2140,0.542189,0.226860,0.230951,1.000
2026-09-19T07:23:42+08:00,2026-09-19T07:00:00+08:00,FB5331,2026-09-19 20:00,Osasuna,Vallecano,Osasuna,Rayo Vallecano,Spain ‐ Primera Division,7,2.6400,3.3850,3.0250,0.376983,0.294013,0.329003,0.970
2026-09-19T07:23:42+08:00,2026-09-19T07:00:00+08:00,FB5332,2026-09-19 21:30,Werder Bremen,Augsburg,Werder Bremen,Augsburg,Germany ‐ Bundesliga,7,2.4420,3.9650,2.8270,0.403274,0.248372,0.348354,1.000
2026-09-19T07:23:42+08:00,2026-09-19T07:00:00+08:00,FB5333,2026-09-19 22:15,Bilbao,Alaves,Athletic Bilbao,Alaves,Spain ‐ Primera Division,7,1.7060,4.0500,5.9000,0.584663,0.246280,0.169057,0.970
2026-09-19T07:23:42+08:00,2026-09-19T07:00:00+08:00,FB5334,2026-09-19 22:30,Den Haag,Cambuur,ADO Den Haag,Cambuur-Leeuwarden,Netherlands ‐ Eredivisie,7,1.8370,4.1500,4.0240,0.526548,0.233077,0.240375,0.940
2026-09-19T07:23:42+08:00,2026-09-19T07:00:00+08:00,FB5335,2026-09-19 22:30,Vitesse,Jong PSV Eindhoven,Vitesse Arnhem,Jong PSV Eindhoven,Netherlands ‐ Eerste Divisie,7,1.6120,4.6400,4.7000,0.591579,0.205523,0.202899,0.970
2026-09-19T07:23:42+08:00,2026-09-19T07:00:00+08:00,FB5336,2026-09-20 00:30,Stuttgart,Dortmund,VfB Stuttgart,Borussia Dortmund,Germany ‐ Bundesliga,7,2.5100,3.8500,2.8150,0.393144,0.256309,0.350547,0.940
2026-09-19T07:23:42+08:00,2026-09-19T07:00:00+08:00,FB5337,2026-09-20 00:30,Celta Vigo,Santander,Celta Vigo,Racing Santander,Spain ‐ Primera Division,7,1.8570,4.1300,4.3600,0.533176,0.239735,0.227089,1.000
2026-09-19T07:23:42+08:00,2026-09-19T07:00:00+08:00,FB5338,2026-09-20 00:45,Sparta Rotterdam,Heerenveen,Sparta Rotterdam,Heerenveen,Netherlands ‐ Eredivisie,7,2.5500,3.8500,2.6650,0.381798,0.252879,0.365323,1.000
2026-09-19T07:23:42+08:00,2026-09-19T07:00:00+08:00,FB5339,2026-09-20 23:30,Fulham,Manchester Utd,Fulham,Manchester United,England ‐ Premier League,7,3.6350,3.8650,2.0900,0.271759,0.255587,0.472653,0.952
2026-09-19T07:23:42+08:00,2026-09-19T07:00:00+08:00,FB5340,2026-09-19 22:00,Everton,Ipswich,Everton,Ipswich Town,England ‐ Premier League,7,1.8590,3.9550,4.4500,0.529720,0.248988,0.221292,0.970
2026-09-19T07:23:42+08:00,2026-09-19T07:00:00+08:00,FB5341,2026-09-20 00:30,Nottingham Forest,Coventry,Nottingham Forest,Coventry City,England ‐ Premier League,7,1.6950,4.1050,5.7080,0.584842,0.241488,0.173670,1.000
2026-09-19T07:23:42+08:00,2026-09-19T07:00:00+08:00,FB5342,2026-09-19 19:30,Tottenham,Aston Villa,Tottenham Hotspur,Aston Villa,England ‐ Premier League,7,2.0870,3.6800,3.7800,0.471868,0.267606,0.260526,0.970
2026-09-19T07:23:42+08:00,2026-09-19T07:00:00+08:00,FB5343,2026-09-19 22:00,Newcastle,Hull City,Newcastle United,Hull City,England ‐ Premier League,7,1.6340,4.5200,5.4900,0.602723,0.217887,0.179390,0.970
2026-09-19T07:23:42+08:00,2026-09-19T07:00:00+08:00,FB5344,2026-09-20 02:00,Ajax,Excelsior,Ajax Amsterdam,SBV Excelsior,Netherlands ‐ Eredivisie,7,1.2190,7.9500,11.7000,0.795215,0.121933,0.082852,0.940
2026-09-19T07:23:42+08:00,2026-09-19T07:00:00+08:00,FB5345,2026-09-20 02:30,Dresden,Hertha Berlin,Dynamo Dresden,Hertha Berlin,Germany ‐ Bundesliga 2,7,2.7690,4.1090,2.3760,0.352201,0.237343,0.410456,0.970
2026-09-19T07:23:42+08:00,2026-09-19T07:00:00+08:00,FB5346,2026-09-20 03:00,Willem II,Fortuna Sittard,Willem II Tilburg,Fortuna Sittard,Netherlands ‐ Eredivisie,7,2.6700,3.9000,2.5000,0.363291,0.248715,0.387995,0.970
2026-09-19T07:23:42+08:00,2026-09-19T07:00:00+08:00,FB5347,2026-09-20 03:00,Sevilla,Barcelona,Sevilla,Barcelona,Spain ‐ Primera Division,7,12.8800,7.6000,1.2500,0.076931,0.130377,0.792692,1.000
2026-09-19T07:23:42+08:00,2026-09-19T07:00:00+08:00,FB5348,2026-09-20 15:30,Jeonbuk Motors,Gwangju FC,Jeonbuk Hyundai Motors,Gwangju FC,South Korea ‐ K-League Classic,7,1.4100,4.9390,7.6660,0.680544,0.194284,0.125172,0.889
2026-09-19T07:23:42+08:00,2026-09-19T07:00:00+08:00,FB5350,2026-09-20 18:00,Incheon Utd,Daejeon Citizen,Incheon United,Daejeon Citizen,South Korea ‐ K-League Classic,7,2.7830,3.4500,2.5700,0.346075,0.279167,0.374758,0.940
2026-09-19T07:23:42+08:00,2026-09-19T07:00:00+08:00,FB5351,2026-09-20 18:00,Seongnam FC,Hwaseong FC,Seongnam Ilhwa Chunma,Hwaseong FC,South Korea ‐ K-League Challenge,7,2.7400,3.3000,2.5900,0.346234,0.287479,0.366286,0.970
2026-09-19T07:23:42+08:00,2026-09-19T07:00:00+08:00,FB5353,2026-09-19 22:00,Dundee,Motherwell,Dundee FC,Motherwell,Scotland ‐ Premier League,7,3.1400,3.4710,2.3500,0.308565,0.279140,0.412295,1.000
2026-09-19T07:23:42+08:00,2026-09-19T07:00:00+08:00,FB5355,2026-09-20 18:15,Feyenoord,Utrecht,Feyenoord Rotterdam,Utrecht,Netherlands ‐ Eredivisie,7,1.2900,6.4200,9.8000,0.750431,0.150788,0.098781,0.970
2026-09-19T07:23:42+08:00,2026-09-19T07:00:00+08:00,FB5356,2026-09-19 22:00,St. Mirren,Dundee Utd,Saint Mirren,Dundee United,Scotland ‐ Premier League,7,2.4030,3.7000,2.8500,0.401185,0.260553,0.338262,0.863
2026-09-19T07:23:42+08:00,2026-09-19T07:00:00+08:00,FB5357,2026-09-19 22:00,Hibernian,Aberdeen,Hibernian,Aberdeen,Scotland ‐ Premier League,7,1.7740,3.9900,4.5290,0.544571,0.242122,0.213307,1.000
2026-09-19T07:23:42+08:00,2026-09-19T07:00:00+08:00,FB5358,2026-09-19 22:00,St. Johnstone,Falkirk,St. Johnstone,Falkirk,Scotland ‐ Premier League,7,2.0870,3.5800,3.6300,0.463415,0.270153,0.266432,1.000
2026-09-19T07:23:42+08:00,2026-09-19T07:00:00+08:00,FB5359,2026-09-20 19:30,Hannover,Bochum,Hannover 96,VfL Bochum,Germany ‐ Bundesliga 2,7,1.8300,4.2500,4.0510,0.531257,0.228753,0.239990,0.940
2026-09-19T07:23:42+08:00,2026-09-19T07:00:00+08:00,FB5360,2026-09-20 20:30,Twente,PSV Eindhoven,Twente Enschede,PSV Eindhoven,Netherlands ‐ Eredivisie,7,2.9680,4.2500,2.2000,0.328144,0.229160,0.442696,0.970
2026-09-19T07:23:42+08:00,2026-09-19T07:00:00+08:00,FB5361,2026-09-20 20:30,AZ Alkmaar,Telstar,AZ Alkmaar,Telstar,Netherlands ‐ Eredivisie,7,1.2700,7.0000,10.7000,0.769160,0.139548,0.091293,1.000
2026-09-19T07:23:42+08:00,2026-09-19T07:00:00+08:00,FB5362,2026-09-20 22:15,Atletico Madrid,Real Madrid,Atletico Madrid,Real Madrid,Spain ‐ Primera Division,7,3.7150,4.1000,2.0340,0.267914,0.242756,0.489331,1.000
2026-09-19T07:23:42+08:00,2026-09-19T07:00:00+08:00,FB5363,2026-09-20 02:45,Le Mans,Lorient,Le Mans,Lorient,France ‐ Ligue 1,7,2.7940,3.5300,2.6710,0.352417,0.278938,0.368645,1.000
2026-09-19T07:23:42+08:00,2026-09-19T07:00:00+08:00,FB5364,2026-09-20 02:45,Lyon,Rennes,Lyon,Rennes,France ‐ Ligue 1,7,2.1880,3.8600,3.3350,0.449860,0.254999,0.295141,1.000
2026-09-19T07:23:42+08:00,2026-09-19T07:00:00+08:00,FB5365,2026-09-20 02:45,Toulouse,Le Havre,Toulouse,Le Havre,France ‐ Ligue 1,7,1.7870,4.0800,4.8180,0.552825,0.242132,0.205043,1.000
2026-09-19T07:23:42+08:00,2026-09-19T07:00:00+08:00,FB5366,2026-09-20 22:45,De Graafschap,NAC,De Graafschap,NAC Breda,Netherlands ‐ Eerste Divisie,7,3.4200,4.3210,1.9600,0.282775,0.223812,0.493413,0.970
2026-09-19T07:23:42+08:00,2026-09-19T07:00:00+08:00,FB5367,2026-09-20 02:45,Angers SCO,Troyes,Angers,Troyes,France ‐ Ligue 1,7,2.2000,3.6000,3.5850,0.449483,0.274684,0.275833,0.970
2026-09-19T07:23:42+08:00,2026-09-19T07:00:00+08:00,FB5368,2026-09-20 21:00,Auxerre,Brest,Auxerre,Brest,France ‐ Ligue 1,7,2.9300,3.7200,2.4700,0.336262,0.264852,0.398886,1.000
2026-09-19T07:23:42+08:00,2026-09-19T07:00:00+08:00,FB5369,2026-09-20 23:15,Nice,Lille,Nice,Lille,France ‐ Ligue 1,7,3.7800,3.5950,2.1160,0.260563,0.273971,0.465466,1.000
2026-09-19T07:23:42+08:00,2026-09-19T07:00:00+08:00,FB5370,2026-09-19 21:30,Monchengladbach,Mainz,Borussia Monchengladbach,FSV Mainz 05,Germany ‐ Bundesliga,7,3.1130,3.9000,2.2900,0.316697,0.252789,0.430514,0.940
2026-09-19T07:23:42+08:00,2026-09-19T07:00:00+08:00,FB5371,2026-09-20 21:30,Leverkusen,RB Leipzig,Bayer Leverkusen,RB Leipzig,Germany ‐ Bundesliga,7,2.0320,4.4000,3.4650,0.488221,0.225469,0.286310,1.000
2026-09-19T07:23:42+08:00,2026-09-19T07:00:00+08:00,FB5372,2026-09-20 23:30,Schalke 04,Elversberg,Schalke 04,SV Elversberg,Germany ‐ Bundesliga,7,2.1070,3.8500,3.6550,0.470867,0.257693,0.271441,1.000
2026-09-19T07:23:42+08:00,2026-09-19T07:00:00+08:00,FB5374,2026-09-19 21:30,Frankfurt,Freiburg,Eintracht Frankfurt,SC Freiburg,Germany ‐ Bundesliga,7,2.4980,4.0000,2.7450,0.394552,0.246398,0.359050,0.970
2026-09-19T07:23:42+08:00,2026-09-19T07:00:00+08:00,FB5375,2026-09-20 02:45,Venezia,Lazio,Venezia,Lazio,Italy ‐ Serie A,7,3.9950,3.8100,1.9890,0.246481,0.258450,0.495069,1.000
2026-09-19T07:23:42+08:00,2026-09-19T07:00:00+08:00,FB5376,2026-09-20 18:30,Fiorentina,Napoli,Fiorentina,Napoli,Italy ‐ Serie A,7,3.3550,3.6000,2.3100,0.295480,0.275371,0.429149,1.000
2026-09-19T07:23:42+08:00,2026-09-19T07:00:00+08:00,FB5377,2026-09-20 21:00,Parma,Genoa,Parma,Genoa,Italy ‐ Serie A,7,3.2350,3.1400,2.5770,0.304359,0.313568,0.382073,1.000
2026-09-19T07:23:42+08:00,2026-09-19T07:00:00+08:00,FB5378,2026-09-20 00:00,Roma,Inter Milan,AS Roma,Inter Milan,Italy ‐ Serie A,7,2.7410,3.7000,2.7100,0.363339,0.269166,0.367495,0.970
2026-09-19T07:23:42+08:00,2026-09-19T07:00:00+08:00,FB5379,2026-09-20 21:00,Frosinone,Como,Frosinone,Como,Italy ‐ Serie A,7,6.7500,4.8500,1.5460,0.147976,0.205946,0.646078,1.000
2026-09-19T07:23:42+08:00,2026-09-19T07:00:00+08:00,FB5380,2026-09-21 02:45,AC Milan,Lecce,AC Milan,Lecce,Italy ‐ Serie A,7,1.2970,6.0400,12.7000,0.759382,0.163066,0.077553,1.000
2026-09-19T07:23:42+08:00,2026-09-19T07:00:00+08:00,FB5381,2026-09-19 21:00,Udinese,Cagliari,Udinese,Cagliari,Italy ‐ Serie A,7,2.3070,3.3750,3.5000,0.426858,0.291781,0.281361,1.000
2026-09-19T07:23:42+08:00,2026-09-19T07:00:00+08:00,FB5382,2026-09-19 21:00,Bologna,AC Torino,Bologna,Torino,Italy ‐ Serie A,7,2.0190,3.6050,4.1200,0.487780,0.273184,0.239036,1.000
2026-09-19T07:23:42+08:00,2026-09-19T07:00:00+08:00,FB5383,2026-09-20 16:00,Gamba Osaka,Vissel Kobe,Gamba Osaka,Vissel Kobe,Japan ‐ J League,7,3.4100,3.6000,2.2500,0.288785,0.273544,0.437670,1.000
2026-09-19T07:23:42+08:00,2026-09-19T07:00:00+08:00,FB5384,2026-09-20 16:00,Tochigi City,Vegalta Sendai,Tochigi UVA,Vegalta Sendai,Japan ‐ J2 League,7,3.5270,3.6500,2.0800,0.273077,0.263874,0.463049,0.848
2026-09-19T07:23:42+08:00,2026-09-19T07:00:00+08:00,FB5385,2026-09-20 13:00,Iran AM,China AM,Iran U23,China U23,Asia - AFC - Asian Games U23,5,2.1000,3.0800,3.5800,0.440837,0.300571,0.258592,1.000
2026-09-19T07:23:42+08:00,2026-09-19T07:00:00+08:00,FB5387,2026-09-19 18:00,Ventforet Kofu,Tokushima Vortis,Ventforet Kofu,Tokushima Vortis,Japan ‐ J2 League,7,3.2600,3.2000,2.3600,0.294108,0.299623,0.406268,1.000
2026-09-19T07:23:42+08:00,2026-09-19T07:00:00+08:00,FB5388,2026-09-19 17:30,Fujieda MYFC,RB Omiya Ardija,Fujieda MYFC,Omiya Ardija,Japan ‐ J2 League,7,3.4300,3.5500,2.1420,0.280308,0.270833,0.448859,1.000
2026-09-19T07:23:42+08:00,2026-09-19T07:00:00+08:00,FB5389,2026-09-19 17:30,Shimizu S-Pulse,JEF United Chiba,Shimizu S-Pulse,JEF United Ichihara,Japan ‐ J League,7,1.9170,3.8000,4.2400,0.511092,0.257832,0.231076,0.929
2026-09-19T07:23:42+08:00,2026-09-19T07:00:00+08:00,FB5391,2026-09-21 01:15,Brann,Bodo Glimt,Brann,Bodo-Glimt,Norway ‐ Tippeligaen,7,4.5600,4.7500,1.6500,0.211701,0.203233,0.585065,1.000
2026-09-19T07:23:42+08:00,2026-09-19T07:00:00+08:00,FB5392,2026-09-19 19:00,Karlsruher,Nurnberg,Karlsruher,Nurnberg,Germany ‐ Bundesliga 2,7,2.9290,4.1000,2.3030,0.334873,0.239230,0.425898,1.000
2026-09-19T07:23:42+08:00,2026-09-19T07:00:00+08:00,FB5393,2026-09-19 22:30,Gil Vicente,Maritimo,Gil Vicente,Maritimo Funchal,Portugal ‐ Primeira Liga,7,1.9600,3.5200,4.4100,0.499685,0.278233,0.222082,0.970
2026-09-19T07:23:42+08:00,2026-09-19T07:00:00+08:00,FB5394,2026-09-19 22:30,Nacional,Famalicao,CD Nacional Madeira,Famalicao,Portugal ‐ Primeira Liga,7,3.8400,3.3750,2.1270,0.253605,0.288546,0.457849,0.970
2026-09-19T07:23:42+08:00,2026-09-19T07:00:00+08:00,FB5395,2026-09-20 01:00,Alverca,Rio Ave,FC Alverca,Rio Ave,Portugal ‐ Primeira Liga,7,2.0090,3.5650,4.0400,0.485246,0.273453,0.241302,1.000
2026-09-19T07:23:42+08:00,2026-09-19T07:00:00+08:00,FB5396,2026-09-21 01:00,Santa Clara,Braga,Santa Clara,Sporting Braga,Portugal ‐ Primeira Liga,7,3.8600,3.2600,2.1600,0.251820,0.298168,0.450012,0.970
2026-09-19T07:23:42+08:00,2026-09-19T07:00:00+08:00,FB5397,2026-09-21 01:00,Estoril,Casa Pia AC,Estoril Praia,Casa Pia,Portugal ‐ Primeira Liga,7,1.7900,3.8550,4.7600,0.543365,0.252302,0.204333,0.970
2026-09-19T07:23:42+08:00,2026-09-19T07:00:00+08:00,FB5398,2026-09-20 03:30,Sporting,Arouca,Sporting Lisbon,Arouca,Portugal ‐ Primeira Liga,7,1.2000,7.6500,15.0000,0.808497,0.126823,0.064680,0.970
2026-09-19T07:23:42+08:00,2026-09-19T07:00:00+08:00,FB5399,2026-09-21 03:30,Porto,Benfica,FC Porto,Benfica,Portugal ‐ Primeira Liga,7,2.7650,3.4500,2.6400,0.351025,0.281329,0.367646,1.000
2026-09-19T07:23:42+08:00,2026-09-19T07:00:00+08:00,FB5400,2026-09-20 22:30,Guimaraes,Moreirense,Vitoria Guimaraes,Moreirense,Portugal ‐ Primeira Liga,7,1.5630,4.2700,6.3550,0.620351,0.227075,0.152574,0.970
2026-09-19T07:23:42+08:00,2026-09-19T07:00:00+08:00,FB5401,2026-09-20 22:30,Amadora,Viseu,Estrela Amadora,Academico Viseu,Portugal ‐ Primeira Liga,7,2.2720,3.3100,3.4600,0.426794,0.292953,0.280253,0.940
2026-09-19T07:23:42+08:00,2026-09-19T07:00:00+08:00,FB5402,2026-09-20 20:00,Brondby,Copenhagen,Brondby IF,FC Copenhagen,Denmark ‐ Superliga,7,3.2820,3.7700,2.1300,0.293135,0.255190,0.451675,1.000
2026-09-19T07:23:42+08:00,2026-09-19T07:00:00+08:00,FB5403,2026-09-20 00:00,Odense,Midtjylland,Odense BK,Midtjylland,Denmark ‐ Superliga,7,4.2070,4.2600,1.8100,0.231918,0.229033,0.539049,0.970
2026-09-19T07:23:42+08:00,2026-09-19T07:00:00+08:00,FB5404,2026-09-20 20:00,Sonderjyske,Randers,Sonderjyske,Randers FC,Denmark ‐ Superliga,7,2.7530,3.7000,2.4500,0.348708,0.259458,0.391834,1.000
2026-09-19T07:23:42+08:00,2026-09-19T07:00:00+08:00,FB5406,2026-09-21 00:00,Viborg,Nordsjaelland,Viborg FF,Nordsjaelland,Denmark ‐ Superliga,7,2.8940,3.8500,2.3100,0.332834,0.250187,0.416979,0.970
2026-09-19T07:23:42+08:00,2026-09-19T07:00:00+08:00,FB5407,2026-09-20 22:00,Horsens,AGF Aarhus,AC Horsens,AGF Aarhus,Denmark ‐ Superliga,7,4.0620,3.7700,1.8790,0.235891,0.254162,0.509947,1.000
2026-09-19T07:23:42+08:00,2026-09-19T07:00:00+08:00,FB5408,2026-09-19 19:30,Pattani,Prachuap,Pattani FC,Prachuap,Thailand ‐ Premier League,7,4.1300,3.3500,1.9900,0.232115,0.286159,0.481726,1.000
2026-09-19T07:23:42+08:00,2026-09-19T07:00:00+08:00,FB5409,2026-09-19 19:00,Rasisalai Utd,Lamphun Warriors,Rasisalai United,Lamphun Warrior,Thailand ‐ Premier League,5,2.3000,3.4500,2.7000,0.397059,0.264706,0.338235,0.948
2026-09-19T07:23:42+08:00,2026-09-19T07:00:00+08:00,FB5410,2026-09-19 23:15,Paris FC,Strasbourg,Paris FC,Strasbourg,France ‐ Ligue 1,7,2.0560,3.8500,3.7800,0.481246,0.256998,0.261757,1.000
2026-09-19T07:23:42+08:00,2026-09-19T07:00:00+08:00,FB5411,2026-09-19 13:30,Oakleigh Cannons,Avondale,Oakleigh Cannons,Avondale Heights SC,Australia ‐ Victoria Premier League,7,2.2000,3.6500,2.9760,0.426988,0.257363,0.315650,0.970
2026-09-19T07:23:42+08:00,2026-09-19T07:00:00+08:00,FB5412,2026-09-19 22:00,Kristiansund,Rosenborg,Kristiansund BK,Rosenborg,Norway ‐ Tippeligaen,7,5.8940,5.1200,1.5000,0.164460,0.189322,0.646218,0.970
2026-09-19T07:23:42+08:00,2026-09-19T07:00:00+08:00,FB5413,2026-09-20 00:00,Molde,Aalesund,Molde,Aalesund,Norway ‐ Tippeligaen,7,1.3700,6.2000,7.5500,0.713051,0.157561,0.129388,1.000
2026-09-19T07:23:42+08:00,2026-09-19T07:00:00+08:00,FB5414,2026-09-20 19:30,Cottbus,St. Pauli,Energie Cottbus,St. Pauli,Germany ‐ Bundesliga 2,7,3.1100,4.1500,2.1300,0.311576,0.233494,0.454930,0.970
2026-09-19T07:23:42+08:00,2026-09-19T07:00:00+08:00,FB5415,2026-09-20 19:30,Bielefeld,Heidenheim,Arminia Bielefeld,FC Heidenheim,Germany ‐ Bundesliga 2,7,2.1900,3.8500,3.2000,0.443812,0.252454,0.303734,0.970
2026-09-19T07:23:42+08:00,2026-09-19T07:00:00+08:00,FB5416,2026-09-20 23:00,Tromso,Ham-Kam,Tromso,Ham Kam,Norway ‐ Tippeligaen,7,1.5120,4.6500,6.1100,0.635880,0.206763,0.157357,1.000
2026-09-19T07:23:42+08:00,2026-09-19T07:00:00+08:00,FB5417,2026-09-20 20:30,Valerenga,Fredrikstad,Valerenga IF,Fredrikstad,Norway ‐ Tippeligaen,7,1.9800,4.1000,3.7350,0.496759,0.239898,0.263342,1.000
2026-09-19T07:23:42+08:00,2026-09-19T07:00:00+08:00,FB5418,2026-09-20 23:00,Sandefjord,Start,Sandefjord,IK Start,Norway ‐ Tippeligaen,7,2.0440,3.8500,3.5630,0.475154,0.252263,0.272583,0.970
2026-09-19T07:23:42+08:00,2026-09-19T07:00:00+08:00,FB5419,2026-09-20 15:30,Yongin FC,Gyeongnam FC,Yongin City FC,Gyeongnam FC,South Korea ‐ K-League Challenge,7,2.3450,3.4000,2.9700,0.403345,0.278189,0.318466,0.970
2026-09-19T07:23:42+08:00,2026-09-19T07:00:00+08:00,FB5420,2026-09-20 18:00,Pohang Steelers,FC Seoul,Pohang Steelers,FC Seoul,South Korea ‐ K-League Classic,7,4.4800,3.4500,1.9400,0.217022,0.281814,0.501164,1.000
2026-09-19T07:23:42+08:00,2026-09-19T07:00:00+08:00,FB5426,2026-09-20 16:00,Machida Zelvia,Kashiwa Reysol,Machida Zelvia,Kashiwa Reysol,Japan ‐ J League,7,2.5990,3.6000,2.7300,0.373977,0.269991,0.356032,1.000
2026-09-19T07:23:42+08:00,2026-09-19T07:00:00+08:00,FB5427,2026-09-20 19:00,Rayong,Ratchaburi,Rayong FC,Ratchaburi FC,Thailand ‐ Premier League,6,3.8000,3.5000,1.8920,0.244250,0.265185,0.490565,1.000
2026-09-19T07:23:42+08:00,2026-09-19T07:00:00+08:00,FB5428,2026-09-20 19:30,Sukhothai,Port FC,Sukhothai FC,Port FC,Thailand ‐ Premier League,6,5.3900,4.0700,1.5980,0.175522,0.232448,0.592030,1.000
2026-09-19T07:23:42+08:00,2026-09-19T07:00:00+08:00,FB5429,2026-09-19 20:00,Chiangrai Utd,Sisaket Utd,Chiangrai United,Sisaket,Thailand ‐ Premier League,7,1.8090,3.4000,4.4860,0.516712,0.274921,0.208367,0.918
2026-09-19T07:23:42+08:00,2026-09-19T07:00:00+08:00,FB5430,2026-09-20 19:00,Chonburi,Buriram Utd,Chonburi,Buriram United,Thailand ‐ Premier League,6,6.9700,3.5500,1.5580,0.134462,0.263999,0.601539,0.940
2026-09-19T07:23:42+08:00,2026-09-19T07:00:00+08:00,FB5433,2026-09-20 07:30,Vasco da Gama,Coritiba,Vasco da Gama RJ,Coritiba PR,Brazil ‐ Serie A,7,1.5590,4.2000,6.6010,0.622136,0.230931,0.146934,0.940
2026-09-19T07:23:42+08:00,2026-09-19T07:00:00+08:00,FB5434,2026-09-20 03:00,Atletico Mineiro,Chapecoense,Atletico Mineiro MG,Chapecoense,Brazil ‐ Serie A,7,1.4430,4.8400,8.3760,0.680079,0.202759,0.117163,0.970
2026-09-19T07:23:42+08:00,2026-09-19T07:00:00+08:00,FB5435,2026-09-20 04:00,Mirassol,Botafogo,Mirassol SP,Botafogo RJ,Brazil ‐ Serie A,7,2.1700,3.6000,3.5380,0.451239,0.271997,0.276764,0.940
2026-09-19T07:23:42+08:00,2026-09-19T07:00:00+08:00,FB5436,2026-09-20 08:00,Sao Paulo,Internacional,Sao Paulo SP,Internacional RS,Brazil ‐ Serie A,7,1.9180,3.6200,4.1750,0.502706,0.266351,0.230944,0.940
2026-09-19T07:23:42+08:00,2026-09-19T07:00:00+08:00,FB5437,2026-09-20 21:00,Bournemouth,Liverpool,Bournemouth AFC,Liverpool,England ‐ Premier League,7,3.2200,3.9000,2.2280,0.305728,0.252421,0.441851,1.000
2026-09-19T07:23:42+08:00,2026-09-19T07:00:00+08:00,FB5439,2026-09-20 21:00,Manchester City,Sunderland,Manchester City,Sunderland,England ‐ Premier League,7,1.3190,6.0300,10.9000,0.746409,0.163269,0.090322,1.000
2026-09-19T07:23:42+08:00,2026-09-19T07:00:00+08:00,FB5440,2026-09-21 02:45,Marseille,Paris Saint Germain,Marseille,Paris Saint Germain,France ‐ Ligue 1,7,7.5000,5.4900,1.4280,0.131264,0.179323,0.689413,1.000
2026-09-19T07:23:42+08:00,2026-09-19T07:00:00+08:00,FB5444,2026-09-20 08:30,Sporting Kansas City,Philadelphia Union,Sporting Kansas City,Philadelphia Union,USA ‐ Major League Soccer,7,5.0000,4.6230,1.6460,0.195342,0.211272,0.593385,1.000
2026-09-19T07:23:42+08:00,2026-09-19T07:00:00+08:00,FB5445,2026-09-20 07:30,CF Montreal,Columbus Crew,Montreal Impact,Columbus Crew,USA ‐ Major League Soccer,7,2.5250,3.7550,2.7310,0.385059,0.258928,0.356014,0.970
2026-09-19T07:23:42+08:00,2026-09-19T07:00:00+08:00,FB5446,2026-09-20 10:30,Portland Timbers,Atlanta Utd,Portland Timbers,Atlanta United,USA ‐ Major League Soccer,7,2.1370,4.0210,3.2300,0.455982,0.242336,0.301682,0.940
2026-09-19T07:23:42+08:00,2026-09-19T07:00:00+08:00,FB5447,2026-09-20 09:30,Nashville SC,Chicago Fire,Nashville,Chicago Fire,USA ‐ Major League Soccer,7,1.8340,4.0290,4.2200,0.529157,0.240872,0.229970,1.000
2026-09-19T07:23:42+08:00,2026-09-19T07:00:00+08:00,FB5448,2026-09-20 07:30,New England Revolution,Orlando City,New England Revolution,Orlando City,USA ‐ Major League Soccer,7,1.9100,4.2200,3.7000,0.507918,0.229887,0.262195,1.000
2026-09-19T07:23:42+08:00,2026-09-19T07:00:00+08:00,FB5449,2026-09-20 08:30,FC Dallas,Austin FC,FC Dallas,Austin FC,USA ‐ Major League Soccer,7,1.7210,4.2200,4.6900,0.563453,0.229787,0.206760,1.000
2026-09-19T07:23:42+08:00,2026-09-19T07:00:00+08:00,FB5450,2026-09-20 08:30,St. Louis City SC,Toronto FC,Saint Louis FC,Toronto FC,USA ‐ Major League Soccer,7,1.6570,4.5320,4.9500,0.588107,0.215025,0.196867,0.833
2026-09-19T07:23:42+08:00,2026-09-19T07:00:00+08:00,FB5451,2026-09-20 09:30,Real Salt Lake,Vancouver Whitecaps,Real Salt Lake,Vancouver Whitecaps,USA ‐ Major League Soccer,7,4.0050,4.0600,1.8800,0.242909,0.239618,0.517473,1.000
2026-09-19T07:23:42+08:00,2026-09-19T07:00:00+08:00,FB5452,2026-09-20 08:30,Houston Dynamo,FC Cincinnati,Houston Dynamo,FC Cincinnati,USA ‐ Major League Soccer,7,1.9300,4.0500,3.7950,0.503751,0.240059,0.256190,1.000
2026-09-19T07:23:42+08:00,2026-09-19T07:00:00+08:00,FB5453,2026-09-20 07:30,San Jose Earthquakes,Los Angeles FC,San Jose Earthquakes,Los Angeles FC,USA ‐ Major League Soccer,7,3.0350,3.9140,2.2430,0.319640,0.247856,0.432504,1.000
2026-09-19T07:23:42+08:00,2026-09-19T07:00:00+08:00,FB5454,2026-09-20 09:30,Colorado Rapids,Seattle Sounders,Colorado Rapids,Seattle Sounders,USA ‐ Major League Soccer,7,1.9400,4.0000,3.7950,0.500952,0.242962,0.256086,1.000
2026-09-19T07:23:42+08:00,2026-09-19T07:00:00+08:00,FB5455,2026-09-20 08:30,Minnesota Utd,LA Galaxy,Minnesota United,LA Galaxy,USA ‐ Major League Soccer,7,1.6900,4.5900,4.5200,0.574025,0.211351,0.214624,0.948
2026-09-19T07:23:42+08:00,2026-09-19T07:00:00+08:00,FB5456,2026-09-20 07:30,DC United,Charlotte FC,Washington DC United,Charlotte FC,USA ‐ Major League Soccer,7,2.9320,3.7500,2.3690,0.331179,0.258937,0.409884,0.970
2026-09-19T07:23:42+08:00,2026-09-19T07:00:00+08:00,FB5457,2026-09-21 07:00,Inter Miami CF,San Diego FC,Inter Miami,San Diego FC,USA ‐ Major League Soccer,7,1.5230,5.3500,5.3700,0.637639,0.181519,0.180842,1.000
2026-09-19T07:23:42+08:00,2026-09-19T07:00:00+08:00,FB5461,2026-09-20 11:15,CF America,Guadalajara,Club America,Guadalajara Chivas,Mexico ‐ Primera Division,7,2.6500,3.8290,2.4800,0.362235,0.250698,0.387066,0.970
2026-09-19T07:23:42+08:00,2026-09-19T07:00:00+08:00,FB5462,2026-09-20 09:10,Monterrey,Cruz Azul,Monterrey,Cruz Azul,Mexico ‐ Primera Division,7,2.4200,3.8160,2.7000,0.395184,0.250614,0.354202,1.000
2026-09-19T07:23:42+08:00,2026-09-19T07:00:00+08:00,FB5464,2026-09-20 07:00,Atletico San Luis,Necaxa,Atletico San Luis,Necaxa,Mexico ‐ Primera Division,7,2.3620,3.5540,3.0600,0.410425,0.272770,0.316805,1.000
2026-09-19T07:23:42+08:00,2026-09-19T07:00:00+08:00,FB5465,2026-09-21 03:00,Corinthians,Fluminense,Corinthians SP,Fluminense RJ,Brazil ‐ Serie A,7,2.1990,3.1950,3.7830,0.440616,0.303260,0.256124,0.940
2026-09-19T07:23:42+08:00,2026-09-19T07:00:00+08:00,FB5466,2026-09-21 03:00,Vitoria,Cruzeiro,Vitoria BA,Cruzeiro MG,Brazil ‐ Serie A,7,3.0630,3.3200,2.4870,0.317038,0.292496,0.390466,0.940
2026-09-19T07:23:42+08:00,2026-09-19T07:00:00+08:00,FB5467,2026-09-21 05:30,Flamengo,RB Bragantino,Flamengo RJ,Bragantino SP,Brazil ‐ Serie A,7,1.3700,5.2600,8.5000,0.703417,0.183209,0.113374,0.855
2026-09-19T07:23:42+08:00,2026-09-19T07:00:00+08:00,FB5468,2026-09-21 06:30,Athletico Paranaense,Bahia,Atletico PR,Bahia BA,Brazil ‐ Serie A,7,2.1700,3.4600,3.4450,0.443053,0.277869,0.279078,0.825
2026-09-19T07:23:42+08:00,2026-09-19T07:00:00+08:00,FB5469,2026-09-20 22:00,Gremio,Palmeiras,Gremio RS,Palmeiras SP,Brazil ‐ Serie A,7,4.2240,3.7300,1.8890,0.228909,0.259226,0.511865,0.940
2026-09-19T07:23:42+08:00,2026-09-19T07:00:00+08:00,FB5470,2026-09-19 20:00,TPS Turku,Ilves,TPS Turku,Ilves Tampere,Finland ‐ Veikkausliiga,7,2.6830,3.7100,2.5800,0.361912,0.261728,0.376360,0.970
2026-09-19T07:23:42+08:00,2026-09-19T07:00:00+08:00,FB5472,2026-09-19 22:00,VPS Vaasa,KuPS,VPS Vaasa,KuPS Kuopio,Finland ‐ Veikkausliiga,7,3.2220,3.5000,2.2800,0.299964,0.276139,0.423897,0.970
2026-09-19T07:23:42+08:00,2026-09-19T07:00:00+08:00,FB5473,2026-09-19 22:15,FC Andorra,Gijon,Andorra CF,Sporting Gijon,Spain ‐ Segunda Division,7,2.0600,3.6800,3.7820,0.475179,0.265997,0.258823,0.970
2026-09-19T07:23:42+08:00,2026-09-19T07:00:00+08:00,FB5474,2026-09-19 23:00,Austria Lustenau,Rheindorf Altach,Austria Lustenau,SC Rheindorf Altach,Austria ‐ Bundesliga,7,3.0400,3.6600,2.3130,0.317974,0.264110,0.417917,1.000
2026-09-19T07:23:42+08:00,2026-09-19T07:00:00+08:00,FB5475,2026-09-20 00:00,Young Boys Bern,Servette,Young Boys,Servette,Switzerland ‐ Super League,7,1.7200,4.5210,4.4200,0.565104,0.214992,0.219905,0.970
2026-09-19T07:23:42+08:00,2026-09-19T07:00:00+08:00,FB5476,2026-09-20 00:00,Luzern,Grasshoppers,Luzern,Grasshopper,Switzerland ‐ Super League,7,1.7300,4.5920,4.2200,0.559693,0.210860,0.229447,0.970
2026-09-19T07:23:42+08:00,2026-09-19T07:00:00+08:00,FB5477,2026-09-20 00:15,Charleroi,Cercle Bruges,Royal Charleroi,Cercle Brugge,Belgium ‐ Pro League,7,1.8300,4.1000,4.1550,0.530005,0.236563,0.233432,0.932
2026-09-19T07:23:42+08:00,2026-09-19T07:00:00+08:00,FB5478,2026-09-20 02:30,Sion,Zurich,Sion,FC Zurich,Switzerland ‐ Super League,7,1.5050,4.8000,6.2370,0.643152,0.201655,0.155194,1.000
2026-09-19T07:23:42+08:00,2026-09-19T07:00:00+08:00,FB5479,2026-09-20 02:45,Anderlecht,Zulte Waregem,Anderlecht,Zulte Waregem,Belgium ‐ Pro League,7,1.7800,3.8870,4.6700,0.543746,0.249001,0.207252,1.000
2026-09-19T07:23:42+08:00,2026-09-19T07:00:00+08:00,FB5481,2026-09-20 19:00,Celtic,Rangers,Celtic,Glasgow Rangers,Scotland ‐ Premier League,7,2.2420,3.7260,3.0200,0.426603,0.256694,0.316703,0.970
2026-09-19T07:23:42+08:00,2026-09-19T07:00:00+08:00,FB5482,2026-09-20 23:00,Salzburg,Sturm Graz,Red Bull Salzburg,Sturm Graz,Austria ‐ Bundesliga,7,1.6900,4.5000,4.7400,0.577335,0.216821,0.205843,0.970
2026-09-19T07:23:42+08:00,2026-09-19T07:00:00+08:00,FB5483,2026-09-20 20:30,Hartberg,LASK Linz,TSV Hartberg,LASK Linz,Austria ‐ Bundesliga,7,11.0000,5.7600,1.2860,0.087234,0.166593,0.746172,0.970
2026-09-19T07:23:42+08:00,2026-09-19T07:00:00+08:00,FB5484,2026-09-20 19:30,Antwerp,Union Saint Gilloise,Royal Antwerp,Union Saint-Gilloise,Belgium ‐ Pro League,7,5.2800,4.1500,1.6350,0.181764,0.231256,0.586980,0.970
2026-09-19T07:23:42+08:00,2026-09-19T07:00:00+08:00,FB5485,2026-09-20 20:00,Vaduz,Thun,Vaduz,Thun,Switzerland ‐ Super League,7,2.3600,4.2500,2.6420,0.408404,0.226784,0.364812,1.000
2026-09-19T07:23:42+08:00,2026-09-19T07:00:00+08:00,FB5486,2026-09-20 20:00,Getafe,Malaga,Getafe,Malaga,Spain ‐ Primera Division,7,2.1030,3.2200,4.4390,0.470176,0.307075,0.222749,1.000
2026-09-19T07:23:42+08:00,2026-09-19T07:00:00+08:00,FB5487,2026-09-20 22:00,Sint Truiden,Westerlo,Sint-Truidense,Westerlo,Belgium ‐ Pro League,7,1.7240,4.1000,4.8100,0.562143,0.236374,0.201483,0.970
2026-09-19T07:23:42+08:00,2026-09-19T07:00:00+08:00,FB5488,2026-09-20 22:15,Ceuta,Valladolid,AD Ceuta,Real Valladolid,Spain ‐ Segunda Division,7,2.6900,3.3850,2.6900,0.357822,0.284355,0.357822,0.940
2026-09-19T07:23:42+08:00,2026-09-19T07:00:00+08:00,FB5489,2026-09-20 22:30,Lausanne,Lugano,Lausanne Sport,FC Lugano,Switzerland ‐ Super League,7,3.7720,4.0100,1.9000,0.254718,0.239600,0.505682,0.970
2026-09-19T07:23:42+08:00,2026-09-19T07:00:00+08:00,FB5490,2026-09-20 22:30,Basel,St. Gallen,Basel,St Gallen,Switzerland ‐ Super League,7,2.5100,4.0500,2.5430,0.383616,0.237747,0.378637,1.000
2026-09-19T07:23:42+08:00,2026-09-19T07:00:00+08:00,FB5491,2026-09-20 22:45,NEC Nijmegen,Go Ahead Eagles,NEC Nijmegen,Go Ahead Eagles,Netherlands ‐ Eredivisie,7,1.9600,4.3500,3.5900,0.500868,0.225678,0.273454,1.000
2026-09-19T07:23:42+08:00,2026-09-19T07:00:00+08:00,FB5492,2026-09-21 00:30,Deportivo,Betis,Deportivo La Coruna,Real Betis,Spain ‐ Primera Division,7,3.6000,3.7700,2.1670,0.276534,0.264064,0.459401,1.000
2026-09-19T07:23:42+08:00,2026-09-19T07:00:00+08:00,FB5493,2026-09-21 00:30,Bruges,Genk,Club Brugge,KRC Genk,Belgium ‐ Pro League,7,1.5460,4.7900,5.6400,0.626225,0.202118,0.171657,0.887
2026-09-19T07:23:42+08:00,2026-09-19T07:00:00+08:00,FB5494,2026-09-21 00:30,Villarreal,Levante,Villarreal,Levante,Spain ‐ Primera Division,7,1.5400,4.8750,6.2100,0.639433,0.201995,0.158571,1.000
2026-09-19T07:23:42+08:00,2026-09-19T07:00:00+08:00,FB5495,2026-09-21 00:30,Las Palmas,Burgos,Las Palmas,Burgos CF,Spain ‐ Segunda Division,7,2.0850,3.2000,4.3700,0.469775,0.306088,0.224137,1.000
2026-09-19T07:23:42+08:00,2026-09-19T07:00:00+08:00,FB5496,2026-09-21 01:15,KV Kortrijk,SK Beveren,Kortrijk,Waasland Beveren,Belgium ‐ Pro League,7,2.6080,3.5500,2.7140,0.370976,0.272537,0.356487,0.816
2026-09-19T07:23:42+08:00,2026-09-19T07:00:00+08:00,FB5497,2026-09-21 00:00,Juventus,Atalanta,Juventus,Atalanta,Italy ‐ Serie A,7,1.7400,3.9950,5.3100,0.567142,0.247015,0.185843,1.000
2026-09-19T07:23:42+08:00,2026-09-19T07:00:00+08:00,FB5498,2026-09-21 03:58,Rosario Central,Argentinos Juniors,Rosario Central,Argentinos Juniors,Argentina ‐ Liga Profesional,7,2.3570,3.0500,3.5010,0.408827,0.315936,0.275237,1.000
2026-09-19T07:23:42+08:00,2026-09-19T07:00:00+08:00,FB5499,2026-09-20 01:28,Gimnasia LP,Banfield,Gimnasia La Plata,Banfield,Argentina ‐ Liga Profesional,7,1.8580,3.5600,4.6800,0.521127,0.271981,0.206892,0.893
2026-09-19T07:23:42+08:00,2026-09-19T07:00:00+08:00,FB5500,2026-09-21 01:43,San Lorenzo,Boca Juniors,San Lorenzo,Boca Juniors,Argentina ‐ Liga Profesional,7,3.7620,3.0700,2.2100,0.254604,0.311993,0.433403,1.000
2026-09-19T07:23:42+08:00,2026-09-19T07:00:00+08:00,FB5503,2026-09-20 01:28,Gimnasia Mendoza,Deportivo Riestra,Gimnasia Mendoza,Deportivo Riestra,Argentina ‐ Liga Profesional,7,2.2800,2.9800,4.1600,0.432306,0.330757,0.236937,1.000
2026-09-19T07:23:42+08:00,2026-09-19T07:00:00+08:00,FB5504,2026-09-20 08:13,Instituto de Cordoba,Talleres,Instituto AC Cordoba,Talleres de Cordoba,Argentina ‐ Liga Profesional,7,1.9800,3.2500,4.5950,0.490164,0.298623,0.211213,0.929
2026-09-19T07:23:42+08:00,2026-09-19T07:00:00+08:00,FB5505,2026-09-21 03:58,CA Platense,Newell's Old Boys,CA Platense,Newells Old Boys,Argentina ‐ Liga Profesional,7,2.2000,3.0550,3.8150,0.435388,0.313536,0.251076,0.985
2026-09-19T07:23:42+08:00,2026-09-19T07:00:00+08:00,FB5506,2026-09-20 03:43,Union Santa Fe,Independiente,Union Santa Fe,CA Independiente Avellaneda,Argentina ‐ Liga Profesional,7,2.5200,3.0670,3.1930,0.383013,0.314703,0.302284,0.970
2026-09-19T07:23:42+08:00,2026-09-19T07:00:00+08:00,FB5509,2026-09-21 03:00,Valencia,Real Sociedad,Valencia,Real Sociedad,Spain ‐ Primera Division,7,2.8170,3.4950,2.6900,0.350481,0.282491,0.367028,1.000
2026-09-19T07:23:42+08:00,2026-09-19T07:00:00+08:00,FB5510,2026-09-21 03:00,Leganes,CF Granada,CD Leganes,Granada CF,Spain ‐ Segunda Division,7,2.0740,3.3000,3.9800,0.465205,0.292374,0.242421,0.970
2026-09-19T07:23:42+08:00,2026-09-19T07:00:00+08:00,FB5511,2026-09-21 01:30,Paderborn,Hoffenheim,Paderborn,TSG Hoffenheim,Germany ‐ Bundesliga,7,4.5650,4.6150,1.7240,0.215653,0.213317,0.571030,0.970
2026-09-19T07:23:42+08:00,2026-09-19T07:00:00+08:00,FB5512,2026-09-19 21:00,Brommapojkarna,Goteborg,Brommapojkarna,IFK Goteborg,Sweden ‐ Allsvenskan,7,2.9690,3.6300,2.3400,0.323970,0.264977,0.411054,0.970
2026-09-19T07:23:42+08:00,2026-09-19T07:00:00+08:00,FB5513,2026-09-19 21:00,Vasteras SK,Malmo,Vasteras SK,Malmo,Sweden ‐ Allsvenskan,7,3.3200,3.7700,2.1390,0.291310,0.256539,0.452151,1.000
2026-09-19T07:23:42+08:00,2026-09-19T07:00:00+08:00,FB5514,2026-09-20 20:00,Djurgardens,Elfsborg,Djurgardens IF,Elfsborg,Sweden ‐ Allsvenskan,7,1.5750,4.3330,5.4000,0.604173,0.219610,0.176217,1.000
2026-09-19T07:23:42+08:00,2026-09-19T07:00:00+08:00,FB5515,2026-09-20 20:00,Kalmar,Hacken,Kalmar FF,BK Hacken,Sweden ‐ Allsvenskan,7,2.8310,3.5540,2.4200,0.337109,0.268530,0.394361,0.940
2026-09-19T07:23:42+08:00,2026-09-19T07:00:00+08:00,FB5516,2026-09-20 20:00,Halmstads,AIK Solna,Halmstads,AIK Solna,Sweden ‐ Allsvenskan,7,3.2200,3.9500,2.1600,0.302487,0.246584,0.450929,1.000
2026-09-19T07:23:42+08:00,2026-09-19T07:00:00+08:00,FB5518,2026-09-19 20:00,Guingamp,Red Star,Guingamp,Red Star FC,France ‐ Ligue 2,7,2.4000,3.5460,2.9130,0.399886,0.270651,0.329463,1.000
2026-09-19T07:23:42+08:00,2026-09-19T07:00:00+08:00,FB5519,2026-09-19 19:30,Burton Albion,Mansfield,Burton Albion,Mansfield Town,England ‐ League 1,7,2.5160,3.4500,2.9100,0.385523,0.281152,0.333325,0.970
2026-09-19T07:23:42+08:00,2026-09-19T07:00:00+08:00,FB5520,2026-09-19 19:30,Barnsley,Leicester,Barnsley,Leicester City,England ‐ League 1,7,3.4550,3.9000,2.0400,0.279367,0.247490,0.473143,0.970
2026-09-19T07:23:42+08:00,2026-09-19T07:00:00+08:00,FB5521,2026-09-19 19:30,Cardiff,Charlton,Cardiff City,Charlton Athletic,England ‐ Championship,7,1.8100,4.0900,4.2400,0.534923,0.236726,0.228351,0.940
2026-09-19T07:23:42+08:00,2026-09-19T07:00:00+08:00,FB5522,2026-09-19 22:00,Blackpool,Plymouth,Blackpool,Plymouth Argyle,England ‐ League 1,7,2.7200,3.8900,2.4380,0.355253,0.248403,0.396344,0.970
2026-09-19T07:23:42+08:00,2026-09-19T07:00:00+08:00,FB5523,2026-09-19 22:00,Sheff Wednesday,Stockport,Sheffield Wednesday,Stockport County,England ‐ League 1,7,2.8890,4.0500,2.2710,0.334957,0.238936,0.426107,0.911
2026-09-19T07:23:42+08:00,2026-09-19T07:00:00+08:00,FB5524,2026-09-19 19:30,Rochdale,Oldham,Rochdale AFC,Oldham Athletic,England ‐ League 2,7,3.8100,3.7100,1.9550,0.251521,0.258301,0.490177,0.970
2026-09-19T07:23:42+08:00,2026-09-19T07:00:00+08:00,FB5525,2026-09-19 19:30,Walsall,Port Vale,Walsall,Port Vale,England ‐ League 2,7,2.4780,3.3170,2.9700,0.387386,0.289401,0.323213,1.000
2026-09-19T07:23:42+08:00,2026-09-19T07:00:00+08:00,FB5526,2026-09-19 22:00,Luton,Bradford,Luton Town,Bradford City,England ‐ League 1,7,2.1600,3.6100,3.3760,0.446798,0.267336,0.285866,0.940
2026-09-19T07:23:42+08:00,2026-09-19T07:00:00+08:00,FB5527,2026-09-19 22:00,Portsmouth,Blackburn,Portsmouth,Blackburn Rovers,England ‐ Championship,7,2.1970,3.5000,3.4620,0.442024,0.277465,0.280511,0.970
2026-09-19T07:23:42+08:00,2026-09-19T07:00:00+08:00,FB5528,2026-09-19 22:00,Burnley,Derby,Burnley,Derby County,England ‐ Championship,7,1.7820,3.9100,4.5200,0.540540,0.246353,0.213107,0.970
2026-09-19T07:23:42+08:00,2026-09-19T07:00:00+08:00,FB5529,2026-09-19 22:00,Wrexham,Southampton,Wrexham,Southampton,England ‐ Championship,7,3.0060,3.6200,2.3400,0.321027,0.266577,0.412396,1.000
2026-09-19T07:23:42+08:00,2026-09-19T07:00:00+08:00,FB5531,2026-09-19 22:00,Lincoln City,Swansea,Lincoln City,Swansea,England ‐ Championship,7,2.9600,3.4700,2.4670,0.327561,0.279418,0.393020,1.000
2026-09-19T07:23:42+08:00,2026-09-19T07:00:00+08:00,FB5532,2026-09-19 22:00,Oxford Utd,Cambridge Utd,Oxford United,Cambridge United,England ‐ League 1,7,2.1070,3.5500,3.5480,0.457169,0.271339,0.271492,0.883
2026-09-19T07:23:42+08:00,2026-09-19T07:00:00+08:00,FB5533,2026-09-19 22:00,Birmingham,Middlesbrough,Birmingham City,Middlesbrough,England ‐ Championship,7,2.8610,3.6500,2.4290,0.337645,0.264659,0.397696,0.970
2026-09-19T07:23:42+08:00,2026-09-19T07:00:00+08:00,FB5534,2026-09-19 19:30,Millwall,West Ham,Millwall,West Ham United,England ‐ Championship,7,4.4500,3.9210,1.8000,0.217055,0.246338,0.536607,0.970
2026-09-19T07:23:42+08:00,2026-09-19T07:00:00+08:00,FB5535,2026-09-19 19:30,Stoke,Sheff Utd,Stoke City,Sheffield United,England ‐ Championship,7,2.3980,3.4400,3.0600,0.403103,0.281001,0.315896,0.830
2026-09-19T07:23:42+08:00,2026-09-19T07:00:00+08:00,FB5537,2026-09-20 20:30,Norwich,Bolton,Norwich City,Bolton Wanderers,England ‐ Championship,7,1.4880,4.7600,5.9380,0.639716,0.199978,0.160306,0.970
2026-09-19T07:23:42+08:00,2026-09-19T07:00:00+08:00,FB5538,2026-09-19 10:00,San Diego Wave Women,Kansas City Current Women,San Diego Wave Women,Kansas City Women,USA ‐ NWSL Women,6,2.2100,3.7500,2.8310,0.421945,0.248666,0.329388,0.905
2026-09-19T07:23:42+08:00,2026-09-19T07:00:00+08:00,FB5539,2026-09-20 05:58,River Plate,Huracan,River Plate,Atletico Huracan,Argentina ‐ Liga Profesional,7,1.5400,3.8600,7.7200,0.625608,0.249595,0.124797,0.970
2026-09-19T07:23:42+08:00,2026-09-19T07:00:00+08:00,FB5540,2026-09-19 23:30,Orgryte,Sirius,Orgryte,Sirius,Sweden ‐ Allsvenskan,7,5.4700,4.5800,1.5580,0.175278,0.209338,0.615384,1.000
2026-09-19T07:23:42+08:00,2026-09-19T07:00:00+08:00,FB5541,2026-09-20 10:00,Phoenix Rising,El Paso Locomotive,Phoenix Rising,El Paso Locomotive,USA ‐ USL League One,6,2.2600,3.6000,3.1240,0.425313,0.267002,0.307685,1.000
2026-09-19T07:23:42+08:00,2026-09-19T07:00:00+08:00,FB5543,2026-09-20 00:15,Al Wasl,Al Ain,Al Wasl Dubai,Al Ain FC,United Arab Emirates ‐ League Cup,3,2.8300,3.5000,2.2100,0.323717,0.261749,0.414534,0.970
2026-09-19T07:23:42+08:00,2026-09-19T07:00:00+08:00,FB5544,2026-09-19 21:30,Kalba FC,Khor Fakkan,Al Ittihad Kalba,Al-Khaleej Khor Fakkan,United Arab Emirates ‐ League Cup,3,2.1600,3.5680,2.7890,0.420194,0.254378,0.325428,0.940
2026-09-19T07:23:42+08:00,2026-09-19T07:00:00+08:00,FB5545,2026-09-20 23:00,Viking,Lillestrom,Viking,Lillestrom SK,Norway ‐ Tippeligaen,7,1.4300,5.4750,6.4100,0.673729,0.175969,0.150301,1.000
2026-09-19T07:23:42+08:00,2026-09-19T07:00:00+08:00,FB5546,2026-09-21 07:00,Sacramento Republic,San Antonio FC,Sacramento Republic,San Antonio Scorpions,USA ‐ USL League One,6,1.8950,3.4110,4.1800,0.497784,0.276546,0.225670,0.970
2026-09-19T07:23:42+08:00,2026-09-19T07:00:00+08:00,FB5547,2026-09-21 07:00,Tapatio,Tlaxcala,Deportivo Tapatio,Tlaxcala,Mexico ‐ Liga de Expansion,5,1.9090,3.6000,3.5300,0.482842,0.256040,0.261118,0.970
2026-09-19T07:23:42+08:00,2026-09-19T07:00:00+08:00,FB5550,2026-09-21 06:13,Belgrano,Estudiantes Rio Cuarto,Belgrano de Cordoba,Estudiantes Rio Cuarto,Argentina ‐ Liga Profesional,7,1.4700,4.2250,8.3500,0.656178,0.228303,0.115519,0.970
2026-09-19T07:23:42+08:00,2026-09-19T07:00:00+08:00,FB5551,2026-09-21 05:00,Indy Eleven,Oakland Roots,Indy Eleven,Oakland Roots SC,USA ‐ USL League One,6,1.9710,3.8100,3.4110,0.477291,0.246913,0.275796,1.000
2026-09-19T07:23:42+08:00,2026-09-19T07:00:00+08:00,FB5552,2026-09-20 09:00,Cancun FC,Oaxaca,Cancun FC,Alebrijes de Oaxaca,Mexico ‐ Liga de Expansion,6,1.8540,3.7500,3.8250,0.505279,0.249810,0.244912,0.970
2026-09-19T07:23:42+08:00,2026-09-19T07:00:00+08:00,FB5554,2026-09-20 22:30,Mjallby,GAIS,Mjallby,GAIS Goteborg,Sweden ‐ Allsvenskan,7,2.7100,3.6000,2.5180,0.353478,0.266091,0.380431,0.970
2026-09-19T07:23:42+08:00,2026-09-19T07:00:00+08:00,FB5555,2026-09-20 22:30,Degerfors,Hammarby,Degerfors,Hammarby IF,Sweden ‐ Allsvenskan,7,9.4000,5.5000,1.3310,0.102339,0.174907,0.722754,1.000
2026-09-19T07:23:42+08:00,2026-09-19T07:00:00+08:00,FB5556,2026-09-20 10:30,Las Vegas Lights,Hartford Athletic,Las Vegas Lights,Hartford Athletic,USA ‐ USL League One,6,2.0810,3.6100,3.3000,0.453091,0.261186,0.285722,1.000
2026-09-19T07:23:42+08:00,2026-09-19T07:00:00+08:00,FB5557,2026-09-19 20:00,Real Sociedad B,Mallorca,Real Sociedad II,Mallorca,Spain ‐ Segunda Division,7,4.0700,3.7500,1.9150,0.237492,0.257759,0.504749,0.952
2026-09-19T07:23:42+08:00,2026-09-19T07:00:00+08:00,FB5558,2026-09-20 00:15,Ajman Club,Sharjah FC,Ajman Club,Al Sharjah,United Arab Emirates ‐ League Cup,3,3.3000,3.4500,2.0000,0.277275,0.265220,0.457505,0.970
2026-09-19T07:23:42+08:00,2026-09-19T07:00:00+08:00,FB5559,2026-09-20 01:30,Grazer AK,Austria Vienna,Grazer AK,Austria Wien,Austria ‐ Bundesliga,7,2.5780,3.4500,2.8300,0.376194,0.281110,0.342696,0.923
2026-09-19T07:23:42+08:00,2026-09-19T07:00:00+08:00,FB5560,2026-09-20 07:00,Louisville City,Loudoun Utd,Louisville City FC,Loudoun United,USA ‐ USL League One,6,1.4300,5.1900,6.3800,0.666814,0.183727,0.149458,0.940
2026-09-19T07:23:42+08:00,2026-09-19T07:00:00+08:00,FB5562,2026-09-19 19:45,Chelsea Women,Birmingham Women,Chelsea Women,Birmingham City Women,England ‐ Super League Women,6,1.0710,13.0000,23.0000,0.885779,0.072975,0.041246,0.932
2026-09-19T07:23:42+08:00,2026-09-19T07:00:00+08:00,FB5564,2026-09-20 02:00,Metz,St. Etienne,Metz,Saint Etienne,France ‐ Ligue 2,7,3.6110,3.6700,2.0270,0.265578,0.261308,0.473114,0.935
2026-09-19T09:18:14+08:00,2026-09-19T09:00:00+08:00,FB5269,2026-09-19 11:00,Juarez,Tigres UANL,FC Juarez,Tigres UANL,Mexico ‐ Primera Division,7,4.2100,3.6950,1.9200,0.230836,0.263009,0.506155,1.000
2026-09-19T09:18:14+08:00,2026-09-19T09:00:00+08:00,FB5289,2026-09-19 22:00,Brighton,Arsenal,Brighton & Hove Albion,Arsenal,England ‐ Premier League,7,5.0230,4.2100,1.7530,0.197688,0.235863,0.566449,0.970
2026-09-19T09:18:14+08:00,2026-09-19T09:00:00+08:00,FB5308,2026-09-19 22:57,Boston River,CA Progresso,CA Boston River,CA Progreso,Uruguay ‐ Primera Division,6,1.9580,3.4300,4.1750,0.490238,0.279850,0.229913,0.948
2026-09-19T09:18:14+08:00,2026-09-19T09:00:00+08:00,FB5309,2026-09-20 05:27,Deportivo Maldonado,Cerro Largo,Deportivo Maldonado,Cerro Largo,Uruguay ‐ Primera Division,6,1.7170,3.7400,5.0900,0.556663,0.255559,0.187778,1.000
2026-09-19T09:18:14+08:00,2026-09-19T09:00:00+08:00,FB5310,2026-09-19 13:00,Hokkaido Consadole Sapporo,Oita Trinita,Consadole Sapporo,Oita Trinita,Japan ‐ J2 League,7,2.4600,3.2500,3.0490,0.390054,0.295241,0.314704,1.000
2026-09-19T09:18:14+08:00,2026-09-19T09:00:00+08:00,FB5312,2026-09-19 15:30,Jeonnam Dragons,Suwon FC,Jeonnam Dragons,Suwon City,South Korea ‐ K-League Challenge,7,3.7270,3.9700,1.9250,0.258072,0.242275,0.499653,0.970
2026-09-19T09:18:14+08:00,2026-09-19T09:00:00+08:00,FB5314,2026-09-19 17:00,Avispa Fukuoka,Sanfrecce Hiroshima,Avispa Fukuoka,Sanfrecce Hiroshima,Japan ‐ J League,7,4.7770,4.1000,1.7370,0.203448,0.237041,0.559511,1.000
2026-09-19T09:18:14+08:00,2026-09-19T09:00:00+08:00,FB5315,2026-09-19 17:00,Kawasaki Frontale,Kashima Antlers,Kawasaki Frontale,Kashima Antlers,Japan ‐ J League,7,2.7200,3.7500,2.5800,0.359764,0.260949,0.379286,1.000
2026-09-19T09:18:14+08:00,2026-09-19T09:00:00+08:00,FB5316,2026-09-19 17:30,V-Varen Nagasaki,Cerezo Osaka,V-Varen Nagasaki,Cerezo Osaka,Japan ‐ J League,7,3.6060,3.8000,2.0810,0.271609,0.257742,0.470649,1.000
2026-09-19T09:18:14+08:00,2026-09-19T09:00:00+08:00,FB5317,2026-09-19 17:30,Urawa Reds,Tokyo Verdy,Urawa Red Diamonds,Tokyo Verdy,Japan ‐ J League,7,1.8690,3.7000,4.8000,0.527841,0.266631,0.205528,0.857
2026-09-19T09:18:14+08:00,2026-09-19T09:00:00+08:00,FB5318,2026-09-19 18:00,FC Anyang,Ulsan HD,FC Anyang,Ulsan Hyundai,South Korea ‐ K-League Classic,7,3.6000,3.7000,2.0670,0.269206,0.261930,0.468864,0.881
2026-09-19T09:18:14+08:00,2026-09-19T09:00:00+08:00,FB5319,2026-09-19 18:00,Gimpo FC,Busan I'Park,Gimpo Citizen FC,Busan I Park,South Korea ‐ K-League Challenge,7,2.5660,3.4500,2.8510,0.378243,0.281325,0.340432,1.000
2026-09-19T09:18:14+08:00,2026-09-19T09:00:00+08:00,FB5320,2026-09-19 18:00,Seoul E-Land,Daegu FC,Seoul E-Land,Daegu FC,South Korea ‐ K-League Challenge,7,2.1600,3.9200,3.0830,0.444121,0.244720,0.311159,1.000
2026-09-19T09:18:14+08:00,2026-09-19T09:00:00+08:00,FB5321,2026-09-19 18:00,Montedio Yamagata,Kataller Toyama,Montedio Yamagata,Kataller Toyama,Japan ‐ J2 League,7,2.7800,3.7500,2.3960,0.344637,0.255491,0.399871,1.000
2026-09-19T09:18:14+08:00,2026-09-19T09:00:00+08:00,FB5322,2026-09-19 18:00,Albirex Niigata,Jubilo Iwata,Albirex Niigata,Jubilo Iwata,Japan ‐ J2 League,7,3.4270,3.4000,2.2250,0.281836,0.284074,0.434090,1.000
2026-09-19T09:18:14+08:00,2026-09-19T09:00:00+08:00,FB5323,2026-09-19 18:00,Sagan Tosu,Iwaki FC,Sagan Tosu,Iwaki,Japan ‐ J2 League,7,2.0090,3.5000,3.9030,0.478759,0.274808,0.246433,1.000
2026-09-19T09:18:14+08:00,2026-09-19T09:00:00+08:00,FB5324,2026-09-19 18:00,Shonan Bellmare,Blaublitz Akita,Shonan Bellmare,Blaublitz Akita,Japan ‐ J2 League,7,2.1970,3.3000,3.5800,0.438703,0.292070,0.269227,1.000
2026-09-19T09:18:14+08:00,2026-09-19T09:00:00+08:00,FB5325,2026-09-19 18:00,FC Yokohama,FC Imabari,Yokohama FC,Imabari,Japan ‐ J2 League,7,1.6700,4.0700,5.0700,0.574809,0.235855,0.189336,1.000
2026-09-19T09:18:14+08:00,2026-09-19T09:00:00+08:00,FB5326,2026-09-19 18:00,Fagiano Okayama,Kyoto Sanga,Fagiano Okayama,Kyoto Sanga,Japan ‐ J League,7,1.9090,3.8500,4.3100,0.515792,0.255752,0.228456,1.000
2026-09-19T09:18:14+08:00,2026-09-19T09:00:00+08:00,FB5327,2026-09-19 18:00,FC Tokyo,Nagoya Grampus,FC Tokyo,Nagoya Grampus,Japan ‐ J League,7,1.7330,4.3500,4.4940,0.560533,0.223311,0.216156,1.000
2026-09-19T09:18:14+08:00,2026-09-19T09:00:00+08:00,FB5328,2026-09-19 18:30,Yokohama F.Marinos,Mito Hollyhock,Yokohama F Marinos,Mito Hollyhock,Japan ‐ J League,7,2.0600,3.8500,3.5910,0.474221,0.253739,0.272040,1.000
2026-09-19T09:18:14+08:00,2026-09-19T09:00:00+08:00,FB5329,2026-09-19 19:00,Kaiserslautern,Braunschweig,Kaiserslautern,Eintracht Braunschweig,Germany ‐ Bundesliga 2,7,2.0500,4.0000,3.6100,0.480684,0.246351,0.272965,0.970
2026-09-19T09:18:14+08:00,2026-09-19T09:00:00+08:00,FB5330,2026-09-19 19:00,Holstein Kiel,Osnabruck,Holstein Kiel,VfL Osnabruck,Germany ‐ Bundesliga 2,7,1.7950,4.2500,4.2200,0.541211,0.228582,0.230207,1.000
2026-09-19T09:18:14+08:00,2026-09-19T09:00:00+08:00,FB5331,2026-09-19 20:00,Osasuna,Vallecano,Osasuna,Rayo Vallecano,Spain ‐ Primera Division,7,2.6280,3.3850,3.0250,0.378054,0.293508,0.328438,0.970
2026-09-19T09:18:14+08:00,2026-09-19T09:00:00+08:00,FB5332,2026-09-19 21:30,Werder Bremen,Augsburg,Werder Bremen,Augsburg,Germany ‐ Bundesliga,7,2.4420,3.9650,2.8270,0.403274,0.248372,0.348354,1.000
2026-09-19T09:18:14+08:00,2026-09-19T09:00:00+08:00,FB5333,2026-09-19 22:15,Bilbao,Alaves,Athletic Bilbao,Alaves,Spain ‐ Primera Division,7,1.7060,4.0500,5.9000,0.584663,0.246280,0.169057,0.970
2026-09-19T09:18:14+08:00,2026-09-19T09:00:00+08:00,FB5334,2026-09-19 22:30,Den Haag,Cambuur,ADO Den Haag,Cambuur-Leeuwarden,Netherlands ‐ Eredivisie,7,1.8370,4.1500,4.0240,0.526548,0.233077,0.240375,0.940
2026-09-19T09:18:14+08:00,2026-09-19T09:00:00+08:00,FB5335,2026-09-19 22:30,Vitesse,Jong PSV Eindhoven,Vitesse Arnhem,Jong PSV Eindhoven,Netherlands ‐ Eerste Divisie,7,1.6120,4.6300,4.7000,0.591316,0.205875,0.202809,0.970
2026-09-19T09:18:14+08:00,2026-09-19T09:00:00+08:00,FB5336,2026-09-20 00:30,Stuttgart,Dortmund,VfB Stuttgart,Borussia Dortmund,Germany ‐ Bundesliga,7,2.5100,3.8500,2.8150,0.393144,0.256309,0.350547,0.940
2026-09-19T09:18:14+08:00,2026-09-19T09:00:00+08:00,FB5337,2026-09-20 00:30,Celta Vigo,Santander,Celta Vigo,Racing Santander,Spain ‐ Primera Division,7,1.8610,4.1200,4.3150,0.531072,0.239885,0.229044,1.000
2026-09-19T09:18:14+08:00,2026-09-19T09:00:00+08:00,FB5338,2026-09-20 00:45,Sparta Rotterdam,Heerenveen,Sparta Rotterdam,Heerenveen,Netherlands ‐ Eredivisie,7,2.5730,3.8500,2.6400,0.378368,0.252867,0.368765,1.000
2026-09-19T09:18:14+08:00,2026-09-19T09:00:00+08:00,FB5339,2026-09-20 23:30,Fulham,Manchester Utd,Fulham,Manchester United,England ‐ Premier League,7,3.6350,3.8650,2.0900,0.271759,0.255587,0.472653,0.952
2026-09-19T09:18:14+08:00,2026-09-19T09:00:00+08:00,FB5340,2026-09-19 22:00,Everton,Ipswich,Everton,Ipswich Town,England ‐ Premier League,7,1.8590,3.9550,4.4500,0.529720,0.248988,0.221292,0.970
2026-09-19T09:18:14+08:00,2026-09-19T09:00:00+08:00,FB5341,2026-09-20 00:30,Nottingham Forest,Coventry,Nottingham Forest,Coventry City,England ‐ Premier League,7,1.6950,4.1050,5.7080,0.584842,0.241488,0.173670,1.000
2026-09-19T09:18:14+08:00,2026-09-19T09:00:00+08:00,FB5342,2026-09-19 19:30,Tottenham,Aston Villa,Tottenham Hotspur,Aston Villa,England ‐ Premier League,7,2.1070,3.6500,3.7500,0.467480,0.269858,0.262662,0.970
2026-09-19T09:18:14+08:00,2026-09-19T09:00:00+08:00,FB5343,2026-09-19 22:00,Newcastle,Hull City,Newcastle United,Hull City,England ‐ Premier League,7,1.6340,4.5200,5.4900,0.602723,0.217887,0.179390,0.970
2026-09-19T09:18:14+08:00,2026-09-19T09:00:00+08:00,FB5344,2026-09-20 02:00,Ajax,Excelsior,Ajax Amsterdam,SBV Excelsior,Netherlands ‐ Eredivisie,7,1.2170,8.0000,11.5000,0.794943,0.120931,0.084126,0.940
2026-09-19T09:18:14+08:00,2026-09-19T09:00:00+08:00,FB5345,2026-09-20 02:30,Dresden,Hertha Berlin,Dynamo Dresden,Hertha Berlin,Germany ‐ Bundesliga 2,7,2.7690,4.1090,2.3760,0.352201,0.237343,0.410456,0.970
2026-09-19T09:18:14+08:00,2026-09-19T09:00:00+08:00,FB5346,2026-09-20 03:00,Willem II,Fortuna Sittard,Willem II Tilburg,Fortuna Sittard,Netherlands ‐ Eredivisie,7,2.6700,3.9000,2.4990,0.363234,0.248676,0.388090,0.970
2026-09-19T09:18:14+08:00,2026-09-19T09:00:00+08:00,FB5347,2026-09-20 03:00,Sevilla,Barcelona,Sevilla,Barcelona,Spain ‐ Primera Division,7,12.8800,7.6000,1.2500,0.076931,0.130377,0.792692,1.000
2026-09-19T09:18:14+08:00,2026-09-19T09:00:00+08:00,FB5348,2026-09-20 15:30,Jeonbuk Motors,Gwangju FC,Jeonbuk Hyundai Motors,Gwangju FC,South Korea ‐ K-League Classic,7,1.4100,4.9390,7.6660,0.680544,0.194284,0.125172,0.889
2026-09-19T09:18:14+08:00,2026-09-19T09:00:00+08:00,FB5350,2026-09-20 18:00,Incheon Utd,Daejeon Citizen,Incheon United,Daejeon Citizen,South Korea ‐ K-League Classic,7,2.7830,3.4500,2.5700,0.346075,0.279167,0.374758,0.940
2026-09-19T09:18:14+08:00,2026-09-19T09:00:00+08:00,FB5351,2026-09-20 18:00,Seongnam FC,Hwaseong FC,Seongnam Ilhwa Chunma,Hwaseong FC,South Korea ‐ K-League Challenge,7,2.7400,3.3000,2.5900,0.346234,0.287479,0.366286,0.970
2026-09-19T09:18:14+08:00,2026-09-19T09:00:00+08:00,FB5353,2026-09-19 22:00,Dundee,Motherwell,Dundee FC,Motherwell,Scotland ‐ Premier League,7,3.1400,3.4710,2.3500,0.308565,0.279140,0.412295,1.000
2026-09-19T09:18:14+08:00,2026-09-19T09:00:00+08:00,FB5355,2026-09-20 18:15,Feyenoord,Utrecht,Feyenoord Rotterdam,Utrecht,Netherlands ‐ Eredivisie,7,1.2900,6.4200,9.8000,0.750431,0.150788,0.098781,0.970
2026-09-19T09:18:14+08:00,2026-09-19T09:00:00+08:00,FB5356,2026-09-19 22:00,St. Mirren,Dundee Utd,Saint Mirren,Dundee United,Scotland ‐ Premier League,7,2.4030,3.7000,2.8500,0.401185,0.260553,0.338262,0.863
2026-09-19T09:18:14+08:00,2026-09-19T09:00:00+08:00,FB5357,2026-09-19 22:00,Hibernian,Aberdeen,Hibernian,Aberdeen,Scotland ‐ Premier League,7,1.7730,3.9900,4.5290,0.544710,0.242048,0.213242,1.000
2026-09-19T09:18:14+08:00,2026-09-19T09:00:00+08:00,FB5358,2026-09-19 22:00,St. Johnstone,Falkirk,St. Johnstone,Falkirk,Scotland ‐ Premier League,7,2.0870,3.5500,3.6300,0.462360,0.271815,0.265825,1.000
2026-09-19T09:18:14+08:00,2026-09-19T09:00:00+08:00,FB5359,2026-09-20 19:30,Hannover,Bochum,Hannover 96,VfL Bochum,Germany ‐ Bundesliga 2,7,1.8300,4.2500,4.0940,0.532599,0.229331,0.238070,0.940
2026-09-19T09:18:14+08:00,2026-09-19T09:00:00+08:00,FB5360,2026-09-20 20:30,Twente,PSV Eindhoven,Twente Enschede,PSV Eindhoven,Netherlands ‐ Eredivisie,7,2.9830,4.2500,2.2000,0.327033,0.229539,0.443428,0.970
2026-09-19T09:18:14+08:00,2026-09-19T09:00:00+08:00,FB5361,2026-09-20 20:30,AZ Alkmaar,Telstar,AZ Alkmaar,Telstar,Netherlands ‐ Eredivisie,7,1.2700,7.0000,10.7000,0.769160,0.139548,0.091293,1.000
2026-09-19T09:18:14+08:00,2026-09-19T09:00:00+08:00,FB5362,2026-09-20 22:15,Atletico Madrid,Real Madrid,Atletico Madrid,Real Madrid,Spain ‐ Primera Division,7,3.7150,4.1000,2.0340,0.267914,0.242756,0.489331,1.000
2026-09-19T09:18:14+08:00,2026-09-19T09:00:00+08:00,FB5363,2026-09-20 02:45,Le Mans,Lorient,Le Mans,Lorient,France ‐ Ligue 1,7,2.7940,3.5300,2.6710,0.352417,0.278938,0.368645,1.000
2026-09-19T09:18:14+08:00,2026-09-19T09:00:00+08:00,FB5364,2026-09-20 02:45,Lyon,Rennes,Lyon,Rennes,France ‐ Ligue 1,7,2.1880,3.8600,3.3350,0.449860,0.254999,0.295141,1.000
2026-09-19T09:18:14+08:00,2026-09-19T09:00:00+08:00,FB5365,2026-09-20 02:45,Toulouse,Le Havre,Toulouse,Le Havre,France ‐ Ligue 1,7,1.7870,4.0800,4.8180,0.552825,0.242132,0.205043,1.000
2026-09-19T09:18:14+08:00,2026-09-19T09:00:00+08:00,FB5366,2026-09-20 22:45,De Graafschap,NAC,De Graafschap,NAC Breda,Netherlands ‐ Eerste Divisie,7,3.4200,4.3210,1.9600,0.282775,0.223812,0.493413,0.970
2026-09-19T09:18:14+08:00,2026-09-19T09:00:00+08:00,FB5367,2026-09-20 02:45,Angers SCO,Troyes,Angers,Troyes,France ‐ Ligue 1,7,2.2000,3.6000,3.5800,0.449310,0.274578,0.276112,0.970
2026-09-19T09:18:14+08:00,2026-09-19T09:00:00+08:00,FB5368,2026-09-20 21:00,Auxerre,Brest,Auxerre,Brest,France ‐ Ligue 1,7,2.9300,3.7200,2.4700,0.336262,0.264852,0.398886,1.000
2026-09-19T09:18:14+08:00,2026-09-19T09:00:00+08:00,FB5369,2026-09-20 23:15,Nice,Lille,Nice,Lille,France ‐ Ligue 1,7,3.7800,3.5950,2.1160,0.260563,0.273971,0.465466,1.000
2026-09-19T09:18:14+08:00,2026-09-19T09:00:00+08:00,FB5370,2026-09-19 21:30,Monchengladbach,Mainz,Borussia Monchengladbach,FSV Mainz 05,Germany ‐ Bundesliga,7,3.1130,3.9000,2.2900,0.316697,0.252789,0.430514,0.940
2026-09-19T09:18:14+08:00,2026-09-19T09:00:00+08:00,FB5371,2026-09-20 21:30,Leverkusen,RB Leipzig,Bayer Leverkusen,RB Leipzig,Germany ‐ Bundesliga,7,2.0320,4.4000,3.4650,0.488221,0.225469,0.286310,1.000
2026-09-19T09:18:14+08:00,2026-09-19T09:00:00+08:00,FB5372,2026-09-20 23:30,Schalke 04,Elversberg,Schalke 04,SV Elversberg,Germany ‐ Bundesliga,7,2.1070,3.8500,3.6550,0.470867,0.257693,0.271441,1.000
2026-09-19T09:18:14+08:00,2026-09-19T09:00:00+08:00,FB5374,2026-09-19 21:30,Frankfurt,Freiburg,Eintracht Frankfurt,SC Freiburg,Germany ‐ Bundesliga,7,2.4980,3.9650,2.7550,0.394209,0.248356,0.357435,0.970
2026-09-19T09:18:14+08:00,2026-09-19T09:00:00+08:00,FB5375,2026-09-20 02:45,Venezia,Lazio,Venezia,Lazio,Italy ‐ Serie A,7,3.9950,3.8100,1.9890,0.246481,0.258450,0.495069,1.000
2026-09-19T09:18:14+08:00,2026-09-19T09:00:00+08:00,FB5376,2026-09-20 18:30,Fiorentina,Napoli,Fiorentina,Napoli,Italy ‐ Serie A,7,3.3550,3.6000,2.3100,0.295480,0.275371,0.429149,1.000
2026-09-19T09:18:14+08:00,2026-09-19T09:00:00+08:00,FB5377,2026-09-20 21:00,Parma,Genoa,Parma,Genoa,Italy ‐ Serie A,7,3.2290,3.1400,2.5870,0.305203,0.313854,0.380943,1.000
2026-09-19T09:18:14+08:00,2026-09-19T09:00:00+08:00,FB5378,2026-09-20 00:00,Roma,Inter Milan,AS Roma,Inter Milan,Italy ‐ Serie A,7,2.7410,3.7000,2.7100,0.363339,0.269166,0.367495,0.970
2026-09-19T09:18:14+08:00,2026-09-19T09:00:00+08:00,FB5379,2026-09-20 21:00,Frosinone,Como,Frosinone,Como,Italy ‐ Serie A,7,6.7500,4.8500,1.5460,0.147976,0.205946,0.646078,1.000
2026-09-19T09:18:14+08:00,2026-09-19T09:00:00+08:00,FB5380,2026-09-21 02:45,AC Milan,Lecce,AC Milan,Lecce,Italy ‐ Serie A,7,1.2970,6.0400,12.7000,0.759382,0.163066,0.077553,1.000
2026-09-19T09:18:14+08:00,2026-09-19T09:00:00+08:00,FB5381,2026-09-19 21:00,Udinese,Cagliari,Udinese,Cagliari,Italy ‐ Serie A,7,2.3060,3.3950,3.4800,0.427008,0.290038,0.282954,1.000
2026-09-19T09:18:14+08:00,2026-09-19T09:00:00+08:00,FB5382,2026-09-19 21:00,Bologna,AC Torino,Bologna,Torino,Italy ‐ Serie A,7,2.0190,3.6050,4.1200,0.487780,0.273184,0.239036,1.000
2026-09-19T09:18:14+08:00,2026-09-19T09:00:00+08:00,FB5383,2026-09-20 16:00,Gamba Osaka,Vissel Kobe,Gamba Osaka,Vissel Kobe,Japan ‐ J League,7,3.4100,3.6000,2.2500,0.288785,0.273544,0.437670,1.000
2026-09-19T09:18:14+08:00,2026-09-19T09:00:00+08:00,FB5384,2026-09-20 16:00,Tochigi City,Vegalta Sendai,Tochigi UVA,Vegalta Sendai,Japan ‐ J2 League,7,3.5270,3.6500,2.0800,0.273077,0.263874,0.463049,0.848
2026-09-19T09:18:14+08:00,2026-09-19T09:00:00+08:00,FB5385,2026-09-20 13:00,Iran AM,China AM,Iran U23,China U23,Asia - AFC - Asian Games U23,5,2.1000,3.0800,3.5800,0.440837,0.300571,0.258592,1.000
2026-09-19T09:18:14+08:00,2026-09-19T09:00:00+08:00,FB5387,2026-09-19 18:00,Ventforet Kofu,Tokushima Vortis,Ventforet Kofu,Tokushima Vortis,Japan ‐ J2 League,7,3.3410,3.2000,2.3600,0.289039,0.301775,0.409186,1.000
2026-09-19T09:18:14+08:00,2026-09-19T09:00:00+08:00,FB5388,2026-09-19 17:30,Fujieda MYFC,RB Omiya Ardija,Fujieda MYFC,Omiya Ardija,Japan ‐ J2 League,7,3.4300,3.5500,2.1450,0.280484,0.271003,0.448513,1.000
2026-09-19T09:18:14+08:00,2026-09-19T09:00:00+08:00,FB5389,2026-09-19 17:30,Shimizu S-Pulse,JEF United Chiba,Shimizu S-Pulse,JEF United Ichihara,Japan ‐ J League,7,1.9170,3.8000,4.2400,0.511092,0.257832,0.231076,0.929
2026-09-19T09:18:14+08:00,2026-09-19T09:00:00+08:00,FB5391,2026-09-21 01:15,Brann,Bodo Glimt,Brann,Bodo-Glimt,Norway ‐ Tippeligaen,7,4.5600,4.7500,1.6500,0.211701,0.203233,0.585065,1.000
2026-09-19T09:18:14+08:00,2026-09-19T09:00:00+08:00,FB5392,2026-09-19 19:00,Karlsruher,Nurnberg,Karlsruher,Nurnberg,Germany ‐ Bundesliga 2,7,2.9400,4.1000,2.2800,0.332607,0.238504,0.428889,1.000
2026-09-19T09:18:14+08:00,2026-09-19T09:00:00+08:00,FB5393,2026-09-19 22:30,Gil Vicente,Maritimo,Gil Vicente,Maritimo Funchal,Portugal ‐ Primeira Liga,7,1.9600,3.5200,4.4100,0.499685,0.278233,0.222082,0.970
2026-09-19T09:18:14+08:00,2026-09-19T09:00:00+08:00,FB5394,2026-09-19 22:30,Nacional,Famalicao,CD Nacional Madeira,Famalicao,Portugal ‐ Primeira Liga,7,3.8400,3.3750,2.1170,0.253058,0.287924,0.459019,0.970
2026-09-19T09:18:14+08:00,2026-09-19T09:00:00+08:00,FB5395,2026-09-20 01:00,Alverca,Rio Ave,FC Alverca,Rio Ave,Portugal ‐ Primeira Liga,7,2.0090,3.5650,4.0400,0.485246,0.273453,0.241302,1.000
2026-09-19T09:18:14+08:00,2026-09-19T09:00:00+08:00,FB5396,2026-09-21 01:00,Santa Clara,Braga,Santa Clara,Sporting Braga,Portugal ‐ Primeira Liga,7,3.8600,3.2600,2.1600,0.251820,0.298168,0.450012,0.970
2026-09-19T09:18:14+08:00,2026-09-19T09:00:00+08:00,FB5397,2026-09-21 01:00,Estoril,Casa Pia AC,Estoril Praia,Casa Pia,Portugal ‐ Primeira Liga,7,1.7900,3.8550,4.8510,0.545456,0.253273,0.201271,0.970
2026-09-19T09:18:14+08:00,2026-09-19T09:00:00+08:00,FB5398,2026-09-20 03:30,Sporting,Arouca,Sporting Lisbon,Arouca,Portugal ‐ Primeira Liga,7,1.2000,7.7000,15.0000,0.809164,0.126103,0.064733,0.970
2026-09-19T09:18:14+08:00,2026-09-19T09:00:00+08:00,FB5399,2026-09-21 03:30,Porto,Benfica,FC Porto,Benfica,Portugal ‐ Primeira Liga,7,2.7540,3.4500,2.6610,0.352957,0.281751,0.365292,1.000
2026-09-19T09:18:14+08:00,2026-09-19T09:00:00+08:00,FB5400,2026-09-20 22:30,Guimaraes,Moreirense,Vitoria Guimaraes,Moreirense,Portugal ‐ Primeira Liga,7,1.5630,4.2700,6.3550,0.620351,0.227075,0.152574,0.970
2026-09-19T09:18:14+08:00,2026-09-19T09:00:00+08:00,FB5401,2026-09-20 22:30,Amadora,Viseu,Estrela Amadora,Academico Viseu,Portugal ‐ Primeira Liga,7,2.2720,3.3100,3.4600,0.426794,0.292953,0.280253,0.940
2026-09-19T09:18:14+08:00,2026-09-19T09:00:00+08:00,FB5402,2026-09-20 20:00,Brondby,Copenhagen,Brondby IF,FC Copenhagen,Denmark ‐ Superliga,7,3.2730,3.7700,2.1300,0.293704,0.254985,0.451311,1.000
2026-09-19T09:18:14+08:00,2026-09-19T09:00:00+08:00,FB5403,2026-09-20 00:00,Odense,Midtjylland,Odense BK,Midtjylland,Denmark ‐ Superliga,7,4.2070,4.2600,1.8100,0.231918,0.229033,0.539049,0.970
2026-09-19T09:18:14+08:00,2026-09-19T09:00:00+08:00,FB5404,2026-09-20 20:00,Sonderjyske,Randers,Sonderjyske,Randers FC,Denmark ‐ Superliga,7,2.7530,3.7000,2.4500,0.348708,0.259458,0.391834,1.000
2026-09-19T09:18:14+08:00,2026-09-19T09:00:00+08:00,FB5406,2026-09-21 00:00,Viborg,Nordsjaelland,Viborg FF,Nordsjaelland,Denmark ‐ Superliga,7,2.8870,3.8500,2.3100,0.333372,0.249986,0.416643,0.970
2026-09-19T09:18:14+08:00,2026-09-19T09:00:00+08:00,FB5407,2026-09-20 22:00,Horsens,AGF Aarhus,AC Horsens,AGF Aarhus,Denmark ‐ Superliga,7,4.0620,3.7700,1.8790,0.235891,0.254162,0.509947,1.000
2026-09-19T09:18:14+08:00,2026-09-19T09:00:00+08:00,FB5408,2026-09-19 19:30,Pattani,Prachuap,Pattani FC,Prachuap,Thailand ‐ Premier League,7,4.1300,3.3500,1.9900,0.232115,0.286159,0.481726,1.000
2026-09-19T09:18:14+08:00,2026-09-19T09:00:00+08:00,FB5409,2026-09-19 19:00,Rasisalai Utd,Lamphun Warriors,Rasisalai United,Lamphun Warrior,Thailand ‐ Premier League,6,2.9230,3.5100,2.6000,0.338181,0.281625,0.380194,0.948
2026-09-19T09:18:14+08:00,2026-09-19T09:00:00+08:00,FB5410,2026-09-19 23:15,Paris FC,Strasbourg,Paris FC,Strasbourg,France ‐ Ligue 1,7,2.0560,3.8500,3.7800,0.481246,0.256998,0.261757,1.000
2026-09-19T09:18:14+08:00,2026-09-19T09:00:00+08:00,FB5411,2026-09-19 13:30,Oakleigh Cannons,Avondale,Oakleigh Cannons,Avondale Heights SC,Australia ‐ Victoria Premier League,7,2.2000,3.6500,2.9760,0.426988,0.257363,0.315650,0.970
2026-09-19T09:18:14+08:00,2026-09-19T09:00:00+08:00,FB5412,2026-09-19 22:00,Kristiansund,Rosenborg,Kristiansund BK,Rosenborg,Norway ‐ Tippeligaen,7,5.8940,5.1200,1.5000,0.164460,0.189322,0.646218,0.970
2026-09-19T09:18:14+08:00,2026-09-19T09:00:00+08:00,FB5413,2026-09-20 00:00,Molde,Aalesund,Molde,Aalesund,Norway ‐ Tippeligaen,7,1.3440,6.2000,7.5500,0.716955,0.155417,0.127628,1.000
2026-09-19T09:18:14+08:00,2026-09-19T09:00:00+08:00,FB5414,2026-09-20 19:30,Cottbus,St. Pauli,Energie Cottbus,St. Pauli,Germany ‐ Bundesliga 2,7,3.1200,4.1500,2.1480,0.312079,0.234623,0.453298,0.970
2026-09-19T09:18:14+08:00,2026-09-19T09:00:00+08:00,FB5415,2026-09-20 19:30,Bielefeld,Heidenheim,Arminia Bielefeld,FC Heidenheim,Germany ‐ Bundesliga 2,7,2.1900,3.8500,3.1810,0.443008,0.251997,0.304995,0.970
2026-09-19T09:18:14+08:00,2026-09-19T09:00:00+08:00,FB5416,2026-09-20 23:00,Tromso,Ham-Kam,Tromso,Ham Kam,Norway ‐ Tippeligaen,7,1.5120,4.6500,6.1100,0.635880,0.206763,0.157357,1.000
2026-09-19T09:18:14+08:00,2026-09-19T09:00:00+08:00,FB5417,2026-09-20 20:30,Valerenga,Fredrikstad,Valerenga IF,Fredrikstad,Norway ‐ Tippeligaen,7,1.9920,4.1000,3.6100,0.490760,0.238438,0.270802,1.000
2026-09-19T09:18:14+08:00,2026-09-19T09:00:00+08:00,FB5418,2026-09-20 23:00,Sandefjord,Start,Sandefjord,IK Start,Norway ‐ Tippeligaen,7,2.0440,3.8500,3.5630,0.475154,0.252263,0.272583,0.970
2026-09-19T09:18:14+08:00,2026-09-19T09:00:00+08:00,FB5419,2026-09-20 15:30,Yongin FC,Gyeongnam FC,Yongin City FC,Gyeongnam FC,South Korea ‐ K-League Challenge,7,2.3450,3.4000,2.9700,0.403345,0.278189,0.318466,0.970
2026-09-19T09:18:14+08:00,2026-09-19T09:00:00+08:00,FB5420,2026-09-20 18:00,Pohang Steelers,FC Seoul,Pohang Steelers,FC Seoul,South Korea ‐ K-League Classic,7,4.5200,3.4500,1.9400,0.215515,0.282356,0.502128,1.000
2026-09-19T09:18:14+08:00,2026-09-19T09:00:00+08:00,FB5426,2026-09-20 16:00,Machida Zelvia,Kashiwa Reysol,Machida Zelvia,Kashiwa Reysol,Japan ‐ J League,7,2.5990,3.6000,2.7300,0.373977,0.269991,0.356032,1.000
2026-09-19T09:18:14+08:00,2026-09-19T09:00:00+08:00,FB5427,2026-09-20 19:00,Rayong,Ratchaburi,Rayong FC,Ratchaburi FC,Thailand ‐ Premier League,6,3.8000,3.5000,1.8920,0.244250,0.265185,0.490565,1.000
2026-09-19T09:18:14+08:00,2026-09-19T09:00:00+08:00,FB5428,2026-09-20 19:30,Sukhothai,Port FC,Sukhothai FC,Port FC,Thailand ‐ Premier League,6,5.3900,4.0700,1.5980,0.175522,0.232448,0.592030,1.000
2026-09-19T09:18:14+08:00,2026-09-19T09:00:00+08:00,FB5429,2026-09-19 20:00,Chiangrai Utd,Sisaket Utd,Chiangrai United,Sisaket,Thailand ‐ Premier League,7,1.8090,3.4000,4.4860,0.516712,0.274921,0.208367,0.918
2026-09-19T09:18:14+08:00,2026-09-19T09:00:00+08:00,FB5430,2026-09-20 19:00,Chonburi,Buriram Utd,Chonburi,Buriram United,Thailand ‐ Premier League,6,6.9700,3.5500,1.5580,0.134462,0.263999,0.601539,0.940
2026-09-19T09:18:14+08:00,2026-09-19T09:00:00+08:00,FB5433,2026-09-20 07:30,Vasco da Gama,Coritiba,Vasco da Gama RJ,Coritiba PR,Brazil ‐ Serie A,7,1.5280,4.3700,6.9020,0.636520,0.222564,0.140916,0.940
2026-09-19T09:18:14+08:00,2026-09-19T09:00:00+08:00,FB5434,2026-09-20 03:00,Atletico Mineiro,Chapecoense,Atletico Mineiro MG,Chapecoense,Brazil ‐ Serie A,7,1.4430,4.8400,8.0230,0.676591,0.201719,0.121690,0.970
2026-09-19T09:18:14+08:00,2026-09-19T09:00:00+08:00,FB5435,2026-09-20 04:00,Mirassol,Botafogo,Mirassol SP,Botafogo RJ,Brazil ‐ Serie A,7,2.1700,3.6000,3.5380,0.451239,0.271997,0.276764,0.940
2026-09-19T09:18:14+08:00,2026-09-19T09:00:00+08:00,FB5436,2026-09-20 08:00,Sao Paulo,Internacional,Sao Paulo SP,Internacional RS,Brazil ‐ Serie A,7,1.9320,3.6300,4.1890,0.501646,0.266992,0.231363,0.940
2026-09-19T09:18:14+08:00,2026-09-19T09:00:00+08:00,FB5437,2026-09-20 21:00,Bournemouth,Liverpool,Bournemouth AFC,Liverpool,England ‐ Premier League,7,3.2200,3.9000,2.2280,0.305728,0.252421,0.441851,1.000
2026-09-19T09:18:14+08:00,2026-09-19T09:00:00+08:00,FB5439,2026-09-20 21:00,Manchester City,Sunderland,Manchester City,Sunderland,England ‐ Premier League,7,1.3190,6.0300,10.9000,0.746409,0.163269,0.090322,1.000
2026-09-19T09:18:14+08:00,2026-09-19T09:00:00+08:00,FB5440,2026-09-21 02:45,Marseille,Paris Saint Germain,Marseille,Paris Saint Germain,France ‐ Ligue 1,7,7.5000,5.4900,1.4280,0.131264,0.179323,0.689413,1.000
2026-09-19T09:18:14+08:00,2026-09-19T09:00:00+08:00,FB5442,2026-09-22 06:27,Central Espanol,Montevideo City Torque,Central Espanol,Torque,Uruguay ‐ Primera Division,5,3.6900,3.3350,2.0710,0.257189,0.284566,0.458246,0.970
2026-09-19T09:18:14+08:00,2026-09-19T09:00:00+08:00,FB5444,2026-09-20 08:30,Sporting Kansas City,Philadelphia Union,Sporting Kansas City,Philadelphia Union,USA ‐ Major League Soccer,7,5.0000,4.5730,1.6460,0.194892,0.213090,0.592018,1.000
2026-09-19T09:18:14+08:00,2026-09-19T09:00:00+08:00,FB5445,2026-09-20 07:30,CF Montreal,Columbus Crew,Montreal Impact,Columbus Crew,USA ‐ Major League Soccer,7,2.5250,3.7550,2.7230,0.384656,0.258657,0.356687,0.970
2026-09-19T09:18:14+08:00,2026-09-19T09:00:00+08:00,FB5446,2026-09-20 10:30,Portland Timbers,Atlanta Utd,Portland Timbers,Atlanta United,USA ‐ Major League Soccer,7,2.1370,4.0210,3.2300,0.455982,0.242336,0.301682,0.940
2026-09-19T09:18:14+08:00,2026-09-19T09:00:00+08:00,FB5447,2026-09-20 09:30,Nashville SC,Chicago Fire,Nashville,Chicago Fire,USA ‐ Major League Soccer,7,1.8340,4.0290,4.2200,0.529157,0.240872,0.229970,1.000
2026-09-19T09:18:14+08:00,2026-09-19T09:00:00+08:00,FB5448,2026-09-20 07:30,New England Revolution,Orlando City,New England Revolution,Orlando City,USA ‐ Major League Soccer,7,1.9100,4.2650,3.7350,0.510410,0.228577,0.261013,1.000
2026-09-19T09:18:14+08:00,2026-09-19T09:00:00+08:00,FB5449,2026-09-20 08:30,FC Dallas,Austin FC,FC Dallas,Austin FC,USA ‐ Major League Soccer,7,1.7290,4.2150,4.6350,0.560779,0.230033,0.209188,1.000
2026-09-19T09:18:14+08:00,2026-09-19T09:00:00+08:00,FB5450,2026-09-20 08:30,St. Louis City SC,Toronto FC,Saint Louis FC,Toronto FC,USA ‐ Major League Soccer,7,1.6570,4.4900,4.9500,0.586927,0.216601,0.196472,0.833
2026-09-19T09:18:14+08:00,2026-09-19T09:00:00+08:00,FB5451,2026-09-20 09:30,Real Salt Lake,Vancouver Whitecaps,Real Salt Lake,Vancouver Whitecaps,USA ‐ Major League Soccer,7,4.0050,4.0600,1.8800,0.242909,0.239618,0.517473,1.000
2026-09-19T09:18:14+08:00,2026-09-19T09:00:00+08:00,FB5452,2026-09-20 08:30,Houston Dynamo,FC Cincinnati,Houston Dynamo,FC Cincinnati,USA ‐ Major League Soccer,7,1.9300,4.1090,3.7950,0.505494,0.237431,0.257076,1.000
2026-09-19T09:18:14+08:00,2026-09-19T09:00:00+08:00,FB5453,2026-09-20 07:30,San Jose Earthquakes,Los Angeles FC,San Jose Earthquakes,Los Angeles FC,USA ‐ Major League Soccer,7,3.0350,3.9810,2.2470,0.321227,0.244894,0.433878,1.000
2026-09-19T09:18:14+08:00,2026-09-19T09:00:00+08:00,FB5454,2026-09-20 09:30,Colorado Rapids,Seattle Sounders,Colorado Rapids,Seattle Sounders,USA ‐ Major League Soccer,7,1.9300,4.0000,3.8150,0.502917,0.242658,0.254425,1.000
2026-09-19T09:18:14+08:00,2026-09-19T09:00:00+08:00,FB5455,2026-09-20 08:30,Minnesota Utd,LA Galaxy,Minnesota United,LA Galaxy,USA ‐ Major League Soccer,7,1.6900,4.6300,4.5200,0.575075,0.209908,0.215017,0.948
2026-09-19T09:18:14+08:00,2026-09-19T09:00:00+08:00,FB5456,2026-09-20 07:30,DC United,Charlotte FC,Washington DC United,Charlotte FC,USA ‐ Major League Soccer,7,2.9320,3.7500,2.3690,0.331179,0.258937,0.409884,0.970
2026-09-19T09:18:14+08:00,2026-09-19T09:00:00+08:00,FB5457,2026-09-21 07:00,Inter Miami CF,San Diego FC,Inter Miami,San Diego FC,USA ‐ Major League Soccer,7,1.5230,5.3500,5.3700,0.637639,0.181519,0.180842,1.000
2026-09-19T09:18:14+08:00,2026-09-19T09:00:00+08:00,FB5458,2026-09-21 10:05,Queretaro,Club Leon,Queretaro,Club Leon,Mexico ‐ Primera Division,6,2.4700,3.6000,2.7600,0.387441,0.265828,0.346732,1.000
2026-09-19T09:18:14+08:00,2026-09-19T09:00:00+08:00,FB5459,2026-09-21 08:00,Toluca,Santos Laguna,Toluca,Santos Laguna,Mexico ‐ Primera Division,6,1.2500,6.3000,9.3000,0.750288,0.148867,0.100845,1.000
2026-09-19T09:18:14+08:00,2026-09-19T09:00:00+08:00,FB5460,2026-09-21 08:00,Pachuca,Tijuana,Pachuca,Club Tijuana,Mexico ‐ Primera Division,6,1.7100,3.9700,4.7700,0.558902,0.240736,0.200361,1.000
2026-09-19T09:18:14+08:00,2026-09-19T09:00:00+08:00,FB5461,2026-09-20 11:15,CF America,Guadalajara,Club America,Guadalajara Chivas,Mexico ‐ Primera Division,7,2.6500,3.8340,2.4800,0.362354,0.250453,0.387193,0.970
2026-09-19T09:18:14+08:00,2026-09-19T09:00:00+08:00,FB5462,2026-09-20 09:10,Monterrey,Cruz Azul,Monterrey,Cruz Azul,Mexico ‐ Primera Division,7,2.4590,3.8110,2.7300,0.392778,0.253435,0.353788,1.000
2026-09-19T09:18:14+08:00,2026-09-19T09:00:00+08:00,FB5464,2026-09-20 07:00,Atletico San Luis,Necaxa,Atletico San Luis,Necaxa,Mexico ‐ Primera Division,7,2.3710,3.5100,3.0600,0.408107,0.275676,0.316217,1.000
2026-09-19T09:18:14+08:00,2026-09-19T09:00:00+08:00,FB5465,2026-09-21 03:00,Corinthians,Fluminense,Corinthians SP,Fluminense RJ,Brazil ‐ Serie A,7,2.1990,3.1950,3.7830,0.440616,0.303260,0.256124,0.940
2026-09-19T09:18:14+08:00,2026-09-19T09:00:00+08:00,FB5466,2026-09-21 03:00,Vitoria,Cruzeiro,Vitoria BA,Cruzeiro MG,Brazil ‐ Serie A,7,3.0670,3.3200,2.4870,0.316756,0.292617,0.390627,0.940
2026-09-19T09:18:14+08:00,2026-09-19T09:00:00+08:00,FB5467,2026-09-21 05:30,Flamengo,RB Bragantino,Flamengo RJ,Bragantino SP,Brazil ‐ Serie A,7,1.3700,5.2600,8.5000,0.703417,0.183209,0.113374,0.855
2026-09-19T09:18:14+08:00,2026-09-19T09:00:00+08:00,FB5468,2026-09-21 06:30,Athletico Paranaense,Bahia,Atletico PR,Bahia BA,Brazil ‐ Serie A,7,2.1700,3.4600,3.4450,0.443053,0.277869,0.279078,0.825
2026-09-19T09:18:14+08:00,2026-09-19T09:00:00+08:00,FB5469,2026-09-20 22:00,Gremio,Palmeiras,Gremio RS,Palmeiras SP,Brazil ‐ Serie A,7,4.2240,3.7300,1.8890,0.228909,0.259226,0.511865,0.940
2026-09-19T09:18:14+08:00,2026-09-19T09:00:00+08:00,FB5470,2026-09-19 20:00,TPS Turku,Ilves,TPS Turku,Ilves Tampere,Finland ‐ Veikkausliiga,7,2.6300,3.7400,2.5930,0.367988,0.258773,0.373239,0.970
2026-09-19T09:18:14+08:00,2026-09-19T09:00:00+08:00,FB5472,2026-09-19 22:00,VPS Vaasa,KuPS,VPS Vaasa,KuPS Kuopio,Finland ‐ Veikkausliiga,7,3.2220,3.5000,2.2800,0.299964,0.276139,0.423897,0.970
2026-09-19T09:18:14+08:00,2026-09-19T09:00:00+08:00,FB5473,2026-09-19 22:15,FC Andorra,Gijon,Andorra CF,Sporting Gijon,Spain ‐ Segunda Division,7,2.0600,3.6800,3.7700,0.474788,0.265778,0.259433,0.970
2026-09-19T09:18:14+08:00,2026-09-19T09:00:00+08:00,FB5474,2026-09-19 23:00,Austria Lustenau,Rheindorf Altach,Austria Lustenau,SC Rheindorf Altach,Austria ‐ Bundesliga,7,3.0400,3.6500,2.3130,0.317744,0.264642,0.417614,1.000
2026-09-19T09:18:14+08:00,2026-09-19T09:00:00+08:00,FB5475,2026-09-20 00:00,Young Boys Bern,Servette,Young Boys,Servette,Switzerland ‐ Super League,7,1.7200,4.5210,4.4200,0.565104,0.214992,0.219905,0.970
2026-09-19T09:18:14+08:00,2026-09-19T09:00:00+08:00,FB5476,2026-09-20 00:00,Luzern,Grasshoppers,Luzern,Grasshopper,Switzerland ‐ Super League,7,1.7300,4.5920,4.2200,0.559693,0.210860,0.229447,0.970
2026-09-19T09:18:14+08:00,2026-09-19T09:00:00+08:00,FB5477,2026-09-20 00:15,Charleroi,Cercle Bruges,Royal Charleroi,Cercle Brugge,Belgium ‐ Pro League,7,1.8300,4.1000,4.1550,0.530005,0.236563,0.233432,0.932
2026-09-19T09:18:14+08:00,2026-09-19T09:00:00+08:00,FB5479,2026-09-20 02:45,Anderlecht,Zulte Waregem,Anderlecht,Zulte Waregem,Belgium ‐ Pro League,7,1.7800,3.8870,4.6650,0.543626,0.248946,0.207428,1.000
2026-09-19T09:18:14+08:00,2026-09-19T09:00:00+08:00,FB5481,2026-09-20 19:00,Celtic,Rangers,Celtic,Glasgow Rangers,Scotland ‐ Premier League,7,2.2410,3.7200,3.0380,0.427337,0.257436,0.315228,0.970
2026-09-19T09:18:14+08:00,2026-09-19T09:00:00+08:00,FB5482,2026-09-20 23:00,Salzburg,Sturm Graz,Red Bull Salzburg,Sturm Graz,Austria ‐ Bundesliga,7,1.6900,4.5000,4.7400,0.577335,0.216821,0.205843,0.970
2026-09-19T09:18:14+08:00,2026-09-19T09:00:00+08:00,FB5483,2026-09-20 20:30,Hartberg,LASK Linz,TSV Hartberg,LASK Linz,Austria ‐ Bundesliga,7,11.0000,5.7600,1.2860,0.087234,0.166593,0.746172,0.970
2026-09-19T09:18:14+08:00,2026-09-19T09:00:00+08:00,FB5484,2026-09-20 19:30,Antwerp,Union Saint Gilloise,Royal Antwerp,Union Saint-Gilloise,Belgium ‐ Pro League,7,5.2800,4.1500,1.6490,0.182674,0.232414,0.584912,0.970
2026-09-19T09:18:14+08:00,2026-09-19T09:00:00+08:00,FB5485,2026-09-20 20:00,Vaduz,Thun,Vaduz,Thun,Switzerland ‐ Super League,7,2.3600,4.2500,2.6430,0.408460,0.226816,0.364724,1.000
2026-09-19T09:18:14+08:00,2026-09-19T09:00:00+08:00,FB5486,2026-09-20 20:00,Getafe,Malaga,Getafe,Malaga,Spain ‐ Primera Division,7,2.1030,3.2200,4.4390,0.470176,0.307075,0.222749,1.000
2026-09-19T09:18:14+08:00,2026-09-19T09:00:00+08:00,FB5487,2026-09-20 22:00,Sint Truiden,Westerlo,Sint-Truidense,Westerlo,Belgium ‐ Pro League,7,1.7240,4.1000,4.8100,0.562143,0.236374,0.201483,0.970
2026-09-19T09:18:14+08:00,2026-09-19T09:00:00+08:00,FB5488,2026-09-20 22:15,Ceuta,Valladolid,AD Ceuta,Real Valladolid,Spain ‐ Segunda Division,7,2.6740,3.3850,2.7250,0.360849,0.285055,0.354096,0.940
2026-09-19T09:18:14+08:00,2026-09-19T09:00:00+08:00,FB5489,2026-09-20 22:30,Lausanne,Lugano,Lausanne Sport,FC Lugano,Switzerland ‐ Super League,7,3.7720,4.0100,1.9000,0.254718,0.239600,0.505682,0.970
2026-09-19T09:18:14+08:00,2026-09-19T09:00:00+08:00,FB5490,2026-09-20 22:30,Basel,St. Gallen,Basel,St Gallen,Switzerland ‐ Super League,7,2.5100,4.0500,2.5430,0.383616,0.237747,0.378637,1.000
2026-09-19T09:18:14+08:00,2026-09-19T09:00:00+08:00,FB5491,2026-09-20 22:45,NEC Nijmegen,Go Ahead Eagles,NEC Nijmegen,Go Ahead Eagles,Netherlands ‐ Eredivisie,7,1.9600,4.3500,3.5900,0.500868,0.225678,0.273454,1.000
2026-09-19T09:18:14+08:00,2026-09-19T09:00:00+08:00,FB5492,2026-09-21 00:30,Deportivo,Betis,Deportivo La Coruna,Real Betis,Spain ‐ Primera Division,7,3.6000,3.7700,2.1670,0.276534,0.264064,0.459401,1.000
2026-09-19T09:18:14+08:00,2026-09-19T09:00:00+08:00,FB5493,2026-09-21 00:30,Bruges,Genk,Club Brugge,KRC Genk,Belgium ‐ Pro League,7,1.5190,4.8020,5.6400,0.630655,0.199493,0.169852,0.887
2026-09-19T09:18:14+08:00,2026-09-19T09:00:00+08:00,FB5494,2026-09-21 00:30,Villarreal,Levante,Villarreal,Levante,Spain ‐ Primera Division,7,1.5400,4.8750,6.2100,0.639433,0.201995,0.158571,1.000
2026-09-19T09:18:14+08:00,2026-09-19T09:00:00+08:00,FB5495,2026-09-21 00:30,Las Palmas,Burgos,Las Palmas,Burgos CF,Spain ‐ Segunda Division,7,2.0850,3.2000,4.3700,0.469775,0.306088,0.224137,1.000
2026-09-19T09:18:14+08:00,2026-09-19T09:00:00+08:00,FB5496,2026-09-21 01:15,KV Kortrijk,SK Beveren,Kortrijk,Waasland Beveren,Belgium ‐ Pro League,7,2.6080,3.5500,2.7140,0.370976,0.272537,0.356487,0.816
2026-09-19T09:18:14+08:00,2026-09-19T09:00:00+08:00,FB5497,2026-09-21 00:00,Juventus,Atalanta,Juventus,Atalanta,Italy ‐ Serie A,7,1.7400,3.9950,5.3100,0.567142,0.247015,0.185843,1.000
2026-09-19T09:18:14+08:00,2026-09-19T09:00:00+08:00,FB5498,2026-09-21 03:58,Rosario Central,Argentinos Juniors,Rosario Central,Argentinos Juniors,Argentina ‐ Liga Profesional,7,2.3570,3.0500,3.4860,0.408343,0.315562,0.276094,1.000
2026-09-19T09:18:14+08:00,2026-09-19T09:00:00+08:00,FB5499,2026-09-20 01:28,Gimnasia LP,Banfield,Gimnasia La Plata,Banfield,Argentina ‐ Liga Profesional,7,1.8580,3.5600,4.6800,0.521127,0.271981,0.206892,0.893
2026-09-19T09:18:14+08:00,2026-09-19T09:00:00+08:00,FB5500,2026-09-21 01:43,San Lorenzo,Boca Juniors,San Lorenzo,Boca Juniors,Argentina ‐ Liga Profesional,7,3.7620,3.0700,2.2100,0.254604,0.311993,0.433403,1.000
2026-09-19T09:18:14+08:00,2026-09-19T09:00:00+08:00,FB5501,2026-09-22 01:28,Aldosivi,Atletico Tucuman,Aldosivi,Atletico Tucuman,Argentina ‐ Liga Profesional,7,3.2410,3.0200,2.5000,0.296773,0.318490,0.384737,1.000
2026-09-19T09:18:14+08:00,2026-09-19T09:00:00+08:00,FB5502,2026-09-21 08:28,Velez Sarsfield,Tigre,Velez Sarsfield,CA Tigre,Argentina ‐ Liga Profesional,7,2.2560,2.9900,3.7090,0.423233,0.319336,0.257431,0.970
2026-09-19T09:18:14+08:00,2026-09-19T09:00:00+08:00,FB5503,2026-09-20 01:28,Gimnasia Mendoza,Deportivo Riestra,Gimnasia Mendoza,Deportivo Riestra,Argentina ‐ Liga Profesional,7,2.1800,3.0300,4.3200,0.449620,0.323489,0.226891,1.000
2026-09-19T09:18:14+08:00,2026-09-19T09:00:00+08:00,FB5504,2026-09-20 08:13,Instituto de Cordoba,Talleres,Instituto AC Cordoba,Talleres de Cordoba,Argentina ‐ Liga Profesional,7,1.9800,3.2600,4.7120,0.493202,0.299552,0.207245,0.929
2026-09-19T09:18:14+08:00,2026-09-19T09:00:00+08:00,FB5505,2026-09-21 03:58,CA Platense,Newell's Old Boys,CA Platense,Newells Old Boys,Argentina ‐ Liga Profesional,7,2.2000,3.0550,3.8150,0.435388,0.313536,0.251076,0.985
2026-09-19T09:18:14+08:00,2026-09-19T09:00:00+08:00,FB5506,2026-09-20 03:43,Union Santa Fe,Independiente,Union Santa Fe,CA Independiente Avellaneda,Argentina ‐ Liga Profesional,7,2.5200,3.0600,3.2020,0.383063,0.315464,0.301474,0.970
2026-09-19T09:18:14+08:00,2026-09-19T09:00:00+08:00,FB5508,2026-09-22 05:58,Barracas Central,Independiente Rivadavia,CA Barracas Central,Independiente Rivadavia,Argentina ‐ Liga Profesional,7,3.1400,2.9820,2.5750,0.305586,0.321777,0.372637,0.970
2026-09-19T09:18:14+08:00,2026-09-19T09:00:00+08:00,FB5509,2026-09-21 03:00,Valencia,Real Sociedad,Valencia,Real Sociedad,Spain ‐ Primera Division,7,2.8170,3.4950,2.6900,0.350481,0.282491,0.367028,1.000
2026-09-19T09:18:14+08:00,2026-09-19T09:00:00+08:00,FB5510,2026-09-21 03:00,Leganes,CF Granada,CD Leganes,Granada CF,Spain ‐ Segunda Division,7,2.0850,3.3000,4.0130,0.464818,0.293680,0.241502,0.970
2026-09-19T09:18:14+08:00,2026-09-19T09:00:00+08:00,FB5511,2026-09-21 01:30,Paderborn,Hoffenheim,Paderborn,TSG Hoffenheim,Germany ‐ Bundesliga,7,4.5650,4.6150,1.7240,0.215653,0.213317,0.571030,0.970
2026-09-19T09:18:14+08:00,2026-09-19T09:00:00+08:00,FB5512,2026-09-19 21:00,Brommapojkarna,Goteborg,Brommapojkarna,IFK Goteborg,Sweden ‐ Allsvenskan,7,2.9400,3.6500,2.3680,0.328188,0.264349,0.407463,0.970
2026-09-19T09:18:14+08:00,2026-09-19T09:00:00+08:00,FB5513,2026-09-19 21:00,Vasteras SK,Malmo,Vasteras SK,Malmo,Sweden ‐ Allsvenskan,7,3.3200,3.7900,2.1500,0.292383,0.256124,0.451493,1.000
2026-09-19T09:18:14+08:00,2026-09-19T09:00:00+08:00,FB5514,2026-09-20 20:00,Djurgardens,Elfsborg,Djurgardens IF,Elfsborg,Sweden ‐ Allsvenskan,7,1.5750,4.3330,5.4000,0.604173,0.219610,0.176217,1.000
2026-09-19T09:18:14+08:00,2026-09-19T09:00:00+08:00,FB5515,2026-09-20 20:00,Kalmar,Hacken,Kalmar FF,BK Hacken,Sweden ‐ Allsvenskan,7,2.8100,3.5500,2.4200,0.338672,0.268076,0.393252,0.940
2026-09-19T09:18:14+08:00,2026-09-19T09:00:00+08:00,FB5516,2026-09-20 20:00,Halmstads,AIK Solna,Halmstads,AIK Solna,Sweden ‐ Allsvenskan,7,3.2200,3.9100,2.1600,0.301726,0.248480,0.449795,1.000
2026-09-19T09:18:14+08:00,2026-09-19T09:00:00+08:00,FB5518,2026-09-19 20:00,Guingamp,Red Star,Guingamp,Red Star FC,France ‐ Ligue 2,7,2.4200,3.5530,2.9900,0.401529,0.273487,0.324983,1.000
2026-09-19T09:18:14+08:00,2026-09-19T09:00:00+08:00,FB5519,2026-09-19 19:30,Burton Albion,Mansfield,Burton Albion,Mansfield Town,England ‐ League 1,7,2.4820,3.4500,2.9290,0.389589,0.280278,0.330133,0.970
2026-09-19T09:18:14+08:00,2026-09-19T09:00:00+08:00,FB5520,2026-09-19 19:30,Barnsley,Leicester,Barnsley,Leicester City,England ‐ League 1,7,3.3950,3.9300,2.0570,0.284549,0.245813,0.469638,0.970
2026-09-19T09:18:14+08:00,2026-09-19T09:00:00+08:00,FB5521,2026-09-19 19:30,Cardiff,Charlton,Cardiff City,Charlton Athletic,England ‐ Championship,7,1.8020,4.1500,4.3000,0.539582,0.234296,0.226122,0.940
2026-09-19T09:18:14+08:00,2026-09-19T09:00:00+08:00,FB5522,2026-09-19 22:00,Blackpool,Plymouth,Blackpool,Plymouth Argyle,England ‐ League 1,7,2.7200,3.8900,2.4380,0.355253,0.248403,0.396344,0.970
2026-09-19T09:18:14+08:00,2026-09-19T09:00:00+08:00,FB5523,2026-09-19 22:00,Sheff Wednesday,Stockport,Sheffield Wednesday,Stockport County,England ‐ League 1,7,2.8890,4.0500,2.2710,0.334957,0.238936,0.426107,0.911
2026-09-19T09:18:14+08:00,2026-09-19T09:00:00+08:00,FB5524,2026-09-19 19:30,Rochdale,Oldham,Rochdale AFC,Oldham Athletic,England ‐ League 2,7,3.8300,3.7300,1.9900,0.253073,0.259858,0.487070,0.970
2026-09-19T09:18:14+08:00,2026-09-19T09:00:00+08:00,FB5525,2026-09-19 19:30,Walsall,Port Vale,Walsall,Port Vale,England ‐ League 2,7,2.4200,3.3260,3.0620,0.397151,0.288967,0.313882,1.000
2026-09-19T09:18:14+08:00,2026-09-19T09:00:00+08:00,FB5526,2026-09-19 22:00,Luton,Bradford,Luton Town,Bradford City,England ‐ League 1,7,2.1600,3.6100,3.3760,0.446798,0.267336,0.285866,0.940
2026-09-19T09:18:14+08:00,2026-09-19T09:00:00+08:00,FB5527,2026-09-19 22:00,Portsmouth,Blackburn,Portsmouth,Blackburn Rovers,England ‐ Championship,7,2.1970,3.5000,3.4620,0.442024,0.277465,0.280511,0.970
2026-09-19T09:18:14+08:00,2026-09-19T09:00:00+08:00,FB5528,2026-09-19 22:00,Burnley,Derby,Burnley,Derby County,England ‐ Championship,7,1.7870,3.9400,4.4390,0.538758,0.244355,0.216887,0.970
2026-09-19T09:18:14+08:00,2026-09-19T09:00:00+08:00,FB5529,2026-09-19 22:00,Wrexham,Southampton,Wrexham,Southampton,England ‐ Championship,7,3.0700,3.6400,2.3500,0.317482,0.267766,0.414752,1.000
2026-09-19T09:18:14+08:00,2026-09-19T09:00:00+08:00,FB5531,2026-09-19 22:00,Lincoln City,Swansea,Lincoln City,Swansea,England ‐ Championship,7,2.9800,3.4700,2.4670,0.326080,0.280034,0.393886,1.000
2026-09-19T09:18:14+08:00,2026-09-19T09:00:00+08:00,FB5532,2026-09-19 22:00,Oxford Utd,Cambridge Utd,Oxford United,Cambridge United,England ‐ League 1,7,2.0800,3.5500,3.6380,0.463465,0.271552,0.264983,0.883
2026-09-19T09:18:14+08:00,2026-09-19T09:00:00+08:00,FB5533,2026-09-19 22:00,Birmingham,Middlesbrough,Birmingham City,Middlesbrough,England ‐ Championship,7,2.8180,3.6500,2.4900,0.344379,0.265879,0.389742,0.970
2026-09-19T09:18:14+08:00,2026-09-19T09:00:00+08:00,FB5534,2026-09-19 19:30,Millwall,West Ham,Millwall,West Ham United,England ‐ Championship,7,4.6000,3.9990,1.7800,0.211213,0.242956,0.545831,0.970
2026-09-19T09:18:14+08:00,2026-09-19T09:00:00+08:00,FB5535,2026-09-19 19:30,Stoke,Sheff Utd,Stoke City,Sheffield United,England ‐ Championship,7,2.4290,3.4600,3.0400,0.399834,0.280693,0.319473,0.830
2026-09-19T09:18:14+08:00,2026-09-19T09:00:00+08:00,FB5537,2026-09-20 20:30,Norwich,Bolton,Norwich City,Bolton Wanderers,England ‐ Championship,7,1.4880,4.7600,5.9380,0.639716,0.199978,0.160306,0.970
2026-09-19T09:18:14+08:00,2026-09-19T09:00:00+08:00,FB5538,2026-09-19 10:00,San Diego Wave Women,Kansas City Current Women,San Diego Wave Women,Kansas City Women,USA ‐ NWSL Women,6,2.2340,3.7500,2.7800,0.416783,0.248291,0.334926,0.905
2026-09-19T09:18:14+08:00,2026-09-19T09:00:00+08:00,FB5539,2026-09-20 05:58,River Plate,Huracan,River Plate,Atletico Huracan,Argentina ‐ Liga Profesional,7,1.5400,3.8600,7.7340,0.625749,0.249651,0.124600,0.970
2026-09-19T09:18:14+08:00,2026-09-19T09:00:00+08:00,FB5540,2026-09-19 23:30,Orgryte,Sirius,Orgryte,Sirius,Sweden ‐ Allsvenskan,7,5.4700,4.5800,1.5580,0.175278,0.209338,0.615384,1.000
2026-09-19T09:18:14+08:00,2026-09-19T09:00:00+08:00,FB5541,2026-09-20 10:00,Phoenix Rising,El Paso Locomotive,Phoenix Rising,El Paso Locomotive,USA ‐ USL League One,6,2.2600,3.6000,3.1240,0.425313,0.267002,0.307685,1.000
2026-09-19T09:18:14+08:00,2026-09-19T09:00:00+08:00,FB5543,2026-09-20 00:15,Al Wasl,Al Ain,Al Wasl Dubai,Al Ain FC,United Arab Emirates ‐ League Cup,3,2.8300,3.5000,2.2100,0.323717,0.261749,0.414534,0.970
2026-09-19T09:18:14+08:00,2026-09-19T09:00:00+08:00,FB5544,2026-09-19 21:30,Kalba FC,Khor Fakkan,Al Ittihad Kalba,Al-Khaleej Khor Fakkan,United Arab Emirates ‐ League Cup,3,2.1600,3.5680,2.7890,0.420194,0.254378,0.325428,0.940
2026-09-19T09:18:14+08:00,2026-09-19T09:00:00+08:00,FB5545,2026-09-20 23:00,Viking,Lillestrom,Viking,Lillestrom SK,Norway ‐ Tippeligaen,7,1.4300,5.4750,6.4100,0.673729,0.175969,0.150301,1.000
2026-09-19T09:18:14+08:00,2026-09-19T09:00:00+08:00,FB5546,2026-09-21 07:00,Sacramento Republic,San Antonio FC,Sacramento Republic,San Antonio Scorpions,USA ‐ USL League One,6,1.8950,3.4110,4.1800,0.497784,0.276546,0.225670,0.970
2026-09-19T09:18:14+08:00,2026-09-19T09:00:00+08:00,FB5547,2026-09-21 07:00,Tapatio,Tlaxcala,Deportivo Tapatio,Tlaxcala,Mexico ‐ Liga de Expansion,5,1.9090,3.6000,3.5300,0.482842,0.256040,0.261118,0.970
2026-09-19T09:18:14+08:00,2026-09-19T09:00:00+08:00,FB5550,2026-09-21 06:13,Belgrano,Estudiantes Rio Cuarto,Belgrano de Cordoba,Estudiantes Rio Cuarto,Argentina ‐ Liga Profesional,7,1.4700,4.1740,8.4160,0.654944,0.230658,0.114397,0.970
2026-09-19T09:18:14+08:00,2026-09-19T09:00:00+08:00,FB5551,2026-09-21 05:00,Indy Eleven,Oakland Roots,Indy Eleven,Oakland Roots SC,USA ‐ USL League One,6,1.9710,3.8100,3.4110,0.477291,0.246913,0.275796,1.000
2026-09-19T09:18:14+08:00,2026-09-19T09:00:00+08:00,FB5552,2026-09-20 09:00,Cancun FC,Oaxaca,Cancun FC,Alebrijes de Oaxaca,Mexico ‐ Liga de Expansion,6,1.8540,3.7500,3.8400,0.505763,0.250049,0.244188,0.970
2026-09-19T09:18:14+08:00,2026-09-19T09:00:00+08:00,FB5554,2026-09-20 22:30,Mjallby,GAIS,Mjallby,GAIS Goteborg,Sweden ‐ Allsvenskan,7,2.7240,3.6000,2.4600,0.349164,0.264201,0.386635,0.970
2026-09-19T09:18:14+08:00,2026-09-19T09:00:00+08:00,FB5555,2026-09-20 22:30,Degerfors,Hammarby,Degerfors,Hammarby IF,Sweden ‐ Allsvenskan,7,9.4000,5.5000,1.3310,0.102339,0.174907,0.722754,1.000
2026-09-19T09:18:14+08:00,2026-09-19T09:00:00+08:00,FB5556,2026-09-20 10:30,Las Vegas Lights,Hartford Athletic,Las Vegas Lights,Hartford Athletic,USA ‐ USL League One,6,2.1390,3.6000,3.2130,0.442498,0.262917,0.294585,1.000
2026-09-19T09:18:14+08:00,2026-09-19T09:00:00+08:00,FB5557,2026-09-19 20:00,Real Sociedad B,Mallorca,Real Sociedad II,Mallorca,Spain ‐ Segunda Division,7,4.1400,3.8100,1.9120,0.235190,0.255561,0.509250,0.952
2026-09-19T09:18:14+08:00,2026-09-19T09:00:00+08:00,FB5558,2026-09-20 00:15,Ajman Club,Sharjah FC,Ajman Club,Al Sharjah,United Arab Emirates ‐ League Cup,3,3.3000,3.4500,2.0000,0.277275,0.265220,0.457505,0.970
2026-09-19T09:18:14+08:00,2026-09-19T09:00:00+08:00,FB5559,2026-09-20 01:30,Grazer AK,Austria Vienna,Grazer AK,Austria Wien,Austria ‐ Bundesliga,7,2.5780,3.4500,2.8300,0.376194,0.281110,0.342696,0.923
2026-09-19T09:18:14+08:00,2026-09-19T09:00:00+08:00,FB5560,2026-09-20 07:00,Louisville City,Loudoun Utd,Louisville City FC,Loudoun United,USA ‐ USL League One,6,1.4300,5.1900,6.3800,0.666814,0.183727,0.149458,0.940
2026-09-19T09:18:14+08:00,2026-09-19T09:00:00+08:00,FB5562,2026-09-19 19:45,Chelsea Women,Birmingham Women,Chelsea Women,Birmingham City Women,England ‐ Super League Women,6,1.0710,13.0000,23.0000,0.885779,0.072975,0.041246,0.932
2026-09-19T09:18:14+08:00,2026-09-19T09:00:00+08:00,FB5564,2026-09-20 02:00,Metz,St. Etienne,Metz,Saint Etienne,France ‐ Ligue 2,7,3.6110,3.6700,2.0270,0.265578,0.261308,0.473114,0.935
2026-09-19T14:02:37+08:00,2026-09-19T14:00:00+08:00,FB5289,2026-09-19 22:00,Brighton,Arsenal,Brighton & Hove Albion,Arsenal,England ‐ Premier League,7,4.9550,4.1150,1.7690,0.199794,0.240579,0.559627,0.970
2026-09-19T14:02:37+08:00,2026-09-19T14:00:00+08:00,FB5308,2026-09-19 22:57,Boston River,CA Progresso,CA Boston River,CA Progreso,Uruguay ‐ Primera Division,6,1.9540,3.4500,4.2440,0.493391,0.279445,0.227164,0.970
2026-09-19T14:02:37+08:00,2026-09-19T14:00:00+08:00,FB5309,2026-09-20 05:27,Deportivo Maldonado,Cerro Largo,Deportivo Maldonado,Cerro Largo,Uruguay ‐ Primera Division,6,1.7270,3.7400,5.0900,0.555229,0.256385,0.188385,1.000
2026-09-19T14:02:37+08:00,2026-09-19T14:00:00+08:00,FB5312,2026-09-19 15:30,Jeonnam Dragons,Suwon FC,Jeonnam Dragons,Suwon City,South Korea ‐ K-League Challenge,7,3.7700,3.9000,1.9310,0.255166,0.246660,0.498174,0.970
2026-09-19T14:02:37+08:00,2026-09-19T14:00:00+08:00,FB5314,2026-09-19 17:00,Avispa Fukuoka,Sanfrecce Hiroshima,Avispa Fukuoka,Sanfrecce Hiroshima,Japan ‐ J League,7,4.9110,4.0500,1.7240,0.197582,0.239586,0.562832,1.000
2026-09-19T14:02:37+08:00,2026-09-19T14:00:00+08:00,FB5315,2026-09-19 17:00,Kawasaki Frontale,Kashima Antlers,Kawasaki Frontale,Kashima Antlers,Japan ‐ J League,7,2.8200,3.8000,2.4790,0.347263,0.257706,0.395031,1.000
2026-09-19T14:02:37+08:00,2026-09-19T14:00:00+08:00,FB5316,2026-09-19 17:30,V-Varen Nagasaki,Cerezo Osaka,V-Varen Nagasaki,Cerezo Osaka,Japan ‐ J League,7,3.3850,3.6500,2.2000,0.288514,0.267567,0.443918,1.000
2026-09-19T14:02:37+08:00,2026-09-19T14:00:00+08:00,FB5317,2026-09-19 17:30,Urawa Reds,Tokyo Verdy,Urawa Red Diamonds,Tokyo Verdy,Japan ‐ J League,7,2.0400,3.5500,4.1000,0.482577,0.277312,0.240111,1.000
2026-09-19T14:02:37+08:00,2026-09-19T14:00:00+08:00,FB5318,2026-09-19 18:00,FC Anyang,Ulsan HD,FC Anyang,Ulsan Hyundai,South Korea ‐ K-League Classic,7,4.0190,3.9800,1.8900,0.241765,0.244134,0.514102,1.000
2026-09-19T14:02:37+08:00,2026-09-19T14:00:00+08:00,FB5319,2026-09-19 18:00,Gimpo FC,Busan I'Park,Gimpo Citizen FC,Busan I Park,South Korea ‐ K-League Challenge,7,2.5900,3.4500,2.8570,0.376326,0.282517,0.341157,1.000
2026-09-19T14:02:37+08:00,2026-09-19T14:00:00+08:00,FB5320,2026-09-19 18:00,Seoul E-Land,Daegu FC,Seoul E-Land,Daegu FC,South Korea ‐ K-League Challenge,7,2.1770,3.9200,3.0670,0.441468,0.245172,0.313360,1.000
2026-09-19T14:02:37+08:00,2026-09-19T14:00:00+08:00,FB5321,2026-09-19 18:00,Montedio Yamagata,Kataller Toyama,Montedio Yamagata,Kataller Toyama,Japan ‐ J2 League,7,2.7900,3.8000,2.3850,0.344350,0.252825,0.402825,1.000
2026-09-19T14:02:37+08:00,2026-09-19T14:00:00+08:00,FB5322,2026-09-19 18:00,Albirex Niigata,Jubilo Iwata,Albirex Niigata,Jubilo Iwata,Japan ‐ J2 League,7,3.4500,3.3500,2.2700,0.281716,0.290125,0.428159,1.000
2026-09-19T14:02:37+08:00,2026-09-19T14:00:00+08:00,FB5323,2026-09-19 18:00,Sagan Tosu,Iwaki FC,Sagan Tosu,Iwaki,Japan ‐ J2 League,7,2.0700,3.3500,3.9100,0.465696,0.287759,0.246545,1.000
2026-09-19T14:02:37+08:00,2026-09-19T14:00:00+08:00,FB5324,2026-09-19 18:00,Shonan Bellmare,Blaublitz Akita,Shonan Bellmare,Blaublitz Akita,Japan ‐ J2 League,7,2.1900,3.3000,3.6680,0.442342,0.293555,0.264103,1.000
2026-09-19T14:02:37+08:00,2026-09-19T14:00:00+08:00,FB5325,2026-09-19 18:00,FC Yokohama,FC Imabari,Yokohama FC,Imabari,Japan ‐ J2 League,7,1.6100,4.2200,5.6400,0.599888,0.228867,0.171245,1.000
2026-09-19T14:02:37+08:00,2026-09-19T14:00:00+08:00,FB5326,2026-09-19 18:00,Fagiano Okayama,Kyoto Sanga,Fagiano Okayama,Kyoto Sanga,Japan ‐ J League,7,1.8320,3.8000,4.7300,0.534925,0.257890,0.207185,1.000
2026-09-19T14:02:37+08:00,2026-09-19T14:00:00+08:00,FB5327,2026-09-19 18:00,FC Tokyo,Nagoya Grampus,FC Tokyo,Nagoya Grampus,Japan ‐ J League,7,1.5910,4.5500,5.6320,0.612684,0.214237,0.173079,1.000
2026-09-19T14:02:37+08:00,2026-09-19T14:00:00+08:00,FB5328,2026-09-19 18:30,Yokohama F.Marinos,Mito Hollyhock,Yokohama F Marinos,Mito Hollyhock,Japan ‐ J League,7,2.0900,3.7000,3.6600,0.468186,0.264462,0.267352,1.000
2026-09-19T14:02:37+08:00,2026-09-19T14:00:00+08:00,FB5329,2026-09-19 19:00,Kaiserslautern,Braunschweig,Kaiserslautern,Eintracht Braunschweig,Germany ‐ Bundesliga 2,7,2.0430,3.9500,3.5500,0.477850,0.247151,0.274999,0.970
2026-09-19T14:02:37+08:00,2026-09-19T14:00:00+08:00,FB5330,2026-09-19 19:00,Holstein Kiel,Osnabruck,Holstein Kiel,VfL Osnabruck,Germany ‐ Bundesliga 2,7,1.7820,4.3000,4.4100,0.549904,0.227890,0.222206,1.000
2026-09-19T14:02:37+08:00,2026-09-19T14:00:00+08:00,FB5331,2026-09-19 20:00,Osasuna,Vallecano,Osasuna,Rayo Vallecano,Spain ‐ Primera Division,7,2.6590,3.3850,2.9060,0.370298,0.290878,0.338824,1.000
2026-09-19T14:02:37+08:00,2026-09-19T14:00:00+08:00,FB5332,2026-09-19 21:30,Werder Bremen,Augsburg,Werder Bremen,Augsburg,Germany ‐ Bundesliga,7,2.3730,4.0500,2.9400,0.417873,0.244843,0.337284,1.000
2026-09-19T14:02:37+08:00,2026-09-19T14:00:00+08:00,FB5333,2026-09-19 22:15,Bilbao,Alaves,Athletic Bilbao,Alaves,Spain ‐ Primera Division,7,1.6850,4.1100,5.9000,0.589773,0.241792,0.168435,1.000
2026-09-19T14:02:37+08:00,2026-09-19T14:00:00+08:00,FB5334,2026-09-19 22:30,Den Haag,Cambuur,ADO Den Haag,Cambuur-Leeuwarden,Netherlands ‐ Eredivisie,7,1.9100,4.1000,3.8600,0.510029,0.237599,0.252372,0.970
2026-09-19T14:02:37+08:00,2026-09-19T14:00:00+08:00,FB5335,2026-09-19 22:30,Vitesse,Jong PSV Eindhoven,Vitesse Arnhem,Jong PSV Eindhoven,Netherlands ‐ Eerste Divisie,7,1.6170,4.6000,4.7500,0.591037,0.207762,0.201201,0.970
2026-09-19T14:02:37+08:00,2026-09-19T14:00:00+08:00,FB5336,2026-09-20 00:30,Stuttgart,Dortmund,VfB Stuttgart,Borussia Dortmund,Germany ‐ Bundesliga,7,2.5290,4.0500,2.7830,0.394761,0.246507,0.358732,0.970
2026-09-19T14:02:37+08:00,2026-09-19T14:00:00+08:00,FB5337,2026-09-20 00:30,Celta Vigo,Santander,Celta Vigo,Racing Santander,Spain ‐ Primera Division,7,1.8710,4.0000,4.3700,0.527455,0.246717,0.225828,1.000
2026-09-19T14:02:37+08:00,2026-09-19T14:00:00+08:00,FB5338,2026-09-20 00:45,Sparta Rotterdam,Heerenveen,Sparta Rotterdam,Heerenveen,Netherlands ‐ Eredivisie,7,2.5230,3.8800,2.6600,0.384800,0.250219,0.364981,1.000
2026-09-19T14:02:37+08:00,2026-09-19T14:00:00+08:00,FB5339,2026-09-20 23:30,Fulham,Manchester Utd,Fulham,Manchester United,England ‐ Premier League,7,3.6350,3.8650,2.0900,0.271759,0.255587,0.472653,1.000
2026-09-19T14:02:37+08:00,2026-09-19T14:00:00+08:00,FB5340,2026-09-19 22:00,Everton,Ipswich,Everton,Ipswich Town,England ‐ Premier League,7,1.8610,3.9450,4.4800,0.529903,0.249974,0.220123,1.000
2026-09-19T14:02:37+08:00,2026-09-19T14:00:00+08:00,FB5341,2026-09-20 00:30,Nottingham Forest,Coventry,Nottingham Forest,Coventry City,England ‐ Premier League,7,1.6860,4.1600,5.6000,0.586043,0.237516,0.176441,1.000
2026-09-19T14:02:37+08:00,2026-09-19T14:00:00+08:00,FB5342,2026-09-19 19:30,Tottenham,Aston Villa,Tottenham Hotspur,Aston Villa,England ‐ Premier League,7,2.0030,3.7500,4.0400,0.492629,0.263130,0.244242,0.970
2026-09-19T14:02:37+08:00,2026-09-19T14:00:00+08:00,FB5343,2026-09-19 22:00,Newcastle,Hull City,Newcastle United,Hull City,England ‐ Premier League,7,1.6530,4.5150,5.3300,0.596572,0.218413,0.185016,1.000
2026-09-19T14:02:37+08:00,2026-09-19T14:00:00+08:00,FB5344,2026-09-20 02:00,Ajax,Excelsior,Ajax Amsterdam,SBV Excelsior,Netherlands ‐ Eredivisie,7,1.2360,7.4200,11.4000,0.784315,0.130649,0.085036,0.940
2026-09-19T14:02:37+08:00,2026-09-19T14:00:00+08:00,FB5345,2026-09-20 02:30,Dresden,Hertha Berlin,Dynamo Dresden,Hertha Berlin,Germany ‐ Bundesliga 2,7,2.6180,4.0500,2.5100,0.371824,0.240354,0.387822,1.000
2026-09-19T14:02:37+08:00,2026-09-19T14:00:00+08:00,FB5346,2026-09-20 03:00,Willem II,Fortuna Sittard,Willem II Tilburg,Fortuna Sittard,Netherlands ‐ Eredivisie,7,2.7000,3.9000,2.5280,0.362273,0.250805,0.386922,1.000
2026-09-19T14:02:37+08:00,2026-09-19T14:00:00+08:00,FB5347,2026-09-20 03:00,Sevilla,Barcelona,Sevilla,Barcelona,Spain ‐ Primera Division,7,11.3700,7.3000,1.2800,0.087410,0.136144,0.776446,1.000
2026-09-19T14:02:37+08:00,2026-09-19T14:00:00+08:00,FB5348,2026-09-20 15:30,Jeonbuk Motors,Gwangju FC,Jeonbuk Hyundai Motors,Gwangju FC,South Korea ‐ K-League Classic,7,1.4130,4.9100,7.1700,0.673468,0.193811,0.132721,0.889
2026-09-19T14:02:37+08:00,2026-09-19T14:00:00+08:00,FB5350,2026-09-20 18:00,Incheon Utd,Daejeon Citizen,Incheon United,Daejeon Citizen,South Korea ‐ K-League Classic,7,2.7590,3.3800,2.5800,0.346542,0.282873,0.370585,0.940
2026-09-19T14:02:37+08:00,2026-09-19T14:00:00+08:00,FB5351,2026-09-20 18:00,Seongnam FC,Hwaseong FC,Seongnam Ilhwa Chunma,Hwaseong FC,South Korea ‐ K-League Challenge,7,2.7760,3.3000,2.6150,0.344497,0.289795,0.365707,0.970
2026-09-19T14:02:37+08:00,2026-09-19T14:00:00+08:00,FB5352,2026-09-20 18:00,Gimhae FC,Paju Frontier,Gimhae City FC,Paju Citizen,South Korea ‐ K-League Challenge,7,2.6900,3.3500,2.7590,0.359974,0.289054,0.350972,1.000
2026-09-19T14:02:37+08:00,2026-09-19T14:00:00+08:00,FB5353,2026-09-19 22:00,Dundee,Motherwell,Dundee FC,Motherwell,Scotland ‐ Premier League,7,3.3300,3.5300,2.2520,0.292224,0.275668,0.432108,1.000
2026-09-19T14:02:37+08:00,2026-09-19T14:00:00+08:00,FB5355,2026-09-20 18:15,Feyenoord,Utrecht,Feyenoord Rotterdam,Utrecht,Netherlands ‐ Eredivisie,7,1.2900,6.4200,9.8000,0.750431,0.150788,0.098781,0.970
2026-09-19T14:02:37+08:00,2026-09-19T14:00:00+08:00,FB5356,2026-09-19 22:00,St. Mirren,Dundee Utd,Saint Mirren,Dundee United,Scotland ‐ Premier League,7,2.4280,3.7100,2.8600,0.399457,0.261424,0.339119,0.863
2026-09-19T14:02:37+08:00,2026-09-19T14:00:00+08:00,FB5357,2026-09-19 22:00,Hibernian,Aberdeen,Hibernian,Aberdeen,Scotland ‐ Premier League,7,1.7730,4.0100,4.5840,0.546769,0.241751,0.211480,1.000
2026-09-19T14:02:37+08:00,2026-09-19T14:00:00+08:00,FB5358,2026-09-19 22:00,St. Johnstone,Falkirk,St. Johnstone,Falkirk,Scotland ‐ Premier League,7,2.1440,3.4340,3.7000,0.453761,0.283303,0.262936,1.000
2026-09-19T14:02:37+08:00,2026-09-19T14:00:00+08:00,FB5359,2026-09-20 19:30,Hannover,Bochum,Hannover 96,VfL Bochum,Germany ‐ Bundesliga 2,7,1.8300,4.2500,4.0410,0.530942,0.228617,0.240441,0.970
2026-09-19T14:02:37+08:00,2026-09-19T14:00:00+08:00,FB5360,2026-09-20 20:30,Twente,PSV Eindhoven,Twente Enschede,PSV Eindhoven,Netherlands ‐ Eredivisie,7,2.9220,4.2500,2.2100,0.332259,0.228438,0.439303,0.970
2026-09-19T14:02:37+08:00,2026-09-19T14:00:00+08:00,FB5361,2026-09-20 20:30,AZ Alkmaar,Telstar,AZ Alkmaar,Telstar,Netherlands ‐ Eredivisie,7,1.2700,6.9800,10.7000,0.768852,0.139891,0.091256,1.000
2026-09-19T14:02:37+08:00,2026-09-19T14:00:00+08:00,FB5362,2026-09-20 22:15,Atletico Madrid,Real Madrid,Atletico Madrid,Real Madrid,Spain ‐ Primera Division,7,3.7400,4.0500,2.0340,0.265802,0.245457,0.488741,1.000
2026-09-19T14:02:37+08:00,2026-09-19T14:00:00+08:00,FB5363,2026-09-20 02:45,Le Mans,Lorient,Le Mans,Lorient,France ‐ Ligue 1,7,2.8460,3.5000,2.6610,0.346901,0.282080,0.371019,1.000
2026-09-19T14:02:37+08:00,2026-09-19T14:00:00+08:00,FB5364,2026-09-20 02:45,Lyon,Rennes,Lyon,Rennes,France ‐ Ligue 1,7,2.1880,3.8600,3.3350,0.449860,0.254999,0.295141,1.000
2026-09-19T14:02:37+08:00,2026-09-19T14:00:00+08:00,FB5365,2026-09-20 02:45,Toulouse,Le Havre,Toulouse,Le Havre,France ‐ Ligue 1,7,1.7760,4.0850,4.8330,0.554867,0.241235,0.203899,1.000
2026-09-19T14:02:37+08:00,2026-09-19T14:00:00+08:00,FB5366,2026-09-20 22:45,De Graafschap,NAC,De Graafschap,NAC Breda,Netherlands ‐ Eerste Divisie,7,3.4200,4.2000,1.9600,0.280963,0.228784,0.490252,1.000
2026-09-19T14:02:37+08:00,2026-09-19T14:00:00+08:00,FB5367,2026-09-20 02:45,Angers SCO,Troyes,Angers,Troyes,France ‐ Ligue 1,7,2.1600,3.7000,3.6350,0.459135,0.268036,0.272829,1.000
2026-09-19T14:02:37+08:00,2026-09-19T14:00:00+08:00,FB5368,2026-09-20 21:00,Auxerre,Brest,Auxerre,Brest,France ‐ Ligue 1,7,2.9300,3.7200,2.4700,0.336262,0.264852,0.398886,1.000
2026-09-19T14:02:37+08:00,2026-09-19T14:00:00+08:00,FB5369,2026-09-20 23:15,Nice,Lille,Nice,Lille,France ‐ Ligue 1,7,3.7800,3.5950,2.1160,0.260563,0.273971,0.465466,1.000
2026-09-19T14:02:37+08:00,2026-09-19T14:00:00+08:00,FB5370,2026-09-19 21:30,Monchengladbach,Mainz,Borussia Monchengladbach,FSV Mainz 05,Germany ‐ Bundesliga,7,3.1200,3.9000,2.2800,0.315615,0.252492,0.431894,0.940
2026-09-19T14:02:37+08:00,2026-09-19T14:00:00+08:00,FB5371,2026-09-20 21:30,Leverkusen,RB Leipzig,Bayer Leverkusen,RB Leipzig,Germany ‐ Bundesliga,7,2.0320,4.4000,3.4650,0.488221,0.225469,0.286310,1.000
2026-09-19T14:02:37+08:00,2026-09-19T14:00:00+08:00,FB5372,2026-09-20 23:30,Schalke 04,Elversberg,Schalke 04,SV Elversberg,Germany ‐ Bundesliga,7,2.1160,3.8500,3.6350,0.469103,0.257824,0.273073,1.000
2026-09-19T14:02:37+08:00,2026-09-19T14:00:00+08:00,FB5373,2026-09-19 21:30,Hamburg,Cologne,Hamburger SV,FC Koln,Germany ‐ Bundesliga,7,2.7640,3.7400,2.5900,0.356351,0.263357,0.380292,1.000
2026-09-19T14:02:37+08:00,2026-09-19T14:00:00+08:00,FB5374,2026-09-19 21:30,Frankfurt,Freiburg,Eintracht Frankfurt,SC Freiburg,Germany ‐ Bundesliga,7,2.5590,3.9000,2.7240,0.385270,0.252797,0.361933,1.000
2026-09-19T14:02:37+08:00,2026-09-19T14:00:00+08:00,FB5375,2026-09-20 02:45,Venezia,Lazio,Venezia,Lazio,Italy ‐ Serie A,7,3.9950,3.8500,1.9890,0.247145,0.256453,0.496402,1.000
2026-09-19T14:02:37+08:00,2026-09-19T14:00:00+08:00,FB5376,2026-09-20 18:30,Fiorentina,Napoli,Fiorentina,Napoli,Italy ‐ Serie A,7,3.3550,3.6000,2.3050,0.295205,0.275115,0.429680,1.000
2026-09-19T14:02:37+08:00,2026-09-19T14:00:00+08:00,FB5377,2026-09-20 21:00,Parma,Genoa,Parma,Genoa,Italy ‐ Serie A,7,3.2290,3.1650,2.5720,0.305282,0.311455,0.383264,1.000
2026-09-19T14:02:37+08:00,2026-09-19T14:00:00+08:00,FB5378,2026-09-20 00:00,Roma,Inter Milan,AS Roma,Inter Milan,Italy ‐ Serie A,7,2.7940,3.6500,2.6820,0.356222,0.272681,0.371098,0.970
2026-09-19T14:02:37+08:00,2026-09-19T14:00:00+08:00,FB5379,2026-09-20 21:00,Frosinone,Como,Frosinone,Como,Italy ‐ Serie A,7,6.7500,4.8500,1.5460,0.147976,0.205946,0.646078,1.000
2026-09-19T14:02:37+08:00,2026-09-19T14:00:00+08:00,FB5380,2026-09-21 02:45,AC Milan,Lecce,AC Milan,Lecce,Italy ‐ Serie A,7,1.2970,6.0400,12.7000,0.759382,0.163066,0.077553,1.000
2026-09-19T14:02:37+08:00,2026-09-19T14:00:00+08:00,FB5381,2026-09-19 21:00,Udinese,Cagliari,Udinese,Cagliari,Italy ‐ Serie A,7,2.3280,3.3750,3.4980,0.424574,0.292862,0.282564,1.000
2026-09-19T14:02:37+08:00,2026-09-19T14:00:00+08:00,FB5382,2026-09-19 21:00,Bologna,AC Torino,Bologna,Torino,Italy ‐ Serie A,7,2.0090,3.5600,4.2600,0.491178,0.277184,0.231638,1.000
2026-09-19T14:02:37+08:00,2026-09-19T14:00:00+08:00,FB5383,2026-09-20 16:00,Gamba Osaka,Vissel Kobe,Gamba Osaka,Vissel Kobe,Japan ‐ J League,7,3.4100,3.6000,2.2500,0.288785,0.273544,0.437670,1.000
2026-09-19T14:02:37+08:00,2026-09-19T14:00:00+08:00,FB5384,2026-09-20 16:00,Tochigi City,Vegalta Sendai,Tochigi UVA,Vegalta Sendai,Japan ‐ J2 League,7,3.5270,3.6500,2.0800,0.273077,0.263874,0.463049,0.848
2026-09-19T14:02:37+08:00,2026-09-19T14:00:00+08:00,FB5385,2026-09-20 13:00,Iran AM,China AM,Iran U23,China U23,Asia - AFC - Asian Games U23,5,2.0800,3.2200,3.6800,0.452247,0.292135,0.255618,1.000
2026-09-19T14:02:37+08:00,2026-09-19T14:00:00+08:00,FB5387,2026-09-19 18:00,Ventforet Kofu,Tokushima Vortis,Ventforet Kofu,Tokushima Vortis,Japan ‐ J2 League,7,3.2700,3.2000,2.3600,0.293473,0.299893,0.406634,1.000
2026-09-19T14:02:37+08:00,2026-09-19T14:00:00+08:00,FB5388,2026-09-19 17:30,Fujieda MYFC,RB Omiya Ardija,Fujieda MYFC,Omiya Ardija,Japan ‐ J2 League,7,3.3510,3.7300,2.1300,0.288049,0.258781,0.453170,1.000
2026-09-19T14:02:37+08:00,2026-09-19T14:00:00+08:00,FB5389,2026-09-19 17:30,Shimizu S-Pulse,JEF United Chiba,Shimizu S-Pulse,JEF United Ichihara,Japan ‐ J League,7,1.8590,3.6500,4.7700,0.526581,0.268196,0.205223,0.929
2026-09-19T14:02:37+08:00,2026-09-19T14:00:00+08:00,FB5391,2026-09-21 01:15,Brann,Bodo Glimt,Brann,Bodo-Glimt,Norway ‐ Tippeligaen,7,4.5600,4.7500,1.6500,0.211701,0.203233,0.585065,1.000
2026-09-19T14:02:37+08:00,2026-09-19T14:00:00+08:00,FB5392,2026-09-19 19:00,Karlsruher,Nurnberg,Karlsruher,Nurnberg,Germany ‐ Bundesliga 2,7,3.0200,4.1200,2.2000,0.321985,0.236018,0.441997,1.000
2026-09-19T14:02:37+08:00,2026-09-19T14:00:00+08:00,FB5393,2026-09-19 22:30,Gil Vicente,Maritimo,Gil Vicente,Maritimo Funchal,Portugal ‐ Primeira Liga,7,2.0360,3.4400,4.1710,0.480771,0.284549,0.234680,0.970
2026-09-19T14:02:37+08:00,2026-09-19T14:00:00+08:00,FB5394,2026-09-19 22:30,Nacional,Famalicao,CD Nacional Madeira,Famalicao,Portugal ‐ Primeira Liga,7,3.9710,3.3900,2.1200,0.247249,0.289625,0.463126,0.970
2026-09-19T14:02:37+08:00,2026-09-19T14:00:00+08:00,FB5395,2026-09-20 01:00,Alverca,Rio Ave,FC Alverca,Rio Ave,Portugal ‐ Primeira Liga,7,2.0290,3.5650,4.0700,0.483636,0.275259,0.241105,1.000
2026-09-19T14:02:37+08:00,2026-09-19T14:00:00+08:00,FB5396,2026-09-21 01:00,Santa Clara,Braga,Santa Clara,Sporting Braga,Portugal ‐ Primeira Liga,7,3.8350,3.2550,2.1600,0.252931,0.298000,0.449069,0.970
2026-09-19T14:02:37+08:00,2026-09-19T14:00:00+08:00,FB5397,2026-09-21 01:00,Estoril,Casa Pia AC,Estoril Praia,Casa Pia,Portugal ‐ Primeira Liga,7,1.7940,3.8350,4.7810,0.542584,0.253819,0.203597,0.970
2026-09-19T14:02:37+08:00,2026-09-19T14:00:00+08:00,FB5398,2026-09-20 03:30,Sporting,Arouca,Sporting Lisbon,Arouca,Portugal ‐ Primeira Liga,7,1.1870,8.5000,15.5000,0.822214,0.114820,0.062966,0.970
2026-09-19T14:02:37+08:00,2026-09-19T14:00:00+08:00,FB5399,2026-09-21 03:30,Porto,Benfica,FC Porto,Benfica,Portugal ‐ Primeira Liga,7,2.7540,3.4500,2.6500,0.352422,0.281325,0.366253,1.000
2026-09-19T14:02:37+08:00,2026-09-19T14:00:00+08:00,FB5400,2026-09-20 22:30,Guimaraes,Moreirense,Vitoria Guimaraes,Moreirense,Portugal ‐ Primeira Liga,7,1.5650,4.3300,6.3970,0.622635,0.225040,0.152325,0.970
2026-09-19T14:02:37+08:00,2026-09-19T14:00:00+08:00,FB5401,2026-09-20 22:30,Amadora,Viseu,Estrela Amadora,Academico Viseu,Portugal ‐ Primeira Liga,7,2.2720,3.3100,3.4600,0.426794,0.292953,0.280253,1.000
2026-09-19T14:02:37+08:00,2026-09-19T14:00:00+08:00,FB5402,2026-09-20 20:00,Brondby,Copenhagen,Brondby IF,FC Copenhagen,Denmark ‐ Superliga,7,3.2290,3.7700,2.1300,0.296519,0.253968,0.449512,1.000
2026-09-19T14:02:37+08:00,2026-09-19T14:00:00+08:00,FB5403,2026-09-20 00:00,Odense,Midtjylland,Odense BK,Midtjylland,Denmark ‐ Superliga,7,4.1420,4.2900,1.8130,0.235288,0.227171,0.537541,1.000
2026-09-19T14:02:37+08:00,2026-09-19T14:00:00+08:00,FB5404,2026-09-20 20:00,Sonderjyske,Randers,Sonderjyske,Randers FC,Denmark ‐ Superliga,7,2.7460,3.7000,2.4500,0.349287,0.259227,0.391486,1.000
2026-09-19T14:02:37+08:00,2026-09-19T14:00:00+08:00,FB5406,2026-09-21 00:00,Viborg,Nordsjaelland,Viborg FF,Nordsjaelland,Denmark ‐ Superliga,7,2.8480,3.8500,2.3230,0.337184,0.249428,0.413388,1.000
2026-09-19T14:02:37+08:00,2026-09-19T14:00:00+08:00,FB5407,2026-09-20 22:00,Horsens,AGF Aarhus,AC Horsens,AGF Aarhus,Denmark ‐ Superliga,7,4.0730,3.7700,1.8700,0.234827,0.253701,0.511472,1.000
2026-09-19T14:02:37+08:00,2026-09-19T14:00:00+08:00,FB5408,2026-09-19 19:30,Pattani,Prachuap,Pattani FC,Prachuap,Thailand ‐ Premier League,7,3.7500,3.3000,2.1200,0.256067,0.290985,0.452948,1.000
2026-09-19T14:02:37+08:00,2026-09-19T14:00:00+08:00,FB5409,2026-09-19 19:00,Rasisalai Utd,Lamphun Warriors,Rasisalai United,Lamphun Warrior,Thailand ‐ Premier League,7,2.7500,3.6000,2.3400,0.340240,0.259905,0.399855,0.948
2026-09-19T14:02:37+08:00,2026-09-19T14:00:00+08:00,FB5410,2026-09-19 23:15,Paris FC,Strasbourg,Paris FC,Strasbourg,France ‐ Ligue 1,7,1.9730,3.8800,3.9900,0.499253,0.253873,0.246874,1.000
2026-09-19T14:02:37+08:00,2026-09-19T14:00:00+08:00,FB5412,2026-09-19 22:00,Kristiansund,Rosenborg,Kristiansund BK,Rosenborg,Norway ‐ Tippeligaen,7,5.6210,5.0200,1.5460,0.173745,0.194546,0.631709,1.000
2026-09-19T14:02:37+08:00,2026-09-19T14:00:00+08:00,FB5413,2026-09-20 00:00,Molde,Aalesund,Molde,Aalesund,Norway ‐ Tippeligaen,7,1.3800,6.0000,7.1800,0.703136,0.161721,0.135143,1.000
2026-09-19T14:02:37+08:00,2026-09-19T14:00:00+08:00,FB5414,2026-09-20 19:30,Cottbus,St. Pauli,Energie Cottbus,St. Pauli,Germany ‐ Bundesliga 2,7,3.1200,4.1500,2.1380,0.311418,0.234127,0.454455,1.000
2026-09-19T14:02:37+08:00,2026-09-19T14:00:00+08:00,FB5415,2026-09-20 19:30,Bielefeld,Heidenheim,Arminia Bielefeld,FC Heidenheim,Germany ‐ Bundesliga 2,7,2.1900,3.8500,3.1420,0.441338,0.251047,0.307616,1.000
2026-09-19T14:02:37+08:00,2026-09-19T14:00:00+08:00,FB5416,2026-09-20 23:00,Tromso,Ham-Kam,Tromso,Ham Kam,Norway ‐ Tippeligaen,7,1.5100,4.6500,6.1100,0.636186,0.206589,0.157224,1.000
2026-09-19T14:02:37+08:00,2026-09-19T14:00:00+08:00,FB5417,2026-09-20 20:30,Valerenga,Fredrikstad,Valerenga IF,Fredrikstad,Norway ‐ Tippeligaen,7,1.9800,4.0500,3.6100,0.490830,0.239961,0.269209,1.000
2026-09-19T14:02:37+08:00,2026-09-19T14:00:00+08:00,FB5418,2026-09-20 23:00,Sandefjord,Start,Sandefjord,IK Start,Norway ‐ Tippeligaen,7,2.0650,3.8500,3.5100,0.470659,0.252444,0.276897,1.000
2026-09-19T14:02:37+08:00,2026-09-19T14:00:00+08:00,FB5419,2026-09-20 15:30,Yongin FC,Gyeongnam FC,Yongin City FC,Gyeongnam FC,South Korea ‐ K-League Challenge,7,2.3450,3.4000,2.9700,0.403345,0.278189,0.318466,1.000
2026-09-19T14:02:37+08:00,2026-09-19T14:00:00+08:00,FB5420,2026-09-20 18:00,Pohang Steelers,FC Seoul,Pohang Steelers,FC Seoul,South Korea ‐ K-League Classic,7,4.6890,3.5000,1.9400,0.210229,0.281646,0.508125,1.000
2026-09-19T14:02:37+08:00,2026-09-19T14:00:00+08:00,FB5426,2026-09-20 16:00,Machida Zelvia,Kashiwa Reysol,Machida Zelvia,Kashiwa Reysol,Japan ‐ J League,7,2.5990,3.6000,2.7300,0.373977,0.269991,0.356032,1.000
2026-09-19T14:02:37+08:00,2026-09-19T14:00:00+08:00,FB5427,2026-09-20 19:00,Rayong,Ratchaburi,Rayong FC,Ratchaburi FC,Thailand ‐ Premier League,6,3.8000,3.5000,1.8920,0.244250,0.265185,0.490565,1.000
2026-09-19T14:02:37+08:00,2026-09-19T14:00:00+08:00,FB5428,2026-09-20 19:30,Sukhothai,Port FC,Sukhothai FC,Port FC,Thailand ‐ Premier League,6,5.3900,4.0700,1.5980,0.175522,0.232448,0.592030,1.000
2026-09-19T14:02:37+08:00,2026-09-19T14:00:00+08:00,FB5429,2026-09-19 20:00,Chiangrai Utd,Sisaket Utd,Chiangrai United,Sisaket,Thailand ‐ Premier League,7,1.8600,3.4000,4.5770,0.511918,0.280049,0.208033,0.918
2026-09-19T14:02:37+08:00,2026-09-19T14:00:00+08:00,FB5430,2026-09-20 19:00,Chonburi,Buriram Utd,Chonburi,Buriram United,Thailand ‐ Premier League,6,6.9700,3.5500,1.5580,0.134462,0.263999,0.601539,0.940
2026-09-19T14:02:37+08:00,2026-09-19T14:00:00+08:00,FB5432,2026-09-20 15:30,Gangwon FC,Jeju SK,Gangwon,Jeju United,South Korea ‐ K-League Classic,7,2.1900,3.4200,3.5200,0.441987,0.283027,0.274986,1.000
2026-09-19T14:02:37+08:00,2026-09-19T14:00:00+08:00,FB5433,2026-09-20 07:30,Vasco da Gama,Coritiba,Vasco da Gama RJ,Coritiba PR,Brazil ‐ Serie A,7,1.5080,4.4000,7.0500,0.642414,0.220173,0.137413,0.940
2026-09-19T14:02:37+08:00,2026-09-19T14:00:00+08:00,FB5434,2026-09-20 03:00,Atletico Mineiro,Chapecoense,Atletico Mineiro MG,Chapecoense,Brazil ‐ Serie A,7,1.3850,5.0600,9.5100,0.704547,0.192845,0.102608,0.970
2026-09-19T14:02:37+08:00,2026-09-19T14:00:00+08:00,FB5435,2026-09-20 04:00,Mirassol,Botafogo,Mirassol SP,Botafogo RJ,Brazil ‐ Serie A,7,2.1120,3.7000,3.6030,0.463609,0.264633,0.271758,0.970
2026-09-19T14:02:37+08:00,2026-09-19T14:00:00+08:00,FB5436,2026-09-20 08:00,Sao Paulo,Internacional,Sao Paulo SP,Internacional RS,Brazil ‐ Serie A,7,1.9610,3.4700,4.2730,0.494057,0.279206,0.226737,0.940
2026-09-19T14:02:37+08:00,2026-09-19T14:00:00+08:00,FB5437,2026-09-20 21:00,Bournemouth,Liverpool,Bournemouth AFC,Liverpool,England ‐ Premier League,7,3.2650,3.9000,2.2110,0.301760,0.252628,0.445612,1.000
2026-09-19T14:02:37+08:00,2026-09-19T14:00:00+08:00,FB5439,2026-09-20 21:00,Manchester City,Sunderland,Manchester City,Sunderland,England ‐ Premier League,7,1.3190,6.0300,10.9000,0.746409,0.163269,0.090322,1.000
2026-09-19T14:02:37+08:00,2026-09-19T14:00:00+08:00,FB5440,2026-09-21 02:45,Marseille,Paris Saint Germain,Marseille,Paris Saint Germain,France ‐ Ligue 1,7,7.5000,5.4900,1.4280,0.131264,0.179323,0.689413,1.000
2026-09-19T14:02:37+08:00,2026-09-19T14:00:00+08:00,FB5441,2026-09-20 05:30,Clube do Remo,Santos,Remo PA,Santos SP,Brazil ‐ Serie A,7,2.9990,3.4000,2.5080,0.324904,0.286584,0.388512,0.970
2026-09-19T14:02:37+08:00,2026-09-19T14:00:00+08:00,FB5442,2026-09-22 06:27,Central Espanol,Montevideo City Torque,Central Espanol,Torque,Uruguay ‐ Primera Division,5,3.7070,3.3300,2.0490,0.254947,0.283810,0.461243,0.970
2026-09-19T14:02:37+08:00,2026-09-19T14:00:00+08:00,FB5444,2026-09-20 08:30,Sporting Kansas City,Philadelphia Union,Sporting Kansas City,Philadelphia Union,USA ‐ Major League Soccer,7,5.0000,4.5670,1.6460,0.194838,0.213310,0.591852,1.000
2026-09-19T14:02:37+08:00,2026-09-19T14:00:00+08:00,FB5445,2026-09-20 07:30,CF Montreal,Columbus Crew,Montreal Impact,Columbus Crew,USA ‐ Major League Soccer,7,2.5110,3.7700,2.7230,0.386370,0.257341,0.356289,1.000
2026-09-19T14:02:37+08:00,2026-09-19T14:00:00+08:00,FB5446,2026-09-20 10:30,Portland Timbers,Atlanta Utd,Portland Timbers,Atlanta United,USA ‐ Major League Soccer,7,2.0750,4.0850,3.3550,0.470270,0.238877,0.290853,0.940
2026-09-19T14:02:37+08:00,2026-09-19T14:00:00+08:00,FB5447,2026-09-20 09:30,Nashville SC,Chicago Fire,Nashville,Chicago Fire,USA ‐ Major League Soccer,7,1.8340,4.0900,4.2200,0.531065,0.238135,0.230799,1.000
2026-09-19T14:02:37+08:00,2026-09-19T14:00:00+08:00,FB5448,2026-09-20 07:30,New England Revolution,Orlando City,New England Revolution,Orlando City,USA ‐ Major League Soccer,7,1.7930,4.3700,4.1800,0.543701,0.223079,0.233219,1.000
2026-09-19T14:02:37+08:00,2026-09-19T14:00:00+08:00,FB5449,2026-09-20 08:30,FC Dallas,Austin FC,FC Dallas,Austin FC,USA ‐ Major League Soccer,7,1.7300,4.2100,4.6900,0.561862,0.230884,0.207254,1.000
2026-09-19T14:02:37+08:00,2026-09-19T14:00:00+08:00,FB5450,2026-09-20 08:30,St. Louis City SC,Toronto FC,Saint Louis FC,Toronto FC,USA ‐ Major League Soccer,7,1.6570,4.4900,4.9500,0.586927,0.216601,0.196472,0.833
2026-09-19T14:02:37+08:00,2026-09-19T14:00:00+08:00,FB5451,2026-09-20 09:30,Real Salt Lake,Vancouver Whitecaps,Real Salt Lake,Vancouver Whitecaps,USA ‐ Major League Soccer,7,4.0450,4.1200,1.8670,0.241058,0.236670,0.522272,1.000
2026-09-19T14:02:37+08:00,2026-09-19T14:00:00+08:00,FB5452,2026-09-20 08:30,Houston Dynamo,FC Cincinnati,Houston Dynamo,FC Cincinnati,USA ‐ Major League Soccer,7,1.9300,4.1090,3.7950,0.505494,0.237431,0.257076,1.000
2026-09-19T14:02:37+08:00,2026-09-19T14:00:00+08:00,FB5453,2026-09-20 07:30,San Jose Earthquakes,Los Angeles FC,San Jose Earthquakes,Los Angeles FC,USA ‐ Major League Soccer,7,3.0650,3.9900,2.2220,0.317707,0.244053,0.438241,1.000
2026-09-19T14:02:37+08:00,2026-09-19T14:00:00+08:00,FB5454,2026-09-20 09:30,Colorado Rapids,Seattle Sounders,Colorado Rapids,Seattle Sounders,USA ‐ Major League Soccer,7,1.9300,4.0000,3.8150,0.502917,0.242658,0.254425,1.000
2026-09-19T14:02:37+08:00,2026-09-19T14:00:00+08:00,FB5455,2026-09-20 08:30,Minnesota Utd,LA Galaxy,Minnesota United,LA Galaxy,USA ‐ Major League Soccer,7,1.6570,4.7000,4.7350,0.587371,0.207080,0.205549,0.948
2026-09-19T14:02:37+08:00,2026-09-19T14:00:00+08:00,FB5456,2026-09-20 07:30,DC United,Charlotte FC,Washington DC United,Charlotte FC,USA ‐ Major League Soccer,7,2.9320,3.7500,2.3690,0.331179,0.258937,0.409884,0.970
2026-09-19T14:02:37+08:00,2026-09-19T14:00:00+08:00,FB5457,2026-09-21 07:00,Inter Miami CF,San Diego FC,Inter Miami,San Diego FC,USA ‐ Major League Soccer,7,1.5230,5.3500,5.3700,0.637639,0.181519,0.180842,1.000
2026-09-19T14:02:37+08:00,2026-09-19T14:00:00+08:00,FB5458,2026-09-21 10:05,Queretaro,Club Leon,Queretaro,Club Leon,Mexico ‐ Primera Division,6,2.4700,3.6000,2.7520,0.387051,0.265560,0.347389,1.000
2026-09-19T14:02:37+08:00,2026-09-19T14:00:00+08:00,FB5459,2026-09-21 08:00,Toluca,Santos Laguna,Toluca,Santos Laguna,Mexico ‐ Primera Division,6,1.2500,6.3000,9.3000,0.750288,0.148867,0.100845,1.000
2026-09-19T14:02:37+08:00,2026-09-19T14:00:00+08:00,FB5460,2026-09-21 08:00,Pachuca,Tijuana,Pachuca,Club Tijuana,Mexico ‐ Primera Division,6,1.8000,3.9000,4.3150,0.532286,0.245671,0.222043,1.000
2026-09-19T14:02:37+08:00,2026-09-19T14:00:00+08:00,FB5461,2026-09-20 11:15,CF America,Guadalajara,Club America,Guadalajara Chivas,Mexico ‐ Primera Division,7,2.6150,3.7940,2.6100,0.371587,0.256115,0.372299,1.000
2026-09-19T14:02:37+08:00,2026-09-19T14:00:00+08:00,FB5462,2026-09-20 09:10,Monterrey,Cruz Azul,Monterrey,Cruz Azul,Mexico ‐ Primera Division,7,2.3410,3.8300,2.8800,0.412529,0.252149,0.335323,1.000
2026-09-19T14:02:37+08:00,2026-09-19T14:00:00+08:00,FB5463,2026-09-20 07:00,Atlas,Pumas UNAM,Atlas,UNAM Pumas,Mexico ‐ Primera Division,7,2.6900,3.2400,2.8940,0.362351,0.300841,0.336808,1.000
2026-09-19T14:02:37+08:00,2026-09-19T14:00:00+08:00,FB5464,2026-09-20 07:00,Atletico San Luis,Necaxa,Atletico San Luis,Necaxa,Mexico ‐ Primera Division,7,2.3590,3.6200,3.0200,0.411052,0.267865,0.321083,1.000
2026-09-19T14:02:37+08:00,2026-09-19T14:00:00+08:00,FB5465,2026-09-21 03:00,Corinthians,Fluminense,Corinthians SP,Fluminense RJ,Brazil ‐ Serie A,7,2.1990,3.1950,3.7830,0.440616,0.303260,0.256124,0.940
2026-09-19T14:02:37+08:00,2026-09-19T14:00:00+08:00,FB5466,2026-09-21 03:00,Vitoria,Cruzeiro,Vitoria BA,Cruzeiro MG,Brazil ‐ Serie A,7,3.0670,3.3200,2.4870,0.316756,0.292617,0.390627,0.940
2026-09-19T14:02:37+08:00,2026-09-19T14:00:00+08:00,FB5467,2026-09-21 05:30,Flamengo,RB Bragantino,Flamengo RJ,Bragantino SP,Brazil ‐ Serie A,7,1.3700,5.2500,8.5000,0.703171,0.183494,0.113335,0.855
2026-09-19T14:02:37+08:00,2026-09-19T14:00:00+08:00,FB5468,2026-09-21 06:30,Athletico Paranaense,Bahia,Atletico PR,Bahia BA,Brazil ‐ Serie A,7,2.1700,3.4600,3.4450,0.443053,0.277869,0.279078,0.825
2026-09-19T14:02:37+08:00,2026-09-19T14:00:00+08:00,FB5469,2026-09-20 22:00,Gremio,Palmeiras,Gremio RS,Palmeiras SP,Brazil ‐ Serie A,7,4.1950,3.7300,1.8890,0.230128,0.258816,0.511056,0.940
2026-09-19T14:02:37+08:00,2026-09-19T14:00:00+08:00,FB5470,2026-09-19 20:00,TPS Turku,Ilves,TPS Turku,Ilves Tampere,Finland ‐ Veikkausliiga,7,2.6470,3.7500,2.6000,0.367115,0.259134,0.373751,0.970
2026-09-19T14:02:37+08:00,2026-09-19T14:00:00+08:00,FB5472,2026-09-19 22:00,VPS Vaasa,KuPS,VPS Vaasa,KuPS Kuopio,Finland ‐ Veikkausliiga,7,3.4200,3.5800,2.1900,0.284337,0.271629,0.444033,1.000
2026-09-19T14:02:37+08:00,2026-09-19T14:00:00+08:00,FB5473,2026-09-19 22:15,FC Andorra,Gijon,Andorra CF,Sporting Gijon,Spain ‐ Segunda Division,7,2.0610,3.6550,3.7150,0.471996,0.266151,0.261853,1.000
2026-09-19T14:02:37+08:00,2026-09-19T14:00:00+08:00,FB5474,2026-09-19 23:00,Austria Lustenau,Rheindorf Altach,Austria Lustenau,SC Rheindorf Altach,Austria ‐ Bundesliga,7,3.3340,3.5900,2.2500,0.293215,0.272306,0.434479,1.000
2026-09-19T14:02:37+08:00,2026-09-19T14:00:00+08:00,FB5475,2026-09-20 00:00,Young Boys Bern,Servette,Young Boys,Servette,Switzerland ‐ Super League,7,1.6090,4.7000,5.0600,0.602292,0.206189,0.191519,1.000
2026-09-19T14:02:37+08:00,2026-09-19T14:00:00+08:00,FB5476,2026-09-20 00:00,Luzern,Grasshoppers,Luzern,Grasshopper,Switzerland ‐ Super League,7,1.6890,4.7200,4.3700,0.573283,0.205143,0.221573,0.970
2026-09-19T14:02:37+08:00,2026-09-19T14:00:00+08:00,FB5477,2026-09-20 00:15,Charleroi,Cercle Bruges,Royal Charleroi,Cercle Brugge,Belgium ‐ Pro League,7,1.8100,4.1300,4.2410,0.536181,0.234985,0.228835,0.970
2026-09-19T14:02:37+08:00,2026-09-19T14:00:00+08:00,FB5479,2026-09-20 02:45,Anderlecht,Zulte Waregem,Anderlecht,Zulte Waregem,Belgium ‐ Pro League,7,1.8000,3.8800,4.6700,0.540729,0.250853,0.208418,1.000
2026-09-19T14:02:37+08:00,2026-09-19T14:00:00+08:00,FB5480,2026-09-20 02:45,Lommel SK,KV Mechelen,Lommel United,KV Mechelen,Belgium ‐ Pro League,7,2.7060,3.6600,2.5610,0.357659,0.264433,0.377909,1.000
2026-09-19T14:02:37+08:00,2026-09-19T14:00:00+08:00,FB5481,2026-09-20 19:00,Celtic,Rangers,Celtic,Glasgow Rangers,Scotland ‐ Premier League,7,2.2400,3.7200,3.0200,0.426644,0.256904,0.316451,0.970
2026-09-19T14:02:37+08:00,2026-09-19T14:00:00+08:00,FB5482,2026-09-20 23:00,Salzburg,Sturm Graz,Red Bull Salzburg,Sturm Graz,Austria ‐ Bundesliga,7,1.6540,4.5500,4.7400,0.583955,0.212277,0.203768,0.970
2026-09-19T14:02:37+08:00,2026-09-19T14:00:00+08:00,FB5483,2026-09-20 20:30,Hartberg,LASK Linz,TSV Hartberg,LASK Linz,Austria ‐ Bundesliga,7,11.0000,5.7000,1.2910,0.087334,0.168538,0.744128,0.970
2026-09-19T14:02:37+08:00,2026-09-19T14:00:00+08:00,FB5484,2026-09-20 19:30,Antwerp,Union Saint Gilloise,Royal Antwerp,Union Saint-Gilloise,Belgium ‐ Pro League,7,5.3800,4.1550,1.6300,0.178717,0.231407,0.589876,1.000
2026-09-19T14:02:37+08:00,2026-09-19T14:00:00+08:00,FB5485,2026-09-20 20:00,Vaduz,Thun,Vaduz,Thun,Switzerland ‐ Super League,7,2.3600,4.2500,2.6130,0.406757,0.225870,0.367373,1.000
2026-09-19T14:02:37+08:00,2026-09-19T14:00:00+08:00,FB5486,2026-09-20 20:00,Getafe,Malaga,Getafe,Malaga,Spain ‐ Primera Division,7,2.1030,3.2200,4.4390,0.470176,0.307075,0.222749,1.000
2026-09-19T14:02:37+08:00,2026-09-19T14:00:00+08:00,FB5487,2026-09-20 22:00,Sint Truiden,Westerlo,Sint-Truidense,Westerlo,Belgium ‐ Pro League,7,1.7240,4.1000,4.8100,0.562143,0.236374,0.201483,0.970
2026-09-19T14:02:37+08:00,2026-09-19T14:00:00+08:00,FB5488,2026-09-20 22:15,Ceuta,Valladolid,AD Ceuta,Real Valladolid,Spain ‐ Segunda Division,7,2.6740,3.3850,2.6900,0.359194,0.283748,0.357058,1.000
2026-09-19T14:02:37+08:00,2026-09-19T14:00:00+08:00,FB5489,2026-09-20 22:30,Lausanne,Lugano,Lausanne Sport,FC Lugano,Switzerland ‐ Super League,7,3.7340,4.0100,1.9000,0.256645,0.238981,0.504375,1.000
2026-09-19T14:02:37+08:00,2026-09-19T14:00:00+08:00,FB5490,2026-09-20 22:30,Basel,St. Gallen,Basel,St Gallen,Switzerland ‐ Super League,7,2.5370,4.0500,2.5340,0.380575,0.238400,0.381025,1.000
2026-09-19T14:02:37+08:00,2026-09-19T14:00:00+08:00,FB5491,2026-09-20 22:45,NEC Nijmegen,Go Ahead Eagles,NEC Nijmegen,Go Ahead Eagles,Netherlands ‐ Eredivisie,7,1.9600,4.3500,3.5900,0.500868,0.225678,0.273454,1.000
2026-09-19T14:02:37+08:00,2026-09-19T14:00:00+08:00,FB5492,2026-09-21 00:30,Deportivo,Betis,Deportivo La Coruna,Real Betis,Spain ‐ Primera Division,7,3.6500,3.7700,2.1590,0.273316,0.264616,0.462068,1.000
2026-09-19T14:02:37+08:00,2026-09-19T14:00:00+08:00,FB5493,2026-09-21 00:30,Bruges,Genk,Club Brugge,KRC Genk,Belgium ‐ Pro League,7,1.5450,4.7900,5.6400,0.626377,0.202036,0.171587,0.887
2026-09-19T14:02:37+08:00,2026-09-19T14:00:00+08:00,FB5494,2026-09-21 00:30,Villarreal,Levante,Villarreal,Levante,Spain ‐ Primera Division,7,1.5400,4.8750,6.2100,0.639433,0.201995,0.158571,1.000
2026-09-19T14:02:37+08:00,2026-09-19T14:00:00+08:00,FB5495,2026-09-21 00:30,Las Palmas,Burgos,Las Palmas,Burgos CF,Spain ‐ Segunda Division,7,2.0850,3.2000,4.3700,0.469775,0.306088,0.224137,1.000
2026-09-19T14:02:37+08:00,2026-09-19T14:00:00+08:00,FB5496,2026-09-21 01:15,KV Kortrijk,SK Beveren,Kortrijk,Waasland Beveren,Belgium ‐ Pro League,7,2.6080,3.5500,2.7140,0.370976,0.272537,0.356487,0.816
2026-09-19T14:02:37+08:00,2026-09-19T14:00:00+08:00,FB5497,2026-09-21 00:00,Juventus,Atalanta,Juventus,Atalanta,Italy ‐ Serie A,7,1.7410,4.0150,5.3100,0.567699,0.246168,0.186133,1.000
2026-09-19T14:02:37+08:00,2026-09-19T14:00:00+08:00,FB5498,2026-09-21 03:58,Rosario Central,Argentinos Juniors,Rosario Central,Argentinos Juniors,Argentina ‐ Liga Profesional,7,2.3520,3.0500,3.4980,0.409244,0.315587,0.275169,1.000
2026-09-19T14:02:37+08:00,2026-09-19T14:00:00+08:00,FB5499,2026-09-20 01:28,Gimnasia LP,Banfield,Gimnasia La Plata,Banfield,Argentina ‐ Liga Profesional,7,1.8700,3.5800,4.7110,0.521026,0.272156,0.206818,0.893
2026-09-19T14:02:37+08:00,2026-09-19T14:00:00+08:00,FB5500,2026-09-21 01:43,San Lorenzo,Boca Juniors,San Lorenzo,Boca Juniors,Argentina ‐ Liga Profesional,7,3.9770,3.1800,2.1400,0.243366,0.304360,0.452274,1.000
2026-09-19T14:02:37+08:00,2026-09-19T14:00:00+08:00,FB5501,2026-09-22 01:28,Aldosivi,Atletico Tucuman,Aldosivi,Atletico Tucuman,Argentina ‐ Liga Profesional,7,3.2410,3.0200,2.5030,0.296910,0.318637,0.384453,1.000
2026-09-19T14:02:37+08:00,2026-09-19T14:00:00+08:00,FB5502,2026-09-21 08:28,Velez Sarsfield,Tigre,Velez Sarsfield,CA Tigre,Argentina ‐ Liga Profesional,7,2.2560,2.9900,3.7090,0.423233,0.319336,0.257431,0.970
2026-09-19T14:02:37+08:00,2026-09-19T14:00:00+08:00,FB5503,2026-09-20 01:28,Gimnasia Mendoza,Deportivo Riestra,Gimnasia Mendoza,Deportivo Riestra,Argentina ‐ Liga Profesional,7,2.3710,2.9500,3.8310,0.412775,0.331759,0.255466,1.000
2026-09-19T14:02:37+08:00,2026-09-19T14:00:00+08:00,FB5504,2026-09-20 08:13,Instituto de Cordoba,Talleres,Instituto AC Cordoba,Talleres de Cordoba,Argentina ‐ Liga Profesional,7,1.9710,3.2200,4.7100,0.492469,0.301446,0.206084,0.970
2026-09-19T14:02:37+08:00,2026-09-19T14:00:00+08:00,FB5505,2026-09-21 03:58,CA Platense,Newell's Old Boys,CA Platense,Newells Old Boys,Argentina ‐ Liga Profesional,7,2.2000,3.0550,3.8150,0.435388,0.313536,0.251076,0.985
2026-09-19T14:02:37+08:00,2026-09-19T14:00:00+08:00,FB5506,2026-09-20 03:43,Union Santa Fe,Independiente,Union Santa Fe,CA Independiente Avellaneda,Argentina ‐ Liga Profesional,7,2.5110,3.0800,3.1800,0.383894,0.312974,0.303132,0.970
2026-09-19T14:02:37+08:00,2026-09-19T14:00:00+08:00,FB5508,2026-09-22 05:58,Barracas Central,Independiente Rivadavia,CA Barracas Central,Independiente Rivadavia,Argentina ‐ Liga Profesional,7,3.3630,3.0000,2.4400,0.285773,0.320352,0.393875,0.970
2026-09-19T14:02:37+08:00,2026-09-19T14:00:00+08:00,FB5509,2026-09-21 03:00,Valencia,Real Sociedad,Valencia,Real Sociedad,Spain ‐ Primera Division,7,2.8170,3.4950,2.6880,0.350385,0.282414,0.367201,1.000
2026-09-19T14:02:37+08:00,2026-09-19T14:00:00+08:00,FB5510,2026-09-21 03:00,Leganes,CF Granada,CD Leganes,Granada CF,Spain ‐ Segunda Division,7,2.0850,3.3000,4.0130,0.464818,0.293680,0.241502,0.970
2026-09-19T14:02:37+08:00,2026-09-19T14:00:00+08:00,FB5511,2026-09-21 01:30,Paderborn,Hoffenheim,Paderborn,TSG Hoffenheim,Germany ‐ Bundesliga,7,4.5650,4.6150,1.7240,0.215653,0.213317,0.571030,0.970
2026-09-19T14:02:37+08:00,2026-09-19T14:00:00+08:00,FB5512,2026-09-19 21:00,Brommapojkarna,Goteborg,Brommapojkarna,IFK Goteborg,Sweden ‐ Allsvenskan,7,2.9400,3.6500,2.3680,0.328188,0.264349,0.407463,1.000
2026-09-19T14:02:37+08:00,2026-09-19T14:00:00+08:00,FB5513,2026-09-19 21:00,Vasteras SK,Malmo,Vasteras SK,Malmo,Sweden ‐ Allsvenskan,7,3.3330,3.8200,2.1600,0.292777,0.255452,0.451771,1.000
2026-09-19T14:02:37+08:00,2026-09-19T14:00:00+08:00,FB5514,2026-09-20 20:00,Djurgardens,Elfsborg,Djurgardens IF,Elfsborg,Sweden ‐ Allsvenskan,7,1.5780,4.3330,5.4000,0.603717,0.219863,0.176420,1.000
2026-09-19T14:02:37+08:00,2026-09-19T14:00:00+08:00,FB5515,2026-09-20 20:00,Kalmar,Hacken,Kalmar FF,BK Hacken,Sweden ‐ Allsvenskan,7,2.8310,3.5500,2.4200,0.337007,0.268751,0.394242,0.970
2026-09-19T14:02:37+08:00,2026-09-19T14:00:00+08:00,FB5516,2026-09-20 20:00,Halmstads,AIK Solna,Halmstads,AIK Solna,Sweden ‐ Allsvenskan,7,3.2200,3.9100,2.1600,0.301726,0.248480,0.449795,1.000
2026-09-19T14:02:37+08:00,2026-09-19T14:00:00+08:00,FB5517,2026-09-19 20:00,Boulogne Sur Mer,Nantes,US Boulogne,Nantes,France ‐ Ligue 2,7,3.6600,3.1500,2.2530,0.264103,0.306862,0.429035,1.000
2026-09-19T14:02:37+08:00,2026-09-19T14:00:00+08:00,FB5518,2026-09-19 20:00,Guingamp,Red Star,Guingamp,Red Star FC,France ‐ Ligue 2,7,2.4200,3.5500,2.9480,0.399587,0.272394,0.328019,1.000
2026-09-19T14:02:37+08:00,2026-09-19T14:00:00+08:00,FB5519,2026-09-19 19:30,Burton Albion,Mansfield,Burton Albion,Mansfield Town,England ‐ League 1,7,2.4860,3.4500,2.9200,0.388810,0.280169,0.331021,0.970
2026-09-19T14:02:37+08:00,2026-09-19T14:00:00+08:00,FB5520,2026-09-19 19:30,Barnsley,Leicester,Barnsley,Leicester City,England ‐ League 1,7,3.3510,3.9500,2.0700,0.288418,0.244680,0.466902,1.000
2026-09-19T14:02:37+08:00,2026-09-19T14:00:00+08:00,FB5521,2026-09-19 19:30,Cardiff,Charlton,Cardiff City,Charlton Athletic,England ‐ Championship,7,1.7700,4.1890,4.4250,0.548686,0.231839,0.219474,1.000
2026-09-19T14:02:37+08:00,2026-09-19T14:00:00+08:00,FB5522,2026-09-19 22:00,Blackpool,Plymouth,Blackpool,Plymouth Argyle,England ‐ League 1,7,2.6840,3.9100,2.4900,0.361748,0.248320,0.389932,1.000
2026-09-19T14:02:37+08:00,2026-09-19T14:00:00+08:00,FB5523,2026-09-19 22:00,Sheff Wednesday,Stockport,Sheffield Wednesday,Stockport County,England ‐ League 1,7,2.9120,3.9800,2.2860,0.332723,0.243440,0.423837,0.941
2026-09-19T14:02:37+08:00,2026-09-19T14:00:00+08:00,FB5524,2026-09-19 19:30,Rochdale,Oldham,Rochdale AFC,Oldham Athletic,England ‐ League 2,7,3.8000,3.7000,2.0040,0.254892,0.261781,0.483328,1.000
2026-09-19T14:02:37+08:00,2026-09-19T14:00:00+08:00,FB5525,2026-09-19 19:30,Walsall,Port Vale,Walsall,Port Vale,England ‐ League 2,7,2.4500,3.2800,3.1200,0.394912,0.294980,0.310107,1.000
2026-09-19T14:02:37+08:00,2026-09-19T14:00:00+08:00,FB5526,2026-09-19 22:00,Luton,Bradford,Luton Town,Bradford City,England ‐ League 1,7,2.1700,3.6400,3.4460,0.449263,0.267830,0.282908,1.000
2026-09-19T14:02:37+08:00,2026-09-19T14:00:00+08:00,FB5527,2026-09-19 22:00,Portsmouth,Blackburn,Portsmouth,Blackburn Rovers,England ‐ Championship,7,2.1920,3.5100,3.5140,0.444782,0.277767,0.277451,1.000
2026-09-19T14:02:37+08:00,2026-09-19T14:00:00+08:00,FB5528,2026-09-19 22:00,Burnley,Derby,Burnley,Derby County,England ‐ Championship,7,1.8800,3.7920,4.2410,0.515711,0.255679,0.228610,1.000
2026-09-19T14:02:37+08:00,2026-09-19T14:00:00+08:00,FB5529,2026-09-19 22:00,Wrexham,Southampton,Wrexham,Southampton,England ‐ Championship,7,2.8550,3.6620,2.4600,0.340113,0.265162,0.394725,1.000
2026-09-19T14:02:37+08:00,2026-09-19T14:00:00+08:00,FB5531,2026-09-19 22:00,Lincoln City,Swansea,Lincoln City,Swansea,England ‐ Championship,7,3.0200,3.4500,2.4570,0.322113,0.281965,0.395922,1.000
2026-09-19T14:02:37+08:00,2026-09-19T14:00:00+08:00,FB5532,2026-09-19 22:00,Oxford Utd,Cambridge Utd,Oxford United,Cambridge United,England ‐ League 1,7,2.1000,3.5500,3.6040,0.459932,0.272072,0.267996,0.883
2026-09-19T14:02:37+08:00,2026-09-19T14:00:00+08:00,FB5533,2026-09-19 22:00,Birmingham,Middlesbrough,Birmingham City,Middlesbrough,England ‐ Championship,7,2.7500,3.6500,2.5500,0.353125,0.266053,0.380821,1.000
2026-09-19T14:02:37+08:00,2026-09-19T14:00:00+08:00,FB5534,2026-09-19 19:30,Millwall,West Ham,Millwall,West Ham United,England ‐ Championship,7,5.1000,4.0510,1.7040,0.190407,0.239713,0.569880,0.970
2026-09-19T14:02:37+08:00,2026-09-19T14:00:00+08:00,FB5535,2026-09-19 19:30,Stoke,Sheff Utd,Stoke City,Sheffield United,England ‐ Championship,7,2.4200,3.4000,3.1600,0.403618,0.287281,0.309100,1.000
2026-09-19T14:02:37+08:00,2026-09-19T14:00:00+08:00,FB5537,2026-09-20 20:30,Norwich,Bolton,Norwich City,Bolton Wanderers,England ‐ Championship,7,1.4880,4.7600,5.9200,0.639404,0.199881,0.160715,1.000
2026-09-19T14:02:37+08:00,2026-09-19T14:00:00+08:00,FB5539,2026-09-20 05:58,River Plate,Huracan,River Plate,Atletico Huracan,Argentina ‐ Liga Profesional,7,1.5330,3.9500,7.5500,0.628477,0.243913,0.127610,0.970
2026-09-19T14:02:37+08:00,2026-09-19T14:00:00+08:00,FB5540,2026-09-19 23:30,Orgryte,Sirius,Orgryte,Sirius,Sweden ‐ Allsvenskan,7,5.5200,4.8200,1.5470,0.175026,0.200445,0.624528,1.000
2026-09-19T14:02:37+08:00,2026-09-19T14:00:00+08:00,FB5541,2026-09-20 10:00,Phoenix Rising,El Paso Locomotive,Phoenix Rising,El Paso Locomotive,USA ‐ USL League One,6,2.2400,3.6500,3.1240,0.429050,0.263308,0.307642,1.000
2026-09-19T14:02:37+08:00,2026-09-19T14:00:00+08:00,FB5542,2026-09-19 21:30,Hatta Club,Shabab Al Ahli,Hatta Club,Al Ahli Dubai,United Arab Emirates ‐ League Cup,4,7.4800,5.0000,1.3500,0.124429,0.186145,0.689426,1.000
2026-09-19T14:02:37+08:00,2026-09-19T14:00:00+08:00,FB5543,2026-09-20 00:15,Al Wasl,Al Ain,Al Wasl Dubai,Al Ain FC,United Arab Emirates ‐ League Cup,6,2.8300,3.6500,2.2100,0.327237,0.253721,0.419042,0.970
2026-09-19T14:02:37+08:00,2026-09-19T14:00:00+08:00,FB5544,2026-09-19 21:30,Kalba FC,Khor Fakkan,Al Ittihad Kalba,Al-Khaleej Khor Fakkan,United Arab Emirates ‐ League Cup,5,2.1900,3.6380,2.7890,0.418900,0.252169,0.328932,0.940
2026-09-19T14:02:37+08:00,2026-09-19T14:00:00+08:00,FB5545,2026-09-20 23:00,Viking,Lillestrom,Viking,Lillestrom SK,Norway ‐ Tippeligaen,7,1.4300,5.4730,6.4530,0.674361,0.176199,0.149440,1.000
2026-09-19T14:02:37+08:00,2026-09-19T14:00:00+08:00,FB5546,2026-09-21 07:00,Sacramento Republic,San Antonio FC,Sacramento Republic,San Antonio Scorpions,USA ‐ USL League One,6,1.8950,3.4110,4.1800,0.497784,0.276546,0.225670,0.970
2026-09-19T14:02:37+08:00,2026-09-19T14:00:00+08:00,FB5547,2026-09-21 07:00,Tapatio,Tlaxcala,Deportivo Tapatio,Tlaxcala,Mexico ‐ Liga de Expansion,5,1.9090,3.6000,3.5300,0.482842,0.256040,0.261118,0.970
2026-09-19T14:02:37+08:00,2026-09-19T14:00:00+08:00,FB5550,2026-09-21 06:13,Belgrano,Estudiantes Rio Cuarto,Belgrano de Cordoba,Estudiantes Rio Cuarto,Argentina ‐ Liga Profesional,7,1.4790,4.0290,8.2500,0.646679,0.237389,0.115932,0.970
2026-09-19T14:02:37+08:00,2026-09-19T14:00:00+08:00,FB5551,2026-09-21 05:00,Indy Eleven,Oakland Roots,Indy Eleven,Oakland Roots SC,USA ‐ USL League One,6,1.9710,3.8100,3.4110,0.477291,0.246913,0.275796,1.000
2026-09-19T14:02:37+08:00,2026-09-19T14:00:00+08:00,FB5552,2026-09-20 09:00,Cancun FC,Oaxaca,Cancun FC,Alebrijes de Oaxaca,Mexico ‐ Liga de Expansion,6,1.7580,3.8000,4.2400,0.532693,0.246441,0.220867,1.000
2026-09-19T14:02:37+08:00,2026-09-19T14:00:00+08:00,FB5554,2026-09-20 22:30,Mjallby,GAIS,Mjallby,GAIS Goteborg,Sweden ‐ Allsvenskan,7,2.7100,3.6000,2.4730,0.351048,0.264261,0.384691,0.970
2026-09-19T14:02:37+08:00,2026-09-19T14:00:00+08:00,FB5555,2026-09-20 22:30,Degerfors,Hammarby,Degerfors,Hammarby IF,Sweden ‐ Allsvenskan,7,9.4000,5.5000,1.3270,0.102116,0.174526,0.723357,1.000
2026-09-19T14:02:37+08:00,2026-09-19T14:00:00+08:00,FB5556,2026-09-20 10:30,Las Vegas Lights,Hartford Athletic,Las Vegas Lights,Hartford Athletic,USA ‐ USL League One,6,2.1750,3.6200,3.1710,0.437305,0.262746,0.299949,1.000
2026-09-19T14:02:37+08:00,2026-09-19T14:00:00+08:00,FB5557,2026-09-19 20:00,Real Sociedad B,Mallorca,Real Sociedad II,Mallorca,Spain ‐ Segunda Division,7,4.0200,3.7300,1.9900,0.244030,0.263003,0.492966,0.952
2026-09-19T14:02:37+08:00,2026-09-19T14:00:00+08:00,FB5558,2026-09-20 00:15,Ajman Club,Sharjah FC,Ajman Club,Al Sharjah,United Arab Emirates ‐ League Cup,5,3.3000,3.4500,2.0000,0.277275,0.265220,0.457505,0.970
2026-09-19T14:02:37+08:00,2026-09-19T14:00:00+08:00,FB5559,2026-09-20 01:30,Grazer AK,Austria Vienna,Grazer AK,Austria Wien,Austria ‐ Bundesliga,7,2.6850,3.4600,2.7200,0.361907,0.280844,0.357250,0.923
2026-09-19T14:02:37+08:00,2026-09-19T14:00:00+08:00,FB5560,2026-09-20 07:00,Louisville City,Loudoun Utd,Louisville City FC,Loudoun United,USA ‐ USL League One,6,1.4030,5.1900,6.4300,0.671807,0.181608,0.146585,0.940
2026-09-19T14:02:37+08:00,2026-09-19T14:00:00+08:00,FB5562,2026-09-19 19:45,Chelsea Women,Birmingham Women,Chelsea Women,Birmingham City Women,England ‐ Super League Women,6,1.0630,13.0000,23.0800,0.886661,0.072502,0.040837,0.932
2026-09-19T14:02:37+08:00,2026-09-19T14:00:00+08:00,FB5564,2026-09-20 02:00,Metz,St. Etienne,Metz,Saint Etienne,France ‐ Ligue 2,7,3.7700,3.7400,2.0400,0.259332,0.261412,0.479256,1.000
2026-09-19T19:13:52+08:00,2026-09-19T19:00:00+08:00,FB5289,2026-09-19 22:00,Brighton,Arsenal,Brighton & Hove Albion,Arsenal,England ‐ Premier League,7,5.0100,4.1100,1.7570,0.197222,0.240409,0.562369,0.970
2026-09-19T19:13:52+08:00,2026-09-19T19:00:00+08:00,FB5308,2026-09-19 22:57,Boston River,CA Progresso,CA Boston River,CA Progreso,Uruguay ‐ Primera Division,7,1.9600,3.4500,4.1840,0.491022,0.278958,0.230020,0.970
2026-09-19T19:13:52+08:00,2026-09-19T19:00:00+08:00,FB5309,2026-09-20 05:27,Deportivo Maldonado,Cerro Largo,Deportivo Maldonado,Cerro Largo,Uruguay ‐ Primera Division,7,1.7000,3.7600,5.2260,0.562612,0.254372,0.183016,1.000
2026-09-19T19:13:52+08:00,2026-09-19T19:00:00+08:00,FB5331,2026-09-19 20:00,Osasuna,Vallecano,Osasuna,Rayo Vallecano,Spain ‐ Primera Division,7,2.9100,3.3850,2.7520,0.342808,0.294703,0.362489,1.000
2026-09-19T19:13:52+08:00,2026-09-19T19:00:00+08:00,FB5332,2026-09-19 21:30,Werder Bremen,Augsburg,Werder Bremen,Augsburg,Germany ‐ Bundesliga,7,2.4030,4.0000,2.9100,0.412112,0.247576,0.340311,1.000
2026-09-19T19:13:52+08:00,2026-09-19T19:00:00+08:00,FB5333,2026-09-19 22:15,Bilbao,Alaves,Athletic Bilbao,Alaves,Spain ‐ Primera Division,7,1.6760,4.1100,5.7700,0.588840,0.240121,0.171039,1.000
2026-09-19T19:13:52+08:00,2026-09-19T19:00:00+08:00,FB5334,2026-09-19 22:30,Den Haag,Cambuur,ADO Den Haag,Cambuur-Leeuwarden,Netherlands ‐ Eredivisie,7,2.0200,3.9500,3.5650,0.481229,0.246097,0.272674,0.970
2026-09-19T19:13:52+08:00,2026-09-19T19:00:00+08:00,FB5335,2026-09-19 22:30,Vitesse,Jong PSV Eindhoven,Vitesse Arnhem,Jong PSV Eindhoven,Netherlands ‐ Eerste Divisie,7,1.6160,4.6200,4.7500,0.591718,0.206973,0.201309,0.970
2026-09-19T19:13:52+08:00,2026-09-19T19:00:00+08:00,FB5336,2026-09-20 00:30,Stuttgart,Dortmund,VfB Stuttgart,Borussia Dortmund,Germany ‐ Bundesliga,7,2.5320,4.0000,2.7560,0.391892,0.248068,0.360040,0.970
2026-09-19T19:13:52+08:00,2026-09-19T19:00:00+08:00,FB5337,2026-09-20 00:30,Celta Vigo,Santander,Celta Vigo,Racing Santander,Spain ‐ Primera Division,7,1.8400,3.9850,4.5600,0.536124,0.247545,0.216331,1.000
2026-09-19T19:13:52+08:00,2026-09-19T19:00:00+08:00,FB5338,2026-09-20 00:45,Sparta Rotterdam,Heerenveen,Sparta Rotterdam,Heerenveen,Netherlands ‐ Eredivisie,7,2.4810,3.9000,2.7200,0.392421,0.249640,0.357940,1.000
2026-09-19T19:13:52+08:00,2026-09-19T19:00:00+08:00,FB5339,2026-09-20 23:30,Fulham,Manchester Utd,Fulham,Manchester United,England ‐ Premier League,7,3.6350,3.8800,2.0730,0.270977,0.253866,0.475157,1.000
2026-09-19T19:13:52+08:00,2026-09-19T19:00:00+08:00,FB5340,2026-09-19 22:00,Everton,Ipswich,Everton,Ipswich Town,England ‐ Premier League,7,1.8710,3.9250,4.4500,0.527110,0.251267,0.221623,1.000
2026-09-19T19:13:52+08:00,2026-09-19T19:00:00+08:00,FB5341,2026-09-20 00:30,Nottingham Forest,Coventry,Nottingham Forest,Coventry City,England ‐ Premier League,7,1.6860,4.1600,5.8500,0.590495,0.239321,0.170184,1.000
2026-09-19T19:13:52+08:00,2026-09-19T19:00:00+08:00,FB5342,2026-09-19 19:30,Tottenham,Aston Villa,Tottenham Hotspur,Aston Villa,England ‐ Premier League,7,1.9620,3.9050,4.1090,0.505071,0.253764,0.241165,0.970
2026-09-19T19:13:52+08:00,2026-09-19T19:00:00+08:00,FB5343,2026-09-19 22:00,Newcastle,Hull City,Newcastle United,Hull City,England ‐ Premier League,7,1.6530,4.4450,5.3900,0.595750,0.221546,0.182704,1.000
2026-09-19T19:13:52+08:00,2026-09-19T19:00:00+08:00,FB5344,2026-09-20 02:00,Ajax,Excelsior,Ajax Amsterdam,SBV Excelsior,Netherlands ‐ Eredivisie,7,1.2400,7.4800,11.4000,0.784592,0.130066,0.085342,0.940
2026-09-19T19:13:52+08:00,2026-09-19T19:00:00+08:00,FB5345,2026-09-20 02:30,Dresden,Hertha Berlin,Dynamo Dresden,Hertha Berlin,Germany ‐ Bundesliga 2,7,2.6300,4.0500,2.5330,0.372068,0.241615,0.386317,1.000
2026-09-19T19:13:52+08:00,2026-09-19T19:00:00+08:00,FB5346,2026-09-20 03:00,Willem II,Fortuna Sittard,Willem II Tilburg,Fortuna Sittard,Netherlands ‐ Eredivisie,7,2.5840,3.8000,2.6450,0.376373,0.255934,0.367693,1.000
2026-09-19T19:13:52+08:00,2026-09-19T19:00:00+08:00,FB5347,2026-09-20 03:00,Sevilla,Barcelona,Sevilla,Barcelona,Spain ‐ Primera Division,7,11.1300,7.1370,1.3020,0.090026,0.140394,0.769580,1.000
2026-09-19T19:13:52+08:00,2026-09-19T19:00:00+08:00,FB5348,2026-09-20 15:30,Jeonbuk Motors,Gwangju FC,Jeonbuk Hyundai Motors,Gwangju FC,South Korea ‐ K-League Classic,7,1.4420,4.9000,7.3500,0.670927,0.197444,0.131629,0.889
2026-09-19T19:13:52+08:00,2026-09-19T19:00:00+08:00,FB5350,2026-09-20 18:00,Incheon Utd,Daejeon Citizen,Incheon United,Daejeon Citizen,South Korea ‐ K-League Classic,7,2.7700,3.4200,2.6000,0.347787,0.281687,0.370527,0.940
2026-09-19T19:13:52+08:00,2026-09-19T19:00:00+08:00,FB5351,2026-09-20 18:00,Seongnam FC,Hwaseong FC,Seongnam Ilhwa Chunma,Hwaseong FC,South Korea ‐ K-League Challenge,7,2.7760,3.3000,2.6150,0.344497,0.289795,0.365707,0.970
2026-09-19T19:13:52+08:00,2026-09-19T19:00:00+08:00,FB5352,2026-09-20 18:00,Gimhae FC,Paju Frontier,Gimhae City FC,Paju Citizen,South Korea ‐ K-League Challenge,7,2.7170,3.2500,2.7230,0.352883,0.295011,0.352106,1.000
2026-09-19T19:13:52+08:00,2026-09-19T19:00:00+08:00,FB5353,2026-09-19 22:00,Dundee,Motherwell,Dundee FC,Motherwell,Scotland ‐ Premier League,7,3.0580,3.4940,2.4000,0.317523,0.277901,0.404577,1.000
2026-09-19T19:13:52+08:00,2026-09-19T19:00:00+08:00,FB5355,2026-09-20 18:15,Feyenoord,Utrecht,Feyenoord Rotterdam,Utrecht,Netherlands ‐ Eredivisie,7,1.2840,6.5500,10.2000,0.756479,0.148293,0.095227,0.970
2026-09-19T19:13:52+08:00,2026-09-19T19:00:00+08:00,FB5356,2026-09-19 22:00,St. Mirren,Dundee Utd,Saint Mirren,Dundee United,Scotland ‐ Premier League,7,2.4000,3.7300,2.9020,0.404785,0.260451,0.334764,0.863
2026-09-19T19:13:52+08:00,2026-09-19T19:00:00+08:00,FB5357,2026-09-19 22:00,Hibernian,Aberdeen,Hibernian,Aberdeen,Scotland ‐ Premier League,7,1.8070,3.9200,4.4600,0.535869,0.247019,0.217111,1.000
2026-09-19T19:13:52+08:00,2026-09-19T19:00:00+08:00,FB5358,2026-09-19 22:00,St. Johnstone,Falkirk,St. Johnstone,Falkirk,Scotland ‐ Premier League,7,2.1170,3.4860,3.6800,0.458178,0.278245,0.263577,1.000
2026-09-19T19:13:52+08:00,2026-09-19T19:00:00+08:00,FB5359,2026-09-20 19:30,Hannover,Bochum,Hannover 96,VfL Bochum,Germany ‐ Bundesliga 2,7,1.8300,4.2000,4.0100,0.528521,0.230284,0.241195,0.970
2026-09-19T19:13:52+08:00,2026-09-19T19:00:00+08:00,FB5360,2026-09-20 20:30,Twente,PSV Eindhoven,Twente Enschede,PSV Eindhoven,Netherlands ‐ Eredivisie,7,2.9100,4.2500,2.2180,0.333701,0.228487,0.437813,0.970
2026-09-19T19:13:52+08:00,2026-09-19T19:00:00+08:00,FB5361,2026-09-20 20:30,AZ Alkmaar,Telstar,AZ Alkmaar,Telstar,Netherlands ‐ Eredivisie,7,1.2600,7.0000,10.7000,0.770560,0.138701,0.090739,1.000
2026-09-19T19:13:52+08:00,2026-09-19T19:00:00+08:00,FB5362,2026-09-20 22:15,Atletico Madrid,Real Madrid,Atletico Madrid,Real Madrid,Spain ‐ Primera Division,7,3.7050,4.0500,2.0320,0.267513,0.244724,0.487763,1.000
2026-09-19T19:13:52+08:00,2026-09-19T19:00:00+08:00,FB5363,2026-09-20 02:45,Le Mans,Lorient,Le Mans,Lorient,France ‐ Ligue 1,7,2.8980,3.4100,2.6520,0.339834,0.288809,0.371357,1.000
2026-09-19T19:13:52+08:00,2026-09-19T19:00:00+08:00,FB5364,2026-09-20 02:45,Lyon,Rennes,Lyon,Rennes,France ‐ Ligue 1,7,2.2410,3.8500,3.2350,0.439596,0.255879,0.304524,1.000
2026-09-19T19:13:52+08:00,2026-09-19T19:00:00+08:00,FB5365,2026-09-20 02:45,Toulouse,Le Havre,Toulouse,Le Havre,France ‐ Ligue 1,7,1.7460,4.2100,4.9420,0.565603,0.234571,0.199826,1.000
2026-09-19T19:13:52+08:00,2026-09-19T19:00:00+08:00,FB5366,2026-09-20 22:45,De Graafschap,NAC,De Graafschap,NAC Breda,Netherlands ‐ Eerste Divisie,7,3.4200,4.2580,1.9600,0.281842,0.226373,0.491785,1.000
2026-09-19T19:13:52+08:00,2026-09-19T19:00:00+08:00,FB5367,2026-09-20 02:45,Angers SCO,Troyes,Angers,Troyes,France ‐ Ligue 1,7,2.1450,3.7000,3.6800,0.462404,0.268069,0.269526,1.000
2026-09-19T19:13:52+08:00,2026-09-19T19:00:00+08:00,FB5368,2026-09-20 21:00,Auxerre,Brest,Auxerre,Brest,France ‐ Ligue 1,7,2.9300,3.7200,2.4700,0.336262,0.264852,0.398886,1.000
2026-09-19T19:13:52+08:00,2026-09-19T19:00:00+08:00,FB5369,2026-09-20 23:15,Nice,Lille,Nice,Lille,France ‐ Ligue 1,7,3.8200,3.6150,2.0960,0.257783,0.272402,0.469815,1.000
2026-09-19T19:13:52+08:00,2026-09-19T19:00:00+08:00,FB5370,2026-09-19 21:30,Monchengladbach,Mainz,Borussia Monchengladbach,FSV Mainz 05,Germany ‐ Bundesliga,7,3.3200,3.9000,2.2000,0.297586,0.253330,0.449084,0.940
2026-09-19T19:13:52+08:00,2026-09-19T19:00:00+08:00,FB5371,2026-09-20 21:30,Leverkusen,RB Leipzig,Bayer Leverkusen,RB Leipzig,Germany ‐ Bundesliga,7,2.0530,4.4000,3.4000,0.482995,0.225361,0.291644,1.000
2026-09-19T19:13:52+08:00,2026-09-19T19:00:00+08:00,FB5372,2026-09-20 23:30,Schalke 04,Elversberg,Schalke 04,SV Elversberg,Germany ‐ Bundesliga,7,2.1070,3.8500,3.6450,0.470516,0.257501,0.271983,1.000
2026-09-19T19:13:52+08:00,2026-09-19T19:00:00+08:00,FB5373,2026-09-19 21:30,Hamburg,Cologne,Hamburger SV,FC Koln,Germany ‐ Bundesliga,7,2.8050,3.7000,2.6000,0.352491,0.267226,0.380283,1.000
2026-09-19T19:13:52+08:00,2026-09-19T19:00:00+08:00,FB5374,2026-09-19 21:30,Frankfurt,Freiburg,Eintracht Frankfurt,SC Freiburg,Germany ‐ Bundesliga,7,2.6110,3.9000,2.6980,0.379184,0.253859,0.366957,1.000
2026-09-19T19:13:52+08:00,2026-09-19T19:00:00+08:00,FB5375,2026-09-20 02:45,Venezia,Lazio,Venezia,Lazio,Italy ‐ Serie A,7,3.7150,3.7150,2.0950,0.265022,0.265022,0.469956,1.000
2026-09-19T19:13:52+08:00,2026-09-19T19:00:00+08:00,FB5376,2026-09-20 18:30,Fiorentina,Napoli,Fiorentina,Napoli,Italy ‐ Serie A,7,3.3550,3.6000,2.3020,0.295040,0.274961,0.429999,1.000
2026-09-19T19:13:52+08:00,2026-09-19T19:00:00+08:00,FB5377,2026-09-20 21:00,Parma,Genoa,Parma,Genoa,Italy ‐ Serie A,7,3.2860,3.1300,2.5860,0.301157,0.316167,0.382677,1.000
2026-09-19T19:13:52+08:00,2026-09-19T19:00:00+08:00,FB5378,2026-09-20 00:00,Roma,Inter Milan,AS Roma,Inter Milan,Italy ‐ Serie A,7,2.7730,3.6000,2.6800,0.356509,0.274611,0.368880,0.970
2026-09-19T19:13:52+08:00,2026-09-19T19:00:00+08:00,FB5379,2026-09-20 21:00,Frosinone,Como,Frosinone,Como,Italy ‐ Serie A,7,6.7600,4.8500,1.5460,0.147789,0.205991,0.646220,1.000
2026-09-19T19:13:52+08:00,2026-09-19T19:00:00+08:00,FB5380,2026-09-21 02:45,AC Milan,Lecce,AC Milan,Lecce,Italy ‐ Serie A,7,1.2970,6.0900,12.5000,0.759456,0.161743,0.078801,1.000
2026-09-19T19:13:52+08:00,2026-09-19T19:00:00+08:00,FB5381,2026-09-19 21:00,Udinese,Cagliari,Udinese,Cagliari,Italy ‐ Serie A,7,2.2860,3.3450,3.6000,0.431330,0.294775,0.273895,1.000
2026-09-19T19:13:52+08:00,2026-09-19T19:00:00+08:00,FB5382,2026-09-19 21:00,Bologna,AC Torino,Bologna,Torino,Italy ‐ Serie A,7,2.0080,3.4000,4.5100,0.491202,0.290098,0.218699,1.000
2026-09-19T19:13:52+08:00,2026-09-19T19:00:00+08:00,FB5383,2026-09-20 16:00,Gamba Osaka,Vissel Kobe,Gamba Osaka,Vissel Kobe,Japan ‐ J League,7,3.4500,3.5000,2.2500,0.284168,0.280108,0.435724,1.000
2026-09-19T19:13:52+08:00,2026-09-19T19:00:00+08:00,FB5384,2026-09-20 16:00,Tochigi City,Vegalta Sendai,Tochigi UVA,Vegalta Sendai,Japan ‐ J2 League,7,3.5200,3.6700,2.0800,0.273865,0.262671,0.463464,0.848
2026-09-19T19:13:52+08:00,2026-09-19T19:00:00+08:00,FB5385,2026-09-20 13:00,Iran AM,China AM,Iran U23,China U23,Asia - AFC - Asian Games U23,6,2.1300,3.2000,3.6000,0.443009,0.294878,0.262114,1.000
2026-09-19T19:13:52+08:00,2026-09-19T19:00:00+08:00,FB5391,2026-09-21 01:15,Brann,Bodo Glimt,Brann,Bodo-Glimt,Norway ‐ Tippeligaen,7,4.5600,4.7500,1.6440,0.211250,0.202800,0.585950,1.000
2026-09-19T19:13:52+08:00,2026-09-19T19:00:00+08:00,FB5393,2026-09-19 22:30,Gil Vicente,Maritimo,Gil Vicente,Maritimo Funchal,Portugal ‐ Primeira Liga,7,2.0600,3.4200,4.1400,0.476208,0.286839,0.236954,0.970
2026-09-19T19:13:52+08:00,2026-09-19T19:00:00+08:00,FB5394,2026-09-19 22:30,Nacional,Famalicao,CD Nacional Madeira,Famalicao,Portugal ‐ Primeira Liga,7,3.9500,3.3750,2.1100,0.247377,0.289523,0.463100,0.970
2026-09-19T19:13:52+08:00,2026-09-19T19:00:00+08:00,FB5395,2026-09-20 01:00,Alverca,Rio Ave,FC Alverca,Rio Ave,Portugal ‐ Primeira Liga,7,1.9510,3.6500,4.2300,0.501065,0.267829,0.231106,1.000
2026-09-19T19:13:52+08:00,2026-09-19T19:00:00+08:00,FB5396,2026-09-21 01:00,Santa Clara,Braga,Santa Clara,Sporting Braga,Portugal ‐ Primeira Liga,7,3.8820,3.2600,2.1600,0.250751,0.298594,0.450655,0.970
2026-09-19T19:13:52+08:00,2026-09-19T19:00:00+08:00,FB5397,2026-09-21 01:00,Estoril,Casa Pia AC,Estoril Praia,Casa Pia,Portugal ‐ Primeira Liga,7,1.7940,3.8350,4.7660,0.542237,0.253657,0.204107,0.970
2026-09-19T19:13:52+08:00,2026-09-19T19:00:00+08:00,FB5398,2026-09-20 03:30,Sporting,Arouca,Sporting Lisbon,Arouca,Portugal ‐ Primeira Liga,7,1.1870,8.9000,17.0000,0.831121,0.110847,0.058032,0.970
2026-09-19T19:13:52+08:00,2026-09-19T19:00:00+08:00,FB5399,2026-09-21 03:30,Porto,Benfica,FC Porto,Benfica,Portugal ‐ Primeira Liga,7,2.7540,3.4500,2.6500,0.352422,0.281325,0.366253,1.000
2026-09-19T19:13:52+08:00,2026-09-19T19:00:00+08:00,FB5400,2026-09-20 22:30,Guimaraes,Moreirense,Vitoria Guimaraes,Moreirense,Portugal ‐ Primeira Liga,7,1.5650,4.3330,6.3970,0.622732,0.224919,0.152349,0.970
2026-09-19T19:13:52+08:00,2026-09-19T19:00:00+08:00,FB5401,2026-09-20 22:30,Amadora,Viseu,Estrela Amadora,Academico Viseu,Portugal ‐ Primeira Liga,7,2.2620,3.3350,3.4740,0.429298,0.291176,0.279526,1.000
2026-09-19T19:13:52+08:00,2026-09-19T19:00:00+08:00,FB5402,2026-09-20 20:00,Brondby,Copenhagen,Brondby IF,FC Copenhagen,Denmark ‐ Superliga,7,3.2200,3.7700,2.1160,0.296222,0.253006,0.450772,1.000
2026-09-19T19:13:52+08:00,2026-09-19T19:00:00+08:00,FB5403,2026-09-20 00:00,Odense,Midtjylland,Odense BK,Midtjylland,Denmark ‐ Superliga,7,4.2990,4.4300,1.7570,0.226387,0.219693,0.553920,1.000
2026-09-19T19:13:52+08:00,2026-09-19T19:00:00+08:00,FB5404,2026-09-20 20:00,Sonderjyske,Randers,Sonderjyske,Randers FC,Denmark ‐ Superliga,7,2.7460,3.7200,2.4310,0.348706,0.257405,0.393890,1.000
2026-09-19T19:13:52+08:00,2026-09-19T19:00:00+08:00,FB5406,2026-09-21 00:00,Viborg,Nordsjaelland,Viborg FF,Nordsjaelland,Denmark ‐ Superliga,7,2.9020,3.8000,2.3100,0.331130,0.252879,0.415991,1.000
2026-09-19T19:13:52+08:00,2026-09-19T19:00:00+08:00,FB5407,2026-09-20 22:00,Horsens,AGF Aarhus,AC Horsens,AGF Aarhus,Denmark ‐ Superliga,7,4.0540,3.7700,1.8700,0.235669,0.253422,0.510909,1.000
2026-09-19T19:13:52+08:00,2026-09-19T19:00:00+08:00,FB5408,2026-09-19 19:30,Pattani,Prachuap,Pattani FC,Prachuap,Thailand ‐ Premier League,7,4.1200,3.1000,2.0650,0.231257,0.307348,0.461395,1.000
2026-09-19T19:13:52+08:00,2026-09-19T19:00:00+08:00,FB5410,2026-09-19 23:15,Paris FC,Strasbourg,Paris FC,Strasbourg,France ‐ Ligue 1,7,1.9010,3.9650,4.2300,0.518443,0.248565,0.232993,1.000
2026-09-19T19:13:52+08:00,2026-09-19T19:00:00+08:00,FB5412,2026-09-19 22:00,Kristiansund,Rosenborg,Kristiansund BK,Rosenborg,Norway ‐ Tippeligaen,7,5.4400,5.0000,1.5610,0.179438,0.195229,0.625333,1.000
2026-09-19T19:13:52+08:00,2026-09-19T19:00:00+08:00,FB5413,2026-09-20 00:00,Molde,Aalesund,Molde,Aalesund,Norway ‐ Tippeligaen,7,1.3670,6.3000,7.7600,0.717801,0.155751,0.126448,1.000
2026-09-19T19:13:52+08:00,2026-09-19T19:00:00+08:00,FB5414,2026-09-20 19:30,Cottbus,St. Pauli,Energie Cottbus,St. Pauli,Germany ‐ Bundesliga 2,7,3.1200,4.0000,2.1580,0.310002,0.241802,0.448196,1.000
2026-09-19T19:13:52+08:00,2026-09-19T19:00:00+08:00,FB5415,2026-09-20 19:30,Bielefeld,Heidenheim,Arminia Bielefeld,FC Heidenheim,Germany ‐ Bundesliga 2,7,2.1900,3.9000,3.1420,0.442763,0.248628,0.308609,1.000
2026-09-19T19:13:52+08:00,2026-09-19T19:00:00+08:00,FB5416,2026-09-20 23:00,Tromso,Ham-Kam,Tromso,Ham Kam,Norway ‐ Tippeligaen,7,1.5100,4.7000,6.1100,0.637587,0.204842,0.157571,1.000
2026-09-19T19:13:52+08:00,2026-09-19T19:00:00+08:00,FB5417,2026-09-20 20:30,Valerenga,Fredrikstad,Valerenga IF,Fredrikstad,Norway ‐ Tippeligaen,7,2.0280,4.0500,3.5300,0.481871,0.241292,0.276837,1.000
2026-09-19T19:13:52+08:00,2026-09-19T19:00:00+08:00,FB5418,2026-09-20 23:00,Sandefjord,Start,Sandefjord,IK Start,Norway ‐ Tippeligaen,7,2.0650,3.8500,3.5100,0.470659,0.252444,0.276897,1.000
2026-09-19T19:13:52+08:00,2026-09-19T19:00:00+08:00,FB5419,2026-09-20 15:30,Yongin FC,Gyeongnam FC,Yongin City FC,Gyeongnam FC,South Korea ‐ K-League Challenge,7,2.3890,3.4000,3.0120,0.400672,0.281531,0.317797,1.000
2026-09-19T19:13:52+08:00,2026-09-19T19:00:00+08:00,FB5420,2026-09-20 18:00,Pohang Steelers,FC Seoul,Pohang Steelers,FC Seoul,South Korea ‐ K-League Classic,7,4.7200,3.5100,1.9000,0.207085,0.278473,0.514442,1.000
2026-09-19T19:13:52+08:00,2026-09-19T19:00:00+08:00,FB5426,2026-09-20 16:00,Machida Zelvia,Kashiwa Reysol,Machida Zelvia,Kashiwa Reysol,Japan ‐ J League,7,2.6000,3.6000,2.7600,0.375340,0.271079,0.353581,1.000
2026-09-19T19:13:52+08:00,2026-09-19T19:00:00+08:00,FB5427,2026-09-20 19:00,Rayong,Ratchaburi,Rayong FC,Ratchaburi FC,Thailand ‐ Premier League,6,3.6700,3.5000,1.9430,0.253975,0.266310,0.479715,1.000
2026-09-19T19:13:52+08:00,2026-09-19T19:00:00+08:00,FB5428,2026-09-20 19:30,Sukhothai,Port FC,Sukhothai FC,Port FC,Thailand ‐ Premier League,6,5.3900,4.0700,1.5980,0.175522,0.232448,0.592030,1.000
2026-09-19T19:13:52+08:00,2026-09-19T19:00:00+08:00,FB5429,2026-09-19 20:00,Chiangrai Utd,Sisaket Utd,Chiangrai United,Sisaket,Thailand ‐ Premier League,7,1.8060,3.3700,4.7970,0.522906,0.280228,0.196866,0.918
2026-09-19T19:13:52+08:00,2026-09-19T19:00:00+08:00,FB5430,2026-09-20 19:00,Chonburi,Buriram Utd,Chonburi,Buriram United,Thailand ‐ Premier League,6,6.8100,3.5500,1.5610,0.137346,0.263472,0.599183,0.940
2026-09-19T19:13:52+08:00,2026-09-19T19:00:00+08:00,FB5432,2026-09-20 15:30,Gangwon FC,Jeju SK,Gangwon,Jeju United,South Korea ‐ K-League Classic,7,2.1900,3.4300,3.5500,0.443383,0.283093,0.273524,1.000
2026-09-19T19:13:52+08:00,2026-09-19T19:00:00+08:00,FB5433,2026-09-20 07:30,Vasco da Gama,Coritiba,Vasco da Gama RJ,Coritiba PR,Brazil ‐ Serie A,7,1.4870,4.4780,7.5460,0.653968,0.217162,0.128870,0.940
2026-09-19T19:13:52+08:00,2026-09-19T19:00:00+08:00,FB5434,2026-09-20 03:00,Atletico Mineiro,Chapecoense,Atletico Mineiro MG,Chapecoense,Brazil ‐ Serie A,7,1.3850,5.0690,9.4900,0.704636,0.192527,0.102837,0.970
2026-09-19T19:13:52+08:00,2026-09-19T19:00:00+08:00,FB5435,2026-09-20 04:00,Mirassol,Botafogo,Mirassol SP,Botafogo RJ,Brazil ‐ Serie A,7,2.1060,3.6700,3.6330,0.464354,0.266466,0.269180,0.970
2026-09-19T19:13:52+08:00,2026-09-19T19:00:00+08:00,FB5436,2026-09-20 08:00,Sao Paulo,Internacional,Sao Paulo SP,Internacional RS,Brazil ‐ Serie A,7,1.9600,3.4800,4.3450,0.496448,0.279608,0.223944,0.940
2026-09-19T19:13:52+08:00,2026-09-19T19:00:00+08:00,FB5437,2026-09-20 21:00,Bournemouth,Liverpool,Bournemouth AFC,Liverpool,England ‐ Premier League,7,3.2350,3.9050,2.2200,0.304355,0.252136,0.443509,1.000
2026-09-19T19:13:52+08:00,2026-09-19T19:00:00+08:00,FB5439,2026-09-20 21:00,Manchester City,Sunderland,Manchester City,Sunderland,England ‐ Premier League,7,1.3300,6.0000,10.6000,0.742314,0.164546,0.093139,1.000
2026-09-19T19:13:52+08:00,2026-09-19T19:00:00+08:00,FB5440,2026-09-21 02:45,Marseille,Paris Saint Germain,Marseille,Paris Saint Germain,France ‐ Ligue 1,7,7.7000,5.4800,1.4220,0.127877,0.179681,0.692442,1.000
2026-09-19T19:13:52+08:00,2026-09-19T19:00:00+08:00,FB5441,2026-09-20 05:30,Clube do Remo,Santos,Remo PA,Santos SP,Brazil ‐ Serie A,7,2.9830,3.3700,2.5400,0.326843,0.289309,0.383848,0.970
2026-09-19T19:13:52+08:00,2026-09-19T19:00:00+08:00,FB5442,2026-09-22 06:27,Central Espanol,Montevideo City Torque,Central Espanol,Torque,Uruguay ‐ Primera Division,5,3.7070,3.3300,2.0490,0.254947,0.283810,0.461243,0.970
2026-09-19T19:13:52+08:00,2026-09-19T19:00:00+08:00,FB5444,2026-09-20 08:30,Sporting Kansas City,Philadelphia Union,Sporting Kansas City,Philadelphia Union,USA ‐ Major League Soccer,7,5.4200,4.8300,1.5730,0.179604,0.201543,0.618852,1.000
2026-09-19T19:13:52+08:00,2026-09-19T19:00:00+08:00,FB5445,2026-09-20 07:30,CF Montreal,Columbus Crew,Montreal Impact,Columbus Crew,USA ‐ Major League Soccer,7,2.5340,3.7700,2.7200,0.384059,0.258145,0.357796,1.000
2026-09-19T19:13:52+08:00,2026-09-19T19:00:00+08:00,FB5446,2026-09-20 10:30,Portland Timbers,Atlanta Utd,Portland Timbers,Atlanta United,USA ‐ Major League Soccer,7,2.0230,4.1700,3.4400,0.482343,0.234000,0.283657,0.940
2026-09-19T19:13:52+08:00,2026-09-19T19:00:00+08:00,FB5447,2026-09-20 09:30,Nashville SC,Chicago Fire,Nashville,Chicago Fire,USA ‐ Major League Soccer,7,1.8460,4.1060,4.1300,0.527271,0.237053,0.235676,1.000
2026-09-19T19:13:52+08:00,2026-09-19T19:00:00+08:00,FB5448,2026-09-20 07:30,New England Revolution,Orlando City,New England Revolution,Orlando City,USA ‐ Major League Soccer,7,1.7930,4.4140,4.1300,0.543376,0.220723,0.235901,1.000
2026-09-19T19:13:52+08:00,2026-09-19T19:00:00+08:00,FB5449,2026-09-20 08:30,FC Dallas,Austin FC,FC Dallas,Austin FC,USA ‐ Major League Soccer,7,1.7000,4.4200,4.8500,0.576325,0.221664,0.202011,1.000
2026-09-19T19:13:52+08:00,2026-09-19T19:00:00+08:00,FB5450,2026-09-20 08:30,St. Louis City SC,Toronto FC,Saint Louis FC,Toronto FC,USA ‐ Major League Soccer,7,1.6570,4.5200,4.9500,0.587772,0.215473,0.196755,0.833
2026-09-19T19:13:52+08:00,2026-09-19T19:00:00+08:00,FB5451,2026-09-20 09:30,Real Salt Lake,Vancouver Whitecaps,Real Salt Lake,Vancouver Whitecaps,USA ‐ Major League Soccer,7,4.0450,4.1200,1.8670,0.241058,0.236670,0.522272,1.000
2026-09-19T19:13:52+08:00,2026-09-19T19:00:00+08:00,FB5452,2026-09-20 08:30,Houston Dynamo,FC Cincinnati,Houston Dynamo,FC Cincinnati,USA ‐ Major League Soccer,7,1.9070,4.1700,3.8350,0.511620,0.233971,0.254409,1.000
2026-09-19T19:13:52+08:00,2026-09-19T19:00:00+08:00,FB5453,2026-09-20 07:30,San Jose Earthquakes,Los Angeles FC,San Jose Earthquakes,Los Angeles FC,USA ‐ Major League Soccer,7,3.0150,4.0290,2.2540,0.324050,0.242494,0.433456,1.000
2026-09-19T19:13:52+08:00,2026-09-19T19:00:00+08:00,FB5454,2026-09-20 09:30,Colorado Rapids,Seattle Sounders,Colorado Rapids,Seattle Sounders,USA ‐ Major League Soccer,7,1.9300,4.1000,3.7700,0.504371,0.237423,0.258206,1.000
2026-09-19T19:13:52+08:00,2026-09-19T19:00:00+08:00,FB5455,2026-09-20 08:30,Minnesota Utd,LA Galaxy,Minnesota United,LA Galaxy,USA ‐ Major League Soccer,7,1.6060,4.8000,5.0000,0.603944,0.202070,0.193987,0.948
2026-09-19T19:13:52+08:00,2026-09-19T19:00:00+08:00,FB5456,2026-09-20 07:30,DC United,Charlotte FC,Washington DC United,Charlotte FC,USA ‐ Major League Soccer,7,2.9320,3.7500,2.3690,0.331179,0.258937,0.409884,0.970
2026-09-19T19:13:52+08:00,2026-09-19T19:00:00+08:00,FB5457,2026-09-21 07:00,Inter Miami CF,San Diego FC,Inter Miami,San Diego FC,USA ‐ Major League Soccer,7,1.5230,5.3500,5.3700,0.637639,0.181519,0.180842,1.000
2026-09-19T19:13:52+08:00,2026-09-19T19:00:00+08:00,FB5458,2026-09-21 10:05,Queretaro,Club Leon,Queretaro,Club Leon,Mexico ‐ Primera Division,6,2.4700,3.6000,2.7520,0.387051,0.265560,0.347389,1.000
2026-09-19T19:13:52+08:00,2026-09-19T19:00:00+08:00,FB5459,2026-09-21 08:00,Toluca,Santos Laguna,Toluca,Santos Laguna,Mexico ‐ Primera Division,6,1.2860,6.1000,9.3000,0.741235,0.156267,0.102498,1.000
2026-09-19T19:13:52+08:00,2026-09-19T19:00:00+08:00,FB5460,2026-09-21 08:00,Pachuca,Tijuana,Pachuca,Club Tijuana,Mexico ‐ Primera Division,6,1.7970,4.0190,4.3500,0.537568,0.240361,0.222071,1.000
2026-09-19T19:13:52+08:00,2026-09-19T19:00:00+08:00,FB5461,2026-09-20 11:15,CF America,Guadalajara,Club America,Guadalajara Chivas,Mexico ‐ Primera Division,7,2.6300,3.8060,2.5600,0.367869,0.254203,0.377928,1.000
2026-09-19T19:13:52+08:00,2026-09-19T19:00:00+08:00,FB5462,2026-09-20 09:10,Monterrey,Cruz Azul,Monterrey,Cruz Azul,Mexico ‐ Primera Division,7,2.3390,3.8400,2.8890,0.413439,0.251832,0.334729,1.000
2026-09-19T19:13:52+08:00,2026-09-19T19:00:00+08:00,FB5463,2026-09-20 07:00,Atlas,Pumas UNAM,Atlas,UNAM Pumas,Mexico ‐ Primera Division,7,2.5800,3.3000,3.0200,0.379345,0.296579,0.324076,1.000
2026-09-19T19:13:52+08:00,2026-09-19T19:00:00+08:00,FB5464,2026-09-20 07:00,Atletico San Luis,Necaxa,Atletico San Luis,Necaxa,Mexico ‐ Primera Division,7,2.2800,3.7800,3.1800,0.431006,0.259972,0.309023,1.000
2026-09-19T19:13:52+08:00,2026-09-19T19:00:00+08:00,FB5465,2026-09-21 03:00,Corinthians,Fluminense,Corinthians SP,Fluminense RJ,Brazil ‐ Serie A,7,2.1910,3.1950,3.7690,0.441096,0.302486,0.256418,0.940
2026-09-19T19:13:52+08:00,2026-09-19T19:00:00+08:00,FB5466,2026-09-21 03:00,Vitoria,Cruzeiro,Vitoria BA,Cruzeiro MG,Brazil ‐ Serie A,7,3.0420,3.3200,2.4630,0.317325,0.290754,0.391921,0.940
2026-09-19T19:13:52+08:00,2026-09-19T19:00:00+08:00,FB5467,2026-09-21 05:30,Flamengo,RB Bragantino,Flamengo RJ,Bragantino SP,Brazil ‐ Serie A,7,1.3700,5.2500,8.5000,0.703171,0.183494,0.113335,0.855
2026-09-19T19:13:52+08:00,2026-09-19T19:00:00+08:00,FB5468,2026-09-21 06:30,Athletico Paranaense,Bahia,Atletico PR,Bahia BA,Brazil ‐ Serie A,7,2.1720,3.4600,3.4400,0.442646,0.277869,0.279485,0.825
2026-09-19T19:13:52+08:00,2026-09-19T19:00:00+08:00,FB5469,2026-09-20 22:00,Gremio,Palmeiras,Gremio RS,Palmeiras SP,Brazil ‐ Serie A,7,4.2680,3.7300,1.8800,0.226529,0.259202,0.514269,0.940
2026-09-19T19:13:52+08:00,2026-09-19T19:00:00+08:00,FB5470,2026-09-19 20:00,TPS Turku,Ilves,TPS Turku,Ilves Tampere,Finland ‐ Veikkausliiga,7,2.7700,3.7600,2.4860,0.350761,0.258407,0.390832,0.970
2026-09-19T19:13:52+08:00,2026-09-19T19:00:00+08:00,FB5472,2026-09-19 22:00,VPS Vaasa,KuPS,VPS Vaasa,KuPS Kuopio,Finland ‐ Veikkausliiga,7,3.6100,3.5500,2.1400,0.269992,0.274555,0.455453,1.000
2026-09-19T19:13:52+08:00,2026-09-19T19:00:00+08:00,FB5473,2026-09-19 22:15,FC Andorra,Gijon,Andorra CF,Sporting Gijon,Spain ‐ Segunda Division,7,2.0700,3.6100,3.7090,0.469151,0.269015,0.261834,1.000
2026-09-19T19:13:52+08:00,2026-09-19T19:00:00+08:00,FB5474,2026-09-19 23:00,Austria Lustenau,Rheindorf Altach,Austria Lustenau,SC Rheindorf Altach,Austria ‐ Bundesliga,7,3.4000,3.5700,2.2180,0.286920,0.273257,0.439823,1.000
2026-09-19T19:13:52+08:00,2026-09-19T19:00:00+08:00,FB5475,2026-09-20 00:00,Young Boys Bern,Servette,Young Boys,Servette,Switzerland ‐ Super League,7,1.5710,4.8010,5.3200,0.616324,0.201676,0.182001,1.000
2026-09-19T19:13:52+08:00,2026-09-19T19:00:00+08:00,FB5476,2026-09-20 00:00,Luzern,Grasshoppers,Luzern,Grasshopper,Switzerland ‐ Super League,7,1.6950,4.7400,4.3800,0.573203,0.204975,0.221822,0.970
2026-09-19T19:13:52+08:00,2026-09-19T19:00:00+08:00,FB5477,2026-09-20 00:15,Charleroi,Cercle Bruges,Royal Charleroi,Cercle Brugge,Belgium ‐ Pro League,7,1.6800,4.3000,4.9360,0.577683,0.225699,0.196618,0.970
2026-09-19T19:13:52+08:00,2026-09-19T19:00:00+08:00,FB5479,2026-09-20 02:45,Anderlecht,Zulte Waregem,Anderlecht,Zulte Waregem,Belgium ‐ Pro League,7,1.8000,3.8860,4.6800,0.541179,0.250675,0.208146,1.000
2026-09-19T19:13:52+08:00,2026-09-19T19:00:00+08:00,FB5480,2026-09-20 02:45,Lommel SK,KV Mechelen,Lommel United,KV Mechelen,Belgium ‐ Pro League,7,2.6800,3.6800,2.6190,0.363431,0.264673,0.371896,1.000
2026-09-19T19:13:52+08:00,2026-09-19T19:00:00+08:00,FB5481,2026-09-20 19:00,Celtic,Rangers,Celtic,Glasgow Rangers,Scotland ‐ Premier League,7,2.2400,3.7700,3.0640,0.430064,0.255529,0.314407,0.970
2026-09-19T19:13:52+08:00,2026-09-19T19:00:00+08:00,FB5482,2026-09-20 23:00,Salzburg,Sturm Graz,Red Bull Salzburg,Sturm Graz,Austria ‐ Bundesliga,7,1.6390,4.5500,4.7400,0.586166,0.211149,0.202685,0.970
2026-09-19T19:13:52+08:00,2026-09-19T19:00:00+08:00,FB5483,2026-09-20 20:30,Hartberg,LASK Linz,TSV Hartberg,LASK Linz,Austria ‐ Bundesliga,7,11.0000,5.7000,1.2910,0.087334,0.168538,0.744128,0.970
2026-09-19T19:13:52+08:00,2026-09-19T19:00:00+08:00,FB5484,2026-09-20 19:30,Antwerp,Union Saint Gilloise,Royal Antwerp,Union Saint-Gilloise,Belgium ‐ Pro League,7,5.3800,4.1550,1.6300,0.178717,0.231407,0.589876,1.000
2026-09-19T19:13:52+08:00,2026-09-19T19:00:00+08:00,FB5485,2026-09-20 20:00,Vaduz,Thun,Vaduz,Thun,Switzerland ‐ Super League,7,2.3600,4.2500,2.6070,0.406413,0.225679,0.367908,1.000
2026-09-19T19:13:52+08:00,2026-09-19T19:00:00+08:00,FB5486,2026-09-20 20:00,Getafe,Malaga,Getafe,Malaga,Spain ‐ Primera Division,7,2.1030,3.2200,4.4500,0.470436,0.307244,0.222320,1.000
2026-09-19T19:13:52+08:00,2026-09-19T19:00:00+08:00,FB5487,2026-09-20 22:00,Sint Truiden,Westerlo,Sint-Truidense,Westerlo,Belgium ‐ Pro League,7,1.7240,4.1000,4.8100,0.562143,0.236374,0.201483,0.970
2026-09-19T19:13:52+08:00,2026-09-19T19:00:00+08:00,FB5488,2026-09-20 22:15,Ceuta,Valladolid,AD Ceuta,Real Valladolid,Spain ‐ Segunda Division,7,2.6930,3.3850,2.6850,0.357328,0.284279,0.358393,1.000
2026-09-19T19:13:52+08:00,2026-09-19T19:00:00+08:00,FB5489,2026-09-20 22:30,Lausanne,Lugano,Lausanne Sport,FC Lugano,Switzerland ‐ Super League,7,3.7340,4.0100,1.9000,0.256645,0.238981,0.504375,1.000
2026-09-19T19:13:52+08:00,2026-09-19T19:00:00+08:00,FB5490,2026-09-20 22:30,Basel,St. Gallen,Basel,St Gallen,Switzerland ‐ Super League,7,2.5370,4.0500,2.5340,0.380575,0.238400,0.381025,1.000
2026-09-19T19:13:52+08:00,2026-09-19T19:00:00+08:00,FB5491,2026-09-20 22:45,NEC Nijmegen,Go Ahead Eagles,NEC Nijmegen,Go Ahead Eagles,Netherlands ‐ Eredivisie,7,1.9300,4.4000,3.5700,0.505241,0.221617,0.273142,1.000
2026-09-19T19:13:52+08:00,2026-09-19T19:00:00+08:00,FB5492,2026-09-21 00:30,Deportivo,Betis,Deportivo La Coruna,Real Betis,Spain ‐ Primera Division,7,3.6400,3.7800,2.1590,0.274053,0.263903,0.462044,1.000
2026-09-19T19:13:52+08:00,2026-09-19T19:00:00+08:00,FB5493,2026-09-21 00:30,Bruges,Genk,Club Brugge,KRC Genk,Belgium ‐ Pro League,7,1.5380,4.7900,5.6400,0.627439,0.201462,0.171099,0.887
2026-09-19T19:13:52+08:00,2026-09-19T19:00:00+08:00,FB5494,2026-09-21 00:30,Villarreal,Levante,Villarreal,Levante,Spain ‐ Primera Division,7,1.5400,4.8750,6.2100,0.639433,0.201995,0.158571,1.000
2026-09-19T19:13:52+08:00,2026-09-19T19:00:00+08:00,FB5495,2026-09-21 00:30,Las Palmas,Burgos,Las Palmas,Burgos CF,Spain ‐ Segunda Division,7,2.0850,3.2000,4.3700,0.469775,0.306088,0.224137,1.000
2026-09-19T19:13:52+08:00,2026-09-19T19:00:00+08:00,FB5496,2026-09-21 01:15,KV Kortrijk,SK Beveren,Kortrijk,Waasland Beveren,Belgium ‐ Pro League,7,2.6080,3.5500,2.7540,0.372907,0.273955,0.353138,0.816
2026-09-19T19:13:52+08:00,2026-09-19T19:00:00+08:00,FB5497,2026-09-21 00:00,Juventus,Atalanta,Juventus,Atalanta,Italy ‐ Serie A,7,1.7480,3.9600,5.2900,0.564382,0.249126,0.186492,1.000
2026-09-19T19:13:52+08:00,2026-09-19T19:00:00+08:00,FB5498,2026-09-21 03:58,Rosario Central,Argentinos Juniors,Rosario Central,Argentinos Juniors,Argentina ‐ Liga Profesional,7,2.3400,3.0500,3.4820,0.409964,0.314529,0.275507,1.000
2026-09-19T19:13:52+08:00,2026-09-19T19:00:00+08:00,FB5499,2026-09-20 01:28,Gimnasia LP,Banfield,Gimnasia La Plata,Banfield,Argentina ‐ Liga Profesional,7,1.7500,3.7400,5.2490,0.555151,0.259763,0.185086,0.893
2026-09-19T19:13:52+08:00,2026-09-19T19:00:00+08:00,FB5500,2026-09-21 01:43,San Lorenzo,Boca Juniors,San Lorenzo,Boca Juniors,Argentina ‐ Liga Profesional,7,4.0270,3.2000,2.1400,0.241533,0.303955,0.454512,1.000
2026-09-19T19:13:52+08:00,2026-09-19T19:00:00+08:00,FB5501,2026-09-22 01:28,Aldosivi,Atletico Tucuman,Aldosivi,Atletico Tucuman,Argentina ‐ Liga Profesional,7,3.2410,3.0200,2.5030,0.296910,0.318637,0.384453,1.000
2026-09-19T19:13:52+08:00,2026-09-19T19:00:00+08:00,FB5502,2026-09-21 08:28,Velez Sarsfield,Tigre,Velez Sarsfield,CA Tigre,Argentina ‐ Liga Profesional,7,2.2600,3.0000,3.7150,0.423428,0.318982,0.257590,0.970
2026-09-19T19:13:52+08:00,2026-09-19T19:00:00+08:00,FB5503,2026-09-20 01:28,Gimnasia Mendoza,Deportivo Riestra,Gimnasia Mendoza,Deportivo Riestra,Argentina ‐ Liga Profesional,7,2.4090,2.9400,3.7200,0.405356,0.332144,0.262501,1.000
2026-09-19T19:13:52+08:00,2026-09-19T19:00:00+08:00,FB5504,2026-09-20 08:13,Instituto de Cordoba,Talleres,Instituto AC Cordoba,Talleres de Cordoba,Argentina ‐ Liga Profesional,7,1.9710,3.2200,4.7100,0.492469,0.301446,0.206084,0.970
2026-09-19T19:13:52+08:00,2026-09-19T19:00:00+08:00,FB5505,2026-09-21 03:58,CA Platense,Newell's Old Boys,CA Platense,Newells Old Boys,Argentina ‐ Liga Profesional,7,2.2000,3.0550,3.8300,0.435817,0.313845,0.250338,0.985
2026-09-19T19:13:52+08:00,2026-09-19T19:00:00+08:00,FB5506,2026-09-20 03:43,Union Santa Fe,Independiente,Union Santa Fe,CA Independiente Avellaneda,Argentina ‐ Liga Profesional,7,2.5450,3.1000,3.1900,0.381858,0.313493,0.304649,0.970
2026-09-19T19:13:52+08:00,2026-09-19T19:00:00+08:00,FB5508,2026-09-22 05:58,Barracas Central,Independiente Rivadavia,CA Barracas Central,Independiente Rivadavia,Argentina ‐ Liga Profesional,7,3.3600,3.0000,2.4400,0.285955,0.320270,0.393775,0.970
2026-09-19T19:13:52+08:00,2026-09-19T19:00:00+08:00,FB5509,2026-09-21 03:00,Valencia,Real Sociedad,Valencia,Real Sociedad,Spain ‐ Primera Division,7,2.8170,3.4950,2.6880,0.350385,0.282414,0.367201,1.000
2026-09-19T19:13:52+08:00,2026-09-19T19:00:00+08:00,FB5510,2026-09-21 03:00,Leganes,CF Granada,CD Leganes,Granada CF,Spain ‐ Segunda Division,7,2.0890,3.3000,3.9800,0.463412,0.293354,0.243233,0.970
2026-09-19T19:13:52+08:00,2026-09-19T19:00:00+08:00,FB5511,2026-09-21 01:30,Paderborn,Hoffenheim,Paderborn,TSG Hoffenheim,Germany ‐ Bundesliga,7,4.5200,4.5750,1.7370,0.217857,0.215238,0.566905,0.970
2026-09-19T19:13:52+08:00,2026-09-19T19:00:00+08:00,FB5512,2026-09-19 21:00,Brommapojkarna,Goteborg,Brommapojkarna,IFK Goteborg,Sweden ‐ Allsvenskan,7,2.8790,3.6610,2.4500,0.337667,0.265540,0.396793,1.000
2026-09-19T19:13:52+08:00,2026-09-19T19:00:00+08:00,FB5513,2026-09-19 21:00,Vasteras SK,Malmo,Vasteras SK,Malmo,Sweden ‐ Allsvenskan,7,3.4190,3.8500,2.0800,0.283142,0.251444,0.465414,1.000
2026-09-19T19:13:52+08:00,2026-09-19T19:00:00+08:00,FB5514,2026-09-20 20:00,Djurgardens,Elfsborg,Djurgardens IF,Elfsborg,Sweden ‐ Allsvenskan,7,1.5780,4.3330,5.4000,0.603717,0.219863,0.176420,1.000
2026-09-19T19:13:52+08:00,2026-09-19T19:00:00+08:00,FB5515,2026-09-20 20:00,Kalmar,Hacken,Kalmar FF,BK Hacken,Sweden ‐ Allsvenskan,7,2.8310,3.5500,2.4200,0.337007,0.268751,0.394242,0.970
2026-09-19T19:13:52+08:00,2026-09-19T19:00:00+08:00,FB5516,2026-09-20 20:00,Halmstads,AIK Solna,Halmstads,AIK Solna,Sweden ‐ Allsvenskan,7,3.2050,3.9100,2.1300,0.300807,0.246570,0.452623,1.000
2026-09-19T19:13:52+08:00,2026-09-19T19:00:00+08:00,FB5517,2026-09-19 20:00,Boulogne Sur Mer,Nantes,US Boulogne,Nantes,France ‐ Ligue 2,7,3.5820,3.1400,2.2800,0.269410,0.307333,0.423257,1.000
2026-09-19T19:13:52+08:00,2026-09-19T19:00:00+08:00,FB5518,2026-09-19 20:00,Guingamp,Red Star,Guingamp,Red Star FC,France ‐ Ligue 2,7,2.4460,3.5500,2.9000,0.394873,0.272073,0.333055,1.000
2026-09-19T19:13:52+08:00,2026-09-19T19:00:00+08:00,FB5519,2026-09-19 19:30,Burton Albion,Mansfield,Burton Albion,Mansfield Town,England ‐ League 1,7,2.6400,3.5000,2.7630,0.369035,0.278358,0.352607,0.970
2026-09-19T19:13:52+08:00,2026-09-19T19:00:00+08:00,FB5520,2026-09-19 19:30,Barnsley,Leicester,Barnsley,Leicester City,England ‐ League 1,7,2.8300,4.0400,2.2800,0.339937,0.238124,0.421939,1.000
2026-09-19T19:13:52+08:00,2026-09-19T19:00:00+08:00,FB5521,2026-09-19 19:30,Cardiff,Charlton,Cardiff City,Charlton Athletic,England ‐ Championship,7,1.6800,4.3900,4.7100,0.574919,0.220015,0.205067,1.000
2026-09-19T19:13:52+08:00,2026-09-19T19:00:00+08:00,FB5522,2026-09-19 22:00,Blackpool,Plymouth,Blackpool,Plymouth Argyle,England ‐ League 1,7,2.9700,3.8200,2.3190,0.326989,0.254229,0.418782,1.000
2026-09-19T19:13:52+08:00,2026-09-19T19:00:00+08:00,FB5523,2026-09-19 22:00,Sheff Wednesday,Stockport,Sheffield Wednesday,Stockport County,England ‐ League 1,7,2.9990,4.0000,2.2310,0.323207,0.242325,0.434468,0.941
2026-09-19T19:13:52+08:00,2026-09-19T19:00:00+08:00,FB5524,2026-09-19 19:30,Rochdale,Oldham,Rochdale AFC,Oldham Athletic,England ‐ League 2,7,3.8300,3.5260,2.0500,0.252876,0.274678,0.472446,1.000
2026-09-19T19:13:52+08:00,2026-09-19T19:00:00+08:00,FB5525,2026-09-19 19:30,Walsall,Port Vale,Walsall,Port Vale,England ‐ League 2,7,2.6600,3.3700,2.7900,0.364601,0.287786,0.347613,1.000
2026-09-19T19:13:52+08:00,2026-09-19T19:00:00+08:00,FB5526,2026-09-19 22:00,Luton,Bradford,Luton Town,Bradford City,England ‐ League 1,7,2.1420,3.6300,3.4670,0.452917,0.267259,0.279824,1.000
2026-09-19T19:13:52+08:00,2026-09-19T19:00:00+08:00,FB5527,2026-09-19 22:00,Portsmouth,Blackburn,Portsmouth,Blackburn Rovers,England ‐ Championship,7,2.2000,3.4400,3.5550,0.442795,0.283183,0.274022,1.000
2026-09-19T19:13:52+08:00,2026-09-19T19:00:00+08:00,FB5528,2026-09-19 22:00,Burnley,Derby,Burnley,Derby County,England ‐ Championship,7,1.8800,3.7700,4.2600,0.515467,0.257050,0.227483,1.000
2026-09-19T19:13:52+08:00,2026-09-19T19:00:00+08:00,FB5529,2026-09-19 22:00,Wrexham,Southampton,Wrexham,Southampton,England ‐ Championship,7,2.8330,3.6900,2.4700,0.343087,0.263405,0.393508,1.000
2026-09-19T19:13:52+08:00,2026-09-19T19:00:00+08:00,FB5531,2026-09-19 22:00,Lincoln City,Swansea,Lincoln City,Swansea,England ‐ Championship,7,3.0400,3.3520,2.4740,0.318908,0.289224,0.391868,1.000
2026-09-19T19:13:52+08:00,2026-09-19T19:00:00+08:00,FB5532,2026-09-19 22:00,Oxford Utd,Cambridge Utd,Oxford United,Cambridge United,England ‐ League 1,7,2.1100,3.5500,3.6020,0.458684,0.272626,0.268690,0.883
2026-09-19T19:13:52+08:00,2026-09-19T19:00:00+08:00,FB5533,2026-09-19 22:00,Birmingham,Middlesbrough,Birmingham City,Middlesbrough,England ‐ Championship,7,2.7740,3.7000,2.5200,0.350813,0.263015,0.386172,1.000
2026-09-19T19:13:52+08:00,2026-09-19T19:00:00+08:00,FB5534,2026-09-19 19:30,Millwall,West Ham,Millwall,West Ham United,England ‐ Championship,7,4.9000,4.1300,1.7200,0.198599,0.235626,0.565776,0.970
2026-09-19T19:13:52+08:00,2026-09-19T19:00:00+08:00,FB5535,2026-09-19 19:30,Stoke,Sheff Utd,Stoke City,Sheffield United,England ‐ Championship,7,2.3460,3.3000,3.3500,0.414730,0.294835,0.290435,1.000
2026-09-19T19:13:52+08:00,2026-09-19T19:00:00+08:00,FB5537,2026-09-20 20:30,Norwich,Bolton,Norwich City,Bolton Wanderers,England ‐ Championship,7,1.4880,4.7600,5.9600,0.640094,0.200097,0.159809,1.000
2026-09-19T19:13:52+08:00,2026-09-19T19:00:00+08:00,FB5539,2026-09-20 05:58,River Plate,Huracan,River Plate,Atletico Huracan,Argentina ‐ Liga Profesional,7,1.5260,3.9700,7.6870,0.631752,0.242835,0.125413,0.970
2026-09-19T19:13:52+08:00,2026-09-19T19:00:00+08:00,FB5540,2026-09-19 23:30,Orgryte,Sirius,Orgryte,Sirius,Sweden ‐ Allsvenskan,7,6.1690,5.0000,1.4740,0.155787,0.192210,0.652002,1.000
2026-09-19T19:13:52+08:00,2026-09-19T19:00:00+08:00,FB5541,2026-09-20 10:00,Phoenix Rising,El Paso Locomotive,Phoenix Rising,El Paso Locomotive,USA ‐ USL League One,6,2.2400,3.6500,3.1240,0.429050,0.263308,0.307642,1.000
2026-09-19T19:13:52+08:00,2026-09-19T19:00:00+08:00,FB5542,2026-09-19 21:30,Hatta Club,Shabab Al Ahli,Hatta Club,Al Ahli Dubai,United Arab Emirates ‐ League Cup,6,7.7000,5.2500,1.3280,0.120994,0.177458,0.701548,1.000
2026-09-19T19:13:52+08:00,2026-09-19T19:00:00+08:00,FB5543,2026-09-20 00:15,Al Wasl,Al Ain,Al Wasl Dubai,Al Ain FC,United Arab Emirates ‐ League Cup,7,2.9700,3.6500,2.2000,0.316086,0.257199,0.426716,0.970
2026-09-19T19:13:52+08:00,2026-09-19T19:00:00+08:00,FB5544,2026-09-19 21:30,Kalba FC,Khor Fakkan,Al Ittihad Kalba,Al-Khaleej Khor Fakkan,United Arab Emirates ‐ League Cup,6,2.2000,3.7500,2.8000,0.421517,0.247290,0.331192,0.940
2026-09-19T19:13:52+08:00,2026-09-19T19:00:00+08:00,FB5545,2026-09-20 23:00,Viking,Lillestrom,Viking,Lillestrom SK,Norway ‐ Tippeligaen,7,1.4200,5.5000,6.4530,0.676483,0.174656,0.148862,1.000
2026-09-19T19:13:52+08:00,2026-09-19T19:00:00+08:00,FB5546,2026-09-21 07:00,Sacramento Republic,San Antonio FC,Sacramento Republic,San Antonio Scorpions,USA ‐ USL League One,6,1.8950,3.4110,4.1800,0.497784,0.276546,0.225670,0.970
2026-09-19T19:13:52+08:00,2026-09-19T19:00:00+08:00,FB5547,2026-09-21 07:00,Tapatio,Tlaxcala,Deportivo Tapatio,Tlaxcala,Mexico ‐ Liga de Expansion,5,1.9500,3.6000,3.5200,0.477180,0.258473,0.264347,0.970
2026-09-19T19:13:52+08:00,2026-09-19T19:00:00+08:00,FB5550,2026-09-21 06:13,Belgrano,Estudiantes Rio Cuarto,Belgrano de Cordoba,Estudiantes Rio Cuarto,Argentina ‐ Liga Profesional,7,1.4900,4.0090,7.9500,0.641402,0.238386,0.120212,0.970
2026-09-19T19:13:52+08:00,2026-09-19T19:00:00+08:00,FB5551,2026-09-21 05:00,Indy Eleven,Oakland Roots,Indy Eleven,Oakland Roots SC,USA ‐ USL League One,6,1.9730,3.8500,3.4200,0.478614,0.245274,0.276112,1.000
2026-09-19T19:13:52+08:00,2026-09-19T19:00:00+08:00,FB5552,2026-09-20 09:00,Cancun FC,Oaxaca,Cancun FC,Alebrijes de Oaxaca,Mexico ‐ Liga de Expansion,6,1.7290,4.0000,4.4300,0.548684,0.237169,0.214148,1.000
2026-09-19T19:13:52+08:00,2026-09-19T19:00:00+08:00,FB5554,2026-09-20 22:30,Mjallby,GAIS,Mjallby,GAIS Goteborg,Sweden ‐ Allsvenskan,7,2.7100,3.6200,2.4690,0.351342,0.263021,0.385637,0.970
2026-09-19T19:13:52+08:00,2026-09-19T19:00:00+08:00,FB5555,2026-09-20 22:30,Degerfors,Hammarby,Degerfors,Hammarby IF,Sweden ‐ Allsvenskan,7,9.4000,5.5000,1.3330,0.102450,0.175096,0.722453,1.000
2026-09-19T19:13:52+08:00,2026-09-19T19:00:00+08:00,FB5556,2026-09-20 10:30,Las Vegas Lights,Hartford Athletic,Las Vegas Lights,Hartford Athletic,USA ‐ USL League One,6,2.1750,3.6200,3.1710,0.437305,0.262746,0.299949,1.000
2026-09-19T19:13:52+08:00,2026-09-19T19:00:00+08:00,FB5557,2026-09-19 20:00,Real Sociedad B,Mallorca,Real Sociedad II,Mallorca,Spain ‐ Segunda Division,7,3.6610,3.6100,2.1200,0.267307,0.271084,0.461609,0.952
2026-09-19T19:13:52+08:00,2026-09-19T19:00:00+08:00,FB5558,2026-09-20 00:15,Ajman Club,Sharjah FC,Ajman Club,Al Sharjah,United Arab Emirates ‐ League Cup,6,3.3000,3.5210,2.0090,0.279342,0.261809,0.458849,0.970
2026-09-19T19:13:52+08:00,2026-09-19T19:00:00+08:00,FB5559,2026-09-20 01:30,Grazer AK,Austria Vienna,Grazer AK,Austria Wien,Austria ‐ Bundesliga,7,2.8120,3.4000,2.6460,0.346045,0.286200,0.367755,0.923
2026-09-19T19:13:52+08:00,2026-09-19T19:00:00+08:00,FB5560,2026-09-20 07:00,Louisville City,Loudoun Utd,Louisville City FC,Loudoun United,USA ‐ USL League One,6,1.4160,5.1300,6.6390,0.671453,0.185337,0.143211,0.940
2026-09-19T19:13:52+08:00,2026-09-19T19:00:00+08:00,FB5562,2026-09-19 19:45,Chelsea Women,Birmingham Women,Chelsea Women,Birmingham City Women,England ‐ Super League Women,6,1.0630,15.0000,30.2600,0.904163,0.064075,0.031762,0.932
2026-09-19T19:13:52+08:00,2026-09-19T19:00:00+08:00,FB5564,2026-09-20 02:00,Metz,St. Etienne,Metz,Saint Etienne,France ‐ Ligue 2,7,3.7600,3.6600,2.0400,0.258367,0.265426,0.476206,1.000
2026-09-19T22:32:09+08:00,2026-09-19T22:30:00+08:00,FB5308,2026-09-19 22:57,Boston River,CA Progresso,CA Boston River,CA Progreso,Uruguay ‐ Primera Division,7,2.0000,3.3700,4.1300,0.481294,0.285634,0.233072,0.970
2026-09-19T22:32:09+08:00,2026-09-19T22:30:00+08:00,FB5336,2026-09-20 00:30,Stuttgart,Dortmund,VfB Stuttgart,Borussia Dortmund,Germany ‐ Bundesliga,7,2.5000,4.0000,2.7850,0.396406,0.247754,0.355840,0.970
2026-09-19T22:32:09+08:00,2026-09-19T22:30:00+08:00,FB5337,2026-09-20 00:30,Celta Vigo,Santander,Celta Vigo,Racing Santander,Spain ‐ Primera Division,7,1.8400,3.9850,4.5500,0.535869,0.247428,0.216703,1.000
2026-09-19T22:32:09+08:00,2026-09-19T22:30:00+08:00,FB5338,2026-09-20 00:45,Sparta Rotterdam,Heerenveen,Sparta Rotterdam,Heerenveen,Netherlands ‐ Eredivisie,7,2.4810,3.9000,2.7200,0.392421,0.249640,0.357940,1.000
2026-09-19T22:32:09+08:00,2026-09-19T22:30:00+08:00,FB5341,2026-09-20 00:30,Nottingham Forest,Coventry,Nottingham Forest,Coventry City,England ‐ Premier League,7,1.6750,4.1000,5.9200,0.591200,0.241527,0.167274,1.000
2026-09-19T22:32:09+08:00,2026-09-19T22:30:00+08:00,FB5344,2026-09-20 02:00,Ajax,Excelsior,Ajax Amsterdam,SBV Excelsior,Netherlands ‐ Eredivisie,7,1.2400,7.6600,11.7000,0.788729,0.127679,0.083592,0.940
2026-09-19T22:32:09+08:00,2026-09-19T22:30:00+08:00,FB5345,2026-09-20 02:30,Dresden,Hertha Berlin,Dynamo Dresden,Hertha Berlin,Germany ‐ Bundesliga 2,7,2.6300,4.0500,2.5520,0.373142,0.242312,0.384547,1.000
2026-09-19T22:32:09+08:00,2026-09-19T22:30:00+08:00,FB5378,2026-09-20 00:00,Roma,Inter Milan,AS Roma,Inter Milan,Italy ‐ Serie A,7,2.7900,3.6000,2.6810,0.355157,0.275247,0.369596,0.970
2026-09-19T22:32:09+08:00,2026-09-19T22:30:00+08:00,FB5395,2026-09-20 01:00,Alverca,Rio Ave,FC Alverca,Rio Ave,Portugal ‐ Primeira Liga,7,1.8840,3.6650,4.4000,0.514871,0.264670,0.220458,1.000
2026-09-19T22:32:09+08:00,2026-09-19T22:30:00+08:00,FB5403,2026-09-20 00:00,Odense,Midtjylland,Odense BK,Midtjylland,Denmark ‐ Superliga,7,4.2020,4.3700,1.7800,0.231362,0.222468,0.546170,1.000
2026-09-19T22:32:09+08:00,2026-09-19T22:30:00+08:00,FB5410,2026-09-19 23:15,Paris FC,Strasbourg,Paris FC,Strasbourg,France ‐ Ligue 1,7,1.8610,3.9500,4.5500,0.531872,0.250586,0.217542,1.000
2026-09-19T22:32:09+08:00,2026-09-19T22:30:00+08:00,FB5413,2026-09-20 00:00,Molde,Aalesund,Molde,Aalesund,Norway ‐ Tippeligaen,7,1.3520,6.3000,7.9200,0.721860,0.154913,0.123227,1.000
2026-09-19T22:32:09+08:00,2026-09-19T22:30:00+08:00,FB5474,2026-09-19 23:00,Austria Lustenau,Rheindorf Altach,Austria Lustenau,SC Rheindorf Altach,Austria ‐ Bundesliga,7,3.5700,3.5200,2.1420,0.271675,0.275534,0.452791,1.000
2026-09-19T22:32:09+08:00,2026-09-19T22:30:00+08:00,FB5475,2026-09-20 00:00,Young Boys Bern,Servette,Young Boys,Servette,Switzerland ‐ Super League,7,1.5500,4.8560,5.6200,0.626962,0.200122,0.172917,1.000
2026-09-19T22:32:09+08:00,2026-09-19T22:30:00+08:00,FB5476,2026-09-20 00:00,Luzern,Grasshoppers,Luzern,Grasshopper,Switzerland ‐ Super League,7,1.6910,4.6630,4.3700,0.571560,0.207272,0.221169,0.970
2026-09-19T22:32:09+08:00,2026-09-19T22:30:00+08:00,FB5477,2026-09-20 00:15,Charleroi,Cercle Bruges,Royal Charleroi,Cercle Brugge,Belgium ‐ Pro League,7,1.6810,4.3000,4.9440,0.577721,0.225849,0.196430,0.970
2026-09-19T22:32:09+08:00,2026-09-19T22:30:00+08:00,FB5499,2026-09-20 01:28,Gimnasia LP,Banfield,Gimnasia La Plata,Banfield,Argentina ‐ Liga Profesional,7,1.7460,3.6800,5.2400,0.553201,0.262470,0.184330,0.893
2026-09-19T22:32:09+08:00,2026-09-19T22:30:00+08:00,FB5503,2026-09-20 01:28,Gimnasia Mendoza,Deportivo Riestra,Gimnasia Mendoza,Deportivo Riestra,Argentina ‐ Liga Profesional,7,2.4150,2.9400,3.6390,0.402403,0.330545,0.267052,1.000
2026-09-19T22:32:09+08:00,2026-09-19T22:30:00+08:00,FB5540,2026-09-19 23:30,Orgryte,Sirius,Orgryte,Sirius,Sweden ‐ Allsvenskan,7,6.5000,5.2200,1.4520,0.148770,0.185250,0.665980,1.000
2026-09-19T22:32:09+08:00,2026-09-19T22:30:00+08:00,FB5543,2026-09-20 00:15,Al Wasl,Al Ain,Al Wasl Dubai,Al Ain FC,United Arab Emirates ‐ League Cup,7,3.6000,3.8000,1.9800,0.265565,0.251588,0.482846,0.970
2026-09-19T22:32:09+08:00,2026-09-19T22:30:00+08:00,FB5558,2026-09-20 00:15,Ajman Club,Sharjah FC,Ajman Club,Al Sharjah,United Arab Emirates ‐ League Cup,6,3.3500,3.5980,2.0200,0.278591,0.259389,0.462020,0.970
2026-09-19T22:32:09+08:00,2026-09-19T22:30:00+08:00,FB5559,2026-09-20 01:30,Grazer AK,Austria Vienna,Grazer AK,Austria Wien,Austria ‐ Bundesliga,7,2.8800,3.4000,2.5830,0.337605,0.285971,0.376424,0.923
2026-09-19T22:32:09+08:00,2026-09-19T22:30:00+08:00,FB5564,2026-09-20 02:00,Metz,St. Etienne,Metz,Saint Etienne,France ‐ Ligue 2,7,3.7800,3.6660,2.0200,0.256254,0.264222,0.479524,1.000
2026-09-20T01:30:05+08:00,2026-09-20T01:30:00+08:00,FB5309,2026-09-20 05:27,Deportivo Maldonado,Cerro Largo,Deportivo Maldonado,Cerro Largo,Uruguay ‐ Primera Division,7,1.7070,3.7600,5.2360,0.561797,0.255050,0.183153,1.000
2026-09-20T01:30:05+08:00,2026-09-20T01:30:00+08:00,FB5344,2026-09-20 02:00,Ajax,Excelsior,Ajax Amsterdam,SBV Excelsior,Netherlands ‐ Eredivisie,7,1.2400,7.6500,11.7000,0.788597,0.127825,0.083578,0.940
2026-09-20T01:30:05+08:00,2026-09-20T01:30:00+08:00,FB5345,2026-09-20 02:30,Dresden,Hertha Berlin,Dynamo Dresden,Hertha Berlin,Germany ‐ Bundesliga 2,7,2.6410,4.0500,2.5320,0.371037,0.241953,0.387010,1.000
2026-09-20T01:30:05+08:00,2026-09-20T01:30:00+08:00,FB5346,2026-09-20 03:00,Willem II,Fortuna Sittard,Willem II Tilburg,Fortuna Sittard,Netherlands ‐ Eredivisie,7,2.6260,3.8000,2.5980,0.370119,0.255772,0.374108,1.000
2026-09-20T01:30:05+08:00,2026-09-20T01:30:00+08:00,FB5347,2026-09-20 03:00,Sevilla,Barcelona,Sevilla,Barcelona,Spain ‐ Primera Division,7,9.8500,6.8000,1.3060,0.100094,0.144989,0.754918,1.000
2026-09-20T01:30:05+08:00,2026-09-20T01:30:00+08:00,FB5363,2026-09-20 02:45,Le Mans,Lorient,Le Mans,Lorient,France ‐ Ligue 1,7,2.8990,3.4000,2.6630,0.339989,0.289891,0.370120,1.000
2026-09-20T01:30:05+08:00,2026-09-20T01:30:00+08:00,FB5364,2026-09-20 02:45,Lyon,Rennes,Lyon,Rennes,France ‐ Ligue 1,7,2.2800,3.8400,3.1600,0.431915,0.256450,0.311635,1.000
2026-09-20T01:30:05+08:00,2026-09-20T01:30:00+08:00,FB5365,2026-09-20 02:45,Toulouse,Le Havre,Toulouse,Le Havre,France ‐ Ligue 1,7,1.7340,4.2050,5.0200,0.568898,0.234594,0.196508,1.000
2026-09-20T01:30:05+08:00,2026-09-20T01:30:00+08:00,FB5367,2026-09-20 02:45,Angers SCO,Troyes,Angers,Troyes,France ‐ Ligue 1,7,2.1610,3.5950,3.6450,0.455793,0.273983,0.270224,1.000
2026-09-20T01:30:05+08:00,2026-09-20T01:30:00+08:00,FB5375,2026-09-20 02:45,Venezia,Lazio,Venezia,Lazio,Italy ‐ Serie A,7,3.9500,3.6550,2.0500,0.249530,0.269669,0.480801,1.000
2026-09-20T01:30:05+08:00,2026-09-20T01:30:00+08:00,FB5398,2026-09-20 03:30,Sporting,Arouca,Sporting Lisbon,Arouca,Portugal ‐ Primeira Liga,7,1.1700,9.5500,17.5000,0.840781,0.103007,0.056212,0.970
2026-09-20T01:30:05+08:00,2026-09-20T01:30:00+08:00,FB5434,2026-09-20 03:00,Atletico Mineiro,Chapecoense,Atletico Mineiro MG,Chapecoense,Brazil ‐ Serie A,7,1.3860,5.0500,9.6200,0.704955,0.193479,0.101566,0.970
2026-09-20T01:30:05+08:00,2026-09-20T01:30:00+08:00,FB5435,2026-09-20 04:00,Mirassol,Botafogo,Mirassol SP,Botafogo RJ,Brazil ‐ Serie A,7,2.0900,3.7000,3.6900,0.469206,0.265038,0.265756,0.970
2026-09-20T01:30:05+08:00,2026-09-20T01:30:00+08:00,FB5441,2026-09-20 05:30,Clube do Remo,Santos,Remo PA,Santos SP,Brazil ‐ Serie A,7,2.9890,3.3700,2.5400,0.326401,0.289499,0.384100,0.970
2026-09-20T01:30:05+08:00,2026-09-20T01:30:00+08:00,FB5479,2026-09-20 02:45,Anderlecht,Zulte Waregem,Anderlecht,Zulte Waregem,Belgium ‐ Pro League,7,1.7680,3.8800,4.7600,0.547316,0.249395,0.203289,1.000
2026-09-20T01:30:05+08:00,2026-09-20T01:30:00+08:00,FB5480,2026-09-20 02:45,Lommel SK,KV Mechelen,Lommel United,KV Mechelen,Belgium ‐ Pro League,7,2.6300,3.6800,2.6510,0.369446,0.264034,0.366520,1.000
2026-09-20T01:30:05+08:00,2026-09-20T01:30:00+08:00,FB5506,2026-09-20 03:43,Union Santa Fe,Independiente,Union Santa Fe,CA Independiente Avellaneda,Argentina ‐ Liga Profesional,7,2.5500,3.0800,3.1760,0.380110,0.314701,0.305189,0.970
2026-09-20T01:30:05+08:00,2026-09-20T01:30:00+08:00,FB5564,2026-09-20 02:00,Metz,St. Etienne,Metz,Saint Etienne,France ‐ Ligue 2,7,3.8700,3.6500,1.9800,0.249077,0.264090,0.486833,1.000
2026-09-20T03:28:30+08:00,2026-09-20T03:00:00+08:00,FB5309,2026-09-20 05:27,Deportivo Maldonado,Cerro Largo,Deportivo Maldonado,Cerro Largo,Uruguay ‐ Primera Division,7,1.7300,3.7600,5.1300,0.556378,0.255993,0.187629,1.000
2026-09-20T03:28:30+08:00,2026-09-20T03:00:00+08:00,FB5339,2026-09-20 23:30,Fulham,Manchester Utd,Fulham,Manchester United,England ‐ Premier League,8,3.6350,3.8800,2.0720,0.270915,0.253808,0.475277,1.000
2026-09-20T03:28:30+08:00,2026-09-20T03:00:00+08:00,FB5348,2026-09-20 15:30,Jeonbuk Motors,Gwangju FC,Jeonbuk Hyundai Motors,Gwangju FC,South Korea ‐ K-League Classic,8,1.4360,4.9000,7.3500,0.671846,0.196892,0.131261,0.889
2026-09-20T03:28:30+08:00,2026-09-20T03:00:00+08:00,FB5350,2026-09-20 18:00,Incheon Utd,Daejeon Citizen,Incheon United,Daejeon Citizen,South Korea ‐ K-League Classic,8,2.7900,3.4200,2.6080,0.346551,0.282713,0.370736,0.940
2026-09-20T03:28:30+08:00,2026-09-20T03:00:00+08:00,FB5351,2026-09-20 18:00,Seongnam FC,Hwaseong FC,Seongnam Ilhwa Chunma,Hwaseong FC,South Korea ‐ K-League Challenge,8,2.7760,3.2800,2.6150,0.343890,0.291048,0.365062,0.970
2026-09-20T03:28:30+08:00,2026-09-20T03:00:00+08:00,FB5352,2026-09-20 18:00,Gimhae FC,Paju Frontier,Gimhae City FC,Paju Citizen,South Korea ‐ K-League Challenge,8,2.7100,3.2500,2.7210,0.353381,0.294666,0.351953,1.000
2026-09-20T03:28:30+08:00,2026-09-20T03:00:00+08:00,FB5355,2026-09-20 18:15,Feyenoord,Utrecht,Feyenoord Rotterdam,Utrecht,Netherlands ‐ Eredivisie,8,1.2940,6.6000,10.0000,0.754455,0.147919,0.097626,0.970
2026-09-20T03:28:30+08:00,2026-09-20T03:00:00+08:00,FB5359,2026-09-20 19:30,Hannover,Bochum,Hannover 96,VfL Bochum,Germany ‐ Bundesliga 2,8,1.8340,4.2040,4.0700,0.529979,0.231204,0.238816,0.970
2026-09-20T03:28:30+08:00,2026-09-20T03:00:00+08:00,FB5360,2026-09-20 20:30,Twente,PSV Eindhoven,Twente Enschede,PSV Eindhoven,Netherlands ‐ Eredivisie,8,2.9320,4.2500,2.1990,0.330774,0.228195,0.441031,0.970
2026-09-20T03:28:30+08:00,2026-09-20T03:00:00+08:00,FB5361,2026-09-20 20:30,AZ Alkmaar,Telstar,AZ Alkmaar,Telstar,Netherlands ‐ Eredivisie,8,1.2490,7.1600,11.1000,0.777023,0.135545,0.087433,1.000
2026-09-20T03:28:30+08:00,2026-09-20T03:00:00+08:00,FB5362,2026-09-20 22:15,Atletico Madrid,Real Madrid,Atletico Madrid,Real Madrid,Spain ‐ Primera Division,8,3.7050,4.0000,2.0320,0.266697,0.247028,0.486275,1.000
2026-09-20T03:28:30+08:00,2026-09-20T03:00:00+08:00,FB5366,2026-09-20 22:45,De Graafschap,NAC,De Graafschap,NAC Breda,Netherlands ‐ Eerste Divisie,8,3.4600,4.2540,1.9600,0.279434,0.227279,0.493287,1.000
2026-09-20T03:28:30+08:00,2026-09-20T03:00:00+08:00,FB5368,2026-09-20 21:00,Auxerre,Brest,Auxerre,Brest,France ‐ Ligue 1,8,2.9300,3.7200,2.4800,0.336804,0.265278,0.397918,1.000
2026-09-20T03:28:30+08:00,2026-09-20T03:00:00+08:00,FB5369,2026-09-20 23:15,Nice,Lille,Nice,Lille,France ‐ Ligue 1,8,3.8200,3.6150,2.0960,0.257783,0.272402,0.469815,1.000
2026-09-20T03:28:30+08:00,2026-09-20T03:00:00+08:00,FB5371,2026-09-20 21:30,Leverkusen,RB Leipzig,Bayer Leverkusen,RB Leipzig,Germany ‐ Bundesliga,8,2.0530,4.4000,3.4500,0.485045,0.226318,0.288637,1.000
2026-09-20T03:28:30+08:00,2026-09-20T03:00:00+08:00,FB5372,2026-09-20 23:30,Schalke 04,Elversberg,Schalke 04,SV Elversberg,Germany ‐ Bundesliga,8,2.1070,3.8500,3.6550,0.470867,0.257693,0.271441,1.000
2026-09-20T03:28:30+08:00,2026-09-20T03:00:00+08:00,FB5376,2026-09-20 18:30,Fiorentina,Napoli,Fiorentina,Napoli,Italy ‐ Serie A,8,3.2500,3.5200,2.3580,0.302885,0.279652,0.417462,1.000
2026-09-20T03:28:30+08:00,2026-09-20T03:00:00+08:00,FB5377,2026-09-20 21:00,Parma,Genoa,Parma,Genoa,Italy ‐ Serie A,8,3.2780,3.1300,2.5860,0.301670,0.315934,0.382395,1.000
2026-09-20T03:28:30+08:00,2026-09-20T03:00:00+08:00,FB5379,2026-09-20 21:00,Frosinone,Como,Frosinone,Como,Italy ‐ Serie A,8,6.6500,4.8500,1.5550,0.150429,0.206258,0.643313,1.000
2026-09-20T03:28:30+08:00,2026-09-20T03:00:00+08:00,FB5380,2026-09-21 02:45,AC Milan,Lecce,AC Milan,Lecce,Italy ‐ Serie A,8,1.2970,6.0900,12.5000,0.759456,0.161743,0.078801,1.000
2026-09-20T03:28:30+08:00,2026-09-20T03:00:00+08:00,FB5383,2026-09-20 16:00,Gamba Osaka,Vissel Kobe,Gamba Osaka,Vissel Kobe,Japan ‐ J League,8,3.4700,3.5000,2.2500,0.282993,0.280568,0.436439,1.000
2026-09-20T03:28:30+08:00,2026-09-20T03:00:00+08:00,FB5384,2026-09-20 16:00,Tochigi City,Vegalta Sendai,Tochigi UVA,Vegalta Sendai,Japan ‐ J2 League,8,3.5200,3.6700,2.0600,0.272638,0.261495,0.465867,0.848
2026-09-20T03:28:30+08:00,2026-09-20T03:00:00+08:00,FB5385,2026-09-20 13:00,Iran AM,China AM,Iran U23,China U23,Asia - AFC - Asian Games U23,7,2.2800,3.1500,3.3300,0.415197,0.300524,0.284279,1.000
2026-09-20T03:28:30+08:00,2026-09-20T03:00:00+08:00,FB5391,2026-09-21 01:15,Brann,Bodo Glimt,Brann,Bodo-Glimt,Norway ‐ Tippeligaen,8,4.6090,4.8000,1.6550,0.210744,0.202358,0.586899,1.000
2026-09-20T03:28:30+08:00,2026-09-20T03:00:00+08:00,FB5396,2026-09-21 01:00,Santa Clara,Braga,Santa Clara,Sporting Braga,Portugal ‐ Primeira Liga,8,3.8790,3.2550,2.1600,0.250781,0.298857,0.450361,0.970
2026-09-20T03:28:30+08:00,2026-09-20T03:00:00+08:00,FB5397,2026-09-21 01:00,Estoril,Casa Pia AC,Estoril Praia,Casa Pia,Portugal ‐ Primeira Liga,8,1.7940,3.8500,4.8300,0.544247,0.253605,0.202149,0.970
2026-09-20T03:28:30+08:00,2026-09-20T03:00:00+08:00,FB5398,2026-09-20 03:30,Sporting,Arouca,Sporting Lisbon,Arouca,Portugal ‐ Primeira Liga,8,1.1840,8.5000,17.5640,0.828703,0.115433,0.055863,0.970
2026-09-20T03:28:30+08:00,2026-09-20T03:00:00+08:00,FB5399,2026-09-21 03:30,Porto,Benfica,FC Porto,Benfica,Portugal ‐ Primeira Liga,8,2.7930,3.4600,2.6180,0.347939,0.280865,0.371197,1.000
2026-09-20T03:28:30+08:00,2026-09-20T03:00:00+08:00,FB5400,2026-09-20 22:30,Guimaraes,Moreirense,Vitoria Guimaraes,Moreirense,Portugal ‐ Primeira Liga,8,1.5650,4.3300,6.7020,0.626981,0.226611,0.146408,0.970
2026-09-20T03:28:30+08:00,2026-09-20T03:00:00+08:00,FB5401,2026-09-20 22:30,Amadora,Viseu,Estrela Amadora,Academico Viseu,Portugal ‐ Primeira Liga,8,2.2320,3.3550,3.5890,0.437220,0.290872,0.271907,1.000
2026-09-20T03:28:30+08:00,2026-09-20T03:00:00+08:00,FB5402,2026-09-20 20:00,Brondby,Copenhagen,Brondby IF,FC Copenhagen,Denmark ‐ Superliga,8,3.3000,3.8500,2.1170,0.292744,0.250924,0.456332,1.000
2026-09-20T03:28:30+08:00,2026-09-20T03:00:00+08:00,FB5404,2026-09-20 20:00,Sonderjyske,Randers,Sonderjyske,Randers FC,Denmark ‐ Superliga,8,2.8050,3.8000,2.4230,0.345326,0.254905,0.399769,1.000
2026-09-20T03:28:30+08:00,2026-09-20T03:00:00+08:00,FB5406,2026-09-21 00:00,Viborg,Nordsjaelland,Viborg FF,Nordsjaelland,Denmark ‐ Superliga,8,2.8800,3.8220,2.3410,0.335146,0.252543,0.412311,1.000
2026-09-20T03:28:30+08:00,2026-09-20T03:00:00+08:00,FB5407,2026-09-20 22:00,Horsens,AGF Aarhus,AC Horsens,AGF Aarhus,Denmark ‐ Superliga,8,4.1230,3.8200,1.8700,0.233420,0.251934,0.514646,1.000
2026-09-20T03:28:30+08:00,2026-09-20T03:00:00+08:00,FB5414,2026-09-20 19:30,Cottbus,St. Pauli,Energie Cottbus,St. Pauli,Germany ‐ Bundesliga 2,8,3.1400,4.0980,2.1500,0.309915,0.237465,0.452620,1.000
2026-09-20T03:28:30+08:00,2026-09-20T03:00:00+08:00,FB5415,2026-09-20 19:30,Bielefeld,Heidenheim,Arminia Bielefeld,FC Heidenheim,Germany ‐ Bundesliga 2,8,2.2310,3.9000,3.1300,0.437669,0.250369,0.311962,1.000
2026-09-20T03:28:30+08:00,2026-09-20T03:00:00+08:00,FB5416,2026-09-20 23:00,Tromso,Ham-Kam,Tromso,Ham Kam,Norway ‐ Tippeligaen,8,1.5280,4.7300,6.2100,0.637308,0.205879,0.156813,1.000
2026-09-20T03:28:30+08:00,2026-09-20T03:00:00+08:00,FB5417,2026-09-20 20:30,Valerenga,Fredrikstad,Valerenga IF,Fredrikstad,Norway ‐ Tippeligaen,8,2.0290,4.0500,3.5300,0.481748,0.241350,0.276903,1.000
2026-09-20T03:28:30+08:00,2026-09-20T03:00:00+08:00,FB5418,2026-09-20 23:00,Sandefjord,Start,Sandefjord,IK Start,Norway ‐ Tippeligaen,8,2.0530,3.8500,3.5700,0.474312,0.252925,0.272763,1.000
2026-09-20T03:28:30+08:00,2026-09-20T03:00:00+08:00,FB5419,2026-09-20 15:30,Yongin FC,Gyeongnam FC,Yongin City FC,Gyeongnam FC,South Korea ‐ K-League Challenge,8,2.3870,3.3800,3.0120,0.400207,0.282631,0.317162,1.000
2026-09-20T03:28:30+08:00,2026-09-20T03:00:00+08:00,FB5420,2026-09-20 18:00,Pohang Steelers,FC Seoul,Pohang Steelers,FC Seoul,South Korea ‐ K-League Classic,8,4.7200,3.5100,1.8600,0.204819,0.275426,0.519755,1.000
2026-09-20T03:28:30+08:00,2026-09-20T03:00:00+08:00,FB5426,2026-09-20 16:00,Machida Zelvia,Kashiwa Reysol,Machida Zelvia,Kashiwa Reysol,Japan ‐ J League,8,2.6000,3.6000,2.7620,0.375436,0.271148,0.353416,1.000
2026-09-20T03:28:30+08:00,2026-09-20T03:00:00+08:00,FB5427,2026-09-20 19:00,Rayong,Ratchaburi,Rayong FC,Ratchaburi FC,Thailand ‐ Premier League,7,3.6700,3.5000,1.9430,0.253975,0.266310,0.479715,1.000
2026-09-20T03:28:30+08:00,2026-09-20T03:00:00+08:00,FB5428,2026-09-20 19:30,Sukhothai,Port FC,Sukhothai FC,Port FC,Thailand ‐ Premier League,7,5.3900,4.0600,1.5980,0.175422,0.232887,0.591691,1.000
2026-09-20T03:28:30+08:00,2026-09-20T03:00:00+08:00,FB5430,2026-09-20 19:00,Chonburi,Buriram Utd,Chonburi,Buriram United,Thailand ‐ Premier League,7,6.6700,3.5400,1.5710,0.140255,0.264265,0.595480,0.940
2026-09-20T03:28:30+08:00,2026-09-20T03:00:00+08:00,FB5432,2026-09-20 15:30,Gangwon FC,Jeju SK,Gangwon,Jeju United,South Korea ‐ K-League Classic,8,2.1900,3.4300,3.6430,0.446501,0.285084,0.268415,1.000
2026-09-20T03:28:30+08:00,2026-09-20T03:00:00+08:00,FB5433,2026-09-20 07:30,Vasco da Gama,Coritiba,Vasco da Gama RJ,Coritiba PR,Brazil ‐ Serie A,8,1.4800,4.5800,7.6500,0.659366,0.213070,0.127564,0.940
2026-09-20T03:28:30+08:00,2026-09-20T03:00:00+08:00,FB5435,2026-09-20 04:00,Mirassol,Botafogo,Mirassol SP,Botafogo RJ,Brazil ‐ Serie A,8,2.1300,3.6000,3.6800,0.460729,0.272598,0.266672,0.970
2026-09-20T03:28:30+08:00,2026-09-20T03:00:00+08:00,FB5436,2026-09-20 08:00,Sao Paulo,Internacional,Sao Paulo SP,Internacional RS,Brazil ‐ Serie A,8,1.9770,3.2800,4.6800,0.493783,0.297625,0.208592,0.940
2026-09-20T03:28:30+08:00,2026-09-20T03:00:00+08:00,FB5437,2026-09-20 21:00,Bournemouth,Liverpool,Bournemouth AFC,Liverpool,England ‐ Premier League,8,3.2650,3.9000,2.2080,0.301578,0.252475,0.445947,1.000
2026-09-20T03:28:30+08:00,2026-09-20T03:00:00+08:00,FB5438,2026-09-20 21:00,Leeds,Crystal Palace,Leeds United,Crystal Palace,England ‐ Premier League,8,1.7850,4.0500,4.9190,0.554441,0.244365,0.201195,1.000
2026-09-20T03:28:30+08:00,2026-09-20T03:00:00+08:00,FB5439,2026-09-20 21:00,Manchester City,Sunderland,Manchester City,Sunderland,England ‐ Premier League,8,1.3620,5.6800,9.6500,0.724150,0.173643,0.102207,1.000
2026-09-20T03:28:30+08:00,2026-09-20T03:00:00+08:00,FB5440,2026-09-21 02:45,Marseille,Paris Saint Germain,Marseille,Paris Saint Germain,France ‐ Ligue 1,8,7.9000,5.5500,1.4120,0.124714,0.177521,0.697764,1.000
2026-09-20T03:28:30+08:00,2026-09-20T03:00:00+08:00,FB5441,2026-09-20 05:30,Clube do Remo,Santos,Remo PA,Santos SP,Brazil ‐ Serie A,8,2.9890,3.3700,2.5400,0.326401,0.289499,0.384100,0.970
2026-09-20T03:28:30+08:00,2026-09-20T03:00:00+08:00,FB5442,2026-09-22 06:27,Central Espanol,Montevideo City Torque,Central Espanol,Torque,Uruguay ‐ Primera Division,6,3.6960,3.4040,2.0400,0.256572,0.278581,0.464848,0.970
2026-09-20T03:28:30+08:00,2026-09-20T03:00:00+08:00,FB5444,2026-09-20 08:30,Sporting Kansas City,Philadelphia Union,Sporting Kansas City,Philadelphia Union,USA ‐ Major League Soccer,8,5.7200,4.9800,1.5420,0.170705,0.196071,0.633224,1.000
2026-09-20T03:28:30+08:00,2026-09-20T03:00:00+08:00,FB5445,2026-09-20 07:30,CF Montreal,Columbus Crew,Montreal Impact,Columbus Crew,USA ‐ Major League Soccer,7,2.7600,3.7750,2.5200,0.353811,0.258681,0.387508,1.000
2026-09-20T03:28:30+08:00,2026-09-20T03:00:00+08:00,FB5446,2026-09-20 10:30,Portland Timbers,Atlanta Utd,Portland Timbers,Atlanta United,USA ‐ Major League Soccer,8,2.0020,4.1300,3.5500,0.488117,0.236613,0.275270,0.940
2026-09-20T03:28:30+08:00,2026-09-20T03:00:00+08:00,FB5447,2026-09-20 09:30,Nashville SC,Chicago Fire,Nashville,Chicago Fire,USA ‐ Major League Soccer,8,1.8440,4.1460,4.1100,0.528143,0.234900,0.236957,1.000
2026-09-20T03:28:30+08:00,2026-09-20T03:00:00+08:00,FB5448,2026-09-20 07:30,New England Revolution,Orlando City,New England Revolution,Orlando City,USA ‐ Major League Soccer,8,1.7810,4.4600,4.2100,0.548737,0.219126,0.232138,1.000
2026-09-20T03:28:30+08:00,2026-09-20T03:00:00+08:00,FB5449,2026-09-20 08:30,FC Dallas,Austin FC,FC Dallas,Austin FC,USA ‐ Major League Soccer,8,1.7200,4.3100,4.6350,0.564920,0.225444,0.209636,1.000
2026-09-20T03:28:30+08:00,2026-09-20T03:00:00+08:00,FB5450,2026-09-20 08:30,St. Louis City SC,Toronto FC,Saint Louis FC,Toronto FC,USA ‐ Major League Soccer,8,1.6580,4.5290,4.9500,0.587877,0.215213,0.196909,0.833
2026-09-20T03:28:30+08:00,2026-09-20T03:00:00+08:00,FB5451,2026-09-20 09:30,Real Salt Lake,Vancouver Whitecaps,Real Salt Lake,Vancouver Whitecaps,USA ‐ Major League Soccer,8,4.2500,4.2200,1.8130,0.229817,0.231451,0.538732,1.000
2026-09-20T03:28:30+08:00,2026-09-20T03:00:00+08:00,FB5452,2026-09-20 08:30,Houston Dynamo,FC Cincinnati,Houston Dynamo,FC Cincinnati,USA ‐ Major League Soccer,8,2.0490,4.0000,3.4800,0.475954,0.243807,0.280238,1.000
2026-09-20T03:28:30+08:00,2026-09-20T03:00:00+08:00,FB5453,2026-09-20 07:30,San Jose Earthquakes,Los Angeles FC,San Jose Earthquakes,Los Angeles FC,USA ‐ Major League Soccer,8,3.0100,4.0190,2.2320,0.322840,0.241789,0.435371,1.000
2026-09-20T03:28:30+08:00,2026-09-20T03:00:00+08:00,FB5454,2026-09-20 09:30,Colorado Rapids,Seattle Sounders,Colorado Rapids,Seattle Sounders,USA ‐ Major League Soccer,8,1.9300,4.1090,3.7500,0.503939,0.236700,0.259361,1.000
2026-09-20T03:28:30+08:00,2026-09-20T03:00:00+08:00,FB5455,2026-09-20 08:30,Minnesota Utd,LA Galaxy,Minnesota United,LA Galaxy,USA ‐ Major League Soccer,8,1.7510,4.5200,4.4000,0.560116,0.216983,0.222901,0.948
2026-09-20T03:28:30+08:00,2026-09-20T03:00:00+08:00,FB5456,2026-09-20 07:30,DC United,Charlotte FC,Washington DC United,Charlotte FC,USA ‐ Major League Soccer,8,3.0100,3.7500,2.3400,0.323730,0.259847,0.416422,0.970
2026-09-20T03:28:30+08:00,2026-09-20T03:00:00+08:00,FB5457,2026-09-21 07:00,Inter Miami CF,San Diego FC,Inter Miami,San Diego FC,USA ‐ Major League Soccer,8,1.5020,5.5000,5.5200,0.647169,0.176736,0.176096,1.000
2026-09-20T03:28:30+08:00,2026-09-20T03:00:00+08:00,FB5458,2026-09-21 10:05,Queretaro,Club Leon,Queretaro,Club Leon,Mexico ‐ Primera Division,7,2.5000,3.6000,2.7500,0.384093,0.266731,0.349176,1.000
2026-09-20T03:28:30+08:00,2026-09-20T03:00:00+08:00,FB5459,2026-09-21 08:00,Toluca,Santos Laguna,Toluca,Santos Laguna,Mexico ‐ Primera Division,7,1.2860,6.3300,9.3000,0.745468,0.151449,0.103083,1.000
2026-09-20T03:28:30+08:00,2026-09-20T03:00:00+08:00,FB5460,2026-09-21 08:00,Pachuca,Tijuana,Pachuca,Club Tijuana,Mexico ‐ Primera Division,7,1.7810,4.0000,4.3090,0.538048,0.239566,0.222386,1.000
2026-09-20T03:28:30+08:00,2026-09-20T03:00:00+08:00,FB5461,2026-09-20 11:15,CF America,Guadalajara,Club America,Guadalajara Chivas,Mexico ‐ Primera Division,8,2.5900,3.8470,2.6400,0.376745,0.253645,0.369610,1.000
2026-09-20T03:28:30+08:00,2026-09-20T03:00:00+08:00,FB5462,2026-09-20 09:10,Monterrey,Cruz Azul,Monterrey,Cruz Azul,Mexico ‐ Primera Division,8,2.2900,3.8650,3.0400,0.426296,0.252579,0.321125,1.000
2026-09-20T03:28:30+08:00,2026-09-20T03:00:00+08:00,FB5463,2026-09-20 07:00,Atlas,Pumas UNAM,Atlas,UNAM Pumas,Mexico ‐ Primera Division,8,2.4240,3.3200,3.1700,0.400835,0.292658,0.306506,1.000
2026-09-20T03:28:30+08:00,2026-09-20T03:00:00+08:00,FB5464,2026-09-20 07:00,Atletico San Luis,Necaxa,Atletico San Luis,Necaxa,Mexico ‐ Primera Division,8,2.2970,3.7200,3.2500,0.430248,0.265666,0.304086,1.000
2026-09-20T03:28:30+08:00,2026-09-20T03:00:00+08:00,FB5465,2026-09-21 03:00,Corinthians,Fluminense,Corinthians SP,Fluminense RJ,Brazil ‐ Serie A,8,2.2000,3.1950,4.0000,0.446713,0.307596,0.245692,0.940
2026-09-20T03:28:30+08:00,2026-09-20T03:00:00+08:00,FB5466,2026-09-21 03:00,Vitoria,Cruzeiro,Vitoria BA,Cruzeiro MG,Brazil ‐ Serie A,8,3.0600,3.3400,2.4710,0.317004,0.290429,0.392567,0.940
2026-09-20T03:28:30+08:00,2026-09-20T03:00:00+08:00,FB5467,2026-09-21 05:30,Flamengo,RB Bragantino,Flamengo RJ,Bragantino SP,Brazil ‐ Serie A,8,1.3650,5.2700,8.5100,0.704517,0.182479,0.113004,0.855
2026-09-20T03:28:30+08:00,2026-09-20T03:00:00+08:00,FB5468,2026-09-21 06:30,Athletico Paranaense,Bahia,Atletico PR,Bahia BA,Brazil ‐ Serie A,8,2.1720,3.4600,3.4400,0.442646,0.277869,0.279485,0.825
2026-09-20T03:28:30+08:00,2026-09-20T03:00:00+08:00,FB5469,2026-09-20 22:00,Gremio,Palmeiras,Gremio RS,Palmeiras SP,Brazil ‐ Serie A,8,4.3070,3.7800,1.8890,0.226272,0.257818,0.515910,0.940
2026-09-20T03:28:30+08:00,2026-09-20T03:00:00+08:00,FB5481,2026-09-20 19:00,Celtic,Rangers,Celtic,Glasgow Rangers,Scotland ‐ Premier League,8,2.2300,3.7700,3.0920,0.432390,0.255764,0.311846,0.970
2026-09-20T03:28:30+08:00,2026-09-20T03:00:00+08:00,FB5482,2026-09-20 23:00,Salzburg,Sturm Graz,Red Bull Salzburg,Sturm Graz,Austria ‐ Bundesliga,8,1.6410,4.6350,4.8200,0.590144,0.208938,0.200918,0.970
2026-09-20T03:28:30+08:00,2026-09-20T03:00:00+08:00,FB5483,2026-09-20 20:30,Hartberg,LASK Linz,TSV Hartberg,LASK Linz,Austria ‐ Bundesliga,8,11.2600,5.9420,1.2800,0.085530,0.162077,0.752393,0.970
2026-09-20T03:28:30+08:00,2026-09-20T03:00:00+08:00,FB5484,2026-09-20 19:30,Antwerp,Union Saint Gilloise,Royal Antwerp,Union Saint-Gilloise,Belgium ‐ Pro League,8,5.7360,4.2360,1.6300,0.170267,0.230560,0.599173,1.000
2026-09-20T03:28:30+08:00,2026-09-20T03:00:00+08:00,FB5485,2026-09-20 20:00,Vaduz,Thun,Vaduz,Thun,Switzerland ‐ Super League,8,2.4770,4.3100,2.5500,0.392760,0.225723,0.381517,1.000
2026-09-20T03:28:30+08:00,2026-09-20T03:00:00+08:00,FB5486,2026-09-20 20:00,Getafe,Malaga,Getafe,Malaga,Spain ‐ Primera Division,8,2.1030,3.2200,4.4700,0.470904,0.307550,0.221546,1.000
2026-09-20T03:28:30+08:00,2026-09-20T03:00:00+08:00,FB5487,2026-09-20 22:00,Sint Truiden,Westerlo,Sint-Truidense,Westerlo,Belgium ‐ Pro League,8,1.7270,4.1500,4.8900,0.565191,0.235201,0.199608,0.970
2026-09-20T03:28:30+08:00,2026-09-20T03:00:00+08:00,FB5488,2026-09-20 22:15,Ceuta,Valladolid,AD Ceuta,Real Valladolid,Spain ‐ Segunda Division,8,2.8500,3.4300,2.5990,0.341591,0.283829,0.374580,1.000
2026-09-20T03:28:30+08:00,2026-09-20T03:00:00+08:00,FB5489,2026-09-20 22:30,Lausanne,Lugano,Lausanne Sport,FC Lugano,Switzerland ‐ Super League,8,4.0000,4.0800,1.9000,0.244759,0.239960,0.515282,1.000
2026-09-20T03:28:30+08:00,2026-09-20T03:00:00+08:00,FB5490,2026-09-20 22:30,Basel,St. Gallen,Basel,St Gallen,Switzerland ‐ Super League,8,2.5000,4.0830,2.5540,0.385929,0.236302,0.377769,1.000
2026-09-20T03:28:30+08:00,2026-09-20T03:00:00+08:00,FB5491,2026-09-20 22:45,NEC Nijmegen,Go Ahead Eagles,NEC Nijmegen,Go Ahead Eagles,Netherlands ‐ Eredivisie,8,1.9390,4.4000,3.5700,0.504078,0.222138,0.273784,1.000
2026-09-20T03:28:30+08:00,2026-09-20T03:00:00+08:00,FB5492,2026-09-21 00:30,Deportivo,Betis,Deportivo La Coruna,Real Betis,Spain ‐ Primera Division,8,3.6000,3.7700,2.1590,0.276064,0.263616,0.460320,1.000
2026-09-20T03:28:30+08:00,2026-09-20T03:00:00+08:00,FB5493,2026-09-21 00:30,Bruges,Genk,Club Brugge,KRC Genk,Belgium ‐ Pro League,8,1.5390,4.8700,5.6400,0.629371,0.198891,0.171738,0.887
2026-09-20T03:28:30+08:00,2026-09-20T03:00:00+08:00,FB5494,2026-09-21 00:30,Villarreal,Levante,Villarreal,Levante,Spain ‐ Primera Division,8,1.5520,5.0000,6.0100,0.637496,0.197879,0.164625,1.000
2026-09-20T03:28:30+08:00,2026-09-20T03:00:00+08:00,FB5495,2026-09-21 00:30,Las Palmas,Burgos,Las Palmas,Burgos CF,Spain ‐ Segunda Division,8,2.0630,3.3300,4.4300,0.479568,0.297102,0.223330,1.000
2026-09-20T03:28:30+08:00,2026-09-20T03:00:00+08:00,FB5496,2026-09-21 01:15,KV Kortrijk,SK Beveren,Kortrijk,Waasland Beveren,Belgium ‐ Pro League,8,2.6080,3.5820,2.7100,0.371686,0.270619,0.357696,0.816
2026-09-20T03:28:30+08:00,2026-09-20T03:00:00+08:00,FB5497,2026-09-21 00:00,Juventus,Atalanta,Juventus,Atalanta,Italy ‐ Serie A,8,1.7550,3.9600,5.2600,0.562799,0.249422,0.187778,1.000
2026-09-20T03:28:30+08:00,2026-09-20T03:00:00+08:00,FB5498,2026-09-21 03:58,Rosario Central,Argentinos Juniors,Rosario Central,Argentinos Juniors,Argentina ‐ Liga Profesional,8,2.3700,3.0500,3.5450,0.408898,0.317734,0.273368,1.000
2026-09-20T03:28:30+08:00,2026-09-20T03:00:00+08:00,FB5500,2026-09-21 01:43,San Lorenzo,Boca Juniors,San Lorenzo,Boca Juniors,Argentina ‐ Liga Profesional,8,4.1430,3.2300,2.1100,0.235506,0.302075,0.462418,1.000
2026-09-20T03:28:30+08:00,2026-09-20T03:00:00+08:00,FB5501,2026-09-22 01:28,Aldosivi,Atletico Tucuman,Aldosivi,Atletico Tucuman,Argentina ‐ Liga Profesional,8,3.2600,3.0200,2.5030,0.295691,0.319190,0.385119,1.000
2026-09-20T03:28:30+08:00,2026-09-20T03:00:00+08:00,FB5502,2026-09-21 08:28,Velez Sarsfield,Tigre,Velez Sarsfield,CA Tigre,Argentina ‐ Liga Profesional,8,2.2790,3.0000,3.7160,0.421415,0.320135,0.258451,0.970
2026-09-20T03:28:30+08:00,2026-09-20T03:00:00+08:00,FB5504,2026-09-20 08:13,Instituto de Cordoba,Talleres,Instituto AC Cordoba,Talleres de Cordoba,Argentina ‐ Liga Profesional,8,1.9930,3.2000,4.7700,0.490044,0.305206,0.204750,0.970
2026-09-20T03:28:30+08:00,2026-09-20T03:00:00+08:00,FB5505,2026-09-21 03:58,CA Platense,Newell's Old Boys,CA Platense,Newells Old Boys,Argentina ‐ Liga Profesional,8,2.2000,3.0550,3.8030,0.435043,0.313288,0.251669,0.985
2026-09-20T03:28:30+08:00,2026-09-20T03:00:00+08:00,FB5506,2026-09-20 03:43,Union Santa Fe,Independiente,Union Santa Fe,CA Independiente Avellaneda,Argentina ‐ Liga Profesional,8,2.5200,3.1000,3.1900,0.384191,0.312310,0.303499,0.970
2026-09-20T03:28:30+08:00,2026-09-20T03:00:00+08:00,FB5508,2026-09-22 05:58,Barracas Central,Independiente Rivadavia,CA Barracas Central,Independiente Rivadavia,Argentina ‐ Liga Profesional,8,3.3600,3.0000,2.4400,0.285955,0.320270,0.393775,0.970
2026-09-20T03:28:30+08:00,2026-09-20T03:00:00+08:00,FB5509,2026-09-21 03:00,Valencia,Real Sociedad,Valencia,Real Sociedad,Spain ‐ Primera Division,8,2.8230,3.4900,2.6700,0.348896,0.282216,0.368889,1.000
2026-09-20T03:28:30+08:00,2026-09-20T03:00:00+08:00,FB5510,2026-09-21 03:00,Leganes,CF Granada,CD Leganes,Granada CF,Spain ‐ Segunda Division,8,2.1020,3.3000,4.0400,0.463550,0.295267,0.241183,0.970
2026-09-20T03:28:30+08:00,2026-09-20T03:00:00+08:00,FB5511,2026-09-21 01:30,Paderborn,Hoffenheim,Paderborn,TSG Hoffenheim,Germany ‐ Bundesliga,8,4.5200,4.5750,1.7370,0.217857,0.215238,0.566905,0.970
2026-09-20T03:28:30+08:00,2026-09-20T03:00:00+08:00,FB5514,2026-09-20 20:00,Djurgardens,Elfsborg,Djurgardens IF,Elfsborg,Sweden ‐ Allsvenskan,8,1.5840,4.3590,5.5000,0.605552,0.220049,0.174399,1.000
2026-09-20T03:28:30+08:00,2026-09-20T03:00:00+08:00,FB5515,2026-09-20 20:00,Kalmar,Hacken,Kalmar FF,BK Hacken,Sweden ‐ Allsvenskan,8,2.8430,3.5500,2.4590,0.338180,0.270830,0.390990,0.970
2026-09-20T03:28:30+08:00,2026-09-20T03:00:00+08:00,FB5516,2026-09-20 20:00,Halmstads,AIK Solna,Halmstads,AIK Solna,Sweden ‐ Allsvenskan,8,3.2970,3.8400,2.1300,0.293558,0.252047,0.454395,1.000
2026-09-20T03:28:30+08:00,2026-09-20T03:00:00+08:00,FB5537,2026-09-20 20:30,Norwich,Bolton,Norwich City,Bolton Wanderers,England ‐ Championship,8,1.5080,4.8500,6.3300,0.645512,0.200708,0.153781,1.000
2026-09-20T03:28:30+08:00,2026-09-20T03:00:00+08:00,FB5539,2026-09-20 05:58,River Plate,Huracan,River Plate,Atletico Huracan,Argentina ‐ Liga Profesional,8,1.5350,4.0000,7.7490,0.632175,0.242597,0.125228,0.970
2026-09-20T03:28:30+08:00,2026-09-20T03:00:00+08:00,FB5541,2026-09-20 10:00,Phoenix Rising,El Paso Locomotive,Phoenix Rising,El Paso Locomotive,USA ‐ USL League One,8,2.3300,3.6500,3.1200,0.419261,0.267638,0.313102,1.000
2026-09-20T03:28:30+08:00,2026-09-20T03:00:00+08:00,FB5545,2026-09-20 23:00,Viking,Lillestrom,Viking,Lillestrom SK,Norway ‐ Tippeligaen,8,1.4200,5.5600,6.6800,0.681213,0.173979,0.144809,1.000
2026-09-20T03:28:30+08:00,2026-09-20T03:00:00+08:00,FB5546,2026-09-21 07:00,Sacramento Republic,San Antonio FC,Sacramento Republic,San Antonio Scorpions,USA ‐ USL League One,7,1.8660,3.4100,4.1860,0.501760,0.274570,0.223670,0.970
2026-09-20T03:28:30+08:00,2026-09-20T03:00:00+08:00,FB5547,2026-09-21 07:00,Tapatio,Tlaxcala,Deportivo Tapatio,Tlaxcala,Mexico ‐ Liga de Expansion,6,1.9500,3.7500,3.5200,0.482165,0.250726,0.267109,0.970
2026-09-20T03:28:30+08:00,2026-09-20T03:00:00+08:00,FB5548,2026-09-21 00:15,Al Jazira,Al Wahda,Al Jazira Abu Dhabi,Al Wahda Abu Dhabi,United Arab Emirates ‐ Cup,4,1.9170,3.4100,3.6600,0.479400,0.269504,0.251096,0.970
2026-09-20T03:28:30+08:00,2026-09-20T03:00:00+08:00,FB5549,2026-09-21 00:15,Al Dhafra,Baniyas,Al Dhafra,Bani Yas,United Arab Emirates ‐ Cup,3,2.3600,3.2300,2.7900,0.388119,0.283579,0.328302,0.967
2026-09-20T03:28:30+08:00,2026-09-20T03:00:00+08:00,FB5550,2026-09-21 06:13,Belgrano,Estudiantes Rio Cuarto,Belgrano de Cordoba,Estudiantes Rio Cuarto,Argentina ‐ Liga Profesional,8,1.5000,4.0090,7.9500,0.639862,0.239410,0.120729,0.970
2026-09-20T03:28:30+08:00,2026-09-20T03:00:00+08:00,FB5551,2026-09-21 05:00,Indy Eleven,Oakland Roots,Indy Eleven,Oakland Roots SC,USA ‐ USL League One,7,1.9730,3.8500,3.4200,0.478614,0.245274,0.276112,1.000
2026-09-20T03:28:30+08:00,2026-09-20T03:00:00+08:00,FB5552,2026-09-20 09:00,Cancun FC,Oaxaca,Cancun FC,Alebrijes de Oaxaca,Mexico ‐ Liga de Expansion,7,1.7290,4.0000,4.4450,0.549081,0.237340,0.213579,1.000
2026-09-20T03:28:30+08:00,2026-09-20T03:00:00+08:00,FB5554,2026-09-20 22:30,Mjallby,GAIS,Mjallby,GAIS Goteborg,Sweden ‐ Allsvenskan,8,2.7240,3.6470,2.4900,0.352002,0.262916,0.385082,0.970
2026-09-20T03:28:30+08:00,2026-09-20T03:00:00+08:00,FB5555,2026-09-20 22:30,Degerfors,Hammarby,Degerfors,Hammarby IF,Sweden ‐ Allsvenskan,8,9.4000,5.5100,1.3340,0.102538,0.174929,0.722533,1.000
2026-09-20T03:28:30+08:00,2026-09-20T03:00:00+08:00,FB5556,2026-09-20 10:30,Las Vegas Lights,Hartford Athletic,Las Vegas Lights,Hartford Athletic,USA ‐ USL League One,8,2.1700,3.6470,3.1920,0.439592,0.261562,0.298846,1.000
2026-09-20T03:28:30+08:00,2026-09-20T03:00:00+08:00,FB5560,2026-09-20 07:00,Louisville City,Loudoun Utd,Louisville City FC,Loudoun United,USA ‐ USL League One,8,1.4180,5.1100,6.4300,0.667546,0.185241,0.147213,0.940
2026-09-20T03:28:30+08:00,2026-09-20T03:00:00+08:00,FB5567,2026-09-20 15:00,Urawa Reds Women,RB Omiya Ardija Women,Urawa Red Diamonds Women,Omiya Ardija Women,Japan ‐ League Cup Women,7,1.6200,4.2000,5.3300,0.591837,0.228280,0.179883,0.870
2026-09-20T03:28:30+08:00,2026-09-20T03:00:00+08:00,FB5574,2026-09-20 06:30,North Carolina Courage Women,NJNY Gotham Women,North Carolina Courage Women,NY Gotham Sky Blue FC Women,USA ‐ NWSL Women,7,2.6540,3.6000,2.4200,0.352869,0.260143,0.386989,0.866
2026-09-20T05:35:20+08:00,2026-09-20T05:30:00+08:00,FB5433,2026-09-20 07:30,Vasco da Gama,Coritiba,Vasco da Gama RJ,Coritiba PR,Brazil ‐ Serie A,8,1.4560,4.5400,7.5000,0.660137,0.211709,0.128155,0.940
2026-09-20T05:35:20+08:00,2026-09-20T05:30:00+08:00,FB5436,2026-09-20 08:00,Sao Paulo,Internacional,Sao Paulo SP,Internacional RS,Brazil ‐ Serie A,8,1.9500,3.2750,4.5350,0.493727,0.293975,0.212297,0.940
2026-09-20T05:35:20+08:00,2026-09-20T05:30:00+08:00,FB5444,2026-09-20 08:30,Sporting Kansas City,Philadelphia Union,Sporting Kansas City,Philadelphia Union,USA ‐ Major League Soccer,8,5.6700,4.8450,1.5420,0.171018,0.200139,0.628842,1.000
2026-09-20T05:35:20+08:00,2026-09-20T05:30:00+08:00,FB5445,2026-09-20 07:30,CF Montreal,Columbus Crew,Montreal Impact,Columbus Crew,USA ‐ Major League Soccer,7,2.7390,3.7750,2.4930,0.354078,0.256906,0.389017,1.000
2026-09-20T05:35:20+08:00,2026-09-20T05:30:00+08:00,FB5447,2026-09-20 09:30,Nashville SC,Chicago Fire,Nashville,Chicago Fire,USA ‐ Major League Soccer,8,1.8360,4.1100,4.1100,0.528142,0.235929,0.235929,1.000
2026-09-20T05:35:20+08:00,2026-09-20T05:30:00+08:00,FB5448,2026-09-20 07:30,New England Revolution,Orlando City,New England Revolution,Orlando City,USA ‐ Major League Soccer,8,1.7720,4.4300,4.1450,0.547195,0.218878,0.233927,1.000
2026-09-20T05:35:20+08:00,2026-09-20T05:30:00+08:00,FB5449,2026-09-20 08:30,FC Dallas,Austin FC,FC Dallas,Austin FC,USA ‐ Major League Soccer,8,1.6980,4.3200,4.7400,0.571010,0.224439,0.204552,1.000
2026-09-20T05:35:20+08:00,2026-09-20T05:30:00+08:00,FB5450,2026-09-20 08:30,St. Louis City SC,Toronto FC,Saint Louis FC,Toronto FC,USA ‐ Major League Soccer,8,1.6660,4.4500,4.9450,0.584355,0.218772,0.196873,0.833
2026-09-20T05:35:20+08:00,2026-09-20T05:30:00+08:00,FB5451,2026-09-20 09:30,Real Salt Lake,Vancouver Whitecaps,Real Salt Lake,Vancouver Whitecaps,USA ‐ Major League Soccer,8,4.2200,4.2000,1.8130,0.230819,0.231918,0.537263,1.000
2026-09-20T05:35:20+08:00,2026-09-20T05:30:00+08:00,FB5452,2026-09-20 08:30,Houston Dynamo,FC Cincinnati,Houston Dynamo,FC Cincinnati,USA ‐ Major League Soccer,8,2.0430,3.9600,3.4600,0.474750,0.244928,0.280322,1.000
2026-09-20T05:35:20+08:00,2026-09-20T05:30:00+08:00,FB5453,2026-09-20 07:30,San Jose Earthquakes,Los Angeles FC,San Jose Earthquakes,Los Angeles FC,USA ‐ Major League Soccer,8,3.2100,3.9650,2.1390,0.302089,0.244566,0.453345,1.000
2026-09-20T05:35:20+08:00,2026-09-20T05:30:00+08:00,FB5454,2026-09-20 09:30,Colorado Rapids,Seattle Sounders,Colorado Rapids,Seattle Sounders,USA ‐ Major League Soccer,8,1.9290,4.0850,3.7300,0.502671,0.237369,0.259960,1.000
2026-09-20T05:35:20+08:00,2026-09-20T05:30:00+08:00,FB5455,2026-09-20 08:30,Minnesota Utd,LA Galaxy,Minnesota United,LA Galaxy,USA ‐ Major League Soccer,8,1.7000,4.5150,4.5150,0.570436,0.214782,0.214782,0.948
2026-09-20T05:35:20+08:00,2026-09-20T05:30:00+08:00,FB5456,2026-09-20 07:30,DC United,Charlotte FC,Washington DC United,Charlotte FC,USA ‐ Major League Soccer,8,3.0000,3.7500,2.3360,0.324228,0.259383,0.416389,0.970
2026-09-20T05:35:20+08:00,2026-09-20T05:30:00+08:00,FB5462,2026-09-20 09:10,Monterrey,Cruz Azul,Monterrey,Cruz Azul,Mexico ‐ Primera Division,8,2.2380,3.6000,3.2000,0.430841,0.267840,0.301319,1.000
2026-09-20T05:35:20+08:00,2026-09-20T05:30:00+08:00,FB5463,2026-09-20 07:00,Atlas,Pumas UNAM,Atlas,UNAM Pumas,Mexico ‐ Primera Division,8,2.3700,3.4000,3.0450,0.403978,0.281596,0.314426,1.000
2026-09-20T05:35:20+08:00,2026-09-20T05:30:00+08:00,FB5464,2026-09-20 07:00,Atletico San Luis,Necaxa,Atletico San Luis,Necaxa,Mexico ‐ Primera Division,8,2.2380,3.6000,3.2500,0.432848,0.269087,0.298066,1.000
2026-09-20T05:35:20+08:00,2026-09-20T05:30:00+08:00,FB5504,2026-09-20 08:13,Instituto de Cordoba,Talleres,Instituto AC Cordoba,Talleres de Cordoba,Argentina ‐ Liga Profesional,8,1.9700,3.2000,4.5000,0.486997,0.299807,0.213196,0.970
2026-09-20T05:35:20+08:00,2026-09-20T05:30:00+08:00,FB5539,2026-09-20 05:58,River Plate,Huracan,River Plate,Atletico Huracan,Argentina ‐ Liga Profesional,8,1.5310,4.0000,7.3400,0.628404,0.240522,0.131074,0.970
2026-09-20T05:35:20+08:00,2026-09-20T05:30:00+08:00,FB5552,2026-09-20 09:00,Cancun FC,Oaxaca,Cancun FC,Alebrijes de Oaxaca,Mexico ‐ Liga de Expansion,7,1.7290,4.0000,4.4300,0.548684,0.237169,0.214148,1.000
2026-09-20T05:35:20+08:00,2026-09-20T05:30:00+08:00,FB5560,2026-09-20 07:00,Louisville City,Loudoun Utd,Louisville City FC,Loudoun United,USA ‐ USL League One,8,1.4300,5.0000,6.3800,0.662191,0.189387,0.148422,0.940
2026-09-20T05:35:20+08:00,2026-09-20T05:30:00+08:00,FB5574,2026-09-20 06:30,North Carolina Courage Women,NJNY Gotham Women,North Carolina Courage Women,NY Gotham Sky Blue FC Women,USA ‐ NWSL Women,7,2.6000,3.6000,2.4200,0.357577,0.258250,0.384173,0.866
2026-09-20T07:40:33+08:00,2026-09-20T07:30:00+08:00,FB5436,2026-09-20 08:00,Sao Paulo,Internacional,Sao Paulo SP,Internacional RS,Brazil ‐ Serie A,8,2.0290,3.3000,4.3360,0.480125,0.295204,0.224671,0.940
2026-09-20T07:40:33+08:00,2026-09-20T07:30:00+08:00,FB5444,2026-09-20 08:30,Sporting Kansas City,Philadelphia Union,Sporting Kansas City,Philadelphia Union,USA ‐ Major League Soccer,8,5.9100,5.0900,1.5230,0.165519,0.192184,0.642297,1.000
2026-09-20T07:40:33+08:00,2026-09-20T07:30:00+08:00,FB5446,2026-09-20 10:30,Portland Timbers,Atlanta Utd,Portland Timbers,Atlanta United,USA ‐ Major League Soccer,8,1.9710,4.0800,3.6400,0.493932,0.238613,0.267456,0.940
2026-09-20T07:40:33+08:00,2026-09-20T07:30:00+08:00,FB5447,2026-09-20 09:30,Nashville SC,Chicago Fire,Nashville,Chicago Fire,USA ‐ Major League Soccer,8,1.8100,4.2200,4.1890,0.537347,0.230474,0.232179,1.000
2026-09-20T07:40:33+08:00,2026-09-20T07:30:00+08:00,FB5449,2026-09-20 08:30,FC Dallas,Austin FC,FC Dallas,Austin FC,USA ‐ Major League Soccer,8,1.7000,4.3750,4.9200,0.576668,0.224077,0.199255,1.000
2026-09-20T07:40:33+08:00,2026-09-20T07:30:00+08:00,FB5450,2026-09-20 08:30,St. Louis City SC,Toronto FC,Saint Louis FC,Toronto FC,USA ‐ Major League Soccer,8,1.6690,4.4500,4.8700,0.582151,0.218339,0.199509,0.833
2026-09-20T07:40:33+08:00,2026-09-20T07:30:00+08:00,FB5451,2026-09-20 09:30,Real Salt Lake,Vancouver Whitecaps,Real Salt Lake,Vancouver Whitecaps,USA ‐ Major League Soccer,8,4.2400,4.2000,1.8130,0.229981,0.232171,0.537848,1.000
2026-09-20T07:40:33+08:00,2026-09-20T07:30:00+08:00,FB5452,2026-09-20 08:30,Houston Dynamo,FC Cincinnati,Houston Dynamo,FC Cincinnati,USA ‐ Major League Soccer,8,2.0500,3.9400,3.5700,0.477433,0.248411,0.274156,1.000
2026-09-20T07:40:33+08:00,2026-09-20T07:30:00+08:00,FB5454,2026-09-20 09:30,Colorado Rapids,Seattle Sounders,Colorado Rapids,Seattle Sounders,USA ‐ Major League Soccer,8,1.8970,4.1800,3.8800,0.514736,0.233601,0.251663,1.000
2026-09-20T07:40:33+08:00,2026-09-20T07:30:00+08:00,FB5455,2026-09-20 08:30,Minnesota Utd,LA Galaxy,Minnesota United,LA Galaxy,USA ‐ Major League Soccer,8,1.7100,4.4800,4.5400,0.568716,0.217077,0.214208,0.948
2026-09-20T07:40:33+08:00,2026-09-20T07:30:00+08:00,FB5461,2026-09-20 11:15,CF America,Guadalajara,Club America,Guadalajara Chivas,Mexico ‐ Primera Division,8,2.4900,3.8350,2.8000,0.393923,0.255767,0.350310,1.000
2026-09-20T07:40:33+08:00,2026-09-20T07:30:00+08:00,FB5462,2026-09-20 09:10,Monterrey,Cruz Azul,Monterrey,Cruz Azul,Mexico ‐ Primera Division,8,2.2940,3.6900,3.1400,0.425124,0.264291,0.310584,1.000
2026-09-20T07:40:33+08:00,2026-09-20T07:30:00+08:00,FB5504,2026-09-20 08:13,Instituto de Cordoba,Talleres,Instituto AC Cordoba,Talleres de Cordoba,Argentina ‐ Liga Profesional,8,1.9970,3.2000,4.7200,0.488483,0.304844,0.206674,0.970
2026-09-20T07:40:33+08:00,2026-09-20T07:30:00+08:00,FB5541,2026-09-20 10:00,Phoenix Rising,El Paso Locomotive,Phoenix Rising,El Paso Locomotive,USA ‐ USL League One,8,2.3300,3.7030,3.1150,0.420661,0.264688,0.314651,1.000
2026-09-20T07:40:33+08:00,2026-09-20T07:30:00+08:00,FB5552,2026-09-20 09:00,Cancun FC,Oaxaca,Cancun FC,Alebrijes de Oaxaca,Mexico ‐ Liga de Expansion,7,1.7580,4.0000,4.4300,0.544562,0.239335,0.216104,1.000
2026-09-20T07:40:33+08:00,2026-09-20T07:30:00+08:00,FB5556,2026-09-20 10:30,Las Vegas Lights,Hartford Athletic,Las Vegas Lights,Hartford Athletic,USA ‐ USL League One,8,2.2010,3.6600,3.1700,0.435599,0.261955,0.302446,1.000
2026-09-20T09:46:02+08:00,2026-09-20T09:30:00+08:00,FB5385,2026-09-20 13:00,Iran AM,China AM,Iran U23,China U23,Asia - AFC - Asian Games U23,7,2.3000,3.2000,3.2000,0.410256,0.294872,0.294872,1.000
2026-09-20T09:46:02+08:00,2026-09-20T09:30:00+08:00,FB5446,2026-09-20 10:30,Portland Timbers,Atlanta Utd,Portland Timbers,Atlanta United,USA ‐ Major League Soccer,8,1.9600,4.0900,3.6800,0.497061,0.238200,0.264739,0.940
2026-09-20T09:46:02+08:00,2026-09-20T09:30:00+08:00,FB5461,2026-09-20 11:15,CF America,Guadalajara,Club America,Guadalajara Chivas,Mexico ‐ Primera Division,8,2.4600,3.8710,2.8000,0.397762,0.252776,0.349462,1.000
2026-09-20T09:46:02+08:00,2026-09-20T09:30:00+08:00,FB5541,2026-09-20 10:00,Phoenix Rising,El Paso Locomotive,Phoenix Rising,El Paso Locomotive,USA ‐ USL League One,8,2.3300,3.6500,3.3500,0.428471,0.273517,0.298011,1.000
2026-09-20T09:46:02+08:00,2026-09-20T09:30:00+08:00,FB5556,2026-09-20 10:30,Las Vegas Lights,Hartford Athletic,Las Vegas Lights,Hartford Athletic,USA ‐ USL League One,8,2.1990,3.5730,3.1900,0.433879,0.267030,0.299091,1.000
2026-09-20T14:33:21+08:00,2026-09-20T14:30:00+08:00,FB5348,2026-09-20 15:30,Jeonbuk Motors,Gwangju FC,Jeonbuk Hyundai Motors,Gwangju FC,South Korea ‐ K-League Classic,8,1.4570,4.7300,7.3570,0.663977,0.204527,0.131496,0.889
2026-09-20T14:33:21+08:00,2026-09-20T14:30:00+08:00,FB5350,2026-09-20 18:00,Incheon Utd,Daejeon Citizen,Incheon United,Daejeon Citizen,South Korea ‐ K-League Classic,8,2.9500,3.3500,2.5680,0.330104,0.290688,0.379208,0.940
2026-09-20T14:33:21+08:00,2026-09-20T14:30:00+08:00,FB5351,2026-09-20 18:00,Seongnam FC,Hwaseong FC,Seongnam Ilhwa Chunma,Hwaseong FC,South Korea ‐ K-League Challenge,8,2.8300,3.3000,2.6470,0.341681,0.293017,0.365303,0.970
2026-09-20T14:33:21+08:00,2026-09-20T14:30:00+08:00,FB5352,2026-09-20 18:00,Gimhae FC,Paju Frontier,Gimhae City FC,Paju Citizen,South Korea ‐ K-League Challenge,8,2.7700,3.2500,2.7470,0.349567,0.297939,0.352494,1.000
2026-09-20T14:33:21+08:00,2026-09-20T14:30:00+08:00,FB5355,2026-09-20 18:15,Feyenoord,Utrecht,Feyenoord Rotterdam,Utrecht,Netherlands ‐ Eredivisie,8,1.3100,6.2400,9.6000,0.742725,0.155925,0.101351,0.970
2026-09-20T14:33:21+08:00,2026-09-20T14:30:00+08:00,FB5376,2026-09-20 18:30,Fiorentina,Napoli,Fiorentina,Napoli,Italy ‐ Serie A,8,3.3500,3.5250,2.3090,0.294014,0.279418,0.426569,1.000
2026-09-20T14:33:21+08:00,2026-09-20T14:30:00+08:00,FB5383,2026-09-20 16:00,Gamba Osaka,Vissel Kobe,Gamba Osaka,Vissel Kobe,Japan ‐ J League,8,3.6820,3.5140,2.1300,0.264799,0.277459,0.457742,1.000
2026-09-20T14:33:21+08:00,2026-09-20T14:30:00+08:00,FB5384,2026-09-20 16:00,Tochigi City,Vegalta Sendai,Tochigi UVA,Vegalta Sendai,Japan ‐ J2 League,8,3.4900,3.7500,2.0540,0.275498,0.256397,0.468105,0.848
2026-09-20T14:33:21+08:00,2026-09-20T14:30:00+08:00,FB5419,2026-09-20 15:30,Yongin FC,Gyeongnam FC,Yongin City FC,Gyeongnam FC,South Korea ‐ K-League Challenge,8,2.4840,3.3500,2.9810,0.388384,0.287984,0.323632,1.000
2026-09-20T14:33:21+08:00,2026-09-20T14:30:00+08:00,FB5420,2026-09-20 18:00,Pohang Steelers,FC Seoul,Pohang Steelers,FC Seoul,South Korea ‐ K-League Classic,8,4.6700,3.5000,1.8740,0.207199,0.276462,0.516339,1.000
2026-09-20T14:33:21+08:00,2026-09-20T14:30:00+08:00,FB5426,2026-09-20 16:00,Machida Zelvia,Kashiwa Reysol,Machida Zelvia,Kashiwa Reysol,Japan ‐ J League,8,2.5000,3.5100,2.9330,0.389921,0.277722,0.332357,1.000
2026-09-20T14:33:21+08:00,2026-09-20T14:30:00+08:00,FB5432,2026-09-20 15:30,Gangwon FC,Jeju SK,Gangwon,Jeju United,South Korea ‐ K-League Classic,8,2.5700,3.2000,3.2540,0.385665,0.309737,0.304597,1.000
2026-09-20T14:33:21+08:00,2026-09-20T14:30:00+08:00,FB5567,2026-09-20 15:00,Urawa Reds Women,RB Omiya Ardija Women,Urawa Red Diamonds Women,Omiya Ardija Women,Japan ‐ League Cup Women,8,1.5700,4.5000,5.7700,0.616908,0.215233,0.167859,0.870
2026-09-20T15:07:57+08:00,2026-09-20T15:00:00+08:00,FB5339,2026-09-20 23:30,Fulham,Manchester Utd,Fulham,Manchester United,England ‐ Premier League,8,3.6150,3.9400,2.0620,0.272430,0.249958,0.477612,1.000
2026-09-20T15:07:57+08:00,2026-09-20T15:00:00+08:00,FB5348,2026-09-20 15:30,Jeonbuk Motors,Gwangju FC,Jeonbuk Hyundai Motors,Gwangju FC,South Korea ‐ K-League Classic,8,1.4140,4.9300,7.7800,0.680938,0.195303,0.123759,0.889
2026-09-20T15:07:57+08:00,2026-09-20T15:00:00+08:00,FB5350,2026-09-20 18:00,Incheon Utd,Daejeon Citizen,Incheon United,Daejeon Citizen,South Korea ‐ K-League Classic,8,2.9650,3.3500,2.5550,0.328349,0.290613,0.381039,0.940
2026-09-20T15:07:57+08:00,2026-09-20T15:00:00+08:00,FB5351,2026-09-20 18:00,Seongnam FC,Hwaseong FC,Seongnam Ilhwa Chunma,Hwaseong FC,South Korea ‐ K-League Challenge,8,2.8390,3.3000,2.6210,0.339734,0.292274,0.367991,0.970
2026-09-20T15:07:57+08:00,2026-09-20T15:00:00+08:00,FB5352,2026-09-20 18:00,Gimhae FC,Paju Frontier,Gimhae City FC,Paju Citizen,South Korea ‐ K-League Challenge,8,2.7700,3.2500,2.7470,0.349567,0.297939,0.352494,1.000
2026-09-20T15:07:57+08:00,2026-09-20T15:00:00+08:00,FB5355,2026-09-20 18:15,Feyenoord,Utrecht,Feyenoord Rotterdam,Utrecht,Netherlands ‐ Eredivisie,8,1.3100,6.2400,9.6000,0.742725,0.155925,0.101351,0.970
2026-09-20T15:07:57+08:00,2026-09-20T15:00:00+08:00,FB5359,2026-09-20 19:30,Hannover,Bochum,Hannover 96,VfL Bochum,Germany ‐ Bundesliga 2,8,1.8630,4.2000,4.0700,0.525953,0.233298,0.240749,0.970
2026-09-20T15:07:57+08:00,2026-09-20T15:00:00+08:00,FB5360,2026-09-20 20:30,Twente,PSV Eindhoven,Twente Enschede,PSV Eindhoven,Netherlands ‐ Eredivisie,8,2.8700,4.1690,2.2700,0.338669,0.233145,0.428186,0.970
2026-09-20T15:07:57+08:00,2026-09-20T15:00:00+08:00,FB5361,2026-09-20 20:30,AZ Alkmaar,Telstar,AZ Alkmaar,Telstar,Netherlands ‐ Eredivisie,8,1.2610,7.0000,10.7000,0.770420,0.138786,0.090794,1.000
2026-09-20T15:07:57+08:00,2026-09-20T15:00:00+08:00,FB5362,2026-09-20 22:15,Atletico Madrid,Real Madrid,Atletico Madrid,Real Madrid,Spain ‐ Primera Division,8,3.5950,3.9000,2.1030,0.275387,0.253850,0.470763,1.000
2026-09-20T15:07:57+08:00,2026-09-20T15:00:00+08:00,FB5366,2026-09-20 22:45,De Graafschap,NAC,De Graafschap,NAC Breda,Netherlands ‐ Eerste Divisie,8,3.3400,4.0980,2.0000,0.286941,0.233866,0.479192,1.000
2026-09-20T15:07:57+08:00,2026-09-20T15:00:00+08:00,FB5368,2026-09-20 21:00,Auxerre,Brest,Auxerre,Brest,France ‐ Ligue 1,8,3.1450,3.6500,2.3940,0.314926,0.271354,0.413719,1.000
2026-09-20T15:07:57+08:00,2026-09-20T15:00:00+08:00,FB5369,2026-09-20 23:15,Nice,Lille,Nice,Lille,France ‐ Ligue 1,8,3.5550,3.6000,2.2000,0.277515,0.274046,0.448439,1.000
2026-09-20T15:07:57+08:00,2026-09-20T15:00:00+08:00,FB5371,2026-09-20 21:30,Leverkusen,RB Leipzig,Bayer Leverkusen,RB Leipzig,Germany ‐ Bundesliga,8,1.9600,4.5000,3.7200,0.509570,0.221946,0.268483,1.000
2026-09-20T15:07:57+08:00,2026-09-20T15:00:00+08:00,FB5372,2026-09-20 23:30,Schalke 04,Elversberg,Schalke 04,SV Elversberg,Germany ‐ Bundesliga,8,2.0250,4.0500,3.8250,0.492754,0.246377,0.260870,1.000
2026-09-20T15:07:57+08:00,2026-09-20T15:00:00+08:00,FB5376,2026-09-20 18:30,Fiorentina,Napoli,Fiorentina,Napoli,Italy ‐ Serie A,8,3.3500,3.5250,2.3090,0.294014,0.279418,0.426569,1.000
2026-09-20T15:07:57+08:00,2026-09-20T15:00:00+08:00,FB5377,2026-09-20 21:00,Parma,Genoa,Parma,Genoa,Italy ‐ Serie A,8,3.2150,3.1050,2.6300,0.306950,0.317824,0.375226,1.000
2026-09-20T15:07:57+08:00,2026-09-20T15:00:00+08:00,FB5379,2026-09-20 21:00,Frosinone,Como,Frosinone,Como,Italy ‐ Serie A,8,6.3300,4.8000,1.5650,0.157147,0.207237,0.635616,1.000
2026-09-20T15:07:57+08:00,2026-09-20T15:00:00+08:00,FB5380,2026-09-21 02:45,AC Milan,Lecce,AC Milan,Lecce,Italy ‐ Serie A,8,1.2860,6.2700,12.7000,0.765484,0.157004,0.077513,1.000
2026-09-20T15:07:57+08:00,2026-09-20T15:00:00+08:00,FB5383,2026-09-20 16:00,Gamba Osaka,Vissel Kobe,Gamba Osaka,Vissel Kobe,Japan ‐ J League,8,3.9000,3.6000,2.1000,0.253776,0.274924,0.471299,1.000
2026-09-20T15:07:57+08:00,2026-09-20T15:00:00+08:00,FB5384,2026-09-20 16:00,Tochigi City,Vegalta Sendai,Tochigi UVA,Vegalta Sendai,Japan ‐ J2 League,8,3.5150,3.8000,2.0500,0.274753,0.254146,0.471101,0.848
2026-09-20T15:07:57+08:00,2026-09-20T15:00:00+08:00,FB5391,2026-09-21 01:15,Brann,Bodo Glimt,Brann,Bodo-Glimt,Norway ‐ Tippeligaen,8,4.7600,4.9300,1.6260,0.204376,0.197328,0.598296,1.000
2026-09-20T15:07:57+08:00,2026-09-20T15:00:00+08:00,FB5396,2026-09-21 01:00,Santa Clara,Braga,Santa Clara,Sporting Braga,Portugal ‐ Primeira Liga,8,3.7850,3.3300,2.2400,0.261344,0.297054,0.441602,0.970
2026-09-20T15:07:57+08:00,2026-09-20T15:00:00+08:00,FB5397,2026-09-21 01:00,Estoril,Casa Pia AC,Estoril Praia,Casa Pia,Portugal ‐ Primeira Liga,8,1.7720,3.9800,4.8500,0.552307,0.245902,0.201791,0.970
2026-09-20T15:07:57+08:00,2026-09-20T15:00:00+08:00,FB5399,2026-09-21 03:30,Porto,Benfica,FC Porto,Benfica,Portugal ‐ Primeira Liga,8,2.9100,3.4500,2.5650,0.335798,0.283238,0.380964,1.000
2026-09-20T15:07:57+08:00,2026-09-20T15:00:00+08:00,FB5400,2026-09-20 22:30,Guimaraes,Moreirense,Vitoria Guimaraes,Moreirense,Portugal ‐ Primeira Liga,8,1.5230,4.3400,7.0600,0.638307,0.223996,0.137697,0.970
2026-09-20T15:07:57+08:00,2026-09-20T15:00:00+08:00,FB5401,2026-09-20 22:30,Amadora,Viseu,Estrela Amadora,Academico Viseu,Portugal ‐ Primeira Liga,8,2.1790,3.4100,3.6920,0.448592,0.286651,0.264757,1.000
2026-09-20T15:07:57+08:00,2026-09-20T15:00:00+08:00,FB5402,2026-09-20 20:00,Brondby,Copenhagen,Brondby IF,FC Copenhagen,Denmark ‐ Superliga,8,3.1360,3.6400,2.2900,0.309505,0.266650,0.423845,1.000
2026-09-20T15:07:57+08:00,2026-09-20T15:00:00+08:00,FB5404,2026-09-20 20:00,Sonderjyske,Randers,Sonderjyske,Randers FC,Denmark ‐ Superliga,8,2.8130,3.8100,2.4700,0.347562,0.256612,0.395826,1.000
2026-09-20T15:07:57+08:00,2026-09-20T15:00:00+08:00,FB5406,2026-09-21 00:00,Viborg,Nordsjaelland,Viborg FF,Nordsjaelland,Denmark ‐ Superliga,8,3.0700,3.8720,2.2900,0.319134,0.253032,0.427834,1.000
2026-09-20T15:07:57+08:00,2026-09-20T15:00:00+08:00,FB5407,2026-09-20 22:00,Horsens,AGF Aarhus,AC Horsens,AGF Aarhus,Denmark ‐ Superliga,8,4.2700,3.8290,1.8580,0.226586,0.252682,0.520732,1.000
2026-09-20T15:07:57+08:00,2026-09-20T15:00:00+08:00,FB5414,2026-09-20 19:30,Cottbus,St. Pauli,Energie Cottbus,St. Pauli,Germany ‐ Bundesliga 2,8,3.1400,4.0190,2.1760,0.310144,0.242312,0.447543,1.000
2026-09-20T15:07:57+08:00,2026-09-20T15:00:00+08:00,FB5415,2026-09-20 19:30,Bielefeld,Heidenheim,Arminia Bielefeld,FC Heidenheim,Germany ‐ Bundesliga 2,8,2.1520,3.9000,3.4000,0.457721,0.252568,0.289711,1.000
2026-09-20T15:07:57+08:00,2026-09-20T15:00:00+08:00,FB5416,2026-09-20 23:00,Tromso,Ham-Kam,Tromso,Ham Kam,Norway ‐ Tippeligaen,8,1.4870,4.9300,6.5590,0.654307,0.197354,0.148339,1.000
2026-09-20T15:07:57+08:00,2026-09-20T15:00:00+08:00,FB5417,2026-09-20 20:30,Valerenga,Fredrikstad,Valerenga IF,Fredrikstad,Norway ‐ Tippeligaen,8,2.0510,4.0500,3.4900,0.477532,0.241832,0.280636,1.000
2026-09-20T15:07:57+08:00,2026-09-20T15:00:00+08:00,FB5418,2026-09-20 23:00,Sandefjord,Start,Sandefjord,IK Start,Norway ‐ Tippeligaen,8,2.0600,3.8000,3.6200,0.473672,0.256780,0.269548,1.000
2026-09-20T15:07:57+08:00,2026-09-20T15:00:00+08:00,FB5419,2026-09-20 15:30,Yongin FC,Gyeongnam FC,Yongin City FC,Gyeongnam FC,South Korea ‐ K-League Challenge,8,2.3150,3.4200,3.2190,0.417350,0.282505,0.300145,1.000
2026-09-20T15:07:57+08:00,2026-09-20T15:00:00+08:00,FB5420,2026-09-20 18:00,Pohang Steelers,FC Seoul,Pohang Steelers,FC Seoul,South Korea ‐ K-League Classic,8,4.6800,3.5100,1.8780,0.207239,0.276319,0.516442,1.000
2026-09-20T15:07:57+08:00,2026-09-20T15:00:00+08:00,FB5426,2026-09-20 16:00,Machida Zelvia,Kashiwa Reysol,Machida Zelvia,Kashiwa Reysol,Japan ‐ J League,8,2.5000,3.4700,2.9290,0.388501,0.279900,0.331599,1.000
2026-09-20T15:07:57+08:00,2026-09-20T15:00:00+08:00,FB5427,2026-09-20 19:00,Rayong,Ratchaburi,Rayong FC,Ratchaburi FC,Thailand ‐ Premier League,8,3.6700,3.5000,2.0080,0.257981,0.270511,0.471508,1.000
2026-09-20T15:07:57+08:00,2026-09-20T15:00:00+08:00,FB5428,2026-09-20 19:30,Sukhothai,Port FC,Sukhothai FC,Port FC,Thailand ‐ Premier League,8,5.3900,4.0900,1.5880,0.175068,0.230714,0.594218,1.000
2026-09-20T15:07:57+08:00,2026-09-20T15:00:00+08:00,FB5430,2026-09-20 19:00,Chonburi,Buriram Utd,Chonburi,Buriram United,Thailand ‐ Premier League,8,6.5000,3.8890,1.5800,0.147377,0.246324,0.606299,0.940
2026-09-20T15:07:57+08:00,2026-09-20T15:00:00+08:00,FB5432,2026-09-20 15:30,Gangwon FC,Jeju SK,Gangwon,Jeju United,South Korea ‐ K-League Classic,8,2.3710,3.1600,3.5200,0.412559,0.309550,0.277891,1.000
2026-09-20T15:07:57+08:00,2026-09-20T15:00:00+08:00,FB5437,2026-09-20 21:00,Bournemouth,Liverpool,Bournemouth AFC,Liverpool,England ‐ Premier League,8,3.2200,3.9000,2.2280,0.305728,0.252421,0.441851,1.000
2026-09-20T15:07:57+08:00,2026-09-20T15:00:00+08:00,FB5438,2026-09-20 21:00,Leeds,Crystal Palace,Leeds United,Crystal Palace,England ‐ Premier League,8,1.7680,4.0500,5.1000,0.560786,0.244808,0.194406,1.000
2026-09-20T15:07:57+08:00,2026-09-20T15:00:00+08:00,FB5439,2026-09-20 21:00,Manchester City,Sunderland,Manchester City,Sunderland,England ‐ Premier League,8,1.3720,5.6000,9.6750,0.721080,0.176665,0.102255,1.000
2026-09-20T15:07:57+08:00,2026-09-20T15:00:00+08:00,FB5440,2026-09-21 02:45,Marseille,Paris Saint Germain,Marseille,Paris Saint Germain,France ‐ Ligue 1,8,6.9100,5.3400,1.4640,0.142573,0.184490,0.672937,1.000
2026-09-20T15:07:57+08:00,2026-09-20T15:00:00+08:00,FB5442,2026-09-22 06:27,Central Espanol,Montevideo City Torque,Central Espanol,Torque,Uruguay ‐ Primera Division,6,3.7780,3.4000,2.0250,0.251455,0.279411,0.469134,0.970
2026-09-20T15:07:57+08:00,2026-09-20T15:00:00+08:00,FB5457,2026-09-21 07:00,Inter Miami CF,San Diego FC,Inter Miami,San Diego FC,USA ‐ Major League Soccer,8,1.4800,5.6000,5.8010,0.658148,0.173939,0.167912,1.000
2026-09-20T15:07:57+08:00,2026-09-20T15:00:00+08:00,FB5458,2026-09-21 10:05,Queretaro,Club Leon,Queretaro,Club Leon,Mexico ‐ Primera Division,8,2.6900,3.5500,2.6360,0.359941,0.272744,0.367315,1.000
2026-09-20T15:07:57+08:00,2026-09-20T15:00:00+08:00,FB5459,2026-09-21 08:00,Toluca,Santos Laguna,Toluca,Santos Laguna,Mexico ‐ Primera Division,8,1.2730,6.6230,9.1000,0.750695,0.144290,0.105015,1.000
2026-09-20T15:07:57+08:00,2026-09-20T15:00:00+08:00,FB5460,2026-09-21 08:00,Pachuca,Tijuana,Pachuca,Club Tijuana,Mexico ‐ Primera Division,8,1.8430,4.0290,4.2050,0.527504,0.241298,0.231198,1.000
2026-09-20T15:07:57+08:00,2026-09-20T15:00:00+08:00,FB5465,2026-09-21 03:00,Corinthians,Fluminense,Corinthians SP,Fluminense RJ,Brazil ‐ Serie A,8,2.1600,3.2500,4.0170,0.454065,0.301778,0.244157,0.940
2026-09-20T15:07:57+08:00,2026-09-20T15:00:00+08:00,FB5466,2026-09-21 03:00,Vitoria,Cruzeiro,Vitoria BA,Cruzeiro MG,Brazil ‐ Serie A,8,3.1100,3.3600,2.4630,0.313648,0.290312,0.396040,0.940
2026-09-20T15:07:57+08:00,2026-09-20T15:00:00+08:00,FB5467,2026-09-21 05:30,Flamengo,RB Bragantino,Flamengo RJ,Bragantino SP,Brazil ‐ Serie A,8,1.3700,5.5100,9.0000,0.713847,0.177490,0.108663,0.855
2026-09-20T15:07:57+08:00,2026-09-20T15:00:00+08:00,FB5468,2026-09-21 06:30,Athletico Paranaense,Bahia,Atletico PR,Bahia BA,Brazil ‐ Serie A,8,2.2030,3.5000,3.4700,0.441638,0.277979,0.280383,0.825
2026-09-20T15:07:57+08:00,2026-09-20T15:00:00+08:00,FB5469,2026-09-20 22:00,Gremio,Palmeiras,Gremio RS,Palmeiras SP,Brazil ‐ Serie A,8,4.2000,3.6800,1.9520,0.232940,0.265856,0.501204,0.940
2026-09-20T15:07:57+08:00,2026-09-20T15:00:00+08:00,FB5481,2026-09-20 19:00,Celtic,Rangers,Celtic,Glasgow Rangers,Scotland ‐ Premier League,8,2.2080,3.7470,3.2500,0.440790,0.259745,0.299466,0.970
2026-09-20T15:07:57+08:00,2026-09-20T15:00:00+08:00,FB5482,2026-09-20 23:00,Salzburg,Sturm Graz,Red Bull Salzburg,Sturm Graz,Austria ‐ Bundesliga,8,1.5860,4.8100,5.2500,0.612811,0.202062,0.185127,0.970
2026-09-20T15:07:57+08:00,2026-09-20T15:00:00+08:00,FB5483,2026-09-20 20:30,Hartberg,LASK Linz,TSV Hartberg,LASK Linz,Austria ‐ Bundesliga,8,10.3400,5.6000,1.3500,0.095187,0.175755,0.729058,0.970
2026-09-20T15:07:57+08:00,2026-09-20T15:00:00+08:00,FB5484,2026-09-20 19:30,Antwerp,Union Saint Gilloise,Royal Antwerp,Union Saint-Gilloise,Belgium ‐ Pro League,8,5.3660,4.4600,1.6090,0.180566,0.217246,0.602187,1.000
2026-09-20T15:07:57+08:00,2026-09-20T15:00:00+08:00,FB5485,2026-09-20 20:00,Vaduz,Thun,Vaduz,Thun,Switzerland ‐ Super League,8,2.3230,4.4300,2.7100,0.419890,0.220182,0.359928,1.000
2026-09-20T15:07:57+08:00,2026-09-20T15:00:00+08:00,FB5486,2026-09-20 20:00,Getafe,Malaga,Getafe,Malaga,Spain ‐ Primera Division,8,2.0860,3.2850,4.4390,0.475074,0.301676,0.223250,1.000
2026-09-20T15:07:57+08:00,2026-09-20T15:00:00+08:00,FB5487,2026-09-20 22:00,Sint Truiden,Westerlo,Sint-Truidense,Westerlo,Belgium ‐ Pro League,8,1.7410,4.1500,4.7790,0.560595,0.235180,0.204226,0.970
2026-09-20T15:07:57+08:00,2026-09-20T15:00:00+08:00,FB5488,2026-09-20 22:15,Ceuta,Valladolid,AD Ceuta,Real Valladolid,Spain ‐ Segunda Division,8,2.9850,3.3700,2.5000,0.324701,0.287606,0.387693,1.000
2026-09-20T15:07:57+08:00,2026-09-20T15:00:00+08:00,FB5489,2026-09-20 22:30,Lausanne,Lugano,Lausanne Sport,FC Lugano,Switzerland ‐ Super League,8,3.8000,4.0600,1.9610,0.258148,0.241616,0.500236,1.000
2026-09-20T15:07:57+08:00,2026-09-20T15:00:00+08:00,FB5490,2026-09-20 22:30,Basel,St. Gallen,Basel,St Gallen,Switzerland ‐ Super League,8,2.6300,4.1200,2.4580,0.369232,0.235699,0.395069,1.000
2026-09-20T15:07:57+08:00,2026-09-20T15:00:00+08:00,FB5491,2026-09-20 22:45,NEC Nijmegen,Go Ahead Eagles,NEC Nijmegen,Go Ahead Eagles,Netherlands ‐ Eredivisie,8,2.0890,4.3000,3.3200,0.472806,0.229696,0.297498,1.000
2026-09-20T15:07:57+08:00,2026-09-20T15:00:00+08:00,FB5492,2026-09-21 00:30,Deportivo,Betis,Deportivo La Coruna,Real Betis,Spain ‐ Primera Division,8,3.7700,3.7400,2.0870,0.262162,0.264264,0.473574,1.000
2026-09-20T15:07:57+08:00,2026-09-20T15:00:00+08:00,FB5493,2026-09-21 00:30,Bruges,Genk,Club Brugge,KRC Genk,Belgium ‐ Pro League,8,1.5760,4.8000,5.4900,0.619041,0.203252,0.177707,0.887
2026-09-20T15:07:57+08:00,2026-09-20T15:00:00+08:00,FB5494,2026-09-21 00:30,Villarreal,Levante,Villarreal,Levante,Spain ‐ Primera Division,8,1.5520,5.0000,6.0100,0.637496,0.197879,0.164625,1.000
2026-09-20T15:07:57+08:00,2026-09-20T15:00:00+08:00,FB5495,2026-09-21 00:30,Las Palmas,Burgos,Las Palmas,Burgos CF,Spain ‐ Segunda Division,8,2.0740,3.3300,4.3590,0.476504,0.296777,0.226719,1.000
2026-09-20T15:07:57+08:00,2026-09-20T15:00:00+08:00,FB5496,2026-09-21 01:15,KV Kortrijk,SK Beveren,Kortrijk,Waasland Beveren,Belgium ‐ Pro League,8,2.7100,3.5800,2.6200,0.358252,0.271190,0.370558,0.816
2026-09-20T15:07:57+08:00,2026-09-20T15:00:00+08:00,FB5497,2026-09-21 00:00,Juventus,Atalanta,Juventus,Atalanta,Italy ‐ Serie A,8,1.7480,3.9600,5.2300,0.563177,0.248594,0.188228,1.000
2026-09-20T15:07:57+08:00,2026-09-20T15:00:00+08:00,FB5498,2026-09-21 03:58,Rosario Central,Argentinos Juniors,Rosario Central,Argentinos Juniors,Argentina ‐ Liga Profesional,8,2.3350,3.1100,3.5700,0.415824,0.312202,0.271974,1.000
2026-09-20T15:07:57+08:00,2026-09-20T15:00:00+08:00,FB5500,2026-09-21 01:43,San Lorenzo,Boca Juniors,San Lorenzo,Boca Juniors,Argentina ‐ Liga Profesional,8,4.2700,3.1210,2.1030,0.227346,0.311044,0.461611,1.000
2026-09-20T15:07:57+08:00,2026-09-20T15:00:00+08:00,FB5501,2026-09-22 01:28,Aldosivi,Atletico Tucuman,Aldosivi,Atletico Tucuman,Argentina ‐ Liga Profesional,8,3.2500,3.0200,2.4910,0.295783,0.318310,0.385907,1.000
2026-09-20T15:07:57+08:00,2026-09-20T15:00:00+08:00,FB5502,2026-09-21 08:28,Velez Sarsfield,Tigre,Velez Sarsfield,CA Tigre,Argentina ‐ Liga Profesional,8,2.3190,3.0100,3.7190,0.417713,0.321820,0.260467,0.970
2026-09-20T15:07:57+08:00,2026-09-20T15:00:00+08:00,FB5505,2026-09-21 03:58,CA Platense,Newell's Old Boys,CA Platense,Newells Old Boys,Argentina ‐ Liga Profesional,8,2.2600,2.9700,3.9140,0.427651,0.325418,0.246932,0.985
2026-09-20T15:07:57+08:00,2026-09-20T15:00:00+08:00,FB5507,2026-09-22 08:13,Lanus,Estudiantes,Lanus,Estudiantes La Plata,Argentina ‐ Liga Profesional,8,2.1950,3.1400,3.8700,0.441262,0.308462,0.250276,1.000
2026-09-20T15:07:57+08:00,2026-09-20T15:00:00+08:00,FB5508,2026-09-22 05:58,Barracas Central,Independiente Rivadavia,CA Barracas Central,Independiente Rivadavia,Argentina ‐ Liga Profesional,8,3.3600,3.0000,2.4400,0.285955,0.320270,0.393775,0.970
2026-09-20T15:07:57+08:00,2026-09-20T15:00:00+08:00,FB5509,2026-09-21 03:00,Valencia,Real Sociedad,Valencia,Real Sociedad,Spain ‐ Primera Division,8,2.8450,3.4900,2.6600,0.346652,0.282586,0.370762,1.000
2026-09-20T15:07:57+08:00,2026-09-20T15:00:00+08:00,FB5510,2026-09-21 03:00,Leganes,CF Granada,CD Leganes,Granada CF,Spain ‐ Segunda Division,8,2.1160,3.3000,4.0600,0.462450,0.296529,0.241021,0.970
2026-09-20T15:07:57+08:00,2026-09-20T15:00:00+08:00,FB5511,2026-09-21 01:30,Paderborn,Hoffenheim,Paderborn,TSG Hoffenheim,Germany ‐ Bundesliga,8,4.5450,4.5450,1.7370,0.216611,0.216611,0.566779,0.970
2026-09-20T15:07:57+08:00,2026-09-20T15:00:00+08:00,FB5514,2026-09-20 20:00,Djurgardens,Elfsborg,Djurgardens IF,Elfsborg,Sweden ‐ Allsvenskan,8,1.5480,4.6200,6.3300,0.633066,0.212118,0.154816,1.000
2026-09-20T15:07:57+08:00,2026-09-20T15:00:00+08:00,FB5515,2026-09-20 20:00,Kalmar,Hacken,Kalmar FF,BK Hacken,Sweden ‐ Allsvenskan,8,2.8900,3.6100,2.4270,0.334300,0.267625,0.398075,0.970
2026-09-20T15:07:57+08:00,2026-09-20T15:00:00+08:00,FB5516,2026-09-20 20:00,Halmstads,AIK Solna,Halmstads,AIK Solna,Sweden ‐ Allsvenskan,8,3.4900,4.0000,2.0240,0.278024,0.242576,0.479400,1.000
2026-09-20T15:07:57+08:00,2026-09-20T15:00:00+08:00,FB5537,2026-09-20 20:30,Norwich,Bolton,Norwich City,Bolton Wanderers,England ‐ Championship,8,1.4650,5.0500,6.5520,0.660635,0.191650,0.147715,1.000
2026-09-20T15:07:57+08:00,2026-09-20T15:00:00+08:00,FB5545,2026-09-20 23:00,Viking,Lillestrom,Viking,Lillestrom SK,Norway ‐ Tippeligaen,8,1.4080,5.8000,7.0000,0.692568,0.168127,0.139305,1.000
2026-09-20T15:07:57+08:00,2026-09-20T15:00:00+08:00,FB5546,2026-09-21 07:00,Sacramento Republic,San Antonio FC,Sacramento Republic,San Antonio Scorpions,USA ‐ USL League One,7,1.8770,3.4630,4.2730,0.504723,0.273568,0.221710,0.970
2026-09-20T15:07:57+08:00,2026-09-20T15:00:00+08:00,FB5547,2026-09-21 07:00,Tapatio,Tlaxcala,Deportivo Tapatio,Tlaxcala,Mexico ‐ Liga de Expansion,7,1.9500,3.7500,3.5000,0.481431,0.250344,0.268226,0.970
2026-09-20T15:07:57+08:00,2026-09-20T15:00:00+08:00,FB5548,2026-09-21 00:15,Al Jazira,Al Wahda,Al Jazira Abu Dhabi,Al Wahda Abu Dhabi,United Arab Emirates ‐ Cup,7,1.9460,3.5000,3.6600,0.478997,0.266323,0.254680,0.970
2026-09-20T15:07:57+08:00,2026-09-20T15:00:00+08:00,FB5549,2026-09-21 00:15,Al Dhafra,Baniyas,Al Dhafra,Bani Yas,United Arab Emirates ‐ Cup,7,2.3750,3.3000,2.7900,0.388961,0.279934,0.331105,0.967
2026-09-20T15:07:57+08:00,2026-09-20T15:00:00+08:00,FB5550,2026-09-21 06:13,Belgrano,Estudiantes Rio Cuarto,Belgrano de Cordoba,Estudiantes Rio Cuarto,Argentina ‐ Liga Profesional,8,1.4510,4.2000,8.8900,0.662825,0.228990,0.108184,0.970
2026-09-20T15:07:57+08:00,2026-09-20T15:00:00+08:00,FB5551,2026-09-21 05:00,Indy Eleven,Oakland Roots,Indy Eleven,Oakland Roots SC,USA ‐ USL League One,7,1.9400,3.9660,3.6440,0.494672,0.241973,0.263355,1.000
2026-09-20T15:07:57+08:00,2026-09-20T15:00:00+08:00,FB5554,2026-09-20 22:30,Mjallby,GAIS,Mjallby,GAIS Goteborg,Sweden ‐ Allsvenskan,8,2.7400,3.6000,2.5300,0.351603,0.267609,0.380788,0.970
2026-09-20T15:07:57+08:00,2026-09-20T15:00:00+08:00,FB5555,2026-09-20 22:30,Degerfors,Hammarby,Degerfors,Hammarby IF,Sweden ‐ Allsvenskan,8,9.3000,5.6700,1.3340,0.104040,0.170647,0.725313,1.000
2026-09-20T15:07:57+08:00,2026-09-20T15:00:00+08:00,FB5569,2026-09-21 15:00,China Women,Philippines Women,China Women,Philippines Women,International - Friendlies Women,3,1.2200,5.9500,9.2000,0.747579,0.153285,0.099136,1.000
2026-09-20T15:07:57+08:00,2026-09-20T15:00:00+08:00,FB5573,2026-09-22 08:28,Cuiaba,Nautico Recife,Cuiaba MT,Nautico Capibaribe,Brazil ‐ Serie B,8,2.0900,3.2500,3.8730,0.458146,0.294623,0.247231,0.814
2026-09-20T15:07:57+08:00,2026-09-20T15:00:00+08:00,FB5575,2026-09-22 13:00,Vietnam AM,Uzbekistan AM,Vietnam U23,Uzbekistan U23,Asia - AFC - Asian Games U23,1,5.1200,3.4000,1.6200,0.176480,0.265758,0.557763,1.000
2026-09-20T15:07:57+08:00,2026-09-20T15:00:00+08:00,FB5576,2026-09-22 13:00,Philippines AM,Kuwait AM,Philippines U23,Kuwait U23,Asia - AFC - Asian Games U23,1,5.1400,3.3000,1.6350,0.175398,0.273196,0.551405,1.000
2026-09-20T20:30:21+08:00,2026-09-20T20:30:00+08:00,FB5339,2026-09-20 23:30,Fulham,Manchester Utd,Fulham,Manchester United,England ‐ Premier League,8,3.5750,3.9050,2.0840,0.275410,0.252136,0.472453,1.000
2026-09-20T20:30:21+08:00,2026-09-20T20:30:00+08:00,FB5362,2026-09-20 22:15,Atletico Madrid,Real Madrid,Atletico Madrid,Real Madrid,Spain ‐ Primera Division,8,3.5550,3.8400,2.1240,0.277816,0.257196,0.464988,1.000
2026-09-20T20:30:21+08:00,2026-09-20T20:30:00+08:00,FB5366,2026-09-20 22:45,De Graafschap,NAC,De Graafschap,NAC Breda,Netherlands ‐ Eerste Divisie,8,3.3300,4.0900,2.0290,0.289403,0.235627,0.474970,1.000
2026-09-20T20:30:21+08:00,2026-09-20T20:30:00+08:00,FB5368,2026-09-20 21:00,Auxerre,Brest,Auxerre,Brest,France ‐ Ligue 1,8,3.1300,3.6000,2.3930,0.314720,0.273632,0.411648,1.000
2026-09-20T20:30:21+08:00,2026-09-20T20:30:00+08:00,FB5369,2026-09-20 23:15,Nice,Lille,Nice,Lille,France ‐ Ligue 1,8,3.4100,3.6000,2.2600,0.289346,0.274075,0.436579,1.000
2026-09-20T20:30:21+08:00,2026-09-20T20:30:00+08:00,FB5371,2026-09-20 21:30,Leverkusen,RB Leipzig,Bayer Leverkusen,RB Leipzig,Germany ‐ Bundesliga,8,1.9210,4.5000,3.7600,0.516051,0.220296,0.263653,1.000
2026-09-20T20:30:21+08:00,2026-09-20T20:30:00+08:00,FB5372,2026-09-20 23:30,Schalke 04,Elversberg,Schalke 04,SV Elversberg,Germany ‐ Bundesliga,8,1.9930,4.0000,3.9250,0.498499,0.248377,0.253123,1.000
2026-09-20T20:30:21+08:00,2026-09-20T20:30:00+08:00,FB5377,2026-09-20 21:00,Parma,Genoa,Parma,Genoa,Italy ‐ Serie A,8,3.3700,2.9680,2.6280,0.292587,0.332216,0.375197,1.000
2026-09-20T20:30:21+08:00,2026-09-20T20:30:00+08:00,FB5379,2026-09-20 21:00,Frosinone,Como,Frosinone,Como,Italy ‐ Serie A,8,6.4500,5.1000,1.5250,0.153983,0.194743,0.651273,1.000
2026-09-20T20:30:21+08:00,2026-09-20T20:30:00+08:00,FB5400,2026-09-20 22:30,Guimaraes,Moreirense,Vitoria Guimaraes,Moreirense,Portugal ‐ Primeira Liga,8,1.4710,4.5400,7.9300,0.662468,0.214645,0.122887,0.970
2026-09-20T20:30:21+08:00,2026-09-20T20:30:00+08:00,FB5401,2026-09-20 22:30,Amadora,Viseu,Estrela Amadora,Academico Viseu,Portugal ‐ Primeira Liga,8,2.1680,3.4150,3.6700,0.449321,0.285250,0.265430,1.000
2026-09-20T20:30:21+08:00,2026-09-20T20:30:00+08:00,FB5406,2026-09-21 00:00,Viborg,Nordsjaelland,Viborg FF,Nordsjaelland,Denmark ‐ Superliga,8,3.1000,3.8880,2.2180,0.312991,0.249556,0.437454,1.000
2026-09-20T20:30:21+08:00,2026-09-20T20:30:00+08:00,FB5407,2026-09-20 22:00,Horsens,AGF Aarhus,AC Horsens,AGF Aarhus,Denmark ‐ Superliga,8,4.2600,3.8200,1.8640,0.227242,0.253417,0.519341,1.000
2026-09-20T20:30:21+08:00,2026-09-20T20:30:00+08:00,FB5416,2026-09-20 23:00,Tromso,Ham-Kam,Tromso,Ham Kam,Norway ‐ Tippeligaen,8,1.4770,5.0200,6.6950,0.660138,0.194228,0.145635,1.000
2026-09-20T20:30:21+08:00,2026-09-20T20:30:00+08:00,FB5418,2026-09-20 23:00,Sandefjord,Start,Sandefjord,IK Start,Norway ‐ Tippeligaen,8,2.1410,3.8000,3.4300,0.457118,0.257550,0.285332,1.000
2026-09-20T20:30:21+08:00,2026-09-20T20:30:00+08:00,FB5437,2026-09-20 21:00,Bournemouth,Liverpool,Bournemouth AFC,Liverpool,England ‐ Premier League,8,3.1300,3.7500,2.3320,0.314776,0.262733,0.422491,1.000
2026-09-20T20:30:21+08:00,2026-09-20T20:30:00+08:00,FB5438,2026-09-20 21:00,Leeds,Crystal Palace,Leeds United,Crystal Palace,England ‐ Premier League,8,1.7360,4.0550,5.1800,0.567135,0.242798,0.190067,1.000
2026-09-20T20:30:21+08:00,2026-09-20T20:30:00+08:00,FB5439,2026-09-20 21:00,Manchester City,Sunderland,Manchester City,Sunderland,England ‐ Premier League,8,1.3720,5.5300,9.9000,0.721143,0.178917,0.099940,1.000
2026-09-20T20:30:21+08:00,2026-09-20T20:30:00+08:00,FB5469,2026-09-20 22:00,Gremio,Palmeiras,Gremio RS,Palmeiras SP,Brazil ‐ Serie A,8,4.2640,3.7000,1.9340,0.229506,0.264490,0.506004,0.940
2026-09-20T20:30:21+08:00,2026-09-20T20:30:00+08:00,FB5482,2026-09-20 23:00,Salzburg,Sturm Graz,Red Bull Salzburg,Sturm Graz,Austria ‐ Bundesliga,8,1.6320,4.7000,5.0000,0.597502,0.207473,0.195025,0.970
2026-09-20T20:30:21+08:00,2026-09-20T20:30:00+08:00,FB5487,2026-09-20 22:00,Sint Truiden,Westerlo,Sint-Truidense,Westerlo,Belgium ‐ Pro League,8,1.7000,4.2050,4.9700,0.572628,0.231503,0.195869,0.970
2026-09-20T20:30:21+08:00,2026-09-20T20:30:00+08:00,FB5488,2026-09-20 22:15,Ceuta,Valladolid,AD Ceuta,Real Valladolid,Spain ‐ Segunda Division,8,3.0000,3.3400,2.5120,0.323366,0.290448,0.386186,1.000
2026-09-20T20:30:21+08:00,2026-09-20T20:30:00+08:00,FB5489,2026-09-20 22:30,Lausanne,Lugano,Lausanne Sport,FC Lugano,Switzerland ‐ Super League,8,3.8480,3.9700,1.9500,0.253640,0.245845,0.500515,1.000
2026-09-20T20:30:21+08:00,2026-09-20T20:30:00+08:00,FB5490,2026-09-20 22:30,Basel,St. Gallen,Basel,St Gallen,Switzerland ‐ Super League,8,2.5460,4.1700,2.5210,0.381611,0.232993,0.385396,1.000
2026-09-20T20:30:21+08:00,2026-09-20T20:30:00+08:00,FB5491,2026-09-20 22:45,NEC Nijmegen,Go Ahead Eagles,NEC Nijmegen,Go Ahead Eagles,Netherlands ‐ Eredivisie,8,2.1600,4.0500,3.1950,0.452614,0.241394,0.305992,1.000
2026-09-20T20:30:21+08:00,2026-09-20T20:30:00+08:00,FB5492,2026-09-21 00:30,Deportivo,Betis,Deportivo La Coruna,Real Betis,Spain ‐ Primera Division,8,3.6950,3.8400,2.0640,0.266492,0.256429,0.477078,1.000
2026-09-20T20:30:21+08:00,2026-09-20T20:30:00+08:00,FB5493,2026-09-21 00:30,Bruges,Genk,Club Brugge,KRC Genk,Belgium ‐ Pro League,8,1.6160,4.5700,5.2100,0.601040,0.212534,0.186426,0.887
2026-09-20T20:30:21+08:00,2026-09-20T20:30:00+08:00,FB5494,2026-09-21 00:30,Villarreal,Levante,Villarreal,Levante,Spain ‐ Primera Division,8,1.5510,4.9300,5.9500,0.634809,0.199714,0.165477,1.000
2026-09-20T20:30:21+08:00,2026-09-20T20:30:00+08:00,FB5495,2026-09-21 00:30,Las Palmas,Burgos,Las Palmas,Burgos CF,Spain ‐ Segunda Division,8,2.0000,3.5000,4.5290,0.496764,0.283865,0.219370,1.000
2026-09-20T20:30:21+08:00,2026-09-20T20:30:00+08:00,FB5497,2026-09-21 00:00,Juventus,Atalanta,Juventus,Atalanta,Italy ‐ Serie A,8,1.7550,3.9600,5.1800,0.561172,0.248701,0.190127,1.000
2026-09-20T20:30:21+08:00,2026-09-20T20:30:00+08:00,FB5545,2026-09-20 23:00,Viking,Lillestrom,Viking,Lillestrom SK,Norway ‐ Tippeligaen,8,1.3640,6.0200,7.5800,0.710972,0.161091,0.127937,1.000
2026-09-20T20:30:21+08:00,2026-09-20T20:30:00+08:00,FB5548,2026-09-21 00:15,Al Jazira,Al Wahda,Al Jazira Abu Dhabi,Al Wahda Abu Dhabi,United Arab Emirates ‐ Cup,7,1.9290,3.5000,3.6600,0.481187,0.265203,0.253609,0.970
2026-09-20T20:30:21+08:00,2026-09-20T20:30:00+08:00,FB5549,2026-09-21 00:15,Al Dhafra,Baniyas,Al Dhafra,Bani Yas,United Arab Emirates ‐ Cup,7,2.3750,3.3000,2.7900,0.388961,0.279934,0.331105,0.967
2026-09-20T20:30:21+08:00,2026-09-20T20:30:00+08:00,FB5554,2026-09-20 22:30,Mjallby,GAIS,Mjallby,GAIS Goteborg,Sweden ‐ Allsvenskan,8,2.7390,3.6000,2.5600,0.353263,0.268774,0.377963,0.970
2026-09-20T20:30:21+08:00,2026-09-20T20:30:00+08:00,FB5555,2026-09-20 22:30,Degerfors,Hammarby,Degerfors,Hammarby IF,Sweden ‐ Allsvenskan,8,9.3000,5.6900,1.3310,0.103932,0.169871,0.726197,1.000
2026-09-21T00:32:05+08:00,2026-09-21T00:30:00+08:00,FB5380,2026-09-21 02:45,AC Milan,Lecce,AC Milan,Lecce,Italy ‐ Serie A,7,1.2750,6.4200,13.2000,0.772088,0.153335,0.074577,1.000
2026-09-21T00:32:05+08:00,2026-09-21T00:30:00+08:00,FB5391,2026-09-21 01:15,Brann,Bodo Glimt,Brann,Bodo-Glimt,Norway ‐ Tippeligaen,7,4.8250,5.0800,1.6040,0.201698,0.191573,0.606729,1.000
2026-09-21T00:32:05+08:00,2026-09-21T00:30:00+08:00,FB5396,2026-09-21 01:00,Santa Clara,Braga,Santa Clara,Sporting Braga,Portugal ‐ Primeira Liga,7,3.6900,3.1800,2.2800,0.264634,0.307076,0.428290,0.970
2026-09-21T00:32:05+08:00,2026-09-21T00:30:00+08:00,FB5397,2026-09-21 01:00,Estoril,Casa Pia AC,Estoril Praia,Casa Pia,Portugal ‐ Primeira Liga,7,1.7630,3.9850,5.0400,0.557970,0.246851,0.195179,0.970
2026-09-21T00:32:05+08:00,2026-09-21T00:30:00+08:00,FB5399,2026-09-21 03:30,Porto,Benfica,FC Porto,Benfica,Portugal ‐ Primeira Liga,7,3.0200,3.3500,2.5430,0.323722,0.291833,0.384444,1.000
2026-09-21T00:32:05+08:00,2026-09-21T00:30:00+08:00,FB5440,2026-09-21 02:45,Marseille,Paris Saint Germain,Marseille,Paris Saint Germain,France ‐ Ligue 1,7,6.9100,5.4000,1.4640,0.142866,0.182815,0.674319,1.000
2026-09-21T00:32:05+08:00,2026-09-21T00:30:00+08:00,FB5465,2026-09-21 03:00,Corinthians,Fluminense,Corinthians SP,Fluminense RJ,Brazil ‐ Serie A,7,2.1600,3.2300,3.9700,0.451914,0.302209,0.245878,0.940
2026-09-21T00:32:05+08:00,2026-09-21T00:30:00+08:00,FB5466,2026-09-21 03:00,Vitoria,Cruzeiro,Vitoria BA,Cruzeiro MG,Brazil ‐ Serie A,7,3.0700,3.5500,2.3840,0.317204,0.274315,0.408481,0.940
2026-09-21T00:32:05+08:00,2026-09-21T00:30:00+08:00,FB5496,2026-09-21 01:15,KV Kortrijk,SK Beveren,Kortrijk,Waasland Beveren,Belgium ‐ Pro League,7,2.8450,3.5500,2.5600,0.343320,0.275139,0.381541,0.970
2026-09-21T00:32:05+08:00,2026-09-21T00:30:00+08:00,FB5498,2026-09-21 03:58,Rosario Central,Argentinos Juniors,Rosario Central,Argentinos Juniors,Argentina ‐ Liga Profesional,7,2.0820,3.2400,4.1470,0.466278,0.299627,0.234095,1.000
2026-09-21T00:32:05+08:00,2026-09-21T00:30:00+08:00,FB5500,2026-09-21 01:43,San Lorenzo,Boca Juniors,San Lorenzo,Boca Juniors,Argentina ‐ Liga Profesional,7,4.6000,3.0460,2.0680,0.211213,0.318970,0.469817,1.000
2026-09-21T00:32:05+08:00,2026-09-21T00:30:00+08:00,FB5505,2026-09-21 03:58,CA Platense,Newell's Old Boys,CA Platense,Newells Old Boys,Argentina ‐ Liga Profesional,7,2.3300,2.9500,3.8360,0.417147,0.329476,0.253377,0.985
2026-09-21T00:32:05+08:00,2026-09-21T00:30:00+08:00,FB5509,2026-09-21 03:00,Valencia,Real Sociedad,Valencia,Real Sociedad,Spain ‐ Primera Division,7,2.9140,3.4900,2.6300,0.339796,0.283715,0.376489,1.000
2026-09-21T00:32:05+08:00,2026-09-21T00:30:00+08:00,FB5510,2026-09-21 03:00,Leganes,CF Granada,CD Leganes,Granada CF,Spain ‐ Segunda Division,7,2.1200,3.3000,4.1890,0.465438,0.299009,0.235553,0.970
2026-09-21T00:32:05+08:00,2026-09-21T00:30:00+08:00,FB5511,2026-09-21 01:30,Paderborn,Hoffenheim,Paderborn,TSG Hoffenheim,Germany ‐ Bundesliga,7,4.1550,4.5150,1.8070,0.236986,0.218090,0.544924,0.970
2026-09-21T00:32:05+08:00,2026-09-21T00:30:00+08:00,FB5578,2026-09-21 02:00,Pumas UNAM Women,Puebla Women,UNAM Pumas Women,Puebla Women,Mexico ‐ Liga MX Femenil,6,1.0710,13.1900,24.4600,0.888902,0.072177,0.038921,0.844
2026-09-21T03:05:50+08:00,2026-09-21T03:00:00+08:00,FB5399,2026-09-21 03:30,Porto,Benfica,FC Porto,Benfica,Portugal ‐ Primeira Liga,8,3.0150,3.3500,2.5700,0.325399,0.292859,0.381742,1.000
2026-09-21T03:05:50+08:00,2026-09-21T03:00:00+08:00,FB5442,2026-09-22 06:27,Central Espanol,Montevideo City Torque,Central Espanol,Torque,Uruguay ‐ Primera Division,6,3.8660,3.4000,2.0110,0.246337,0.280099,0.473564,0.970
2026-09-21T03:05:50+08:00,2026-09-21T03:00:00+08:00,FB5457,2026-09-21 07:00,Inter Miami CF,San Diego FC,Inter Miami,San Diego FC,USA ‐ Major League Soccer,8,1.4700,5.7000,5.9700,0.664838,0.171458,0.163704,1.000
2026-09-21T03:05:50+08:00,2026-09-21T03:00:00+08:00,FB5458,2026-09-21 10:05,Queretaro,Club Leon,Queretaro,Club Leon,Mexico ‐ Primera Division,8,2.6700,3.5500,2.6730,0.363505,0.273397,0.363097,1.000
2026-09-21T03:05:50+08:00,2026-09-21T03:00:00+08:00,FB5459,2026-09-21 08:00,Toluca,Santos Laguna,Toluca,Santos Laguna,Mexico ‐ Primera Division,8,1.2610,6.9300,10.1400,0.765508,0.139294,0.095198,1.000
2026-09-21T03:05:50+08:00,2026-09-21T03:00:00+08:00,FB5460,2026-09-21 08:00,Pachuca,Tijuana,Pachuca,Club Tijuana,Mexico ‐ Primera Division,8,1.7400,4.0190,4.9000,0.559270,0.242132,0.198598,1.000
2026-09-21T03:05:50+08:00,2026-09-21T03:00:00+08:00,FB5467,2026-09-21 05:30,Flamengo,RB Bragantino,Flamengo RJ,Bragantino SP,Brazil ‐ Serie A,8,1.3600,5.4200,9.4000,0.716536,0.179795,0.103669,0.855
2026-09-21T03:05:50+08:00,2026-09-21T03:00:00+08:00,FB5468,2026-09-21 06:30,Athletico Paranaense,Bahia,Atletico PR,Bahia BA,Brazil ‐ Serie A,8,2.3200,3.4200,3.3500,0.421781,0.286120,0.292099,0.825
2026-09-21T03:05:50+08:00,2026-09-21T03:00:00+08:00,FB5498,2026-09-21 03:58,Rosario Central,Argentinos Juniors,Rosario Central,Argentinos Juniors,Argentina ‐ Liga Profesional,8,2.0410,3.2900,4.3200,0.477825,0.296425,0.225750,1.000
2026-09-21T03:05:50+08:00,2026-09-21T03:00:00+08:00,FB5501,2026-09-22 01:28,Aldosivi,Atletico Tucuman,Aldosivi,Atletico Tucuman,Argentina ‐ Liga Profesional,8,3.2500,2.9800,2.5980,0.299261,0.326375,0.374364,1.000
2026-09-21T03:05:50+08:00,2026-09-21T03:00:00+08:00,FB5502,2026-09-21 08:28,Velez Sarsfield,Tigre,Velez Sarsfield,CA Tigre,Argentina ‐ Liga Profesional,8,2.3420,2.9800,3.7880,0.415943,0.326892,0.257164,0.970
2026-09-21T03:05:50+08:00,2026-09-21T03:00:00+08:00,FB5505,2026-09-21 03:58,CA Platense,Newell's Old Boys,CA Platense,Newells Old Boys,Argentina ‐ Liga Profesional,8,2.3300,2.9500,3.8140,0.416539,0.328995,0.254466,0.985
2026-09-21T03:05:50+08:00,2026-09-21T03:00:00+08:00,FB5507,2026-09-22 08:13,Lanus,Estudiantes,Lanus,Estudiantes La Plata,Argentina ‐ Liga Profesional,8,2.2250,3.0650,3.8700,0.434618,0.315505,0.249877,1.000
2026-09-21T03:05:50+08:00,2026-09-21T03:00:00+08:00,FB5508,2026-09-22 05:58,Barracas Central,Independiente Rivadavia,CA Barracas Central,Independiente Rivadavia,Argentina ‐ Liga Profesional,8,3.4000,3.0100,2.4400,0.283848,0.320626,0.395526,0.970
2026-09-21T03:05:50+08:00,2026-09-21T03:00:00+08:00,FB5546,2026-09-21 07:00,Sacramento Republic,San Antonio FC,Sacramento Republic,San Antonio Scorpions,USA ‐ USL League One,7,2.0600,3.3300,4.0000,0.468687,0.289939,0.241374,0.970
2026-09-21T03:05:50+08:00,2026-09-21T03:00:00+08:00,FB5547,2026-09-21 07:00,Tapatio,Tlaxcala,Deportivo Tapatio,Tlaxcala,Mexico ‐ Liga de Expansion,7,1.9600,3.7500,3.5000,0.480154,0.250960,0.268886,0.970
2026-09-21T03:05:50+08:00,2026-09-21T03:00:00+08:00,FB5550,2026-09-21 06:13,Belgrano,Estudiantes Rio Cuarto,Belgrano de Cordoba,Estudiantes Rio Cuarto,Argentina ‐ Liga Profesional,8,1.4620,4.0730,9.6110,0.661784,0.237547,0.100669,0.970
2026-09-21T03:05:50+08:00,2026-09-21T03:00:00+08:00,FB5551,2026-09-21 05:00,Indy Eleven,Oakland Roots,Indy Eleven,Oakland Roots SC,USA ‐ USL League One,7,2.1400,3.9000,3.2200,0.451811,0.247917,0.300272,1.000
2026-09-21T03:05:50+08:00,2026-09-21T03:00:00+08:00,FB5569,2026-09-21 15:00,China Women,Philippines Women,China Women,Philippines Women,International - Friendlies Women,5,1.2000,7.2000,17.0000,0.808241,0.134707,0.057052,1.000
2026-09-21T03:05:50+08:00,2026-09-21T03:00:00+08:00,FB5570,2026-09-21 18:30,Vietnam Women,Thailand Women,Vietnam Women,Thailand Women,International - Friendlies Women,2,2.4000,3.5000,2.6250,0.384615,0.263736,0.351648,1.000
2026-09-21T03:05:50+08:00,2026-09-21T03:00:00+08:00,FB5573,2026-09-22 08:28,Cuiaba,Nautico Recife,Cuiaba MT,Nautico Capibaribe,Brazil ‐ Serie B,8,2.0900,3.2500,3.9360,0.459966,0.295794,0.244240,0.814
2026-09-21T03:05:50+08:00,2026-09-21T03:00:00+08:00,FB5575,2026-09-22 13:00,Vietnam AM,Uzbekistan AM,Vietnam U23,Uzbekistan U23,Asia - AFC - Asian Games U23,7,5.5000,4.0000,1.5710,0.170185,0.234005,0.595810,1.000
2026-09-21T03:05:50+08:00,2026-09-21T03:00:00+08:00,FB5576,2026-09-22 13:00,Philippines AM,Kuwait AM,Philippines U23,Kuwait U23,Asia - AFC - Asian Games U23,7,4.7500,4.0000,1.6400,0.196702,0.233583,0.569715,1.000
2026-09-21T03:05:50+08:00,2026-09-21T03:00:00+08:00,FB5579,2026-09-21 07:00,Atletico San Luis Women,Pachuca Women,Atletico San Luis Women,Pachuca Women,Mexico ‐ Liga MX Femenil,7,5.0500,4.5290,1.5340,0.184943,0.206218,0.608840,1.000
2026-09-21T03:05:50+08:00,2026-09-21T03:00:00+08:00,FB5580,2026-09-21 07:00,Utah Royals Women,Angel City Women,Utah Royals Women,Angel City FC Women,USA ‐ NWSL Women,7,2.2800,3.5000,2.9000,0.410234,0.267238,0.322528,1.000
2026-09-21T03:05:50+08:00,2026-09-21T03:00:00+08:00,FB5581,2026-09-21 07:00,Bay FC Women,Racing Louisville Women,Bay FC Women,Racing Louisville FC Women,USA ‐ NWSL Women,7,1.8600,4.0000,3.7350,0.509426,0.236883,0.253690,1.000
2026-09-21T03:05:50+08:00,2026-09-21T03:00:00+08:00,FB5582,2026-09-22 00:00,Werder Bremen Women,Stuttgart Women,Werder Bremen Women,VfB Stuttgart Women,Germany ‐ Bundesliga Women,4,1.8500,4.0000,3.5250,0.503190,0.232725,0.264085,0.970
2026-09-21T03:05:50+08:00,2026-09-21T03:00:00+08:00,FB5583,2026-09-22 08:30,Corinthians Women,Bahia Women,Corinthians SP Women,EC Bahia Women,Brazil ‐ Campeonato Brasileiro Serie A1 Women,4,1.3300,5.0000,8.6500,0.704346,0.187356,0.108298,0.929
2026-09-21T05:39:42+08:00,2026-09-21T05:30:00+08:00,FB5457,2026-09-21 07:00,Inter Miami CF,San Diego FC,Inter Miami,San Diego FC,USA ‐ Major League Soccer,8,1.3850,6.2800,6.8700,0.703164,0.155077,0.141759,1.000
2026-09-21T05:39:42+08:00,2026-09-21T05:30:00+08:00,FB5459,2026-09-21 08:00,Toluca,Santos Laguna,Toluca,Santos Laguna,Mexico ‐ Primera Division,8,1.2500,7.2360,10.8700,0.776553,0.134147,0.089300,1.000
2026-09-21T05:39:42+08:00,2026-09-21T05:30:00+08:00,FB5460,2026-09-21 08:00,Pachuca,Tijuana,Pachuca,Club Tijuana,Mexico ‐ Primera Division,8,1.7520,4.0000,4.7510,0.553476,0.242422,0.204102,1.000
2026-09-21T05:39:42+08:00,2026-09-21T05:30:00+08:00,FB5468,2026-09-21 06:30,Athletico Paranaense,Bahia,Atletico PR,Bahia BA,Brazil ‐ Serie A,8,2.4100,3.3550,3.2100,0.405004,0.290927,0.304069,0.825
2026-09-21T05:39:42+08:00,2026-09-21T05:30:00+08:00,FB5502,2026-09-21 08:28,Velez Sarsfield,Tigre,Velez Sarsfield,CA Tigre,Argentina ‐ Liga Profesional,8,2.3400,2.9900,3.7560,0.415695,0.325326,0.258979,0.970
2026-09-21T05:39:42+08:00,2026-09-21T05:30:00+08:00,FB5546,2026-09-21 07:00,Sacramento Republic,San Antonio FC,Sacramento Republic,San Antonio Scorpions,USA ‐ USL League One,7,2.0900,3.3410,3.8600,0.461465,0.288675,0.249861,0.970
2026-09-21T05:39:42+08:00,2026-09-21T05:30:00+08:00,FB5547,2026-09-21 07:00,Tapatio,Tlaxcala,Deportivo Tapatio,Tlaxcala,Mexico ‐ Liga de Expansion,7,1.9600,3.8000,3.5000,0.481744,0.248479,0.269777,0.970
2026-09-21T05:39:42+08:00,2026-09-21T05:30:00+08:00,FB5550,2026-09-21 06:13,Belgrano,Estudiantes Rio Cuarto,Belgrano de Cordoba,Estudiantes Rio Cuarto,Argentina ‐ Liga Profesional,8,1.4360,4.1700,10.5000,0.675162,0.232502,0.092336,0.970
2026-09-21T05:39:42+08:00,2026-09-21T05:30:00+08:00,FB5579,2026-09-21 07:00,Atletico San Luis Women,Pachuca Women,Atletico San Luis Women,Pachuca Women,Mexico ‐ Liga MX Femenil,7,5.0000,4.6300,1.5460,0.188180,0.203218,0.608602,1.000
2026-09-21T05:39:42+08:00,2026-09-21T05:30:00+08:00,FB5580,2026-09-21 07:00,Utah Royals Women,Angel City Women,Utah Royals Women,Angel City FC Women,USA ‐ NWSL Women,7,2.2900,3.5000,2.9200,0.410083,0.268311,0.321606,1.000
2026-09-21T05:39:42+08:00,2026-09-21T05:30:00+08:00,FB5581,2026-09-21 07:00,Bay FC Women,Racing Louisville Women,Bay FC Women,Racing Louisville FC Women,USA ‐ NWSL Women,7,1.8600,4.0190,3.7350,0.509998,0.236028,0.253975,1.000
2026-09-21T07:37:50+08:00,2026-09-21T07:30:00+08:00,FB5458,2026-09-21 10:05,Queretaro,Club Leon,Queretaro,Club Leon,Mexico ‐ Primera Division,8,2.7700,3.5090,2.6150,0.351041,0.277111,0.371848,1.000
2026-09-21T07:37:50+08:00,2026-09-21T07:30:00+08:00,FB5459,2026-09-21 08:00,Toluca,Santos Laguna,Toluca,Santos Laguna,Mexico ‐ Primera Division,8,1.2270,7.3800,12.6700,0.791701,0.131628,0.076671,1.000
2026-09-21T07:37:50+08:00,2026-09-21T07:30:00+08:00,FB5460,2026-09-21 08:00,Pachuca,Tijuana,Pachuca,Club Tijuana,Mexico ‐ Primera Division,8,1.6840,4.0500,5.1000,0.572738,0.238146,0.189116,1.000
2026-09-21T07:37:50+08:00,2026-09-21T07:30:00+08:00,FB5502,2026-09-21 08:28,Velez Sarsfield,Tigre,Velez Sarsfield,CA Tigre,Argentina ‐ Liga Profesional,8,2.2990,3.0100,3.8450,0.423423,0.323405,0.253173,1.000
2026-09-21T09:47:00+08:00,2026-09-21T09:30:00+08:00,FB5458,2026-09-21 10:05,Queretaro,Club Leon,Queretaro,Club Leon,Mexico ‐ Primera Division,8,2.8600,3.5500,2.6150,0.344908,0.277870,0.377222,1.000
2026-09-21T15:17:05+08:00,2026-09-21T15:00:00+08:00,FB5442,2026-09-22 06:27,Central Espanol,Montevideo City Torque,Central Espanol,Torque,Uruguay ‐ Primera Division,7,3.8170,3.4000,2.0450,0.250680,0.281425,0.467895,0.970
2026-09-21T15:17:05+08:00,2026-09-21T15:00:00+08:00,FB5501,2026-09-22 01:28,Aldosivi,Atletico Tucuman,Aldosivi,Atletico Tucuman,Argentina ‐ Liga Profesional,8,3.3200,3.0200,2.5520,0.294094,0.323308,0.382598,1.000
2026-09-21T15:17:05+08:00,2026-09-21T15:00:00+08:00,FB5507,2026-09-22 08:13,Lanus,Estudiantes,Lanus,Estudiantes La Plata,Argentina ‐ Liga Profesional,8,2.2300,3.1250,3.8700,0.436714,0.311639,0.251647,1.000
2026-09-21T15:17:05+08:00,2026-09-21T15:00:00+08:00,FB5508,2026-09-22 05:58,Barracas Central,Independiente Rivadavia,CA Barracas Central,Independiente Rivadavia,Argentina ‐ Liga Profesional,8,3.4300,3.0000,2.4460,0.282038,0.322463,0.395499,0.970
2026-09-21T15:17:05+08:00,2026-09-21T15:00:00+08:00,FB5570,2026-09-21 18:30,Vietnam Women,Thailand Women,Vietnam Women,Thailand Women,International - Friendlies Women,6,2.1500,3.5000,3.2000,0.437415,0.268698,0.293888,1.000
2026-09-21T15:17:05+08:00,2026-09-21T15:00:00+08:00,FB5573,2026-09-22 08:28,Cuiaba,Nautico Recife,Cuiaba MT,Nautico Capibaribe,Brazil ‐ Serie B,8,2.0800,3.3000,4.0110,0.465359,0.293317,0.241323,0.814
2026-09-21T15:17:05+08:00,2026-09-21T15:00:00+08:00,FB5575,2026-09-22 13:00,Vietnam AM,Uzbekistan AM,Vietnam U23,Uzbekistan U23,Asia - AFC - Asian Games U23,7,5.5900,4.0000,1.5710,0.167905,0.234647,0.597447,1.000
2026-09-21T15:17:05+08:00,2026-09-21T15:00:00+08:00,FB5576,2026-09-22 13:00,Philippines AM,Kuwait AM,Philippines U23,Kuwait U23,Asia - AFC - Asian Games U23,7,4.3300,3.8000,1.7750,0.218393,0.248853,0.532755,1.000
2026-09-21T15:17:05+08:00,2026-09-21T15:00:00+08:00,FB5582,2026-09-22 00:00,Werder Bremen Women,Stuttgart Women,Werder Bremen Women,VfB Stuttgart Women,Germany ‐ Bundesliga Women,8,1.9300,3.7500,3.5050,0.484189,0.249196,0.266615,0.970
2026-09-21T15:17:05+08:00,2026-09-21T15:00:00+08:00,FB5583,2026-09-22 08:30,Corinthians Women,Bahia Women,Corinthians SP Women,EC Bahia Women,Brazil ‐ Campeonato Brasileiro Serie A1 Women,5,1.2860,5.3300,9.3000,0.724871,0.174894,0.100235,0.929
2026-09-21T22:22:17+08:00,2026-09-21T22:00:00+08:00,FB5442,2026-09-22 06:27,Central Espanol,Montevideo City Torque,Central Espanol,Torque,Uruguay ‐ Primera Division,8,3.9200,3.4800,2.0450,0.247322,0.278593,0.474085,0.970
2026-09-21T22:22:17+08:00,2026-09-21T22:00:00+08:00,FB5501,2026-09-22 01:28,Aldosivi,Atletico Tucuman,Aldosivi,Atletico Tucuman,Argentina ‐ Liga Profesional,8,3.5000,3.0100,2.5520,0.282944,0.329005,0.388051,1.000
2026-09-21T22:22:17+08:00,2026-09-21T22:00:00+08:00,FB5507,2026-09-22 08:13,Lanus,Estudiantes,Lanus,Estudiantes La Plata,Argentina ‐ Liga Profesional,8,2.2500,3.0750,3.9800,0.435344,0.318544,0.246112,1.000
2026-09-21T22:22:17+08:00,2026-09-21T22:00:00+08:00,FB5508,2026-09-22 05:58,Barracas Central,Independiente Rivadavia,CA Barracas Central,Independiente Rivadavia,Argentina ‐ Liga Profesional,8,3.5200,3.0100,2.4460,0.277122,0.324076,0.398802,0.970
2026-09-21T22:22:17+08:00,2026-09-21T22:00:00+08:00,FB5573,2026-09-22 08:28,Cuiaba,Nautico Recife,Cuiaba MT,Nautico Capibaribe,Brazil ‐ Serie B,8,2.1400,3.2800,4.0110,0.457462,0.298466,0.244071,0.814
2026-09-21T22:22:17+08:00,2026-09-21T22:00:00+08:00,FB5575,2026-09-22 13:00,Vietnam AM,Uzbekistan AM,Vietnam U23,Uzbekistan U23,Asia - AFC - Asian Games U23,7,5.7100,3.4400,1.7800,0.170423,0.282883,0.546694,1.000
2026-09-21T22:22:17+08:00,2026-09-21T22:00:00+08:00,FB5576,2026-09-22 13:00,Philippines AM,Kuwait AM,Philippines U23,Kuwait U23,Asia - AFC - Asian Games U23,7,4.0050,4.2000,1.7800,0.237893,0.226848,0.535259,1.000
2026-09-21T22:22:17+08:00,2026-09-21T22:00:00+08:00,FB5582,2026-09-22 00:00,Werder Bremen Women,Stuttgart Women,Werder Bremen Women,VfB Stuttgart Women,Germany ‐ Bundesliga Women,8,1.8400,3.9000,3.7500,0.509564,0.240410,0.250026,0.970
2026-09-21T22:22:17+08:00,2026-09-21T22:00:00+08:00,FB5583,2026-09-22 08:30,Corinthians Women,Bahia Women,Corinthians SP Women,EC Bahia Women,Brazil ‐ Campeonato Brasileiro Serie A1 Women,5,1.2860,5.3500,9.7500,0.728719,0.175165,0.096116,0.929
2026-09-22T03:36:07+08:00,2026-09-22T03:30:00+08:00,FB5442,2026-09-22 06:27,Central Espanol,Montevideo City Torque,Central Espanol,Torque,Uruguay ‐ Primera Division,8,4.2700,3.3800,2.0450,0.229815,0.290328,0.479857,0.970
2026-09-22T03:36:07+08:00,2026-09-22T03:30:00+08:00,FB5508,2026-09-22 05:58,Barracas Central,Independiente Rivadavia,CA Barracas Central,Independiente Rivadavia,Argentina ‐ Liga Profesional,8,3.5300,3.0000,2.4460,0.276255,0.325060,0.398684,0.970
2026-09-22T03:36:07+08:00,2026-09-22T03:30:00+08:00,FB5617,2026-09-22 07:00,Club Leon Women,Juarez Women,Club Leon Women,FC Juarez Women,Mexico ‐ Liga MX Femenil,8,2.3700,3.6200,2.6390,0.391732,0.256466,0.351802,1.000
2026-09-22T06:51:58+08:00,2026-09-22T06:30:00+08:00,FB5507,2026-09-22 08:13,Lanus,Estudiantes,Lanus,Estudiantes La Plata,Argentina ‐ Liga Profesional,8,2.2200,3.0300,4.0100,0.437390,0.320464,0.242146,1.000
2026-09-22T06:51:58+08:00,2026-09-22T06:30:00+08:00,FB5573,2026-09-22 08:28,Cuiaba,Nautico Recife,Cuiaba MT,Nautico Capibaribe,Brazil ‐ Serie B,8,2.1600,3.3300,4.0110,0.457212,0.296570,0.246218,0.814
2026-09-22T06:51:58+08:00,2026-09-22T06:30:00+08:00,FB5583,2026-09-22 08:30,Corinthians Women,Bahia Women,Corinthians SP Women,EC Bahia Women,Brazil ‐ Campeonato Brasileiro Serie A1 Women,5,1.3000,5.8800,10.2500,0.741885,0.164022,0.094093,0.929
2026-09-22T06:51:58+08:00,2026-09-22T06:30:00+08:00,FB5617,2026-09-22 07:00,Club Leon Women,Juarez Women,Club Leon Women,FC Juarez Women,Mexico ‐ Liga MX Femenil,8,2.6700,3.6500,2.3600,0.349301,0.255516,0.395183,1.000
2026-09-22T06:51:58+08:00,2026-09-22T06:30:00+08:00,FB5618,2026-09-22 08:00,Toluca Women,Tigres UANL Women,Toluca Women,Tigres UANL Women,Mexico ‐ Liga MX Femenil,8,3.1400,3.8000,2.0700,0.299112,0.247161,0.453726,1.000
2026-09-22T06:51:58+08:00,2026-09-22T06:30:00+08:00,FB5619,2026-09-22 09:06,Santos Laguna Women,Cruz Azul Women,Santos Laguna Women,Cruz Azul Women,Mexico ‐ Liga MX Femenil,8,3.4400,3.7500,1.9430,0.271165,0.248749,0.480086,1.000
2026-09-22T09:17:10+08:00,2026-09-22T09:00:00+08:00,FB5575,2026-09-22 13:00,Vietnam AM,Uzbekistan AM,Vietnam U23,Uzbekistan U23,Asia - AFC - Asian Games U23,7,7.0000,3.3800,1.7600,0.141879,0.293831,0.564290,1.000
2026-09-22T09:17:10+08:00,2026-09-22T09:00:00+08:00,FB5576,2026-09-22 13:00,Philippines AM,Kuwait AM,Philippines U23,Kuwait U23,Asia - AFC - Asian Games U23,7,5.1500,4.6000,1.5710,0.185263,0.207414,0.607323,1.000
2026-09-22T09:17:10+08:00,2026-09-22T09:00:00+08:00,FB5588,2026-09-23 02:00,Swindon,Newport County,Swindon Town,Newport County,England ‐ Checkatrade Trophy,8,1.9500,3.8000,3.7000,0.490152,0.251525,0.258323,1.000
2026-09-22T09:17:10+08:00,2026-09-22T09:00:00+08:00,FB5589,2026-09-23 02:00,Milton Keynes Dons,Crawley Town,Milton Keynes Dons,Crawley Town,England ‐ Checkatrade Trophy,8,1.5300,4.6000,5.5800,0.622354,0.207000,0.170645,1.000
2026-09-22T09:17:10+08:00,2026-09-22T09:00:00+08:00,FB5590,2026-09-23 02:00,Notts County,Grimsby,Notts County,Grimsby Town,England ‐ Checkatrade Trophy,8,2.2500,3.8000,3.0050,0.427194,0.252944,0.319862,1.000
2026-09-22T09:17:10+08:00,2026-09-22T09:00:00+08:00,FB5591,2026-09-23 02:00,Wigan,Blackpool,Wigan Athletic,Blackpool,England ‐ Checkatrade Trophy,8,2.3600,3.5000,2.8000,0.397276,0.267877,0.334847,1.000
2026-09-22T09:17:10+08:00,2026-09-22T09:00:00+08:00,FB5592,2026-09-25 02:45,Liechtenstein,Lithuania,Liechtenstein,Lithuania,UEFA - Nations League,8,12.7500,5.0000,1.3300,0.076124,0.194116,0.729760,1.000
2026-09-22T09:17:10+08:00,2026-09-22T09:00:00+08:00,FB5593,2026-09-25 02:45,Portugal,Wales,Portugal,Wales,UEFA - Nations League,8,1.2450,6.2500,15.0000,0.779910,0.155358,0.064732,1.000
2026-09-22T09:17:10+08:00,2026-09-22T09:00:00+08:00,FB5594,2026-09-25 02:45,Norway,Denmark,Norway,Denmark,UEFA - Nations League,8,1.8100,4.0000,4.4950,0.539034,0.243913,0.217053,1.000
2026-09-22T09:17:10+08:00,2026-09-22T09:00:00+08:00,FB5595,2026-09-25 02:45,Serbia,Greece,Serbia,Greece,UEFA - Nations League,8,2.6940,3.3600,2.7600,0.359988,0.288633,0.351379,1.000
2026-09-22T09:17:10+08:00,2026-09-22T09:00:00+08:00,FB5596,2026-09-25 02:45,Netherlands,Germany,Netherlands,Germany,UEFA - Nations League,8,2.4600,3.8600,2.7600,0.395474,0.252038,0.352488,1.000
2026-09-22T09:17:10+08:00,2026-09-22T09:00:00+08:00,FB5597,2026-09-25 02:45,Kosovo,Republic of Ireland,Kosovo,Ireland,UEFA - Nations League,8,2.6590,3.3500,3.1800,0.380243,0.301811,0.317946,0.970
2026-09-22T09:17:10+08:00,2026-09-22T09:00:00+08:00,FB5598,2026-09-25 02:45,Austria,Israel,Austria,Israel,UEFA - Nations League,8,1.4400,5.1150,7.5090,0.678751,0.191085,0.130164,1.000
2026-09-22T09:17:10+08:00,2026-09-22T09:00:00+08:00,FB5602,2026-09-23 13:30,China AM,United Arab Emirates AM,China U23,United Arab Emirates U23,Asia - AFC - Asian Games U23,7,2.0500,3.2500,3.7500,0.459256,0.289684,0.251060,1.000
2026-09-22T09:17:10+08:00,2026-09-22T09:00:00+08:00,FB5604,2026-09-23 18:30,Japan AM,Thailand AM,Japan U23,Thailand U23,Asia - AFC - Asian Games U23,7,1.1670,7.0000,13.5000,0.797984,0.133035,0.068981,1.000
2026-09-22T09:17:10+08:00,2026-09-22T09:00:00+08:00,FB5605,2026-09-23 00:45,Inter Milan Women,Hacken Women,Inter Milan Women,BK Hacken Women,UEFA - Champions League Women,8,2.2200,3.6000,2.9600,0.422535,0.260563,0.316901,0.970
2026-09-22T09:17:10+08:00,2026-09-22T09:00:00+08:00,FB5606,2026-09-23 00:45,Bayern Munich Women,Manchester City Women,Bayern Munchen Women,Manchester City Women,UEFA - Champions League Women,8,2.0800,4.0000,3.0000,0.451807,0.234940,0.313253,0.962
2026-09-22T09:17:10+08:00,2026-09-22T09:00:00+08:00,FB5607,2026-09-23 07:27,Cobreloa,Coquimbo Unido,Cobreloa,Coquimbo Unido,Chile ‐ Cup,8,3.2500,3.3500,2.2100,0.290635,0.281960,0.427405,1.000
2026-09-22T09:17:10+08:00,2026-09-22T09:00:00+08:00,FB5608,2026-09-23 04:57,Puerto Montt,Deportivo Nublense,Deportes Puerto Montt,Nublense,Chile ‐ Cup,8,3.5000,3.2500,2.2200,0.273710,0.294765,0.431525,0.970
2026-09-22T09:17:10+08:00,2026-09-22T09:00:00+08:00,FB5609,2026-09-23 07:27,Audax Italiano,Colo Colo,Audax Italiano,Colo Colo,Chile ‐ Cup,8,4.3300,3.7000,1.7750,0.216934,0.253871,0.529196,1.000
2026-09-22T09:17:10+08:00,2026-09-22T09:00:00+08:00,FB5620,2026-09-23 02:00,Salford City,Sheff Wednesday,Salford City,Sheffield Wednesday,England ‐ Checkatrade Trophy,8,2.5700,3.7500,2.4200,0.363992,0.249456,0.386553,0.941
2026-09-22T09:17:10+08:00,2026-09-22T09:00:00+08:00,FB5621,2026-09-23 02:00,Oldham,Fleetwood,Oldham Athletic,Fleetwood Town,England ‐ Checkatrade Trophy,8,2.1800,3.8000,2.9700,0.433334,0.248597,0.318070,1.000
2026-09-22T09:17:10+08:00,2026-09-22T09:00:00+08:00,FB5622,2026-09-23 02:00,Peterborough,Colchester,Peterborough United,Colchester United,England ‐ Checkatrade Trophy,8,1.9300,3.8500,3.3550,0.481566,0.241408,0.277026,0.940
2026-09-22T09:17:10+08:00,2026-09-22T09:00:00+08:00,FB5623,2026-09-23 02:00,Tranmere,Shrewsbury,Tranmere Rovers,Shrewsbury Town,England ‐ Checkatrade Trophy,8,2.1600,3.2000,3.3700,0.431788,0.291457,0.276755,0.970
2026-09-22T09:17:10+08:00,2026-09-22T09:00:00+08:00,FB5624,2026-09-23 02:00,Walsall,Stevenage,Walsall,Stevenage FC,England ‐ Checkatrade Trophy,8,2.8460,3.4000,2.3600,0.328624,0.275078,0.396298,1.000
2026-09-22T09:17:10+08:00,2026-09-22T09:00:00+08:00,FB5625,2026-09-23 02:00,Gillingham,Cambridge Utd,Gillingham,Cambridge United,England ‐ Checkatrade Trophy,8,2.5400,3.6600,2.5100,0.369557,0.256469,0.373974,0.948
2026-09-22T09:17:10+08:00,2026-09-22T09:00:00+08:00,FB5626,2026-09-23 02:00,Chesterfield,Port Vale,Chesterfield,Port Vale,England ‐ Checkatrade Trophy,8,2.2200,3.8000,2.8000,0.420686,0.245769,0.333544,1.000
2026-09-22T09:17:10+08:00,2026-09-22T09:00:00+08:00,FB5627,2026-09-23 02:00,Cheltenham,Exeter City,Cheltenham,Exeter City,England ‐ Checkatrade Trophy,8,2.4000,3.5000,2.7600,0.391347,0.268352,0.340301,1.000
2026-09-22T09:17:10+08:00,2026-09-22T09:00:00+08:00,FB5628,2026-09-23 03:00,Juventus Women,Benfica Women,Juventus Women,Benfica Women,UEFA - Champions League Women,8,1.6810,4.2000,4.7500,0.570082,0.228169,0.201749,1.000
2026-09-22T09:17:10+08:00,2026-09-22T09:00:00+08:00,FB5629,2026-09-23 03:00,Real Madrid Women,Paris Saint Germain Women,Real Madrid Women,Paris Saint Germain Women,UEFA - Champions League Women,8,1.7800,3.8000,4.0800,0.525018,0.245930,0.229052,1.000
2026-09-22T09:17:10+08:00,2026-09-22T09:00:00+08:00,FB5630,2026-09-23 02:00,York City,Rotherham,York City,Rotherham United,England ‐ Checkatrade Trophy,8,2.1600,3.5500,3.1700,0.436712,0.265718,0.297570,0.970
2026-09-22T09:17:10+08:00,2026-09-22T09:00:00+08:00,FB5637,2026-09-24 00:45,OH Leuven Women,Roma Women,Oud-Heverlee Leuven Women,Res Roma Women,UEFA - Champions League Women,8,4.6400,4.5000,1.6500,0.206474,0.212897,0.580629,0.845
2026-09-22T14:22:56+08:00,2026-09-22T14:00:00+08:00,FB5588,2026-09-23 02:00,Swindon,Newport County,Swindon Town,Newport County,England ‐ Checkatrade Trophy,7,1.8200,3.8000,3.9050,0.514134,0.246243,0.239622,1.000
2026-09-22T14:22:56+08:00,2026-09-22T14:00:00+08:00,FB5589,2026-09-23 02:00,Milton Keynes Dons,Crawley Town,Milton Keynes Dons,Crawley Town,England ‐ Checkatrade Trophy,7,1.4750,4.7000,5.6300,0.634591,0.199153,0.166256,1.000
2026-09-22T14:22:56+08:00,2026-09-22T14:00:00+08:00,FB5590,2026-09-23 02:00,Notts County,Grimsby,Notts County,Grimsby Town,England ‐ Checkatrade Trophy,7,2.1600,3.8000,3.0950,0.441244,0.250812,0.307944,1.000
2026-09-22T14:22:56+08:00,2026-09-22T14:00:00+08:00,FB5591,2026-09-23 02:00,Wigan,Blackpool,Wigan Athletic,Blackpool,England ‐ Checkatrade Trophy,7,2.3000,3.5000,2.7500,0.401042,0.263542,0.335417,1.000
2026-09-22T14:22:56+08:00,2026-09-22T14:00:00+08:00,FB5592,2026-09-25 02:45,Liechtenstein,Lithuania,Liechtenstein,Lithuania,UEFA - Nations League,7,12.7500,4.9500,1.3300,0.075975,0.195693,0.728332,1.000
2026-09-22T14:22:56+08:00,2026-09-22T14:00:00+08:00,FB5593,2026-09-25 02:45,Portugal,Wales,Portugal,Wales,UEFA - Nations League,7,1.2450,6.2500,15.0000,0.779910,0.155358,0.064732,1.000
2026-09-22T14:22:56+08:00,2026-09-22T14:00:00+08:00,FB5594,2026-09-25 02:45,Norway,Denmark,Norway,Denmark,UEFA - Nations League,7,1.8100,4.0500,4.4950,0.540662,0.241629,0.217708,1.000
2026-09-22T14:22:56+08:00,2026-09-22T14:00:00+08:00,FB5595,2026-09-25 02:45,Serbia,Greece,Serbia,Greece,UEFA - Nations League,7,2.6940,3.3400,2.7600,0.359367,0.289860,0.350773,1.000
2026-09-22T14:22:56+08:00,2026-09-22T14:00:00+08:00,FB5596,2026-09-25 02:45,Netherlands,Germany,Netherlands,Germany,UEFA - Nations League,7,2.4050,3.8000,2.7600,0.399318,0.252726,0.347956,1.000
2026-09-22T14:22:56+08:00,2026-09-22T14:00:00+08:00,FB5597,2026-09-25 02:45,Kosovo,Republic of Ireland,Kosovo,Ireland,UEFA - Nations League,7,2.6590,3.3500,3.1250,0.378127,0.300132,0.321741,0.970
2026-09-22T14:22:56+08:00,2026-09-22T14:00:00+08:00,FB5598,2026-09-25 02:45,Austria,Israel,Austria,Israel,UEFA - Nations League,7,1.4400,5.1150,7.5090,0.678751,0.191085,0.130164,1.000
2026-09-22T14:22:56+08:00,2026-09-22T14:00:00+08:00,FB5602,2026-09-23 13:30,China AM,United Arab Emirates AM,China U23,United Arab Emirates U23,Asia - AFC - Asian Games U23,6,2.1100,3.2000,3.4500,0.440341,0.290350,0.269310,1.000
2026-09-22T14:22:56+08:00,2026-09-22T14:00:00+08:00,FB5604,2026-09-23 18:30,Japan AM,Thailand AM,Japan U23,Thailand U23,Asia - AFC - Asian Games U23,6,1.1670,7.0000,13.7500,0.798986,0.133202,0.067812,1.000
2026-09-22T14:22:56+08:00,2026-09-22T14:00:00+08:00,FB5605,2026-09-23 00:45,Inter Milan Women,Hacken Women,Inter Milan Women,BK Hacken Women,UEFA - Champions League Women,7,2.1600,3.5000,2.9000,0.423375,0.261283,0.315342,0.970
2026-09-22T14:22:56+08:00,2026-09-22T14:00:00+08:00,FB5606,2026-09-23 00:45,Bayern Munich Women,Manchester City Women,Bayern Munchen Women,Manchester City Women,UEFA - Champions League Women,7,2.1000,4.0000,2.8800,0.443623,0.232902,0.323475,0.962
2026-09-22T14:22:56+08:00,2026-09-22T14:00:00+08:00,FB5607,2026-09-23 07:27,Cobreloa,Coquimbo Unido,Cobreloa,Coquimbo Unido,Chile ‐ Cup,7,3.1050,3.3500,2.2900,0.304622,0.282343,0.413035,1.000
2026-09-22T14:22:56+08:00,2026-09-22T14:00:00+08:00,FB5608,2026-09-23 04:57,Puerto Montt,Deportivo Nublense,Deportes Puerto Montt,Nublense,Chile ‐ Cup,7,3.5000,3.2500,2.1500,0.269918,0.290681,0.439401,0.970
2026-09-22T14:22:56+08:00,2026-09-22T14:00:00+08:00,FB5609,2026-09-23 07:27,Audax Italiano,Colo Colo,Audax Italiano,Colo Colo,Chile ‐ Cup,7,4.4000,3.7500,1.7400,0.212672,0.249536,0.537792,1.000
2026-09-22T14:22:56+08:00,2026-09-22T14:00:00+08:00,FB5620,2026-09-23 02:00,Salford City,Sheff Wednesday,Salford City,Sheffield Wednesday,England ‐ Checkatrade Trophy,7,2.5070,3.7500,2.4000,0.368580,0.246408,0.385012,0.941
2026-09-22T14:22:56+08:00,2026-09-22T14:00:00+08:00,FB5621,2026-09-23 02:00,Oldham,Fleetwood,Oldham Athletic,Fleetwood Town,England ‐ Checkatrade Trophy,7,2.1320,3.8000,2.9900,0.439735,0.246715,0.313550,1.000
2026-09-22T14:22:56+08:00,2026-09-22T14:00:00+08:00,FB5622,2026-09-23 02:00,Peterborough,Colchester,Peterborough United,Colchester United,England ‐ Checkatrade Trophy,7,1.9000,3.8000,3.4750,0.488576,0.244288,0.267135,0.940
2026-09-22T14:22:56+08:00,2026-09-22T14:00:00+08:00,FB5623,2026-09-23 02:00,Tranmere,Shrewsbury,Tranmere Rovers,Shrewsbury Town,England ‐ Checkatrade Trophy,7,2.1320,3.2000,3.3000,0.432468,0.288132,0.279400,0.970
2026-09-22T14:22:56+08:00,2026-09-22T14:00:00+08:00,FB5624,2026-09-23 02:00,Walsall,Stevenage,Walsall,Stevenage FC,England ‐ Checkatrade Trophy,7,2.7000,3.3000,2.4000,0.339768,0.277992,0.382239,1.000
2026-09-22T14:22:56+08:00,2026-09-22T14:00:00+08:00,FB5625,2026-09-23 02:00,Gillingham,Cambridge Utd,Gillingham,Cambridge United,England ‐ Checkatrade Trophy,7,2.5400,3.5000,2.4800,0.363649,0.263905,0.372447,0.948
2026-09-22T14:22:56+08:00,2026-09-22T14:00:00+08:00,FB5626,2026-09-23 02:00,Chesterfield,Port Vale,Chesterfield,Port Vale,England ‐ Checkatrade Trophy,7,2.2380,3.8000,2.7820,0.417815,0.246071,0.336114,1.000
2026-09-22T14:22:56+08:00,2026-09-22T14:00:00+08:00,FB5627,2026-09-23 02:00,Cheltenham,Exeter City,Cheltenham,Exeter City,England ‐ Checkatrade Trophy,7,2.3340,3.4500,2.7530,0.396146,0.268001,0.335853,1.000
2026-09-22T14:22:56+08:00,2026-09-22T14:00:00+08:00,FB5628,2026-09-23 03:00,Juventus Women,Benfica Women,Juventus Women,Benfica Women,UEFA - Champions League Women,7,1.6810,4.0000,4.6400,0.560999,0.235760,0.203241,1.000
2026-09-22T14:22:56+08:00,2026-09-22T14:00:00+08:00,FB5629,2026-09-23 03:00,Real Madrid Women,Paris Saint Germain Women,Real Madrid Women,Paris Saint Germain Women,UEFA - Champions League Women,7,1.7300,3.8000,4.0450,0.531081,0.241782,0.227137,1.000
2026-09-22T14:22:56+08:00,2026-09-22T14:00:00+08:00,FB5630,2026-09-23 02:00,York City,Rotherham,York City,Rotherham United,England ‐ Checkatrade Trophy,7,2.0900,3.5000,3.1850,0.443785,0.265003,0.291212,0.970
2026-09-22T14:22:56+08:00,2026-09-22T14:00:00+08:00,FB5637,2026-09-24 00:45,OH Leuven Women,Roma Women,Oud-Heverlee Leuven Women,Res Roma Women,UEFA - Champions League Women,7,4.7350,4.5000,1.6500,0.203173,0.213783,0.583044,0.845
2026-09-22T23:46:54+08:00,2026-09-22T23:30:00+08:00,FB5588,2026-09-23 02:00,Swindon,Newport County,Swindon Town,Newport County,England ‐ Checkatrade Trophy,8,2.0170,3.8000,3.5970,0.478118,0.253780,0.268102,1.000
2026-09-22T23:46:54+08:00,2026-09-22T23:30:00+08:00,FB5589,2026-09-23 02:00,Milton Keynes Dons,Crawley Town,Milton Keynes Dons,Crawley Town,England ‐ Checkatrade Trophy,8,1.3220,5.7500,8.1000,0.717812,0.165034,0.117154,1.000
2026-09-22T23:46:54+08:00,2026-09-22T23:30:00+08:00,FB5590,2026-09-23 02:00,Notts County,Grimsby,Notts County,Grimsby Town,England ‐ Checkatrade Trophy,8,2.7500,3.6000,2.4090,0.344182,0.262917,0.392902,1.000
2026-09-22T23:46:54+08:00,2026-09-22T23:30:00+08:00,FB5591,2026-09-23 02:00,Wigan,Blackpool,Wigan Athletic,Blackpool,England ‐ Checkatrade Trophy,8,3.0000,3.8000,2.1360,0.313090,0.247176,0.439733,1.000
2026-09-22T23:46:54+08:00,2026-09-22T23:30:00+08:00,FB5605,2026-09-23 00:45,Inter Milan Women,Hacken Women,Inter Milan Women,BK Hacken Women,UEFA - Champions League Women,8,2.0400,3.6940,3.4060,0.464859,0.256717,0.278424,0.970
2026-09-22T23:46:54+08:00,2026-09-22T23:30:00+08:00,FB5606,2026-09-23 00:45,Bayern Munich Women,Manchester City Women,Bayern Munchen Women,Manchester City Women,UEFA - Champions League Women,8,1.9720,4.3330,3.2500,0.484994,0.220727,0.294279,0.962
2026-09-22T23:46:54+08:00,2026-09-22T23:30:00+08:00,FB5620,2026-09-23 02:00,Salford City,Sheff Wednesday,Salford City,Sheffield Wednesday,England ‐ Checkatrade Trophy,8,3.1240,4.0000,2.0650,0.303598,0.237110,0.459293,0.941
2026-09-22T23:46:54+08:00,2026-09-22T23:30:00+08:00,FB5621,2026-09-23 02:00,Oldham,Fleetwood,Oldham Athletic,Fleetwood Town,England ‐ Checkatrade Trophy,8,2.2500,4.0000,2.8520,0.425275,0.239217,0.335508,1.000
2026-09-22T23:46:54+08:00,2026-09-22T23:30:00+08:00,FB5622,2026-09-23 02:00,Peterborough,Colchester,Peterborough United,Colchester United,England ‐ Checkatrade Trophy,8,1.8960,4.0190,3.6600,0.502565,0.237090,0.260345,0.940
2026-09-22T23:46:54+08:00,2026-09-22T23:30:00+08:00,FB5623,2026-09-23 02:00,Tranmere,Shrewsbury,Tranmere Rovers,Shrewsbury Town,England ‐ Checkatrade Trophy,8,2.5300,3.2500,2.8430,0.374761,0.291737,0.333502,0.970
2026-09-22T23:46:54+08:00,2026-09-22T23:30:00+08:00,FB5624,2026-09-23 02:00,Walsall,Stevenage,Walsall,Stevenage FC,England ‐ Checkatrade Trophy,8,2.7670,3.3500,2.5100,0.341488,0.282059,0.376453,1.000
2026-09-22T23:46:54+08:00,2026-09-22T23:30:00+08:00,FB5625,2026-09-23 02:00,Gillingham,Cambridge Utd,Gillingham,Cambridge United,England ‐ Checkatrade Trophy,8,3.2800,3.8000,2.1020,0.292092,0.252122,0.455786,0.948
2026-09-22T23:46:54+08:00,2026-09-22T23:30:00+08:00,FB5626,2026-09-23 02:00,Chesterfield,Port Vale,Chesterfield,Port Vale,England ‐ Checkatrade Trophy,8,2.1490,3.7500,3.2500,0.447568,0.256486,0.295946,1.000
2026-09-22T23:46:54+08:00,2026-09-22T23:30:00+08:00,FB5627,2026-09-23 02:00,Cheltenham,Exeter City,Cheltenham,Exeter City,England ‐ Checkatrade Trophy,8,2.4100,3.4110,2.8300,0.390911,0.276193,0.332896,1.000
2026-09-22T23:46:54+08:00,2026-09-22T23:30:00+08:00,FB5628,2026-09-23 03:00,Juventus Women,Benfica Women,Juventus Women,Benfica Women,UEFA - Champions League Women,8,1.6000,4.5000,4.9350,0.595319,0.211669,0.193011,1.000
2026-09-22T23:46:54+08:00,2026-09-22T23:30:00+08:00,FB5629,2026-09-23 03:00,Real Madrid Women,Paris Saint Germain Women,Real Madrid Women,Paris Saint Germain Women,UEFA - Champions League Women,8,1.7000,4.2000,4.0400,0.547779,0.221720,0.230501,1.000
2026-09-22T23:46:54+08:00,2026-09-22T23:30:00+08:00,FB5630,2026-09-23 02:00,York City,Rotherham,York City,Rotherham United,England ‐ Checkatrade Trophy,8,2.1700,3.6500,3.1000,0.435821,0.259104,0.305075,0.970
2026-09-22T23:46:54+08:00,2026-09-22T23:30:00+08:00,FB5639,2026-09-23 03:00,Arsenal Women,HB Koge Women,Arsenal Women,Koge Women,UEFA - Champions League Women,8,1.0400,17.0000,55.0000,0.925853,0.056640,0.017507,0.970
2026-09-22T23:46:54+08:00,2026-09-22T23:30:00+08:00,FB5641,2026-09-23 01:15,Mesaimeer,Al Waab,Al Mesaimeer,Al Waab SC,Qatar ‐ Stars Cup,6,2.3000,3.3000,2.8940,0.401330,0.279715,0.318956,0.970
2026-09-22T23:46:54+08:00,2026-09-22T23:30:00+08:00,FB5642,2026-09-23 01:15,Muaither SC,Al Khor,Muaither SC,Al Khor,Qatar ‐ Stars Cup,7,1.9400,3.8500,3.2800,0.477245,0.240482,0.282273,1.000
2026-09-23T03:18:19+08:00,2026-09-23T03:00:00+08:00,FB5592,2026-09-25 02:45,Liechtenstein,Lithuania,Liechtenstein,Lithuania,UEFA - Nations League,7,12.6000,4.9100,1.3360,0.076939,0.197440,0.725621,1.000
2026-09-23T03:18:19+08:00,2026-09-23T03:00:00+08:00,FB5593,2026-09-25 02:45,Portugal,Wales,Portugal,Wales,UEFA - Nations League,7,1.2370,6.5200,15.5500,0.787852,0.149474,0.062674,1.000
2026-09-23T03:18:19+08:00,2026-09-23T03:00:00+08:00,FB5594,2026-09-25 02:45,Norway,Denmark,Norway,Denmark,UEFA - Nations League,7,1.7700,4.1700,4.6550,0.554110,0.235198,0.210693,1.000
2026-09-23T03:18:19+08:00,2026-09-23T03:00:00+08:00,FB5595,2026-09-25 02:45,Serbia,Greece,Serbia,Greece,UEFA - Nations League,7,2.6820,3.4000,2.8100,0.364528,0.287548,0.347923,1.000
2026-09-23T03:18:19+08:00,2026-09-23T03:00:00+08:00,FB5596,2026-09-25 02:45,Netherlands,Germany,Netherlands,Germany,UEFA - Nations League,7,2.4600,3.8900,2.7940,0.397955,0.251663,0.350382,1.000
2026-09-23T03:18:19+08:00,2026-09-23T03:00:00+08:00,FB5597,2026-09-25 02:45,Kosovo,Republic of Ireland,Kosovo,Ireland,UEFA - Nations League,7,2.4960,3.3500,3.2100,0.396409,0.295355,0.308236,0.970
2026-09-23T03:18:19+08:00,2026-09-23T03:00:00+08:00,FB5598,2026-09-25 02:45,Austria,Israel,Austria,Israel,UEFA - Nations League,7,1.4500,5.0800,7.3800,0.674805,0.192612,0.132584,1.000
2026-09-23T03:18:19+08:00,2026-09-23T03:00:00+08:00,FB5602,2026-09-23 13:30,China AM,United Arab Emirates AM,China U23,United Arab Emirates U23,Asia - AFC - Asian Games U23,6,1.9700,3.2500,4.1730,0.481177,0.291667,0.227155,1.000
2026-09-23T03:18:19+08:00,2026-09-23T03:00:00+08:00,FB5604,2026-09-23 18:30,Japan AM,Thailand AM,Japan U23,Thailand U23,Asia - AFC - Asian Games U23,6,1.1670,7.1100,14.7500,0.804341,0.132021,0.063638,1.000
2026-09-23T03:18:19+08:00,2026-09-23T03:00:00+08:00,FB5607,2026-09-23 07:27,Cobreloa,Coquimbo Unido,Cobreloa,Coquimbo Unido,Chile ‐ Cup,7,3.2300,3.3120,2.1700,0.288707,0.281559,0.429734,1.000
2026-09-23T03:18:19+08:00,2026-09-23T03:00:00+08:00,FB5608,2026-09-23 04:57,Puerto Montt,Deportivo Nublense,Deportes Puerto Montt,Nublense,Chile ‐ Cup,7,4.1800,3.3000,1.9600,0.227308,0.287923,0.484769,0.970
2026-09-23T03:18:19+08:00,2026-09-23T03:00:00+08:00,FB5609,2026-09-23 07:27,Audax Italiano,Colo Colo,Audax Italiano,Colo Colo,Chile ‐ Cup,7,4.3350,3.8000,1.7960,0.219564,0.250476,0.529960,1.000
2026-09-23T03:18:19+08:00,2026-09-23T03:00:00+08:00,FB5610,2026-09-23 16:00,Gamba Osaka,Tokushima Vortis,Gamba Osaka,Tokushima Vortis,Japan ‐ League Cup,4,1.6800,3.8500,4.7600,0.558876,0.243873,0.197250,1.000
2026-09-23T03:18:19+08:00,2026-09-23T03:00:00+08:00,FB5611,2026-09-23 16:00,Kyoto Sanga,Fujieda MYFC,Kyoto Sanga,Fujieda MYFC,Japan ‐ League Cup,4,1.7270,4.2000,4.6000,0.559714,0.230149,0.210136,1.000
2026-09-23T03:18:19+08:00,2026-09-23T03:00:00+08:00,FB5612,2026-09-23 16:00,Kashiwa Reysol,FC Imabari,Kashiwa Reysol,Imabari,Japan ‐ League Cup,4,1.1540,8.0000,16.2500,0.822866,0.118698,0.058436,1.000
2026-09-23T03:18:19+08:00,2026-09-23T03:00:00+08:00,FB5613,2026-09-23 16:00,Vissel Kobe,Sagan Tosu,Vissel Kobe,Sagan Tosu,Japan ‐ League Cup,4,1.4800,4.3330,6.1500,0.632025,0.215878,0.152097,1.000
2026-09-23T03:18:19+08:00,2026-09-23T03:00:00+08:00,FB5614,2026-09-23 16:00,Kashima Antlers,Ventforet Kofu,Kashima Antlers,Ventforet Kofu,Japan ‐ League Cup,4,1.2860,5.4000,11.2400,0.739338,0.176072,0.084590,1.000
2026-09-23T03:18:19+08:00,2026-09-23T03:00:00+08:00,FB5615,2026-09-23 16:00,Machida Zelvia,Tochigi City,Machida Zelvia,Tochigi UVA,Japan ‐ League Cup,4,1.4270,4.9500,6.6700,0.665679,0.191904,0.142417,1.000
2026-09-23T03:18:19+08:00,2026-09-23T03:00:00+08:00,FB5616,2026-09-25 02:00,Belgium U21,Belarus U21,Belgium U21,Belarus U21,UEFA - European Championship U21,1,1.2500,5.2500,10.0000,0.733624,0.174672,0.091703,1.000
2026-09-23T03:18:19+08:00,2026-09-23T03:00:00+08:00,FB5632,2026-09-24 04:57,Curico Unido,Deportes Concepcion,Curico Unido,CD Concepcion,Chile ‐ Cup,6,3.1200,3.2500,2.2800,0.300443,0.288425,0.411132,0.875
2026-09-23T03:18:19+08:00,2026-09-23T03:00:00+08:00,FB5633,2026-09-24 07:27,Iquique,Antofagasta,Deportes Iquique,CD Antofagasta,Chile ‐ Cup,6,2.6300,3.5000,2.5600,0.359871,0.270417,0.369711,0.970
2026-09-23T03:18:19+08:00,2026-09-23T03:00:00+08:00,FB5634,2026-09-24 07:27,Union La Calera,Universidad Catolica,Union La Calera,Universidad Catolica,Chile ‐ Cup,6,3.5400,3.4000,2.0500,0.265392,0.276320,0.458287,1.000
2026-09-23T03:18:19+08:00,2026-09-23T03:00:00+08:00,FB5637,2026-09-24 00:45,OH Leuven Women,Roma Women,Oud-Heverlee Leuven Women,Res Roma Women,UEFA - Champions League Women,7,4.5900,4.5000,1.6500,0.208254,0.212420,0.579326,0.845
2026-09-23T03:18:19+08:00,2026-09-23T03:00:00+08:00,FB5647,2026-09-24 06:57,CA Cerro,Deportivo Maldonado,CA Cerro,Deportivo Maldonado,Uruguay ‐ Cup,5,3.6800,3.1500,2.0290,0.251133,0.293387,0.455480,1.000
2026-09-23T03:18:19+08:00,2026-09-23T03:00:00+08:00,FB5648,2026-09-24 06:57,Montevideo Wanderers,Cerrito,Montevideo Wanderers,Cerrito CS,Uruguay ‐ Cup,5,1.7190,3.5000,4.6650,0.537741,0.264108,0.198151,0.970
2026-09-23T03:18:19+08:00,2026-09-23T03:00:00+08:00,FB5649,2026-09-24 02:27,Boston River,Fenix,CA Boston River,Centro Atletico Fenix,Uruguay ‐ Cup,5,2.0090,3.2500,3.5800,0.458857,0.283644,0.257498,0.940
2026-09-23T03:18:19+08:00,2026-09-23T03:00:00+08:00,FB5651,2026-09-24 09:30,Seattle Sounders,Real Salt Lake,Seattle Sounders,Real Salt Lake,USA ‐ Major League Soccer,7,1.8990,3.9400,3.9850,0.510590,0.246094,0.243315,1.000
2026-09-23T03:18:19+08:00,2026-09-23T03:00:00+08:00,FB5652,2026-09-23 13:00,Nojima Stella Sagamihara Women,Elfen Saitama Women,Nojima Stella Women,Elfen Saitama Women,Japan ‐ League Cup Women,6,2.0500,3.4000,3.2500,0.447686,0.269928,0.282386,0.888
2026-09-23T03:18:19+08:00,2026-09-23T03:00:00+08:00,FB5653,2026-09-23 17:00,Cerezo Osaka Women,Sanfrecce Hiroshima Women,Cerezo Osaka Women,Sanfrecce Hiroshima Women,Japan ‐ League Cup Women,6,3.9500,3.4000,1.8500,0.232726,0.270373,0.496901,1.000
2026-09-23T03:18:19+08:00,2026-09-23T03:00:00+08:00,FB5655,2026-09-23 15:00,JEF United Chiba Women,Kobe Leonessa Women,JEF United Ichihara Women,INAC Kobe Leonessa Women,Japan ‐ League Cup Women,6,3.9500,3.8500,1.9000,0.243610,0.249938,0.506452,0.917
2026-09-23T03:18:19+08:00,2026-09-23T03:00:00+08:00,FB5656,2026-09-23 15:00,Urawa Reds Women,Nagano Parceiro Women,Urawa Red Diamonds Women,Nagano Parceiro Women,Japan ‐ League Cup Women,6,1.2100,6.2000,11.7500,0.770333,0.150339,0.079328,0.900
2026-09-23T03:18:19+08:00,2026-09-23T03:00:00+08:00,FB5657,2026-09-24 00:00,Birmingham Legion,Brooklyn FC,Birmingham Legion,Brooklyn FC,USA ‐ USL League One,6,1.7900,4.1400,3.9750,0.531157,0.229655,0.239188,1.000
2026-09-23T03:18:19+08:00,2026-09-23T03:00:00+08:00,FB5658,2026-09-24 00:00,Azerbaijan,Tajikistan,Azerbaijan,Tajikistan,International - Friendlies,7,1.7980,3.9150,4.7850,0.544954,0.250275,0.204771,1.000
2026-09-23T03:18:19+08:00,2026-09-23T03:00:00+08:00,FB5659,2026-09-24 18:05,Japan,Uruguay,Japan,Uruguay,International - Friendlies,7,2.1730,3.4050,3.7450,0.450771,0.287673,0.261556,1.000
2026-09-23T03:18:19+08:00,2026-09-23T03:00:00+08:00,FB5662,2026-09-24 02:00,Everton Women,Birmingham Women,Everton Women,Birmingham City Women,England ‐ FA Cup Women,5,1.8700,3.7100,3.6350,0.495421,0.249713,0.254866,0.932
2026-09-23T03:18:19+08:00,2026-09-23T03:00:00+08:00,FB5663,2026-09-24 02:00,Tottenham Women,West Ham Women,Tottenham Hotspur Women,West Ham United Women,England ‐ FA Cup Women,5,1.2600,5.2600,8.6700,0.722088,0.172972,0.104940,0.795
2026-09-23T03:18:19+08:00,2026-09-23T03:00:00+08:00,FB5670,2026-09-24 02:00,Saudi Arabia,Kuwait,Saudi Arabia,Kuwait,Asia - Gulf Cup,4,1.3330,5.0000,8.2000,0.699711,0.186543,0.113746,1.000
2026-09-23T03:18:19+08:00,2026-09-23T03:00:00+08:00,FB5671,2026-09-23 22:30,Iraq,Oman,Iraq,Oman,Asia - Gulf Cup,4,1.9500,3.3000,3.7100,0.472475,0.279190,0.248336,1.000
2026-09-23T06:19:51+08:00,2026-09-23T06:00:00+08:00,FB5592,2026-09-25 02:45,Liechtenstein,Lithuania,Liechtenstein,Lithuania,UEFA - Nations League,7,12.6000,4.9100,1.3360,0.076939,0.197440,0.725621,1.000
2026-09-23T06:19:51+08:00,2026-09-23T06:00:00+08:00,FB5593,2026-09-25 02:45,Portugal,Wales,Portugal,Wales,UEFA - Nations League,7,1.2370,6.5200,15.5500,0.787852,0.149474,0.062674,1.000
2026-09-23T06:19:51+08:00,2026-09-23T06:00:00+08:00,FB5594,2026-09-25 02:45,Norway,Denmark,Norway,Denmark,UEFA - Nations League,7,1.7690,4.1700,4.6500,0.554124,0.235071,0.210805,1.000
2026-09-23T06:19:51+08:00,2026-09-23T06:00:00+08:00,FB5595,2026-09-25 02:45,Serbia,Greece,Serbia,Greece,UEFA - Nations League,7,2.6800,3.4000,2.8200,0.365151,0.287825,0.347023,1.000
2026-09-23T06:19:51+08:00,2026-09-23T06:00:00+08:00,FB5596,2026-09-25 02:45,Netherlands,Germany,Netherlands,Germany,UEFA - Nations League,7,2.4660,3.8900,2.7940,0.397371,0.251907,0.350722,1.000
2026-09-23T06:19:51+08:00,2026-09-23T06:00:00+08:00,FB5597,2026-09-25 02:45,Kosovo,Republic of Ireland,Kosovo,Ireland,UEFA - Nations League,7,2.4900,3.1750,3.1950,0.390077,0.305919,0.304004,0.970
2026-09-23T06:19:51+08:00,2026-09-23T06:00:00+08:00,FB5598,2026-09-25 02:45,Austria,Israel,Austria,Israel,UEFA - Nations League,7,1.4400,5.0800,7.3800,0.676322,0.191713,0.131965,1.000
2026-09-23T06:19:51+08:00,2026-09-23T06:00:00+08:00,FB5602,2026-09-23 13:30,China AM,United Arab Emirates AM,China U23,United Arab Emirates U23,Asia - AFC - Asian Games U23,6,1.9680,3.2500,4.0900,0.479223,0.290188,0.230589,1.000
2026-09-23T06:19:51+08:00,2026-09-23T06:00:00+08:00,FB5604,2026-09-23 18:30,Japan AM,Thailand AM,Japan U23,Thailand U23,Asia - AFC - Asian Games U23,6,1.1430,7.5000,15.0000,0.813935,0.124044,0.062022,1.000
2026-09-23T06:19:51+08:00,2026-09-23T06:00:00+08:00,FB5607,2026-09-23 07:27,Cobreloa,Coquimbo Unido,Cobreloa,Coquimbo Unido,Chile ‐ Cup,7,3.9500,3.6200,1.9100,0.240430,0.262347,0.497223,1.000
2026-09-23T06:19:51+08:00,2026-09-23T06:00:00+08:00,FB5609,2026-09-23 07:27,Audax Italiano,Colo Colo,Audax Italiano,Colo Colo,Chile ‐ Cup,7,3.4400,3.8000,2.1420,0.284800,0.257819,0.457382,1.000
2026-09-23T06:19:51+08:00,2026-09-23T06:00:00+08:00,FB5610,2026-09-23 16:00,Gamba Osaka,Tokushima Vortis,Gamba Osaka,Tokushima Vortis,Japan ‐ League Cup,6,1.7040,3.8500,4.8700,0.557882,0.246917,0.195201,1.000
2026-09-23T06:19:51+08:00,2026-09-23T06:00:00+08:00,FB5611,2026-09-23 16:00,Kyoto Sanga,Fujieda MYFC,Kyoto Sanga,Fujieda MYFC,Japan ‐ League Cup,6,1.7180,4.2300,4.6000,0.561916,0.228220,0.209863,1.000
2026-09-23T06:19:51+08:00,2026-09-23T06:00:00+08:00,FB5612,2026-09-23 16:00,Kashiwa Reysol,FC Imabari,Kashiwa Reysol,Imabari,Japan ‐ League Cup,6,1.1700,7.5300,15.7500,0.813230,0.126358,0.060411,1.000
2026-09-23T06:19:51+08:00,2026-09-23T06:00:00+08:00,FB5613,2026-09-23 16:00,Vissel Kobe,Sagan Tosu,Vissel Kobe,Sagan Tosu,Japan ‐ League Cup,6,1.4990,4.4000,6.5820,0.637583,0.217213,0.145205,1.000
2026-09-23T06:19:51+08:00,2026-09-23T06:00:00+08:00,FB5614,2026-09-23 16:00,Kashima Antlers,Ventforet Kofu,Kashima Antlers,Ventforet Kofu,Japan ‐ League Cup,6,1.3160,5.3000,11.3700,0.733114,0.182033,0.084853,1.000
2026-09-23T06:19:51+08:00,2026-09-23T06:00:00+08:00,FB5615,2026-09-23 16:00,Machida Zelvia,Tochigi City,Machida Zelvia,Tochigi UVA,Japan ‐ League Cup,6,1.4360,5.0000,6.7160,0.666215,0.191337,0.142449,1.000
2026-09-23T06:19:51+08:00,2026-09-23T06:00:00+08:00,FB5616,2026-09-25 02:00,Belgium U21,Belarus U21,Belgium U21,Belarus U21,UEFA - European Championship U21,3,1.1910,5.7500,16.0000,0.780294,0.161623,0.058083,1.000
2026-09-23T06:19:51+08:00,2026-09-23T06:00:00+08:00,FB5632,2026-09-24 04:57,Curico Unido,Deportes Concepcion,Curico Unido,CD Concepcion,Chile ‐ Cup,6,3.1200,3.2500,2.2800,0.300443,0.288425,0.411132,0.875
2026-09-23T06:19:51+08:00,2026-09-23T06:00:00+08:00,FB5633,2026-09-24 07:27,Iquique,Antofagasta,Deportes Iquique,CD Antofagasta,Chile ‐ Cup,6,2.6300,3.4500,2.5600,0.358466,0.273266,0.368268,0.970
2026-09-23T06:19:51+08:00,2026-09-23T06:00:00+08:00,FB5634,2026-09-24 07:27,Union La Calera,Universidad Catolica,Union La Calera,Universidad Catolica,Chile ‐ Cup,6,3.5200,3.4000,2.0400,0.265902,0.275287,0.458811,1.000
2026-09-23T06:19:51+08:00,2026-09-23T06:00:00+08:00,FB5637,2026-09-24 00:45,OH Leuven Women,Roma Women,Oud-Heverlee Leuven Women,Res Roma Women,UEFA - Champions League Women,7,4.6260,4.5000,1.6500,0.206969,0.212764,0.580266,0.845
2026-09-23T06:19:51+08:00,2026-09-23T06:00:00+08:00,FB5647,2026-09-24 06:57,CA Cerro,Deportivo Maldonado,CA Cerro,Deportivo Maldonado,Uruguay ‐ Cup,5,3.6800,3.1500,2.0290,0.251133,0.293387,0.455480,1.000
2026-09-23T06:19:51+08:00,2026-09-23T06:00:00+08:00,FB5648,2026-09-24 06:57,Montevideo Wanderers,Cerrito,Montevideo Wanderers,Cerrito CS,Uruguay ‐ Cup,5,1.7190,3.5000,4.6650,0.537741,0.264108,0.198151,0.970
2026-09-23T06:19:51+08:00,2026-09-23T06:00:00+08:00,FB5649,2026-09-24 02:27,Boston River,Fenix,CA Boston River,Centro Atletico Fenix,Uruguay ‐ Cup,5,2.0090,3.2500,3.5800,0.458857,0.283644,0.257498,0.940
2026-09-23T06:19:51+08:00,2026-09-23T06:00:00+08:00,FB5651,2026-09-24 09:30,Seattle Sounders,Real Salt Lake,Seattle Sounders,Real Salt Lake,USA ‐ Major League Soccer,7,1.9090,3.9000,3.9850,0.507992,0.248656,0.243352,1.000
2026-09-23T06:19:51+08:00,2026-09-23T06:00:00+08:00,FB5652,2026-09-23 13:00,Nojima Stella Sagamihara Women,Elfen Saitama Women,Nojima Stella Women,Elfen Saitama Women,Japan ‐ League Cup Women,6,2.0500,3.4000,3.2500,0.447686,0.269928,0.282386,0.888
2026-09-23T06:19:51+08:00,2026-09-23T06:00:00+08:00,FB5653,2026-09-23 17:00,Cerezo Osaka Women,Sanfrecce Hiroshima Women,Cerezo Osaka Women,Sanfrecce Hiroshima Women,Japan ‐ League Cup Women,6,3.5150,3.2500,2.0500,0.263423,0.284902,0.451674,1.000
2026-09-23T06:19:51+08:00,2026-09-23T06:00:00+08:00,FB5655,2026-09-23 15:00,JEF United Chiba Women,Kobe Leonessa Women,JEF United Ichihara Women,INAC Kobe Leonessa Women,Japan ‐ League Cup Women,6,3.5300,3.5500,1.9500,0.262838,0.261357,0.475804,0.917
2026-09-23T06:19:51+08:00,2026-09-23T06:00:00+08:00,FB5656,2026-09-23 15:00,Urawa Reds Women,Nagano Parceiro Women,Urawa Red Diamonds Women,Nagano Parceiro Women,Japan ‐ League Cup Women,6,1.3000,5.3000,8.9000,0.718726,0.176291,0.104982,0.900
2026-09-23T06:19:51+08:00,2026-09-23T06:00:00+08:00,FB5657,2026-09-24 00:00,Birmingham Legion,Brooklyn FC,Birmingham Legion,Brooklyn FC,USA ‐ USL League One,6,1.7900,4.1400,4.0130,0.532363,0.230176,0.237461,1.000
2026-09-23T06:19:51+08:00,2026-09-23T06:00:00+08:00,FB5658,2026-09-24 00:00,Azerbaijan,Tajikistan,Azerbaijan,Tajikistan,International - Friendlies,7,1.8090,3.8950,4.7350,0.541568,0.251527,0.206905,1.000
2026-09-23T06:19:51+08:00,2026-09-23T06:00:00+08:00,FB5659,2026-09-24 18:05,Japan,Uruguay,Japan,Uruguay,International - Friendlies,7,2.1180,3.4250,3.8950,0.462499,0.286006,0.251495,1.000
2026-09-23T06:19:51+08:00,2026-09-23T06:00:00+08:00,FB5661,2026-09-24 19:35,China,Maldives,China,Maldives,International - Friendlies,2,1.0220,29.0000,100.0000,0.956515,0.033709,0.009776,1.000
2026-09-23T06:19:51+08:00,2026-09-23T06:00:00+08:00,FB5662,2026-09-24 02:00,Everton Women,Birmingham Women,Everton Women,Birmingham City Women,England ‐ FA Cup Women,5,1.8700,3.7100,3.6350,0.495421,0.249713,0.254866,0.932
2026-09-23T06:19:51+08:00,2026-09-23T06:00:00+08:00,FB5663,2026-09-24 02:00,Tottenham Women,West Ham Women,Tottenham Hotspur Women,West Ham United Women,England ‐ FA Cup Women,5,1.2600,5.2600,8.6700,0.722088,0.172972,0.104940,0.795
2026-09-23T06:19:51+08:00,2026-09-23T06:00:00+08:00,FB5670,2026-09-24 02:00,Saudi Arabia,Kuwait,Saudi Arabia,Kuwait,Asia - Gulf Cup,4,1.2860,5.5000,9.2000,0.728014,0.170223,0.101764,1.000
2026-09-23T06:19:51+08:00,2026-09-23T06:00:00+08:00,FB5671,2026-09-23 22:30,Iraq,Oman,Iraq,Oman,Asia - Gulf Cup,4,1.9500,3.3000,3.7500,0.473730,0.279931,0.246339,1.000
2026-09-23T13:18:13+08:00,2026-09-23T13:00:00+08:00,FB5592,2026-09-25 02:45,Liechtenstein,Lithuania,Liechtenstein,Lithuania,UEFA - Nations League,7,12.6000,4.9100,1.3360,0.076939,0.197440,0.725621,1.000
2026-09-23T13:18:13+08:00,2026-09-23T13:00:00+08:00,FB5593,2026-09-25 02:45,Portugal,Wales,Portugal,Wales,UEFA - Nations League,7,1.2350,6.5800,15.5900,0.789324,0.148148,0.062528,1.000
2026-09-23T13:18:13+08:00,2026-09-23T13:00:00+08:00,FB5594,2026-09-25 02:45,Norway,Denmark,Norway,Denmark,UEFA - Nations League,7,1.7810,4.1200,4.5950,0.549488,0.237533,0.212979,1.000
2026-09-23T13:18:13+08:00,2026-09-23T13:00:00+08:00,FB5595,2026-09-25 02:45,Serbia,Greece,Serbia,Greece,UEFA - Nations League,7,2.6900,3.4000,2.8060,0.363658,0.287718,0.348624,1.000
2026-09-23T13:18:13+08:00,2026-09-23T13:00:00+08:00,FB5596,2026-09-25 02:45,Netherlands,Germany,Netherlands,Germany,UEFA - Nations League,7,2.4900,3.8700,2.7940,0.394539,0.253850,0.351611,1.000
2026-09-23T13:18:13+08:00,2026-09-23T13:00:00+08:00,FB5597,2026-09-25 02:45,Kosovo,Republic of Ireland,Kosovo,Ireland,UEFA - Nations League,7,2.5000,3.2000,3.1950,0.390058,0.304733,0.305210,0.970
2026-09-23T13:18:13+08:00,2026-09-23T13:00:00+08:00,FB5598,2026-09-25 02:45,Austria,Israel,Austria,Israel,UEFA - Nations League,7,1.4400,5.0800,7.3800,0.676322,0.191713,0.131965,1.000
2026-09-23T13:18:13+08:00,2026-09-23T13:00:00+08:00,FB5602,2026-09-23 13:30,China AM,United Arab Emirates AM,China U23,United Arab Emirates U23,Asia - AFC - Asian Games U23,6,2.1100,3.2000,3.7500,0.450037,0.296743,0.253221,1.000
2026-09-23T13:18:13+08:00,2026-09-23T13:00:00+08:00,FB5604,2026-09-23 18:30,Japan AM,Thailand AM,Japan U23,Thailand U23,Asia - AFC - Asian Games U23,6,1.1110,8.0680,19.0000,0.835996,0.115120,0.048884,1.000
2026-09-23T13:18:13+08:00,2026-09-23T13:00:00+08:00,FB5610,2026-09-23 16:00,Gamba Osaka,Tokushima Vortis,Gamba Osaka,Tokushima Vortis,Japan ‐ League Cup,7,1.6280,4.0000,5.5040,0.587273,0.239020,0.173707,1.000
2026-09-23T13:18:13+08:00,2026-09-23T13:00:00+08:00,FB5611,2026-09-23 16:00,Kyoto Sanga,Fujieda MYFC,Kyoto Sanga,Fujieda MYFC,Japan ‐ League Cup,7,1.6670,4.3400,4.9030,0.580014,0.222784,0.197202,1.000
2026-09-23T13:18:13+08:00,2026-09-23T13:00:00+08:00,FB5612,2026-09-23 16:00,Kashiwa Reysol,FC Imabari,Kashiwa Reysol,Imabari,Japan ‐ League Cup,7,1.1990,7.1400,13.5000,0.795708,0.133621,0.070671,1.000
2026-09-23T13:18:13+08:00,2026-09-23T13:00:00+08:00,FB5613,2026-09-23 16:00,Vissel Kobe,Sagan Tosu,Vissel Kobe,Sagan Tosu,Japan ‐ League Cup,7,1.5000,4.3330,6.8720,0.639199,0.221278,0.139523,1.000
2026-09-23T13:18:13+08:00,2026-09-23T13:00:00+08:00,FB5614,2026-09-23 16:00,Kashima Antlers,Ventforet Kofu,Kashima Antlers,Ventforet Kofu,Japan ‐ League Cup,7,1.3000,5.4530,11.8800,0.741934,0.176878,0.081188,1.000
2026-09-23T13:18:13+08:00,2026-09-23T13:00:00+08:00,FB5615,2026-09-23 16:00,Machida Zelvia,Tochigi City,Machida Zelvia,Tochigi UVA,Japan ‐ League Cup,7,1.4000,5.1200,7.4270,0.684023,0.187038,0.128939,1.000
2026-09-23T13:18:13+08:00,2026-09-23T13:00:00+08:00,FB5616,2026-09-25 02:00,Belgium U21,Belarus U21,Belgium U21,Belarus U21,UEFA - European Championship U21,3,1.1830,5.7500,17.0000,0.784112,0.161323,0.054565,1.000
2026-09-23T13:18:13+08:00,2026-09-23T13:00:00+08:00,FB5632,2026-09-24 04:57,Curico Unido,Deportes Concepcion,Curico Unido,CD Concepcion,Chile ‐ Cup,7,3.1200,3.3000,2.2800,0.301761,0.285302,0.412937,0.875
2026-09-23T13:18:13+08:00,2026-09-23T13:00:00+08:00,FB5633,2026-09-24 07:27,Iquique,Antofagasta,Deportes Iquique,CD Antofagasta,Chile ‐ Cup,7,2.6300,3.2500,2.5600,0.352538,0.285285,0.362178,0.970
2026-09-23T13:18:13+08:00,2026-09-23T13:00:00+08:00,FB5634,2026-09-24 07:27,Union La Calera,Universidad Catolica,Union La Calera,Universidad Catolica,Chile ‐ Cup,7,3.5200,3.3000,2.0400,0.263702,0.281282,0.455016,1.000
2026-09-23T13:18:13+08:00,2026-09-23T13:00:00+08:00,FB5636,2026-09-25 07:27,Everton VM,Universidad Chile,Everton Vina del Mar,Universidad de Chile,Chile ‐ Cup,5,2.8060,3.2600,2.4000,0.330044,0.284080,0.385876,0.793
2026-09-23T13:18:13+08:00,2026-09-23T13:00:00+08:00,FB5637,2026-09-24 00:45,OH Leuven Women,Roma Women,Oud-Heverlee Leuven Women,Res Roma Women,UEFA - Champions League Women,7,4.4900,4.2100,1.6770,0.210797,0.224816,0.564387,0.845
2026-09-23T13:18:13+08:00,2026-09-23T13:00:00+08:00,FB5647,2026-09-24 06:57,CA Cerro,Deportivo Maldonado,CA Cerro,Deportivo Maldonado,Uruguay ‐ Cup,5,3.7940,3.1500,2.0390,0.245993,0.296285,0.457723,1.000
2026-09-23T13:18:13+08:00,2026-09-23T13:00:00+08:00,FB5648,2026-09-24 06:57,Montevideo Wanderers,Cerrito,Montevideo Wanderers,Cerrito CS,Uruguay ‐ Cup,5,1.8770,3.3500,4.0600,0.494410,0.277017,0.228573,0.970
2026-09-23T13:18:13+08:00,2026-09-23T13:00:00+08:00,FB5649,2026-09-24 02:27,Boston River,Fenix,CA Boston River,Centro Atletico Fenix,Uruguay ‐ Cup,5,1.9500,3.2500,3.8850,0.475753,0.285452,0.238795,0.940
2026-09-23T13:18:13+08:00,2026-09-23T13:00:00+08:00,FB5651,2026-09-24 09:30,Seattle Sounders,Real Salt Lake,Seattle Sounders,Real Salt Lake,USA ‐ Major League Soccer,7,1.9090,3.9000,4.0190,0.509040,0.249169,0.241791,1.000
2026-09-23T13:18:13+08:00,2026-09-23T13:00:00+08:00,FB5653,2026-09-23 17:00,Cerezo Osaka Women,Sanfrecce Hiroshima Women,Cerezo Osaka Women,Sanfrecce Hiroshima Women,Japan ‐ League Cup Women,7,3.4550,3.2500,2.0900,0.269093,0.286067,0.444840,1.000
2026-09-23T13:18:13+08:00,2026-09-23T13:00:00+08:00,FB5655,2026-09-23 15:00,JEF United Chiba Women,Kobe Leonessa Women,JEF United Ichihara Women,INAC Kobe Leonessa Women,Japan ‐ League Cup Women,7,3.3700,3.6500,1.9600,0.274523,0.253464,0.472012,0.917
2026-09-23T13:18:13+08:00,2026-09-23T13:00:00+08:00,FB5656,2026-09-23 15:00,Urawa Reds Women,Nagano Parceiro Women,Urawa Red Diamonds Women,Nagano Parceiro Women,Japan ‐ League Cup Women,7,1.3420,5.2500,8.3500,0.706046,0.180479,0.113475,0.900
2026-09-23T13:18:13+08:00,2026-09-23T13:00:00+08:00,FB5657,2026-09-24 00:00,Birmingham Legion,Brooklyn FC,Birmingham Legion,Brooklyn FC,USA ‐ USL League One,6,1.7810,4.1700,4.0450,0.535505,0.228713,0.235781,1.000
2026-09-23T13:18:13+08:00,2026-09-23T13:00:00+08:00,FB5658,2026-09-24 00:00,Azerbaijan,Tajikistan,Azerbaijan,Tajikistan,International - Friendlies,7,1.8090,3.8950,4.7350,0.541568,0.251527,0.206905,1.000
2026-09-23T13:18:13+08:00,2026-09-23T13:00:00+08:00,FB5659,2026-09-24 18:05,Japan,Uruguay,Japan,Uruguay,International - Friendlies,7,2.1090,3.4500,3.8950,0.464518,0.283962,0.251520,1.000
2026-09-23T13:18:13+08:00,2026-09-23T13:00:00+08:00,FB5661,2026-09-24 19:35,China,Maldives,China,Maldives,International - Friendlies,2,1.0010,51.0000,81.0000,0.969006,0.019019,0.011975,1.000
2026-09-23T13:18:13+08:00,2026-09-23T13:00:00+08:00,FB5662,2026-09-24 02:00,Everton Women,Birmingham Women,Everton Women,Birmingham City Women,England ‐ FA Cup Women,5,1.8200,3.8500,3.9200,0.516259,0.244050,0.239692,0.932
2026-09-23T13:18:13+08:00,2026-09-23T13:00:00+08:00,FB5663,2026-09-24 02:00,Tottenham Women,West Ham Women,Tottenham Hotspur Women,West Ham United Women,England ‐ FA Cup Women,5,1.2600,5.2600,8.6700,0.722088,0.172972,0.104940,0.795
2026-09-23T13:18:13+08:00,2026-09-23T13:00:00+08:00,FB5670,2026-09-24 02:00,Saudi Arabia,Kuwait,Saudi Arabia,Kuwait,Asia - Gulf Cup,4,1.2860,5.5000,9.8500,0.732935,0.171374,0.095691,1.000
2026-09-23T13:18:13+08:00,2026-09-23T13:00:00+08:00,FB5671,2026-09-23 22:30,Iraq,Oman,Iraq,Oman,Asia - Gulf Cup,4,1.9500,3.3000,3.8800,0.477672,0.282261,0.240067,1.000
2026-09-23T13:18:13+08:00,2026-09-23T13:00:00+08:00,FB5673,2026-09-25 09:00,Mineros Zacatecas,Piratas FC,Mineros de Zacatecas,Piratas de Veracruz FC,Mexico ‐ Liga de Expansion,5,3.1750,3.4000,2.1500,0.293206,0.273803,0.432991,0.929
2026-09-23T13:18:13+08:00,2026-09-23T13:00:00+08:00,FB5674,2026-09-25 09:00,Oaxaca,Atletico La Paz,Alebrijes de Oaxaca,CA La Paz,Mexico ‐ Liga de Expansion,5,3.2000,3.7500,2.0000,0.289575,0.247104,0.463320,0.833
2026-09-23T18:08:07+08:00,2026-09-23T18:00:00+08:00,FB5592,2026-09-25 02:45,Liechtenstein,Lithuania,Liechtenstein,Lithuania,UEFA - Nations League,7,12.6000,4.9100,1.3360,0.076939,0.197440,0.725621,1.000
2026-09-23T18:08:07+08:00,2026-09-23T18:00:00+08:00,FB5593,2026-09-25 02:45,Portugal,Wales,Portugal,Wales,UEFA - Nations League,7,1.2350,6.6000,15.5900,0.789678,0.147766,0.062556,1.000
2026-09-23T18:08:07+08:00,2026-09-23T18:00:00+08:00,FB5594,2026-09-25 02:45,Norway,Denmark,Norway,Denmark,UEFA - Nations League,7,1.7800,4.2200,4.5950,0.552737,0.233145,0.214118,1.000
2026-09-23T18:08:07+08:00,2026-09-23T18:00:00+08:00,FB5595,2026-09-25 02:45,Serbia,Greece,Serbia,Greece,UEFA - Nations League,7,2.7410,3.4000,2.7610,0.357279,0.288030,0.354691,1.000
2026-09-23T18:08:07+08:00,2026-09-23T18:00:00+08:00,FB5596,2026-09-25 02:45,Netherlands,Germany,Netherlands,Germany,UEFA - Nations League,7,2.4910,3.8800,2.7940,0.394701,0.253402,0.351897,1.000
2026-09-23T18:08:07+08:00,2026-09-23T18:00:00+08:00,FB5597,2026-09-25 02:45,Kosovo,Republic of Ireland,Kosovo,Ireland,UEFA - Nations League,7,2.4900,3.1750,3.1950,0.390077,0.305919,0.304004,1.000
2026-09-23T18:08:07+08:00,2026-09-23T18:00:00+08:00,FB5598,2026-09-25 02:45,Austria,Israel,Austria,Israel,UEFA - Nations League,7,1.4400,5.1100,7.5500,0.679104,0.191372,0.129524,1.000
2026-09-23T18:08:07+08:00,2026-09-23T18:00:00+08:00,FB5604,2026-09-23 18:30,Japan AM,Thailand AM,Japan U23,Thailand U23,Asia - AFC - Asian Games U23,6,1.0910,11.0000,17.0000,0.859580,0.085255,0.055165,1.000
2026-09-23T18:08:07+08:00,2026-09-23T18:00:00+08:00,FB5616,2026-09-25 02:00,Belgium U21,Belarus U21,Belgium U21,Belarus U21,UEFA - European Championship U21,4,1.2010,5.5000,16.2500,0.773831,0.168977,0.057192,1.000
2026-09-23T18:08:07+08:00,2026-09-23T18:00:00+08:00,FB5632,2026-09-24 04:57,Curico Unido,Deportes Concepcion,Curico Unido,CD Concepcion,Chile ‐ Cup,7,3.1600,3.1500,2.2800,0.295060,0.295997,0.408943,0.875
2026-09-23T18:08:07+08:00,2026-09-23T18:00:00+08:00,FB5633,2026-09-24 07:27,Iquique,Antofagasta,Deportes Iquique,CD Antofagasta,Chile ‐ Cup,7,2.6000,3.2500,2.6730,0.360661,0.288528,0.350811,0.970
2026-09-23T18:08:07+08:00,2026-09-23T18:00:00+08:00,FB5634,2026-09-24 07:27,Union La Calera,Universidad Catolica,Union La Calera,Universidad Catolica,Chile ‐ Cup,7,3.5200,3.3000,2.0800,0.266030,0.283765,0.450205,1.000
2026-09-23T18:08:07+08:00,2026-09-23T18:00:00+08:00,FB5635,2026-09-25 04:57,O'Higgins,Deportes Santa Cruz,O'Higgins,Deportes Santa Cruz,Chile ‐ Cup,2,1.6000,4.0000,4.7650,0.576109,0.230444,0.193447,1.000
2026-09-23T18:08:07+08:00,2026-09-23T18:00:00+08:00,FB5636,2026-09-25 07:27,Everton VM,Universidad Chile,Everton Vina del Mar,Universidad de Chile,Chile ‐ Cup,5,2.8260,3.2500,2.4100,0.328715,0.285830,0.385455,0.793
2026-09-23T18:08:07+08:00,2026-09-23T18:00:00+08:00,FB5637,2026-09-24 00:45,OH Leuven Women,Roma Women,Oud-Heverlee Leuven Women,Res Roma Women,UEFA - Champions League Women,7,4.7140,4.3330,1.6500,0.202229,0.220011,0.577761,0.845
2026-09-23T18:08:07+08:00,2026-09-23T18:00:00+08:00,FB5647,2026-09-24 06:57,CA Cerro,Deportivo Maldonado,CA Cerro,Deportivo Maldonado,Uruguay ‐ Cup,5,3.7940,3.1500,2.0390,0.245993,0.296285,0.457723,1.000
2026-09-23T18:08:07+08:00,2026-09-23T18:00:00+08:00,FB5648,2026-09-24 06:57,Montevideo Wanderers,Cerrito,Montevideo Wanderers,Cerrito CS,Uruguay ‐ Cup,5,1.8100,3.4000,4.3600,0.513481,0.273353,0.213165,0.970
2026-09-23T18:08:07+08:00,2026-09-23T18:00:00+08:00,FB5649,2026-09-24 02:27,Boston River,Fenix,CA Boston River,Centro Atletico Fenix,Uruguay ‐ Cup,5,1.9500,3.2500,4.0060,0.479210,0.287526,0.233265,0.940
2026-09-23T18:08:07+08:00,2026-09-23T18:00:00+08:00,FB5651,2026-09-24 09:30,Seattle Sounders,Real Salt Lake,Seattle Sounders,Real Salt Lake,USA ‐ Major League Soccer,7,1.8570,4.0050,4.1700,0.523836,0.242887,0.233277,1.000
2026-09-23T18:08:07+08:00,2026-09-23T18:00:00+08:00,FB5657,2026-09-24 00:00,Birmingham Legion,Brooklyn FC,Birmingham Legion,Brooklyn FC,USA ‐ USL League One,6,1.7000,4.3590,4.3820,0.562446,0.219353,0.218201,1.000
2026-09-23T18:08:07+08:00,2026-09-23T18:00:00+08:00,FB5658,2026-09-24 00:00,Azerbaijan,Tajikistan,Azerbaijan,Tajikistan,International - Friendlies,7,1.8070,3.9100,4.7300,0.542247,0.250599,0.207154,1.000
2026-09-23T18:08:07+08:00,2026-09-23T18:00:00+08:00,FB5659,2026-09-24 18:05,Japan,Uruguay,Japan,Uruguay,International - Friendlies,7,2.0960,3.4550,3.9350,0.467440,0.283576,0.248984,1.000
2026-09-23T18:08:07+08:00,2026-09-23T18:00:00+08:00,FB5661,2026-09-24 19:35,China,Maldives,China,Maldives,International - Friendlies,4,1.0440,51.0000,81.0000,0.967717,0.019810,0.012473,1.000
2026-09-23T18:08:07+08:00,2026-09-23T18:00:00+08:00,FB5662,2026-09-24 02:00,Everton Women,Birmingham Women,Everton Women,Birmingham City Women,England ‐ FA Cup Women,7,1.9290,3.7500,3.5020,0.484208,0.249077,0.266715,0.932
2026-09-23T18:08:07+08:00,2026-09-23T18:00:00+08:00,FB5663,2026-09-24 02:00,Tottenham Women,West Ham Women,Tottenham Hotspur Women,West Ham United Women,England ‐ FA Cup Women,7,1.2700,5.5000,8.5590,0.725010,0.167411,0.107578,0.795
2026-09-23T18:08:07+08:00,2026-09-23T18:00:00+08:00,FB5664,2026-09-23 22:40,Al Bataeh,FC Palm City,Al Bataeh,Palm City FC,United Arab Emirates ‐ President Cup,1,1.5700,4.9000,3.8450,0.578459,0.185343,0.236198,1.000
2026-09-23T18:08:07+08:00,2026-09-23T18:00:00+08:00,FB5670,2026-09-24 02:00,Saudi Arabia,Kuwait,Saudi Arabia,Kuwait,Asia - Gulf Cup,7,1.3270,6.0300,11.0000,0.745878,0.164143,0.089980,1.000
2026-09-23T18:08:07+08:00,2026-09-23T18:00:00+08:00,FB5671,2026-09-23 22:30,Iraq,Oman,Iraq,Oman,Asia - Gulf Cup,7,1.7950,3.4400,5.4900,0.540903,0.282244,0.176853,1.000
2026-09-23T18:08:07+08:00,2026-09-23T18:00:00+08:00,FB5673,2026-09-25 09:00,Mineros Zacatecas,Piratas FC,Mineros de Zacatecas,Piratas de Veracruz FC,Mexico ‐ Liga de Expansion,5,3.1550,3.5000,2.1500,0.296835,0.267576,0.435589,0.929
2026-09-23T18:08:07+08:00,2026-09-23T18:00:00+08:00,FB5674,2026-09-25 09:00,Oaxaca,Atletico La Paz,Alebrijes de Oaxaca,CA La Paz,Mexico ‐ Liga de Expansion,5,3.2000,3.7500,2.0500,0.292885,0.249929,0.457186,0.833
2026-09-23T23:06:27+08:00,2026-09-23T23:00:00+08:00,FB5592,2026-09-25 02:45,Liechtenstein,Lithuania,Liechtenstein,Lithuania,UEFA - Nations League,7,12.9000,5.0100,1.3300,0.075335,0.193976,0.730690,1.000
2026-09-23T23:06:27+08:00,2026-09-23T23:00:00+08:00,FB5593,2026-09-25 02:45,Portugal,Wales,Portugal,Wales,UEFA - Nations League,7,1.2250,6.8000,16.1400,0.796150,0.143424,0.060426,1.000
2026-09-23T23:06:27+08:00,2026-09-23T23:00:00+08:00,FB5594,2026-09-25 02:45,Norway,Denmark,Norway,Denmark,UEFA - Nations League,7,1.7840,4.1450,4.5000,0.547393,0.235597,0.217011,1.000
2026-09-23T23:06:27+08:00,2026-09-23T23:00:00+08:00,FB5595,2026-09-25 02:45,Serbia,Greece,Serbia,Greece,UEFA - Nations League,7,2.7550,3.3800,2.7200,0.353612,0.288225,0.358162,1.000
2026-09-23T23:06:27+08:00,2026-09-23T23:00:00+08:00,FB5596,2026-09-25 02:45,Netherlands,Germany,Netherlands,Germany,UEFA - Nations League,7,2.4600,3.8050,2.8000,0.396026,0.256038,0.347937,1.000
2026-09-23T23:06:27+08:00,2026-09-23T23:00:00+08:00,FB5597,2026-09-25 02:45,Kosovo,Republic of Ireland,Kosovo,Ireland,UEFA - Nations League,7,2.4790,3.1750,3.2500,0.393150,0.306967,0.299883,1.000
2026-09-23T23:06:27+08:00,2026-09-23T23:00:00+08:00,FB5598,2026-09-25 02:45,Austria,Israel,Austria,Israel,UEFA - Nations League,7,1.4260,5.1100,7.5500,0.681229,0.190104,0.128667,1.000
2026-09-23T23:06:27+08:00,2026-09-23T23:00:00+08:00,FB5616,2026-09-25 02:00,Belgium U21,Belarus U21,Belgium U21,Belarus U21,UEFA - European Championship U21,6,1.1780,7.0000,16.7500,0.807354,0.135866,0.056780,1.000
2026-09-23T23:06:27+08:00,2026-09-23T23:00:00+08:00,FB5632,2026-09-24 04:57,Curico Unido,Deportes Concepcion,Curico Unido,CD Concepcion,Chile ‐ Cup,7,3.1470,3.1250,2.2800,0.295220,0.297298,0.407481,0.875
2026-09-23T23:06:27+08:00,2026-09-23T23:00:00+08:00,FB5633,2026-09-24 07:27,Iquique,Antofagasta,Deportes Iquique,CD Antofagasta,Chile ‐ Cup,7,2.5100,3.2500,2.7200,0.371043,0.286560,0.342397,0.970
2026-09-23T23:06:27+08:00,2026-09-23T23:00:00+08:00,FB5634,2026-09-24 07:27,Union La Calera,Universidad Catolica,Union La Calera,Universidad Catolica,Chile ‐ Cup,7,3.4450,3.3000,2.0900,0.270836,0.282737,0.446427,1.000
2026-09-23T23:06:27+08:00,2026-09-23T23:00:00+08:00,FB5635,2026-09-25 04:57,O'Higgins,Deportes Santa Cruz,O'Higgins,Deportes Santa Cruz,Chile ‐ Cup,6,1.6280,3.9000,5.1500,0.576850,0.240798,0.182352,1.000
2026-09-23T23:06:27+08:00,2026-09-23T23:00:00+08:00,FB5636,2026-09-25 07:27,Everton VM,Universidad Chile,Everton Vina del Mar,Universidad de Chile,Chile ‐ Cup,6,3.0050,3.3000,2.3200,0.311928,0.284044,0.404028,0.793
2026-09-23T23:06:27+08:00,2026-09-23T23:00:00+08:00,FB5637,2026-09-24 00:45,OH Leuven Women,Roma Women,Oud-Heverlee Leuven Women,Res Roma Women,UEFA - Champions League Women,7,4.8920,4.5000,1.6020,0.194522,0.211468,0.594010,0.845
2026-09-23T23:06:27+08:00,2026-09-23T23:00:00+08:00,FB5647,2026-09-24 06:57,CA Cerro,Deportivo Maldonado,CA Cerro,Deportivo Maldonado,Uruguay ‐ Cup,5,3.8810,3.1500,2.0100,0.240217,0.295962,0.463821,1.000
2026-09-23T23:06:27+08:00,2026-09-23T23:00:00+08:00,FB5648,2026-09-24 06:57,Montevideo Wanderers,Cerrito,Montevideo Wanderers,Cerrito CS,Uruguay ‐ Cup,5,1.9900,3.1250,4.4250,0.479267,0.305198,0.215535,0.970
2026-09-23T23:06:27+08:00,2026-09-23T23:00:00+08:00,FB5649,2026-09-24 02:27,Boston River,Fenix,CA Boston River,Centro Atletico Fenix,Uruguay ‐ Cup,5,2.0300,3.2500,3.5800,0.456276,0.284997,0.258727,0.940
2026-09-23T23:06:27+08:00,2026-09-23T23:00:00+08:00,FB5651,2026-09-24 09:30,Seattle Sounders,Real Salt Lake,Seattle Sounders,Real Salt Lake,USA ‐ Major League Soccer,7,1.8700,3.9850,4.0900,0.519083,0.243585,0.237332,1.000
2026-09-23T23:06:27+08:00,2026-09-23T23:00:00+08:00,FB5657,2026-09-24 00:00,Birmingham Legion,Brooklyn FC,Birmingham Legion,Brooklyn FC,USA ‐ USL League One,7,1.5240,4.8500,5.3200,0.624729,0.196307,0.178964,1.000
2026-09-23T23:06:27+08:00,2026-09-23T23:00:00+08:00,FB5658,2026-09-24 00:00,Azerbaijan,Tajikistan,Azerbaijan,Tajikistan,International - Friendlies,7,1.8400,3.7400,4.8350,0.534035,0.262734,0.203231,1.000
2026-09-23T23:06:27+08:00,2026-09-23T23:00:00+08:00,FB5659,2026-09-24 18:05,Japan,Uruguay,Japan,Uruguay,International - Friendlies,7,1.9900,3.7000,4.1700,0.496264,0.266910,0.236826,1.000
2026-09-23T23:06:27+08:00,2026-09-23T23:00:00+08:00,FB5661,2026-09-24 19:35,China,Maldives,China,Maldives,International - Friendlies,4,1.0440,34.0000,100.0000,0.960480,0.029492,0.010027,1.000
2026-09-23T23:06:27+08:00,2026-09-23T23:00:00+08:00,FB5662,2026-09-24 02:00,Everton Women,Birmingham Women,Everton Women,Birmingham City Women,England ‐ FA Cup Women,7,1.9290,3.8000,3.5890,0.488972,0.248218,0.262810,0.932
2026-09-23T23:06:27+08:00,2026-09-23T23:00:00+08:00,FB5663,2026-09-24 02:00,Tottenham Women,West Ham Women,Tottenham Hotspur Women,West Ham United Women,England ‐ FA Cup Women,7,1.2930,5.5000,8.6000,0.721792,0.169687,0.108521,0.795
2026-09-23T23:06:27+08:00,2026-09-23T23:00:00+08:00,FB5670,2026-09-24 02:00,Saudi Arabia,Kuwait,Saudi Arabia,Kuwait,Asia - Gulf Cup,7,1.3780,5.3800,9.1000,0.710448,0.181970,0.107582,1.000
2026-09-23T23:06:27+08:00,2026-09-23T23:00:00+08:00,FB5673,2026-09-25 09:00,Mineros Zacatecas,Piratas FC,Mineros de Zacatecas,Piratas de Veracruz FC,Mexico ‐ Liga de Expansion,5,3.1550,3.5000,2.1000,0.293788,0.264829,0.441382,0.929
2026-09-23T23:06:27+08:00,2026-09-23T23:00:00+08:00,FB5674,2026-09-25 09:00,Oaxaca,Atletico La Paz,Alebrijes de Oaxaca,CA La Paz,Mexico ‐ Liga de Expansion,5,3.2000,3.7500,2.0500,0.292885,0.249929,0.457186,0.833
2026-09-24T03:07:14+08:00,2026-09-24T03:00:00+08:00,FB5592,2026-09-25 02:45,Liechtenstein,Lithuania,Liechtenstein,Lithuania,UEFA - Nations League,7,12.3000,4.9550,1.3360,0.078809,0.195630,0.725561,1.000
2026-09-24T03:07:14+08:00,2026-09-24T03:00:00+08:00,FB5593,2026-09-25 02:45,Portugal,Wales,Portugal,Wales,UEFA - Nations League,7,1.2250,7.0000,16.5900,0.800743,0.140130,0.059127,1.000
2026-09-24T03:07:14+08:00,2026-09-24T03:00:00+08:00,FB5594,2026-09-25 02:45,Norway,Denmark,Norway,Denmark,UEFA - Nations League,7,1.7960,4.1450,4.5000,0.545731,0.236462,0.217807,1.000
2026-09-24T03:07:14+08:00,2026-09-24T03:00:00+08:00,FB5595,2026-09-25 02:45,Serbia,Greece,Serbia,Greece,UEFA - Nations League,7,2.7400,3.3800,2.7470,0.356112,0.288683,0.355205,1.000
2026-09-24T03:07:14+08:00,2026-09-24T03:00:00+08:00,FB5596,2026-09-25 02:45,Netherlands,Germany,Netherlands,Germany,UEFA - Nations League,7,2.4600,3.8050,2.7930,0.395681,0.255815,0.348505,1.000
2026-09-24T03:07:14+08:00,2026-09-24T03:00:00+08:00,FB5597,2026-09-25 02:45,Kosovo,Republic of Ireland,Kosovo,Ireland,UEFA - Nations League,7,2.4790,3.1760,3.2500,0.393188,0.306900,0.299912,1.000
2026-09-24T03:07:14+08:00,2026-09-24T03:00:00+08:00,FB5598,2026-09-25 02:45,Austria,Israel,Austria,Israel,UEFA - Nations League,7,1.4370,5.1700,7.3800,0.679041,0.188739,0.132220,1.000
2026-09-24T03:07:14+08:00,2026-09-24T03:00:00+08:00,FB5616,2026-09-25 02:00,Belgium U21,Belarus U21,Belgium U21,Belarus U21,UEFA - European Championship U21,6,1.1750,6.5000,17.0000,0.800072,0.144628,0.055299,1.000
2026-09-24T03:07:14+08:00,2026-09-24T03:00:00+08:00,FB5632,2026-09-24 04:57,Curico Unido,Deportes Concepcion,Curico Unido,CD Concepcion,Chile ‐ Cup,7,3.6300,3.3000,2.1300,0.262866,0.289152,0.447982,0.875
2026-09-24T03:07:14+08:00,2026-09-24T03:00:00+08:00,FB5633,2026-09-24 07:27,Iquique,Antofagasta,Deportes Iquique,CD Antofagasta,Chile ‐ Cup,7,2.6700,3.2500,2.6510,0.353519,0.290429,0.356052,0.970
2026-09-24T03:07:14+08:00,2026-09-24T03:00:00+08:00,FB5634,2026-09-24 07:27,Union La Calera,Universidad Catolica,Union La Calera,Universidad Catolica,Chile ‐ Cup,7,3.5000,3.2500,2.1200,0.268250,0.288885,0.442865,1.000
2026-09-24T03:07:14+08:00,2026-09-24T03:00:00+08:00,FB5635,2026-09-25 04:57,O'Higgins,Deportes Santa Cruz,O'Higgins,Deportes Santa Cruz,Chile ‐ Cup,6,1.6320,3.9000,5.1500,0.576251,0.241139,0.182610,1.000
2026-09-24T03:07:14+08:00,2026-09-24T03:00:00+08:00,FB5636,2026-09-25 07:27,Everton VM,Universidad Chile,Everton Vina del Mar,Universidad de Chile,Chile ‐ Cup,6,3.0250,3.3000,2.3200,0.310506,0.284631,0.404863,0.793
2026-09-24T03:07:14+08:00,2026-09-24T03:00:00+08:00,FB5647,2026-09-24 06:57,CA Cerro,Deportivo Maldonado,CA Cerro,Deportivo Maldonado,Uruguay ‐ Cup,5,3.6200,3.1500,2.0500,0.255424,0.293535,0.451041,1.000
2026-09-24T03:07:14+08:00,2026-09-24T03:00:00+08:00,FB5648,2026-09-24 06:57,Montevideo Wanderers,Cerrito,Montevideo Wanderers,Cerrito CS,Uruguay ‐ Cup,5,1.9900,3.1200,4.3250,0.476659,0.304023,0.219318,0.970
2026-09-24T03:07:14+08:00,2026-09-24T03:00:00+08:00,FB5651,2026-09-24 09:30,Seattle Sounders,Real Salt Lake,Seattle Sounders,Real Salt Lake,USA ‐ Major League Soccer,7,1.8070,4.1300,4.3800,0.540515,0.236492,0.222993,1.000
2026-09-24T03:07:14+08:00,2026-09-24T03:00:00+08:00,FB5659,2026-09-24 18:05,Japan,Uruguay,Japan,Uruguay,International - Friendlies,7,1.9690,3.7040,4.2350,0.500871,0.266257,0.232872,1.000
2026-09-24T03:07:14+08:00,2026-09-24T03:00:00+08:00,FB5661,2026-09-24 19:35,China,Maldives,China,Maldives,International - Friendlies,4,1.0220,31.0000,95.0000,0.958106,0.031587,0.010307,1.000
2026-09-24T03:07:14+08:00,2026-09-24T03:00:00+08:00,FB5673,2026-09-25 09:00,Mineros Zacatecas,Piratas FC,Mineros de Zacatecas,Piratas de Veracruz FC,Mexico ‐ Liga de Expansion,5,3.1350,3.5000,2.1000,0.295110,0.264334,0.440556,0.929
2026-09-24T03:07:14+08:00,2026-09-24T03:00:00+08:00,FB5674,2026-09-25 09:00,Oaxaca,Atletico La Paz,Alebrijes de Oaxaca,CA La Paz,Mexico ‐ Liga de Expansion,5,3.2000,3.7500,2.0500,0.292885,0.249929,0.457186,0.833
2026-09-24T03:07:14+08:00,2026-09-24T03:00:00+08:00,FB5688,2026-09-25 10:00,Costa Rica,Curacao,Costa Rica,Curacao,CONCACAF - Nations League,6,1.6800,3.6000,5.2100,0.558933,0.260835,0.180232,1.000
2026-09-24T03:07:14+08:00,2026-09-24T03:00:00+08:00,FB5689,2026-09-25 08:00,Haiti,Trinidad and Tobago,Haiti,Trinidad and Tobago,CONCACAF - Nations League,6,1.6300,3.8800,5.6000,0.584394,0.245506,0.170100,1.000
2026-09-24T03:07:14+08:00,2026-09-24T03:00:00+08:00,FB5690,2026-09-25 03:00,Tunisia,Uganda,Tunisia,Uganda,Africa - CAF - Nations Cup,6,1.4540,4.1500,7.4900,0.647464,0.226846,0.125689,1.000
2026-09-24T03:07:14+08:00,2026-09-24T03:00:00+08:00,FB5691,2026-09-24 21:00,Namibia,Congo,Namibia,Congo,Africa - CAF - Nations Cup,6,2.4290,3.0400,3.2400,0.392356,0.313498,0.294146,1.000
2026-09-24T03:07:14+08:00,2026-09-24T03:00:00+08:00,FB5692,2026-09-25 00:00,Libya,Botswana,Libya,Botswana,Africa - CAF - Nations Cup,6,1.6600,3.4800,6.0900,0.571563,0.272642,0.155795,1.000
2026-09-24T03:07:14+08:00,2026-09-24T03:00:00+08:00,FB5693,2026-09-25 00:00,Mauritania,Central African Republic,Mauritania,Central African Republic,Africa - CAF - Nations Cup,6,1.7460,3.3500,5.2940,0.540248,0.281574,0.178178,1.000
2026-09-24T03:07:14+08:00,2026-09-24T03:00:00+08:00,FB5694,2026-09-25 03:00,Cameroon,Comoros,Cameroon,Comoros,Africa - CAF - Nations Cup,6,1.3590,4.6000,9.5500,0.695537,0.205486,0.098977,1.000
2026-09-24T03:07:14+08:00,2026-09-24T03:00:00+08:00,FB5695,2026-09-25 00:00,D R Congo,Equatorial Guinea,DR Congo,Equatorial Guinea,Africa - CAF - Nations Cup,6,1.2790,5.0000,12.6200,0.736840,0.188484,0.074677,0.971
2026-09-24T03:07:14+08:00,2026-09-24T03:00:00+08:00,FB5697,2026-09-24 17:30,Palestine,New Zealand,Palestine,New Zealand,International - Friendlies,6,4.2550,3.6600,1.9510,0.230229,0.267657,0.502114,1.000
2026-09-24T03:07:14+08:00,2026-09-24T03:00:00+08:00,FB5698,2026-09-24 22:00,Uzbekistan,Iran,Uzbekistan,Iran,International - Friendlies,7,3.0100,3.3500,2.5770,0.326101,0.293004,0.380894,1.000
2026-09-24T03:07:14+08:00,2026-09-24T03:00:00+08:00,FB5699,2026-09-25 02:00,Qatar,Bahrain,Qatar,Bahrain,Asia - Gulf Cup,7,2.0600,3.4000,3.7060,0.462591,0.280276,0.257134,1.000
2026-09-24T03:07:14+08:00,2026-09-24T03:00:00+08:00,FB5700,2026-09-25 08:00,Dominican Republic,Nicaragua,Dominican Republic,Nicaragua,CONCACAF - Nations League,6,1.5500,4.0190,6.1800,0.611069,0.235670,0.153262,1.000
2026-09-24T03:07:14+08:00,2026-09-24T03:00:00+08:00,FB5701,2026-09-24 23:55,United Arab Emirates,Yemen,United Arab Emirates,Yemen,Asia - Gulf Cup,7,1.2500,5.9910,13.0000,0.766401,0.159907,0.073692,1.000
2026-09-24T03:07:14+08:00,2026-09-24T03:00:00+08:00,FB5702,2026-09-25 13:00,Uzbekistan AM,Saudi Arabia AM,Uzbekistan U23,Saudi Arabia U23,Asia - AFC - Asian Games U23,5,1.6500,3.6200,5.1000,0.562009,0.256164,0.181826,1.000
2026-09-24T03:07:14+08:00,2026-09-24T03:00:00+08:00,FB5704,2026-09-26 06:57,Colo Colo,Audax Italiano,Colo Colo,Audax Italiano,Chile ‐ Cup,4,1.6000,4.0000,4.9600,0.580524,0.232210,0.187266,1.000
2026-09-24T06:22:57+08:00,2026-09-24T06:00:00+08:00,FB5592,2026-09-25 02:45,Liechtenstein,Lithuania,Liechtenstein,Lithuania,UEFA - Nations League,7,12.3000,4.9550,1.3360,0.078809,0.195630,0.725561,1.000
2026-09-24T06:22:57+08:00,2026-09-24T06:00:00+08:00,FB5593,2026-09-25 02:45,Portugal,Wales,Portugal,Wales,UEFA - Nations League,7,1.2250,7.0000,16.5000,0.800485,0.140085,0.059430,1.000
2026-09-24T06:22:57+08:00,2026-09-24T06:00:00+08:00,FB5594,2026-09-25 02:45,Norway,Denmark,Norway,Denmark,UEFA - Nations League,7,1.7630,4.2450,4.6000,0.555996,0.230912,0.213092,1.000
2026-09-24T06:22:57+08:00,2026-09-24T06:00:00+08:00,FB5595,2026-09-25 02:45,Serbia,Greece,Serbia,Greece,UEFA - Nations League,7,2.7510,3.3700,2.7310,0.354152,0.289102,0.356746,1.000
2026-09-24T06:22:57+08:00,2026-09-24T06:00:00+08:00,FB5596,2026-09-25 02:45,Netherlands,Germany,Netherlands,Germany,UEFA - Nations League,7,2.4640,3.8200,2.8100,0.396527,0.255770,0.347702,1.000
2026-09-24T06:22:57+08:00,2026-09-24T06:00:00+08:00,FB5597,2026-09-25 02:45,Kosovo,Republic of Ireland,Kosovo,Ireland,UEFA - Nations League,7,2.4800,3.1760,3.2500,0.393092,0.306948,0.299959,1.000
2026-09-24T06:22:57+08:00,2026-09-24T06:00:00+08:00,FB5598,2026-09-25 02:45,Austria,Israel,Austria,Israel,UEFA - Nations League,7,1.4400,5.1500,7.3800,0.678089,0.189601,0.132310,1.000
2026-09-24T06:22:57+08:00,2026-09-24T06:00:00+08:00,FB5616,2026-09-25 02:00,Belgium U21,Belarus U21,Belgium U21,Belarus U21,UEFA - European Championship U21,6,1.1740,6.5000,17.7500,0.802081,0.144868,0.053050,1.000
2026-09-24T06:22:57+08:00,2026-09-24T06:00:00+08:00,FB5633,2026-09-24 07:27,Iquique,Antofagasta,Deportes Iquique,CD Antofagasta,Chile ‐ Cup,6,2.6600,3.2500,2.6410,0.353900,0.289654,0.356446,0.970
2026-09-24T06:22:57+08:00,2026-09-24T06:00:00+08:00,FB5634,2026-09-24 07:27,Union La Calera,Universidad Catolica,Union La Calera,Universidad Catolica,Chile ‐ Cup,6,3.3900,3.2000,2.1520,0.275129,0.291465,0.433405,1.000
2026-09-24T06:22:57+08:00,2026-09-24T06:00:00+08:00,FB5635,2026-09-25 04:57,O'Higgins,Deportes Santa Cruz,O'Higgins,Deportes Santa Cruz,Chile ‐ Cup,6,1.6000,4.0500,5.6500,0.595860,0.235401,0.168739,1.000
2026-09-24T06:22:57+08:00,2026-09-24T06:00:00+08:00,FB5636,2026-09-25 07:27,Everton VM,Universidad Chile,Everton Vina del Mar,Universidad de Chile,Chile ‐ Cup,6,3.0250,3.3500,2.2500,0.307936,0.278061,0.414003,0.793
2026-09-24T06:22:57+08:00,2026-09-24T06:00:00+08:00,FB5647,2026-09-24 06:57,CA Cerro,Deportivo Maldonado,CA Cerro,Deportivo Maldonado,Uruguay ‐ Cup,4,3.4700,3.1500,2.1590,0.269628,0.297019,0.433353,1.000
2026-09-24T06:22:57+08:00,2026-09-24T06:00:00+08:00,FB5648,2026-09-24 06:57,Montevideo Wanderers,Cerrito,Montevideo Wanderers,Cerrito CS,Uruguay ‐ Cup,4,2.2430,3.0700,3.4910,0.421385,0.307872,0.270744,0.970
2026-09-24T06:22:57+08:00,2026-09-24T06:00:00+08:00,FB5651,2026-09-24 09:30,Seattle Sounders,Real Salt Lake,Seattle Sounders,Real Salt Lake,USA ‐ Major League Soccer,7,1.7970,4.1000,4.5000,0.544180,0.238510,0.217309,1.000
2026-09-24T06:22:57+08:00,2026-09-24T06:00:00+08:00,FB5659,2026-09-24 18:05,Japan,Uruguay,Japan,Uruguay,International - Friendlies,7,1.9050,3.8000,4.4650,0.518681,0.260023,0.221296,1.000
2026-09-24T06:22:57+08:00,2026-09-24T06:00:00+08:00,FB5661,2026-09-24 19:35,China,Maldives,China,Maldives,International - Friendlies,5,1.0220,31.0000,95.0000,0.958106,0.031587,0.010307,1.000
2026-09-24T06:22:57+08:00,2026-09-24T06:00:00+08:00,FB5673,2026-09-25 09:00,Mineros Zacatecas,Piratas FC,Mineros de Zacatecas,Piratas de Veracruz FC,Mexico ‐ Liga de Expansion,5,3.1350,3.5000,2.1000,0.295110,0.264334,0.440556,0.929
2026-09-24T06:22:57+08:00,2026-09-24T06:00:00+08:00,FB5674,2026-09-25 09:00,Oaxaca,Atletico La Paz,Alebrijes de Oaxaca,CA La Paz,Mexico ‐ Liga de Expansion,5,3.2000,3.7500,2.0500,0.292885,0.249929,0.457186,0.833
2026-09-24T06:22:57+08:00,2026-09-24T06:00:00+08:00,FB5688,2026-09-25 10:00,Costa Rica,Curacao,Costa Rica,Curacao,CONCACAF - Nations League,6,1.7700,3.5400,4.8590,0.536402,0.268201,0.195397,1.000
2026-09-24T06:22:57+08:00,2026-09-24T06:00:00+08:00,FB5689,2026-09-25 08:00,Haiti,Trinidad and Tobago,Haiti,Trinidad and Tobago,CONCACAF - Nations League,6,1.6300,3.8800,5.6000,0.584394,0.245506,0.170100,1.000
2026-09-24T06:22:57+08:00,2026-09-24T06:00:00+08:00,FB5690,2026-09-25 03:00,Tunisia,Uganda,Tunisia,Uganda,Africa - CAF - Nations Cup,6,1.4540,4.1500,7.5400,0.648004,0.227036,0.124960,1.000
2026-09-24T06:22:57+08:00,2026-09-24T06:00:00+08:00,FB5691,2026-09-24 21:00,Namibia,Congo,Namibia,Congo,Africa - CAF - Nations Cup,6,2.4500,3.0400,3.2400,0.390306,0.314556,0.295139,1.000
2026-09-24T06:22:57+08:00,2026-09-24T06:00:00+08:00,FB5692,2026-09-25 00:00,Libya,Botswana,Libya,Botswana,Africa - CAF - Nations Cup,6,1.6600,3.4800,6.0900,0.571563,0.272642,0.155795,1.000
2026-09-24T06:22:57+08:00,2026-09-24T06:00:00+08:00,FB5693,2026-09-25 00:00,Mauritania,Central African Republic,Mauritania,Central African Republic,Africa - CAF - Nations Cup,6,1.8400,3.3800,5.2940,0.528557,0.287735,0.183707,1.000
2026-09-24T06:22:57+08:00,2026-09-24T06:00:00+08:00,FB5694,2026-09-25 03:00,Cameroon,Comoros,Cameroon,Comoros,Africa - CAF - Nations Cup,6,1.3590,4.5000,9.3400,0.690845,0.208635,0.100520,1.000
2026-09-24T06:22:57+08:00,2026-09-24T06:00:00+08:00,FB5695,2026-09-25 00:00,D R Congo,Equatorial Guinea,DR Congo,Equatorial Guinea,Africa - CAF - Nations Cup,6,1.2800,4.8500,13.0000,0.734010,0.193718,0.072272,0.971
2026-09-24T06:22:57+08:00,2026-09-24T06:00:00+08:00,FB5697,2026-09-24 17:30,Palestine,New Zealand,Palestine,New Zealand,International - Friendlies,6,4.2550,3.6600,1.9510,0.230229,0.267657,0.502114,1.000
2026-09-24T06:22:57+08:00,2026-09-24T06:00:00+08:00,FB5698,2026-09-24 22:00,Uzbekistan,Iran,Uzbekistan,Iran,International - Friendlies,7,3.0500,3.3500,2.5770,0.323207,0.294263,0.382530,1.000
2026-09-24T06:22:57+08:00,2026-09-24T06:00:00+08:00,FB5699,2026-09-25 02:00,Qatar,Bahrain,Qatar,Bahrain,Asia - Gulf Cup,7,2.0600,3.4000,3.7060,0.462591,0.280276,0.257134,1.000
2026-09-24T06:22:57+08:00,2026-09-24T06:00:00+08:00,FB5700,2026-09-25 08:00,Dominican Republic,Nicaragua,Dominican Republic,Nicaragua,CONCACAF - Nations League,6,1.5500,4.0500,6.1900,0.612325,0.234347,0.153329,1.000
2026-09-24T06:22:57+08:00,2026-09-24T06:00:00+08:00,FB5701,2026-09-24 23:55,United Arab Emirates,Yemen,United Arab Emirates,Yemen,Asia - Gulf Cup,7,1.2330,6.0000,13.3000,0.770293,0.158295,0.071411,1.000
2026-09-24T06:22:57+08:00,2026-09-24T06:00:00+08:00,FB5702,2026-09-25 13:00,Uzbekistan AM,Saudi Arabia AM,Uzbekistan U23,Saudi Arabia U23,Asia - AFC - Asian Games U23,5,1.6400,3.6000,5.2500,0.565631,0.257676,0.176692,1.000
2026-09-24T06:22:57+08:00,2026-09-24T06:00:00+08:00,FB5704,2026-09-26 06:57,Colo Colo,Audax Italiano,Colo Colo,Audax Italiano,Chile ‐ Cup,4,1.6000,4.0000,4.9600,0.580524,0.232210,0.187266,1.000
2026-09-24T08:37:03+08:00,2026-09-24T08:30:00+08:00,FB5651,2026-09-24 09:30,Seattle Sounders,Real Salt Lake,Seattle Sounders,Real Salt Lake,USA ‐ Major League Soccer,7,1.8200,4.0650,4.4600,0.538852,0.241257,0.219890,1.000
2026-09-24T13:33:10+08:00,2026-09-24T13:30:00+08:00,FB5697,2026-09-24 17:30,Palestine,New Zealand,Palestine,New Zealand,International - Friendlies,6,3.9600,3.6200,2.0330,0.247416,0.270653,0.481931,1.000
2026-09-24T18:33:44+08:00,2026-09-24T18:30:00+08:00,FB5661,2026-09-24 19:35,China,Maldives,China,Maldives,International - Friendlies,5,1.0250,36.0000,67.0000,0.958065,0.027278,0.014657,1.000
2026-09-24T18:33:44+08:00,2026-09-24T18:30:00+08:00,FB5691,2026-09-24 21:00,Namibia,Congo,Namibia,Congo,Africa - CAF - Nations Cup,7,2.4830,3.0000,3.1220,0.381244,0.315543,0.303213,1.000
2026-09-24T18:33:44+08:00,2026-09-24T18:30:00+08:00,FB5698,2026-09-24 22:00,Uzbekistan,Iran,Uzbekistan,Iran,International - Friendlies,7,3.1500,3.2350,2.7100,0.318869,0.310490,0.370641,1.000
2026-09-24T23:31:44+08:00,2026-09-24T23:30:00+08:00,FB5592,2026-09-25 02:45,Liechtenstein,Lithuania,Liechtenstein,Lithuania,UEFA - Nations League,7,15.0000,4.9300,1.3150,0.064727,0.196939,0.738334,1.000
2026-09-24T23:31:44+08:00,2026-09-24T23:30:00+08:00,FB5593,2026-09-25 02:45,Portugal,Wales,Portugal,Wales,UEFA - Nations League,7,1.1760,8.6000,18.0000,0.831893,0.113757,0.054350,1.000
2026-09-24T23:31:44+08:00,2026-09-24T23:30:00+08:00,FB5594,2026-09-25 02:45,Norway,Denmark,Norway,Denmark,UEFA - Nations League,7,1.7210,4.3000,4.7000,0.566122,0.226581,0.207297,1.000
2026-09-24T23:31:44+08:00,2026-09-24T23:30:00+08:00,FB5595,2026-09-25 02:45,Serbia,Greece,Serbia,Greece,UEFA - Nations League,7,2.9710,3.2400,2.6100,0.327301,0.300127,0.372572,1.000
2026-09-24T23:31:44+08:00,2026-09-24T23:30:00+08:00,FB5596,2026-09-25 02:45,Netherlands,Germany,Netherlands,Germany,UEFA - Nations League,7,2.7270,3.8750,2.5250,0.359229,0.252804,0.387967,1.000
2026-09-24T23:31:44+08:00,2026-09-24T23:30:00+08:00,FB5597,2026-09-25 02:45,Kosovo,Republic of Ireland,Kosovo,Ireland,UEFA - Nations League,7,2.4900,3.1650,3.2600,0.392075,0.308457,0.299468,1.000
2026-09-24T23:31:44+08:00,2026-09-24T23:30:00+08:00,FB5598,2026-09-25 02:45,Austria,Israel,Austria,Israel,UEFA - Nations League,7,1.4800,4.8700,7.0000,0.659922,0.200551,0.139526,1.000
2026-09-24T23:31:44+08:00,2026-09-24T23:30:00+08:00,FB5616,2026-09-25 02:00,Belgium U21,Belarus U21,Belgium U21,Belarus U21,UEFA - European Championship U21,7,1.1900,6.8370,15.5000,0.799471,0.139150,0.061379,1.000
2026-09-24T23:31:44+08:00,2026-09-24T23:30:00+08:00,FB5690,2026-09-25 03:00,Tunisia,Uganda,Tunisia,Uganda,Africa - CAF - Nations Cup,7,1.4000,4.3500,8.3500,0.671365,0.216071,0.112564,1.000
2026-09-24T23:31:44+08:00,2026-09-24T23:30:00+08:00,FB5692,2026-09-25 00:00,Libya,Botswana,Libya,Botswana,Africa - CAF - Nations Cup,7,1.6040,3.5400,6.6000,0.589575,0.267141,0.143285,1.000
2026-09-24T23:31:44+08:00,2026-09-24T23:30:00+08:00,FB5693,2026-09-25 00:00,Mauritania,Central African Republic,Mauritania,Central African Republic,Africa - CAF - Nations Cup,7,1.6670,3.4500,6.1500,0.570046,0.275439,0.154515,1.000
2026-09-24T23:31:44+08:00,2026-09-24T23:30:00+08:00,FB5694,2026-09-25 03:00,Cameroon,Comoros,Cameroon,Comoros,Africa - CAF - Nations Cup,7,1.3540,4.4000,9.8500,0.691951,0.212932,0.095117,1.000
2026-09-24T23:31:44+08:00,2026-09-24T23:30:00+08:00,FB5695,2026-09-25 00:00,D R Congo,Equatorial Guinea,DR Congo,Equatorial Guinea,Africa - CAF - Nations Cup,7,1.2620,5.2500,15.4100,0.756272,0.181793,0.061935,1.000
2026-09-24T23:31:44+08:00,2026-09-24T23:30:00+08:00,FB5699,2026-09-25 02:00,Qatar,Bahrain,Qatar,Bahrain,Asia - Gulf Cup,7,2.0800,3.1600,4.0480,0.460392,0.303043,0.236565,1.000
2026-09-24T23:31:44+08:00,2026-09-24T23:30:00+08:00,FB5701,2026-09-24 23:55,United Arab Emirates,Yemen,United Arab Emirates,Yemen,Asia - Gulf Cup,7,1.2810,5.6550,11.4000,0.746885,0.169188,0.083926,1.000
2026-09-25T03:31:41+08:00,2026-09-25T03:30:00+08:00,FB5635,2026-09-25 04:57,O'Higgins,Deportes Santa Cruz,O'Higgins,Deportes Santa Cruz,Chile ‐ Cup,7,1.7090,3.8000,4.7500,0.552631,0.248538,0.198831,1.000
2026-09-25T03:31:41+08:00,2026-09-25T03:30:00+08:00,FB5636,2026-09-25 07:27,Everton VM,Universidad Chile,Everton Vina del Mar,Universidad de Chile,Chile ‐ Cup,7,3.0910,3.6000,2.1700,0.304596,0.261530,0.433874,0.793
2026-09-25T06:45:01+08:00,2026-09-25T06:30:00+08:00,FB5636,2026-09-25 07:27,Everton VM,Universidad Chile,Everton Vina del Mar,Universidad de Chile,Chile ‐ Cup,7,3.1700,3.6000,2.1700,0.299277,0.263530,0.437193,0.793
2026-09-25T06:45:01+08:00,2026-09-25T06:30:00+08:00,FB5673,2026-09-25 09:00,Mineros Zacatecas,Piratas FC,Mineros de Zacatecas,Piratas de Veracruz FC,Mexico ‐ Liga de Expansion,6,2.8750,3.2500,2.4000,0.324409,0.286977,0.388615,0.929
2026-09-25T06:45:01+08:00,2026-09-25T06:30:00+08:00,FB5674,2026-09-25 09:00,Oaxaca,Atletico La Paz,Alebrijes de Oaxaca,CA La Paz,Mexico ‐ Liga de Expansion,6,3.2550,3.6000,2.0500,0.286371,0.258927,0.454702,0.833
2026-09-25T06:45:01+08:00,2026-09-25T06:30:00+08:00,FB5688,2026-09-25 10:00,Costa Rica,Curacao,Costa Rica,Curacao,CONCACAF - Nations League,7,1.6870,3.7700,5.3200,0.566705,0.253589,0.179705,1.000
2026-09-25T06:45:01+08:00,2026-09-25T06:30:00+08:00,FB5689,2026-09-25 08:00,Haiti,Trinidad and Tobago,Haiti,Trinidad and Tobago,CONCACAF - Nations League,7,1.5370,4.3350,6.0800,0.622141,0.220584,0.157275,1.000
2026-09-25T06:45:01+08:00,2026-09-25T06:30:00+08:00,FB5700,2026-09-25 08:00,Dominican Republic,Nicaragua,Dominican Republic,Nicaragua,CONCACAF - Nations League,7,1.6170,4.0900,5.5500,0.592872,0.234394,0.172734,1.000
2026-09-25T08:56:49+08:00,2026-09-25T08:30:00+08:00,FB5673,2026-09-25 09:00,Mineros Zacatecas,Piratas FC,Mineros de Zacatecas,Piratas de Veracruz FC,Mexico ‐ Liga de Expansion,6,3.0000,3.3000,2.3000,0.311193,0.282903,0.405904,0.929
2026-09-25T08:56:49+08:00,2026-09-25T08:30:00+08:00,FB5674,2026-09-25 09:00,Oaxaca,Atletico La Paz,Alebrijes de Oaxaca,CA La Paz,Mexico ‐ Liga de Expansion,6,3.4000,3.6000,2.0000,0.274390,0.259146,0.466463,0.833
2026-09-25T08:56:49+08:00,2026-09-25T08:30:00+08:00,FB5688,2026-09-25 10:00,Costa Rica,Curacao,Costa Rica,Curacao,CONCACAF - Nations League,7,1.5900,4.0000,5.8640,0.599288,0.238217,0.162495,1.000
2026-09-25T13:36:33+08:00,2026-09-25T13:30:00+08:00,FB5666,2026-09-25 14:00,Korea DPR Women,Chinese Taipei Women,North Korea Women,Chinese Taipei Women,International - Friendlies Women,2,1.0150,12.0000,31.0000,0.894995,0.075702,0.029304,0.844
2026-09-25T13:36:33+08:00,2026-09-25T13:30:00+08:00,FB5667,2026-09-25 14:00,China Women,Vietnam Women,China Women,Vietnam Women,International - Friendlies Women,4,1.0700,13.0000,29.0000,0.893492,0.073541,0.032967,1.000
2026-09-25T13:36:33+08:00,2026-09-25T13:30:00+08:00,FB5785,2026-09-25 17:00,Bangladesh,Malaysia,Bangladesh,Malaysia,Asia - AFF Cup,7,9.1500,5.8300,1.3500,0.106983,0.167907,0.725110,1.000
2026-09-25T18:36:57+08:00,2026-09-25T18:30:00+08:00,FB5760,2026-09-25 21:00,Sudan,Ethiopia,Sudan,Ethiopia,Africa - CAF - Nations Cup,7,1.8900,3.3000,4.6400,0.505037,0.289248,0.205715,1.000
2026-09-25T18:36:57+08:00,2026-09-25T18:30:00+08:00,FB5763,2026-09-25 21:00,Tanzania,Guinea Bissau,Tanzania,Guinea Bissau,Africa - CAF - Nations Cup,7,2.2260,3.0200,3.7700,0.429639,0.316681,0.253681,1.000
2026-09-25T18:36:57+08:00,2026-09-25T18:30:00+08:00,FB5766,2026-09-25 21:45,Azerbaijan U21,Czechia U21,Azerbaijan U21,Czech Republic U21,UEFA - European Championship U21,7,12.0770,6.1130,1.2340,0.078355,0.154799,0.766846,0.845
2026-09-25T18:36:57+08:00,2026-09-25T18:30:00+08:00,FB5787,2026-09-25 22:00,India,Panama,India,Panama,International - Friendlies,6,11.4000,5.8300,1.3130,0.085927,0.168022,0.746052,1.000
2026-09-25T18:36:57+08:00,2026-09-25T18:30:00+08:00,FB5804,2026-09-25 21:00,Indonesia,Singapore,Indonesia,Singapore,Asia - AFF Cup,7,1.1630,8.0000,17.2500,0.824541,0.119868,0.055591,1.000
2026-09-25T23:35:42+08:00,2026-09-25T23:30:00+08:00,FB5708,2026-09-26 02:30,Girona,Albacete,Girona,Albacete Balompie,Spain ‐ Segunda Division,7,1.5340,4.5900,6.2680,0.633336,0.211664,0.155000,1.000
2026-09-25T23:35:42+08:00,2026-09-25T23:30:00+08:00,FB5709,2026-09-26 03:00,Dordrecht,Almere City,Dordrecht,Almere City,Netherlands ‐ Eerste Divisie,7,3.1550,4.2000,2.0600,0.304623,0.228830,0.466547,1.000
2026-09-25T23:35:42+08:00,2026-09-25T23:30:00+08:00,FB5710,2026-09-26 02:45,Italy,Belgium,Italy,Belgium,UEFA - Nations League,7,2.2200,3.6800,3.3000,0.439370,0.265054,0.295576,1.000
2026-09-25T23:35:42+08:00,2026-09-25T23:30:00+08:00,FB5711,2026-09-26 02:45,Montenegro,Cyprus,Montenegro,Cyprus,UEFA - Nations League,7,1.7310,3.8250,5.7000,0.569400,0.257682,0.172918,1.000
2026-09-25T23:35:42+08:00,2026-09-25T23:30:00+08:00,FB5712,2026-09-26 02:45,Sweden,Romania,Sweden,Romania,UEFA - Nations League,7,1.4980,4.8200,7.0000,0.655829,0.203824,0.140347,1.000
2026-09-25T23:35:42+08:00,2026-09-25T23:30:00+08:00,FB5713,2026-09-26 02:45,Poland,Bosnia-Herzegovina,Poland,Bosnia-Herzegovina,UEFA - Nations League,7,1.5370,4.5000,6.4280,0.632645,0.216083,0.151272,1.000
2026-09-25T23:35:42+08:00,2026-09-25T23:30:00+08:00,FB5714,2026-09-26 02:45,Hungary,Ukraine,Hungary,Ukraine,UEFA - Nations League,7,2.7000,3.2150,2.9200,0.361733,0.303788,0.334479,1.000
2026-09-25T23:35:42+08:00,2026-09-25T23:30:00+08:00,FB5715,2026-09-26 00:00,Georgia,Northern Ireland,Georgia,Northern Ireland,UEFA - Nations League,7,1.8740,3.5550,5.0100,0.525984,0.277270,0.196745,1.000
2026-09-25T23:35:42+08:00,2026-09-25T23:30:00+08:00,FB5716,2026-09-26 00:00,Armenia,Latvia,Armenia,Latvia,UEFA - Nations League,7,1.8520,3.5600,5.2000,0.532941,0.277249,0.189809,1.000
2026-09-25T23:35:42+08:00,2026-09-25T23:30:00+08:00,FB5717,2026-09-26 02:45,Turkiye,France,Turkey,France,UEFA - Nations League,7,8.6000,5.8000,1.3720,0.114273,0.169439,0.716288,0.885
2026-09-25T23:35:42+08:00,2026-09-25T23:30:00+08:00,FB5723,2026-09-26 00:00,Slovakia U21,Republic of Ireland U21,Slovakia U21,Ireland U21,UEFA - European Championship U21,7,2.0800,3.5100,3.7200,0.464742,0.275403,0.259856,0.970
2026-09-25T23:35:42+08:00,2026-09-25T23:30:00+08:00,FB5724,2026-09-26 00:30,Netherlands U21,Norway U21,Netherlands U21,Norway U21,UEFA - European Championship U21,7,1.8700,4.0900,4.0400,0.520811,0.238121,0.241068,1.000
2026-09-25T23:35:42+08:00,2026-09-25T23:30:00+08:00,FB5746,2026-09-26 00:00,Nigeria,Madagascar,Nigeria,Madagascar,Africa - CAF - Nations Cup,7,1.1670,6.6500,16.2500,0.801729,0.140694,0.057576,1.000
2026-09-25T23:35:42+08:00,2026-09-25T23:30:00+08:00,FB5756,2026-09-26 01:30,Switzerland U21,Luxembourg U21,Switzerland U21,Luxembourg U21,UEFA - European Championship U21,7,1.2300,6.5000,11.8500,0.773378,0.146347,0.080275,1.000
2026-09-25T23:35:42+08:00,2026-09-25T23:30:00+08:00,FB5758,2026-09-26 03:00,Egypt,Angola,Egypt,Angola,Africa - CAF - Nations Cup,7,1.3500,4.3333,9.7000,0.689315,0.214750,0.095936,1.000
2026-09-25T23:35:42+08:00,2026-09-25T23:30:00+08:00,FB5759,2026-09-26 03:00,Mali,Cape Verde Islands,Mali,Cape Verde,Africa - CAF - Nations Cup,7,2.0900,3.0000,4.0000,0.450620,0.313932,0.235449,0.970
2026-09-25T23:35:42+08:00,2026-09-25T23:30:00+08:00,FB5761,2026-09-26 00:00,Malawi,South Sudan,Malawi,South Sudan,Africa - CAF - Nations Cup,7,1.6500,3.4200,5.7500,0.565159,0.272665,0.162176,1.000
2026-09-25T23:35:42+08:00,2026-09-25T23:30:00+08:00,FB5762,2026-09-26 03:00,Algeria,Zambia,Algeria,Zambia,Africa - CAF - Nations Cup,7,1.2220,6.0000,16.0000,0.781225,0.159109,0.059666,1.000
2026-09-25T23:35:42+08:00,2026-09-25T23:30:00+08:00,FB5786,2026-09-26 00:58,Independiente Women,Ferro Carril Oeste Women,CA Independiente Avellaneda Women,Ferro Carril Oeste Women,Argentina ‐ Primera Division Women,4,3.8200,3.5000,1.8800,0.242522,0.264695,0.492783,0.865
2026-09-25T23:35:42+08:00,2026-09-25T23:30:00+08:00,FB5788,2026-09-26 03:00,Morocco,Gabon,Morocco,Gabon,Africa - CAF - Nations Cup,7,1.1430,8.0000,20.5000,0.834285,0.119198,0.046516,1.000
2026-09-26T03:35:44+08:00,2026-09-26T03:30:00+08:00,FB5704,2026-09-26 06:57,Colo Colo,Audax Italiano,Colo Colo,Audax Italiano,Chile ‐ Cup,7,1.5000,4.3500,7.6000,0.648426,0.223595,0.127979,1.000
2026-09-26T03:35:44+08:00,2026-09-26T03:30:00+08:00,FB5705,2026-09-26 06:28,Novorizontino,Sao Bernardo,Novorizontino SP,Sao Bernardo SP,Brazil ‐ Serie B,7,1.5500,4.2700,6.7600,0.628027,0.227972,0.144000,1.000
2026-09-26T03:35:44+08:00,2026-09-26T03:30:00+08:00,FB5706,2026-09-26 07:28,Vila Nova,Londrina,Vila Nova GO,Londrina,Brazil ‐ Serie B,7,1.7540,3.6300,5.3700,0.552540,0.266985,0.180476,0.970
2026-09-26T03:35:44+08:00,2026-09-26T03:30:00+08:00,FB5739,2026-09-26 07:00,Hartford Athletic,Louisville City,Hartford Athletic,Louisville City FC,USA ‐ USL League One,6,2.6120,3.8000,2.5670,0.369700,0.254120,0.376181,1.000
2026-09-26T03:35:44+08:00,2026-09-26T03:30:00+08:00,FB5852,2026-09-26 06:30,Racing Louisville Women,San Diego Wave Women,Racing Louisville FC Women,San Diego Wave Women,USA ‐ NWSL Women,6,4.0190,3.8710,1.7480,0.230551,0.239366,0.530083,1.000
2026-09-26T06:51:15+08:00,2026-09-26T06:30:00+08:00,FB5704,2026-09-26 06:57,Colo Colo,Audax Italiano,Colo Colo,Audax Italiano,Chile ‐ Cup,7,1.5910,3.9000,5.9500,0.596892,0.243502,0.159606,1.000
2026-09-26T06:51:15+08:00,2026-09-26T06:30:00+08:00,FB5706,2026-09-26 07:28,Vila Nova,Londrina,Vila Nova GO,Londrina,Brazil ‐ Serie B,7,1.7200,3.7400,5.5000,0.564137,0.259443,0.176421,0.970
2026-09-26T06:51:15+08:00,2026-09-26T06:30:00+08:00,FB5718,2026-09-26 09:00,Atlante,Monterrey,Atlante,Monterrey,Mexico ‐ Primera Division,7,3.2600,3.7000,2.2100,0.297957,0.262524,0.439520,1.000
2026-09-26T06:51:15+08:00,2026-09-26T06:30:00+08:00,FB5739,2026-09-26 07:00,Hartford Athletic,Louisville City,Hartford Athletic,Louisville City FC,USA ‐ USL League One,7,2.6790,3.8000,2.5310,0.361863,0.255114,0.383023,1.000
2026-09-26T06:51:15+08:00,2026-09-26T06:30:00+08:00,FB5782,2026-09-26 09:00,El Paso Locomotive,FC Tulsa,El Paso Locomotive,Tulsa Roughnecks,USA ‐ USL League One,6,1.9700,3.6850,3.7890,0.486730,0.260206,0.253064,0.970
2026-09-26T06:51:15+08:00,2026-09-26T06:30:00+08:00,FB5805,2026-09-26 08:00,Jamaica,Guatemala,Jamaica,Guatemala,CONCACAF - Nations League,7,1.8000,3.6780,4.7100,0.534313,0.261491,0.204196,1.000
2026-09-26T06:51:15+08:00,2026-09-26T06:30:00+08:00,FB5806,2026-09-26 09:00,Honduras,Suriname,Honduras,Suriname,CONCACAF - Nations League,7,1.6710,3.6500,5.6400,0.570098,0.260995,0.168907,1.000
2026-09-26T06:51:15+08:00,2026-09-26T06:30:00+08:00,FB5868,2026-09-26 08:30,Seattle Reign Women,Boston Legacy Women,Seattle Reign Women,Boston Legacy  Women,USA ‐ NWSL Women,6,1.9000,4.0000,3.4560,0.493884,0.234595,0.271522,1.000
2026-09-26T06:51:15+08:00,2026-09-26T06:30:00+08:00,FB5870,2026-09-26 08:00,NJNY Gotham Women,Chicago Stars Women,NY Gotham Sky Blue FC Women,Chicago Red Stars Women,USA ‐ NWSL Women,6,1.1310,10.0000,15.5000,0.843122,0.095357,0.061521,0.818
2026-09-26T08:58:52+08:00,2026-09-26T08:30:00+08:00,FB5707,2026-09-26 11:00,Tijuana,Atlas,Club Tijuana,Atlas,Mexico ‐ Primera Division,7,2.1200,3.4700,3.7600,0.459816,0.280925,0.259258,1.000
2026-09-26T08:58:52+08:00,2026-09-26T08:30:00+08:00,FB5718,2026-09-26 09:00,Atlante,Monterrey,Atlante,Monterrey,Mexico ‐ Primera Division,7,3.3000,3.5600,2.3400,0.299650,0.277766,0.422584,1.000
2026-09-26T08:58:52+08:00,2026-09-26T08:30:00+08:00,FB5782,2026-09-26 09:00,El Paso Locomotive,FC Tulsa,El Paso Locomotive,Tulsa Roughnecks,USA ‐ USL League One,7,2.0400,3.5000,3.9900,0.477524,0.278328,0.244148,0.970
2026-09-26T08:58:52+08:00,2026-09-26T08:30:00+08:00,FB5806,2026-09-26 09:00,Honduras,Suriname,Honduras,Suriname,CONCACAF - Nations League,7,1.6200,3.8200,5.8280,0.587526,0.249160,0.163314,1.000
2026-09-26T08:58:52+08:00,2026-09-26T08:30:00+08:00,FB5807,2026-09-26 11:00,El Salvador,Martinique,El Salvador,Martinique,CONCACAF - Nations League,7,1.8980,3.4100,4.5500,0.506652,0.282002,0.211346,1.000
2026-09-26T13:48:40+08:00,2026-09-26T13:30:00+08:00,FB5720,2026-09-26 14:00,China AM,Thailand AM,China U23,Thailand U23,Asia - AFC - Asian Games U23,6,2.2700,3.0500,3.5640,0.419959,0.312559,0.267482,1.000
2026-09-26T13:48:40+08:00,2026-09-26T13:30:00+08:00,FB5725,2026-09-26 16:00,Montedio Yamagata,Sagan Tosu,Montedio Yamagata,Sagan Tosu,Japan ‐ J2 League,7,2.9210,3.6600,2.3880,0.330985,0.264155,0.404860,1.000
2026-09-26T13:48:40+08:00,2026-09-26T13:30:00+08:00,FB5726,2026-09-26 16:00,Blaublitz Akita,Albirex Niigata,Blaublitz Akita,Albirex Niigata,Japan ‐ J2 League,7,2.3910,3.2900,3.2300,0.405351,0.294588,0.300060,1.000
2026-09-26T13:48:40+08:00,2026-09-26T13:30:00+08:00,FB5727,2026-09-26 16:00,Oita Trinita,Fujieda MYFC,Oita Trinita,Fujieda MYFC,Japan ‐ J2 League,7,2.8160,3.1200,2.7360,0.341087,0.307853,0.351060,1.000
2026-09-26T13:48:40+08:00,2026-09-26T13:30:00+08:00,FB5728,2026-09-26 16:00,Kataller Toyama,FC Yokohama,Kataller Toyama,Yokohama FC,Japan ‐ J2 League,7,2.6360,3.7200,2.5300,0.363570,0.257627,0.378803,1.000
2026-09-26T13:48:40+08:00,2026-09-26T13:30:00+08:00,FB5729,2026-09-26 16:00,FC Imabari,Shonan Bellmare,Imabari,Shonan Bellmare,Japan ‐ J2 League,7,3.3700,3.5400,2.2000,0.287043,0.273259,0.439698,1.000
2026-09-26T13:48:40+08:00,2026-09-26T13:30:00+08:00,FB5730,2026-09-26 16:00,RB Omiya Ardija,Ventforet Kofu,Omiya Ardija,Ventforet Kofu,Japan ‐ J2 League,7,1.6400,4.2000,5.0800,0.583665,0.227907,0.188427,1.000
2026-09-26T13:48:40+08:00,2026-09-26T13:30:00+08:00,FB5741,2026-09-26 16:00,Tegevajaro Miyazaki,Hokkaido Consadole Sapporo,Tegevajaro Miyazaki,Consadole Sapporo,Japan ‐ J2 League,7,2.1310,3.6300,3.4130,0.452196,0.265463,0.282341,1.000
2026-09-26T13:48:40+08:00,2026-09-26T13:30:00+08:00,FB5742,2026-09-26 16:00,Jubilo Iwata,Vanraure Hachinohe,Jubilo Iwata,Vanraure Hachinohe,Japan ‐ J2 League,7,1.4790,4.3800,6.8200,0.643280,0.217217,0.139503,1.000
2026-09-26T13:48:40+08:00,2026-09-26T13:30:00+08:00,FB5743,2026-09-26 16:00,Tokushima Vortis,Tochigi City,Tokushima Vortis,Tochigi UVA,Japan ‐ J2 League,7,2.4300,3.7000,2.8500,0.398503,0.261720,0.339777,1.000
2026-09-26T13:48:40+08:00,2026-09-26T13:30:00+08:00,FB5744,2026-09-26 16:00,Iwaki FC,Vegalta Sendai,Iwaki,Vegalta Sendai,Japan ‐ J2 League,7,3.5630,3.6600,2.0580,0.269921,0.262767,0.467312,1.000
2026-09-26T13:48:40+08:00,2026-09-26T13:30:00+08:00,FB5867,2026-09-26 17:00,Pakistan,Thailand,Pakistan,Thailand,Asia - AFF Cup,7,16.2500,10.0200,1.1330,0.058948,0.095599,0.845454,1.000
2026-09-26T18:20:22+08:00,2026-09-26T18:00:00+08:00,FB5687,2026-09-27 18:00,Gangwon FC,Incheon Utd,Gangwon,Incheon United,South Korea ‐ K-League Classic,7,2.4500,3.2100,3.1530,0.393658,0.300455,0.305887,0.940
2026-09-26T18:20:22+08:00,2026-09-26T18:00:00+08:00,FB5731,2026-09-26 22:30,Heracles,Vitesse,Heracles Almelo,Vitesse Arnhem,Netherlands ‐ Eerste Divisie,7,1.6150,4.4700,4.8500,0.590219,0.213245,0.196537,0.940
2026-09-26T18:20:22+08:00,2026-09-26T18:00:00+08:00,FB5732,2026-09-27 02:00,Emmen,Oss,FC Emmen,FC Oss,Netherlands ‐ Eerste Divisie,6,1.5800,4.3330,4.8500,0.591570,0.215712,0.192718,1.000
2026-09-26T18:20:22+08:00,2026-09-26T18:00:00+08:00,FB5733,2026-09-27 02:00,Maastricht,Helmond,MVV Maastricht,Helmond Sport,Netherlands ‐ Eerste Divisie,7,2.2100,3.6820,3.1500,0.434442,0.260759,0.304799,1.000
2026-09-26T18:20:22+08:00,2026-09-26T18:00:00+08:00,FB5734,2026-09-27 02:00,Volendam,Venlo,Volendam,VVV-Venlo,Netherlands ‐ Eerste Divisie,7,1.9100,4.2600,3.5900,0.504951,0.226398,0.268651,1.000
2026-09-26T18:20:22+08:00,2026-09-26T18:00:00+08:00,FB5735,2026-09-27 02:00,Roda,RKC Waalwijk,Roda JC,RKC Waalwijk,Netherlands ‐ Eerste Divisie,7,2.5200,3.5630,2.7000,0.378701,0.267844,0.353455,0.970
2026-09-26T18:20:22+08:00,2026-09-26T18:00:00+08:00,FB5736,2026-09-27 02:00,NAC,FC Eindhoven,NAC Breda,FC Eindhoven,Netherlands ‐ Eerste Divisie,7,1.3750,5.2730,7.5000,0.692475,0.180571,0.126954,1.000
2026-09-26T18:20:22+08:00,2026-09-26T18:00:00+08:00,FB5737,2026-09-27 20:30,De Graafschap,Den Bosch,De Graafschap,Den Bosch,Netherlands ‐ Eerste Divisie,7,2.0290,4.2820,3.1000,0.469845,0.222633,0.307521,1.000
2026-09-26T18:20:22+08:00,2026-09-26T18:00:00+08:00,FB5745,2026-09-26 23:00,Georgia U21,Greece U21,Georgia U21,Greece U21,UEFA - European Championship U21,7,4.4200,3.7800,1.8200,0.217491,0.254315,0.528193,1.000
2026-09-26T18:20:22+08:00,2026-09-26T18:00:00+08:00,FB5747,2026-09-26 21:00,Slovenia,Scotland,Slovenia,Scotland,UEFA - Nations League,7,2.7300,3.1750,2.9400,0.358627,0.308363,0.333011,1.000
2026-09-26T18:20:22+08:00,2026-09-26T18:00:00+08:00,FB5748,2026-09-27 02:45,England,Spain,England,Spain,UEFA - Nations League,7,3.5400,3.6000,2.1630,0.276247,0.271643,0.452110,1.000
2026-09-26T18:20:22+08:00,2026-09-26T18:00:00+08:00,FB5750,2026-09-27 02:45,Albania,Belarus,Albania,Belarus,UEFA - Nations League,7,1.6100,3.9250,6.6000,0.604547,0.247980,0.147473,1.000
2026-09-26T18:20:22+08:00,2026-09-26T18:00:00+08:00,FB5751,2026-09-27 00:00,San Marino,Finland,San Marino,Finland,UEFA - Nations League,7,44.0000,12.5000,1.1100,0.022645,0.079711,0.897644,1.000
2026-09-26T18:20:22+08:00,2026-09-26T18:00:00+08:00,FB5752,2026-09-27 02:45,North Macedonia,Switzerland,Macedonia,Switzerland,UEFA - Nations League,7,10.0000,5.1600,1.3810,0.098240,0.190388,0.711371,0.970
2026-09-26T18:20:22+08:00,2026-09-26T18:00:00+08:00,FB5753,2026-09-27 00:00,Iceland,Estonia,Iceland,Estonia,UEFA - Nations League,7,1.3140,5.6400,11.1000,0.739997,0.172404,0.087600,1.000
2026-09-26T18:20:22+08:00,2026-09-26T18:00:00+08:00,FB5754,2026-09-27 00:00,Bulgaria,Luxembourg,Bulgaria,Luxembourg,UEFA - Nations League,7,2.4500,3.1000,3.5150,0.402037,0.317739,0.280225,1.000
2026-09-26T18:20:22+08:00,2026-09-26T18:00:00+08:00,FB5755,2026-09-27 02:45,Slovakia,Moldova,Slovakia,Moldova,UEFA - Nations League,7,1.1680,8.8000,23.0000,0.844944,0.112147,0.042908,1.000
2026-09-26T18:20:22+08:00,2026-09-26T18:00:00+08:00,FB5767,2026-09-27 00:00,Faroe Islands,Kazakhstan,Faroe Islands,Kazakhstan,UEFA - Nations League,7,2.3500,3.3750,3.4500,0.420618,0.292875,0.286508,1.000
2026-09-26T18:20:22+08:00,2026-09-26T18:00:00+08:00,FB5768,2026-09-26 22:00,Stockport,Peterborough,Stockport County,Peterborough United,England ‐ League 1,7,1.3530,5.7500,8.0390,0.712449,0.167642,0.119908,0.970
2026-09-26T18:20:22+08:00,2026-09-26T18:00:00+08:00,FB5769,2026-09-26 22:00,Wycombe,Reading,Wycombe Wanderers,Reading,England ‐ League 1,7,2.6190,3.6500,2.6410,0.369112,0.264851,0.366037,0.970
2026-09-26T18:20:22+08:00,2026-09-26T18:00:00+08:00,FB5770,2026-09-26 22:00,Cambridge Utd,AFC Wimbledon,Cambridge United,AFC Wimbledon,England ‐ League 1,7,1.9000,3.6200,4.4000,0.511070,0.268241,0.220689,0.948
2026-09-26T18:20:22+08:00,2026-09-26T18:00:00+08:00,FB5771,2026-09-26 22:00,Plymouth,Burton Albion,Plymouth Argyle,Burton Albion,England ‐ League 1,7,1.5610,4.4800,5.8620,0.619299,0.215787,0.164914,1.000
2026-09-26T18:20:22+08:00,2026-09-26T18:00:00+08:00,FB5772,2026-09-26 22:00,Newport County,Grimsby,Newport County,Grimsby Town,England ‐ League 2,7,4.1610,3.6870,1.9600,0.235210,0.265449,0.499341,1.000
2026-09-26T18:20:22+08:00,2026-09-26T18:00:00+08:00,FB5773,2026-09-26 22:00,Fleetwood,Rochdale,Fleetwood Town,Rochdale AFC,England ‐ League 2,7,1.8900,3.8100,4.0690,0.510061,0.253022,0.236917,1.000
2026-09-26T18:20:22+08:00,2026-09-26T18:00:00+08:00,FB5774,2026-09-26 22:00,Rotherham,Crewe,Rotherham United,Crewe Alexandra,England ‐ League 2,7,2.1970,3.6900,3.3000,0.442253,0.263314,0.294433,0.970
2026-09-26T18:20:22+08:00,2026-09-26T18:00:00+08:00,FB5775,2026-09-26 22:00,Cheltenham,Chesterfield,Cheltenham,Chesterfield,England ‐ League 2,7,3.0540,3.7600,2.2630,0.316279,0.256892,0.426829,1.000
2026-09-26T18:20:22+08:00,2026-09-26T18:00:00+08:00,FB5776,2026-09-26 22:00,Tranmere,Walsall,Tranmere Rovers,Walsall,England ‐ League 2,7,2.4700,3.3850,2.9800,0.390847,0.285197,0.323957,1.000
2026-09-26T18:20:22+08:00,2026-09-26T18:00:00+08:00,FB5777,2026-09-26 22:00,Bristol Rovers,Exeter City,Bristol Rovers,Exeter City,England ‐ League 2,7,1.7700,3.9000,4.6500,0.545110,0.247396,0.207494,1.000
2026-09-26T18:20:22+08:00,2026-09-26T18:00:00+08:00,FB5778,2026-09-26 22:00,Shrewsbury,Colchester,Shrewsbury Town,Colchester United,England ‐ League 2,7,2.4890,3.3500,3.0100,0.389121,0.289111,0.321768,0.940
2026-09-26T18:20:22+08:00,2026-09-26T18:00:00+08:00,FB5779,2026-09-26 22:00,Swindon,Accrington Stanley,Swindon Town,Accrington Stanley,England ‐ League 2,7,2.2400,3.6700,3.1510,0.430804,0.262943,0.306252,1.000
2026-09-26T18:20:22+08:00,2026-09-26T18:00:00+08:00,FB5780,2026-09-27 00:30,Oldham,Salford City,Oldham Athletic,Salford City,England ‐ League 2,7,2.4890,3.5500,2.8250,0.387268,0.271524,0.341207,1.000
2026-09-26T18:20:22+08:00,2026-09-26T18:00:00+08:00,FB5781,2026-09-26 23:00,Croatia U21,Hungary U21,Croatia U21,Hungary U21,UEFA - European Championship U21,7,1.2930,5.7600,10.3000,0.740734,0.166279,0.092987,1.000
2026-09-26T18:20:22+08:00,2026-09-26T18:00:00+08:00,FB5783,2026-09-27 10:00,Oakland Roots,Phoenix Rising,Oakland Roots SC,Phoenix Rising,USA ‐ USL League One,6,2.5070,3.5500,2.7600,0.382478,0.270105,0.347417,1.000
2026-09-26T18:20:22+08:00,2026-09-26T18:00:00+08:00,FB5784,2026-09-26 22:00,York City,Gillingham,York City,Gillingham,England ‐ League 2,7,1.8000,4.1300,4.3040,0.539359,0.235072,0.225569,1.000
2026-09-26T18:20:22+08:00,2026-09-26T18:00:00+08:00,FB5789,2026-09-27 10:00,Orange County SC,Pittsburgh Riverhounds,Orange County Blues,Pittsburgh Riverhounds,USA ‐ USL League One,6,3.0930,3.1200,2.4770,0.308639,0.305968,0.385393,0.970
2026-09-26T18:20:22+08:00,2026-09-26T18:00:00+08:00,FB5790,2026-09-27 00:00,Ukraine U21,Turkiye U21,Ukraine U21,Turkey U21,UEFA - European Championship U21,7,2.3430,3.5700,2.9890,0.409806,0.268957,0.321237,0.929
2026-09-26T18:20:22+08:00,2026-09-26T18:00:00+08:00,FB5793,2026-09-28 03:58,Racing Club,Boca Juniors,Racing Club,Boca Juniors,Argentina ‐ Cup,6,3.8600,3.2500,2.0840,0.247531,0.293991,0.458479,1.000
2026-09-26T18:20:22+08:00,2026-09-26T18:00:00+08:00,FB5794,2026-09-26 20:00,Ceuta,Real Sociedad B,AD Ceuta,Real Sociedad II,Spain ‐ Segunda Division,7,3.0200,3.4700,2.4790,0.323777,0.281788,0.394435,0.952
2026-09-26T18:20:22+08:00,2026-09-26T18:00:00+08:00,FB5795,2026-09-26 22:15,CF Granada,FC Andorra,Granada CF,Andorra CF,Spain ‐ Segunda Division,7,2.2600,3.3500,3.4550,0.429415,0.289695,0.280891,1.000
2026-09-26T18:20:22+08:00,2026-09-26T18:00:00+08:00,FB5796,2026-09-27 00:30,Tenerife,Cadiz,Tenerife,Cadiz,Spain ‐ Segunda Division,7,1.8880,3.4250,4.8800,0.515962,0.284420,0.199618,1.000
2026-09-26T18:20:22+08:00,2026-09-26T18:00:00+08:00,FB5797,2026-09-27 20:00,Valladolid,Cordoba,Real Valladolid,Cordoba,Spain ‐ Segunda Division,7,2.3780,3.5050,3.0600,0.407235,0.276293,0.316472,1.000
2026-09-26T18:20:22+08:00,2026-09-26T18:00:00+08:00,FB5798,2026-09-27 22:15,Mallorca,Almeria,Mallorca,Almeria,Spain ‐ Segunda Division,7,2.1100,3.3400,3.8600,0.459059,0.290004,0.250936,1.000
2026-09-26T18:20:22+08:00,2026-09-26T18:00:00+08:00,FB5799,2026-09-28 00:30,Eibar,Las Palmas,SD Eibar,Las Palmas,Spain ‐ Segunda Division,7,2.0000,3.3600,4.2200,0.483285,0.287670,0.229045,0.970
2026-09-26T18:20:22+08:00,2026-09-26T18:00:00+08:00,FB5800,2026-09-28 00:30,Burgos,CD Eldense,Burgos CF,CD Eldense,Spain ‐ Segunda Division,7,1.9260,3.5250,4.3800,0.503497,0.275102,0.221401,1.000
2026-09-26T18:20:22+08:00,2026-09-26T18:00:00+08:00,FB5801,2026-09-28 03:00,Oviedo,Gijon,Real Oviedo,Sporting Gijon,Spain ‐ Segunda Division,7,2.1350,3.2250,3.9170,0.453088,0.299951,0.246960,1.000
2026-09-26T18:20:22+08:00,2026-09-26T18:00:00+08:00,FB5802,2026-09-29 02:30,Leganes,Castellon,CD Leganes,CD Castellon,Spain ‐ Segunda Division,7,3.0400,3.3550,2.4470,0.317617,0.287796,0.394587,0.940
2026-09-26T18:20:22+08:00,2026-09-26T18:00:00+08:00,FB5812,2026-09-29 06:57,Montevideo Wanderers,Albion FC,Montevideo Wanderers,Albion FC,Uruguay ‐ Primera Division,6,2.2600,3.3300,3.2070,0.419571,0.284754,0.295675,1.000
2026-09-26T18:20:22+08:00,2026-09-26T18:00:00+08:00,FB5813,2026-09-28 04:57,Defensor Sporting,Danubio,Defensor Sporting,Danubio FC,Uruguay ‐ Primera Division,7,2.2870,3.4000,3.1820,0.418169,0.281280,0.300551,1.000
2026-09-26T18:20:22+08:00,2026-09-26T18:00:00+08:00,FB5814,2026-09-28 01:57,Juventud Las Piedras,CA Cerro,Juventud de Las Piedras,CA Cerro,Uruguay ‐ Primera Division,7,1.7590,3.5000,4.9360,0.537943,0.270355,0.191702,0.965
2026-09-26T18:20:22+08:00,2026-09-26T18:00:00+08:00,FB5817,2026-09-27 05:27,Penarol,Boston River,Penarol Montevideo,CA Boston River,Uruguay ‐ Primera Division,7,1.4920,4.4300,6.7300,0.641647,0.216103,0.142249,0.940
2026-09-26T18:20:22+08:00,2026-09-26T18:00:00+08:00,FB5818,2026-09-27 07:30,New York Red Bulls,St. Louis City SC,New York Red Bulls,Saint Louis FC,USA ‐ Major League Soccer,7,3.7200,4.2200,1.9100,0.261154,0.230211,0.508635,0.833
2026-09-26T18:20:22+08:00,2026-09-26T18:00:00+08:00,FB5819,2026-09-27 08:30,Nashville SC,Toronto FC,Nashville,Toronto FC,USA ‐ Major League Soccer,7,1.4530,5.1300,6.8900,0.669290,0.189567,0.141143,1.000
2026-09-26T18:20:22+08:00,2026-09-26T18:00:00+08:00,FB5820,2026-09-27 07:30,Atlanta Utd,New York City,Atlanta United,New York City,USA ‐ Major League Soccer,7,2.3480,3.7200,3.0050,0.414500,0.261625,0.323875,0.940
2026-09-26T18:20:22+08:00,2026-09-26T18:00:00+08:00,FB5821,2026-09-27 08:30,FC Dallas,Los Angeles FC,FC Dallas,Los Angeles FC,USA ‐ Major League Soccer,7,2.3360,3.7500,2.9980,0.416299,0.259327,0.324374,1.000
2026-09-26T18:20:22+08:00,2026-09-26T18:00:00+08:00,FB5822,2026-09-27 07:30,Philadelphia Union,Orlando City,Philadelphia Union,Orlando City,USA ‐ Major League Soccer,7,1.5020,5.1800,5.8400,0.646348,0.187416,0.166235,1.000
2026-09-26T18:20:22+08:00,2026-09-26T18:00:00+08:00,FB5823,2026-09-27 08:30,Austin FC,San Diego FC,Austin FC,San Diego FC,USA ‐ Major League Soccer,7,2.4940,3.7500,2.7960,0.391075,0.260091,0.348834,1.000
2026-09-26T18:20:22+08:00,2026-09-26T18:00:00+08:00,FB5824,2026-09-27 07:30,CF Montreal,FC Cincinnati,Montreal Impact,FC Cincinnati,USA ‐ Major League Soccer,7,2.7530,3.9000,2.4400,0.352836,0.249066,0.398098,1.000
2026-09-26T18:20:22+08:00,2026-09-26T18:00:00+08:00,FB5825,2026-09-27 10:30,San Jose Earthquakes,Portland Timbers,San Jose Earthquakes,Portland Timbers,USA ‐ Major League Soccer,7,2.0230,4.0000,3.5500,0.481786,0.243663,0.274550,1.000
2026-09-26T18:20:22+08:00,2026-09-26T18:00:00+08:00,FB5826,2026-09-27 08:30,Houston Dynamo,Sporting Kansas City,Houston Dynamo,Sporting Kansas City,USA ‐ Major League Soccer,7,1.6160,4.4300,5.3600,0.600140,0.218922,0.180938,1.000
2026-09-26T18:20:22+08:00,2026-09-26T18:00:00+08:00,FB5827,2026-09-27 09:30,Real Salt Lake,New England Revolution,Real Salt Lake,New England Revolution,USA ‐ Major League Soccer,7,2.5410,3.9360,2.6340,0.383102,0.247323,0.369575,1.000
2026-09-26T18:20:22+08:00,2026-09-26T18:00:00+08:00,FB5828,2026-09-28 07:00,Columbus Crew,Inter Miami CF,Columbus Crew,Inter Miami,USA ‐ Major League Soccer,7,2.9410,4.1270,2.2630,0.331980,0.236577,0.431442,1.000
2026-09-26T18:20:22+08:00,2026-09-26T18:00:00+08:00,FB5829,2026-09-27 10:30,Vancouver Whitecaps,DC United,Vancouver Whitecaps,Washington DC United,USA ‐ Major League Soccer,7,1.2670,6.9800,12.1000,0.777466,0.141125,0.081409,0.970
2026-09-26T18:20:22+08:00,2026-09-26T18:00:00+08:00,FB5830,2026-09-27 08:30,Seattle Sounders,Minnesota Utd,Seattle Sounders,Minnesota United,USA ‐ Major League Soccer,7,2.3100,3.8500,2.9980,0.421849,0.253110,0.325041,0.948
2026-09-26T18:20:22+08:00,2026-09-26T18:00:00+08:00,FB5831,2026-09-27 07:30,Charlotte FC,Chicago Fire,Charlotte FC,Chicago Fire,USA ‐ Major League Soccer,7,2.2010,4.0000,3.0600,0.440620,0.242451,0.316929,1.000
2026-09-26T18:20:22+08:00,2026-09-26T18:00:00+08:00,FB5832,2026-09-27 10:30,LA Galaxy,Colorado Rapids,LA Galaxy,Colorado Rapids,USA ‐ Major League Soccer,7,2.2310,4.1090,2.9810,0.436422,0.236957,0.326621,1.000
2026-09-26T18:20:22+08:00,2026-09-26T18:00:00+08:00,FB5833,2026-09-28 11:00,Necaxa,CF America,Necaxa,Club America,Mexico ‐ Primera Division,7,3.7300,3.8730,1.9900,0.260590,0.250968,0.488442,1.000
2026-09-26T18:20:22+08:00,2026-09-26T18:00:00+08:00,FB5834,2026-09-28 09:00,Club Leon,Juarez,Club Leon,FC Juarez,Mexico ‐ Primera Division,7,1.5820,4.3000,5.6400,0.606648,0.223190,0.170163,1.000
2026-09-26T18:20:22+08:00,2026-09-26T18:00:00+08:00,FB5835,2026-09-28 02:00,Pumas UNAM,Atletico San Luis,UNAM Pumas,Atletico San Luis,Mexico ‐ Primera Division,7,2.0290,3.6600,3.6600,0.474216,0.262892,0.262892,1.000
2026-09-26T18:20:22+08:00,2026-09-26T18:00:00+08:00,FB5836,2026-09-27 11:10,Tigres UANL,Puebla,Tigres UANL,Puebla,Mexico ‐ Primera Division,7,1.6000,4.4390,5.2900,0.601359,0.216755,0.181886,1.000
2026-09-26T18:20:22+08:00,2026-09-26T18:00:00+08:00,FB5837,2026-09-27 11:05,Santos Laguna,Pachuca,Santos Laguna,Pachuca,Mexico ‐ Primera Division,7,3.2200,3.7900,2.1700,0.299987,0.254870,0.445142,1.000
2026-09-26T18:20:22+08:00,2026-09-26T18:00:00+08:00,FB5839,2026-09-27 06:57,Universidad Catolica,Union La Calera,Universidad Catolica,Union La Calera,Chile ‐ Cup,7,1.6170,3.7500,5.4500,0.578738,0.249552,0.171710,1.000
2026-09-26T18:20:22+08:00,2026-09-26T18:00:00+08:00,FB5840,2026-09-27 04:27,Deportivo Nublense,Puerto Montt,Nublense,Deportes Puerto Montt,Chile ‐ Cup,7,1.6500,3.8000,5.1000,0.568912,0.247028,0.184060,0.970
2026-09-26T18:20:22+08:00,2026-09-26T18:00:00+08:00,FB5841,2026-09-26 21:00,AIK Solna Women,Vaxjo Women,AIK Solna Women,Vaxjo BK Women,Sweden ‐ Damallsvenskan,7,1.3900,4.5200,7.0100,0.664094,0.204224,0.131682,0.940
2026-09-26T18:20:22+08:00,2026-09-26T18:00:00+08:00,FB5842,2026-09-27 03:28,Operario Ferroviario,Ceara,Operario PR,Ceara,Brazil ‐ Serie B,7,2.1600,3.3000,3.8260,0.450632,0.294959,0.254408,1.000
2026-09-26T18:20:22+08:00,2026-09-26T18:00:00+08:00,FB5843,2026-09-27 05:28,Goias,Atletico Goianiense,Goias,Atletico GO,Brazil ‐ Serie B,7,2.6860,3.0700,3.0150,0.361559,0.316335,0.322106,1.000
2026-09-26T18:20:22+08:00,2026-09-26T18:00:00+08:00,FB5844,2026-09-27 19:00,Rosengard Women,Pitea Women,FC Rosengard Women,Pitea IF Women,Sweden ‐ Damallsvenskan,6,2.0700,3.5000,3.2850,0.450133,0.266222,0.283645,1.000
2026-09-26T18:20:22+08:00,2026-09-26T18:00:00+08:00,FB5845,2026-09-27 21:58,Criciuma,Avai,Criciuma,Avai,Brazil ‐ Serie B,6,1.6800,3.7000,5.3140,0.564908,0.256499,0.178593,1.000
2026-09-26T18:20:22+08:00,2026-09-26T18:00:00+08:00,FB5846,2026-09-28 02:58,CRB,Cuiaba,CRB,Cuiaba MT,Brazil ‐ Serie B,6,2.0290,3.4000,4.1890,0.480509,0.286751,0.232741,0.970
2026-09-26T18:20:22+08:00,2026-09-26T18:00:00+08:00,FB5847,2026-09-28 05:28,Fortaleza,Athletic Club MG,Fortaleza CE,Athletic Club MG,Brazil ‐ Serie B,7,1.7300,3.6000,5.7800,0.561841,0.269996,0.168163,0.970
2026-09-26T18:20:22+08:00,2026-09-26T18:00:00+08:00,FB5848,2026-09-27 19:00,Brommapojkarna Women,Malmo Women,Brommapojkarna Women,Malmo Women,Sweden ‐ Damallsvenskan,6,6.9600,4.7500,1.3670,0.132333,0.193902,0.673765,1.000
2026-09-26T18:20:22+08:00,2026-09-26T18:00:00+08:00,FB5849,2026-09-26 21:00,Hammarby Women,Eskilstuna Utd Women,Hammarby IF Women,Eskilstuna United Women,Sweden ‐ Damallsvenskan,7,1.1050,9.0000,19.7500,0.848373,0.104161,0.047466,0.965
2026-09-26T18:20:22+08:00,2026-09-26T18:00:00+08:00,FB5850,2026-09-28 01:57,Deportes Concepcion,Curico Unido,CD Concepcion,Curico Unido,Chile ‐ Cup,5,1.3000,4.7500,10.3000,0.714338,0.195503,0.090159,0.875
2026-09-26T18:20:22+08:00,2026-09-26T18:00:00+08:00,FB5851,2026-09-29 06:28,America Mineiro,Juventude,America Mineiro MG,Juventude RS,Brazil ‐ Serie B,6,3.4310,3.2000,2.2500,0.278004,0.298072,0.423925,0.940
2026-09-26T18:20:22+08:00,2026-09-26T18:00:00+08:00,FB5853,2026-09-27 06:00,Tlaxcala,Cancun FC,Tlaxcala,Cancun FC,Mexico ‐ Liga de Expansion,6,2.3000,3.5000,2.8000,0.403458,0.265130,0.331412,1.000
2026-09-26T18:20:22+08:00,2026-09-26T18:00:00+08:00,FB5855,2026-09-27 03:28,Nautico Recife,Sport Recife,Nautico Capibaribe,Sport Club do Recife,Brazil ‐ Serie B,7,2.4830,3.4500,3.0500,0.394663,0.284043,0.321294,0.788
2026-09-26T18:20:22+08:00,2026-09-26T18:00:00+08:00,FB5856,2026-09-26 21:00,Stabaek Women,Brann Women,Stabaek Women,Brann Women,Norway ‐ Toppserien Women,7,8.7500,6.0000,1.2500,0.105727,0.154185,0.740088,1.000
2026-09-26T18:20:22+08:00,2026-09-26T18:00:00+08:00,FB5858,2026-09-26 19:00,Molde Women,Valerenga Women,Molde FK Women,Valerenga IF Women,Norway ‐ Toppserien Women,7,6.6100,5.5000,1.3730,0.142529,0.171294,0.686176,1.000
2026-09-26T18:20:22+08:00,2026-09-26T18:00:00+08:00,FB5859,2026-09-26 19:00,Lyn Women,Honefoss Women,Lyn Oslo FK Women,Honefoss BK Women,Norway ‐ Toppserien Women,7,1.5640,4.3700,5.2800,0.604556,0.216367,0.179077,0.843
2026-09-26T18:20:22+08:00,2026-09-26T18:00:00+08:00,FB5860,2026-09-27 09:00,Dorados,Alacranes de Durango,Dorados de Sinaloa,Alacranes de Durango,Mexico ‐ Liga de Expansion,6,2.3000,3.6000,2.7500,0.403999,0.258111,0.337890,0.970
2026-09-26T18:20:22+08:00,2026-09-26T18:00:00+08:00,FB5861,2026-09-27 23:27,Antofagasta,Iquique,CD Antofagasta,Deportes Iquique,Chile ‐ Cup,6,1.9500,3.4000,3.7700,0.478293,0.274315,0.247393,0.970
2026-09-26T18:20:22+08:00,2026-09-26T18:00:00+08:00,FB5862,2026-09-27 07:07,Guadalajara,Queretaro,Guadalajara Chivas,Queretaro,Mexico ‐ Primera Division,7,1.5740,4.5640,5.4700,0.612511,0.211238,0.176251,1.000
2026-09-26T18:20:22+08:00,2026-09-26T18:00:00+08:00,FB5863,2026-09-27 06:50,Cruz Azul,Toluca,Cruz Azul,Toluca,Mexico ‐ Primera Division,7,2.7100,3.5020,2.6600,0.358084,0.277101,0.364815,1.000
2026-09-26T18:20:22+08:00,2026-09-26T18:00:00+08:00,FB5865,2026-09-26 23:55,Kuwait,Iraq,Kuwait,Iraq,Asia - Gulf Cup,7,7.4400,3.9500,1.5100,0.128030,0.241149,0.630821,1.000
2026-09-26T18:20:22+08:00,2026-09-26T18:00:00+08:00,FB5866,2026-09-26 20:30,Vietnam,Philippines,Vietnam,Philippines,Asia - AFF Cup,7,1.4250,4.7000,7.0200,0.663930,0.201298,0.134772,1.000
2026-09-26T18:20:22+08:00,2026-09-26T18:00:00+08:00,FB5869,2026-09-26 21:00,Lazio Women,Parma Women,Lazio Women,Parma Women,Italy ‐ Serie A Women,7,1.7220,3.7500,4.5600,0.544416,0.249996,0.205589,1.000
2026-09-26T18:20:22+08:00,2026-09-26T18:00:00+08:00,FB5871,2026-09-26 18:30,Juventus Women,Napoli Women,Juventus Women,Napoli Women,Italy ‐ Serie A Women,7,1.4100,5.2250,7.7000,0.688244,0.185727,0.126029,1.000
2026-09-26T18:20:22+08:00,2026-09-26T18:00:00+08:00,FB5872,2026-09-26 19:00,Kristianstads Women,Vittsjo Women,Kristianstads DFF Women,Vittsjo GIK Women,Sweden ‐ Damallsvenskan,7,1.6170,4.0000,4.7600,0.573409,0.231801,0.194790,0.886
2026-09-26T18:20:22+08:00,2026-09-26T18:00:00+08:00,FB5873,2026-09-27 09:00,Mexico,Colombia,Mexico,Colombia,International - Friendlies,7,2.7040,3.4050,2.8000,0.362340,0.287744,0.349917,1.000
2026-09-26T18:20:22+08:00,2026-09-26T18:00:00+08:00,FB5874,2026-09-27 04:30,USA,Peru,USA,Peru,International - Friendlies,7,1.5440,4.3800,7.0800,0.636703,0.224445,0.138852,1.000
2026-09-26T18:20:22+08:00,2026-09-26T18:00:00+08:00,FB5875,2026-09-27 07:00,Canada,Chile,Canada,Chile,International - Friendlies,7,1.7460,3.8750,5.2700,0.561202,0.252867,0.185931,1.000
2026-09-26T18:20:22+08:00,2026-09-26T18:00:00+08:00,FB5876,2026-09-27 03:30,Corinthians Women,Sao Paulo Women,Corinthians SP Women,Sao Paulo SP Women,Brazil ‐ Campeonato Brasileiro Serie A1 Women,4,1.8130,3.3800,4.3590,0.512213,0.274746,0.213040,0.914
2026-09-26T18:20:22+08:00,2026-09-26T18:00:00+08:00,FB5877,2026-09-26 21:00,South Africa,Guinea,South Africa,Guinea,Africa - CAF - Nations Cup,7,1.8500,3.1800,4.8360,0.509085,0.296166,0.194749,1.000
2026-09-26T18:20:22+08:00,2026-09-26T18:00:00+08:00,FB5878,2026-09-26 20:30,Charlton Women,Manchester City Women,Charlton Athletic Women,Manchester City Women,England ‐ Super League Women,5,29.0000,19.0000,1.0500,0.033173,0.050632,0.916196,0.878
2026-09-26T18:20:22+08:00,2026-09-26T18:00:00+08:00,FB5879,2026-09-27 02:58,Estudiantes,Rosario Central,Estudiantes La Plata,Rosario Central,Argentina ‐ Super Cup,6,3.0810,2.8900,2.8700,0.318511,0.339561,0.341928,1.000
2026-09-26T18:20:22+08:00,2026-09-26T18:00:00+08:00,FB5882,2026-09-26 22:30,DUX Logrono Women,Barcelona Women,CDEF Logrono Women,Barcelona Women,Spain ‐ Superliga Femenina,5,67.0000,29.0000,1.0200,0.014493,0.033485,0.952022,0.929
2026-09-26T18:20:22+08:00,2026-09-26T18:00:00+08:00,FB5884,2026-09-27 21:00,Lithuania,Azerbaijan,Lithuania,Azerbaijan,UEFA - Nations League,7,2.5410,3.0850,3.1850,0.381466,0.314199,0.304334,1.000
2026-09-26T18:20:22+08:00,2026-09-26T18:00:00+08:00,FB5885,2026-09-28 00:00,Austria,Kosovo,Austria,Kosovo,UEFA - Nations League,7,1.5780,4.3000,6.0700,0.614649,0.225562,0.159789,1.000
2026-09-26T18:20:22+08:00,2026-09-26T18:00:00+08:00,FB5886,2026-09-28 00:00,Denmark,Wales,Denmark,Wales,UEFA - Nations League,7,1.4810,4.6800,7.1600,0.656471,0.207742,0.135787,1.000
2026-09-26T18:20:22+08:00,2026-09-26T18:00:00+08:00,FB5887,2026-09-28 00:00,Gibraltar,Andorra,Gibraltar,Andorra,UEFA - Nations League,7,3.6650,2.9460,2.3890,0.264678,0.329275,0.406047,1.000
2026-09-26T18:20:22+08:00,2026-09-26T18:00:00+08:00,FB5888,2026-09-28 00:00,Serbia,Netherlands,Serbia,Netherlands,UEFA - Nations League,7,8.0000,5.0900,1.4400,0.123043,0.193387,0.683570,1.000
2026-09-26T18:20:22+08:00,2026-09-26T18:00:00+08:00,FB5889,2026-09-28 02:45,Germany,Greece,Germany,Greece,UEFA - Nations League,7,1.4300,5.2800,7.2000,0.680529,0.184310,0.135161,1.000
2026-09-26T18:20:22+08:00,2026-09-26T18:00:00+08:00,FB5890,2026-09-28 02:45,Israel,Republic of Ireland,Israel,Ireland,UEFA - Nations League,7,3.1000,3.1500,2.7000,0.319257,0.314189,0.366554,1.000
2026-09-26T18:20:22+08:00,2026-09-26T18:00:00+08:00,FB5891,2026-09-28 02:45,Norway,Portugal,Norway,Portugal,UEFA - Nations League,7,2.5700,3.8700,2.6800,0.381237,0.253173,0.365590,1.000
2026-09-26T22:35:46+08:00,2026-09-26T22:30:00+08:00,FB5732,2026-09-27 02:00,Emmen,Oss,FC Emmen,FC Oss,Netherlands ‐ Eerste Divisie,6,1.6000,4.2000,4.8000,0.583333,0.222222,0.194444,1.000
2026-09-26T22:35:46+08:00,2026-09-26T22:30:00+08:00,FB5733,2026-09-27 02:00,Maastricht,Helmond,MVV Maastricht,Helmond Sport,Netherlands ‐ Eerste Divisie,7,2.1790,3.6600,3.1500,0.437235,0.260310,0.302455,1.000
2026-09-26T22:35:46+08:00,2026-09-26T22:30:00+08:00,FB5734,2026-09-27 02:00,Volendam,Venlo,Volendam,VVV-Venlo,Netherlands ‐ Eerste Divisie,7,1.8830,4.2200,3.5660,0.506521,0.226014,0.267465,1.000
2026-09-26T22:35:46+08:00,2026-09-26T22:30:00+08:00,FB5735,2026-09-27 02:00,Roda,RKC Waalwijk,Roda JC,RKC Waalwijk,Netherlands ‐ Eerste Divisie,7,2.3300,3.5890,2.9590,0.410402,0.266436,0.323162,0.970
2026-09-26T22:35:46+08:00,2026-09-26T22:30:00+08:00,FB5736,2026-09-27 02:00,NAC,FC Eindhoven,NAC Breda,FC Eindhoven,Netherlands ‐ Eerste Divisie,7,1.3860,5.2700,7.3700,0.689152,0.181246,0.129602,1.000
2026-09-26T22:35:46+08:00,2026-09-26T22:30:00+08:00,FB5745,2026-09-26 23:00,Georgia U21,Greece U21,Georgia U21,Greece U21,UEFA - European Championship U21,7,4.5500,3.8300,1.7800,0.210785,0.250410,0.538804,1.000
2026-09-26T22:35:46+08:00,2026-09-26T22:30:00+08:00,FB5751,2026-09-27 00:00,San Marino,Finland,San Marino,Finland,UEFA - Nations League,7,35.0000,13.5000,1.0990,0.028217,0.073155,0.898628,1.000
2026-09-26T22:35:46+08:00,2026-09-26T22:30:00+08:00,FB5753,2026-09-27 00:00,Iceland,Estonia,Iceland,Estonia,UEFA - Nations League,7,1.2900,6.0000,12.3000,0.757646,0.162894,0.079460,1.000
2026-09-26T22:35:46+08:00,2026-09-26T22:30:00+08:00,FB5754,2026-09-27 00:00,Bulgaria,Luxembourg,Bulgaria,Luxembourg,UEFA - Nations League,7,2.4400,2.9700,3.6800,0.402481,0.330657,0.266862,1.000
2026-09-26T22:35:46+08:00,2026-09-26T22:30:00+08:00,FB5767,2026-09-27 00:00,Faroe Islands,Kazakhstan,Faroe Islands,Kazakhstan,UEFA - Nations League,7,2.3100,3.4000,3.4650,0.426243,0.289595,0.284162,1.000
2026-09-26T22:35:46+08:00,2026-09-26T22:30:00+08:00,FB5780,2026-09-27 00:30,Oldham,Salford City,Oldham Athletic,Salford City,England ‐ League 2,7,2.4880,3.4900,2.8280,0.385703,0.274965,0.339331,1.000
2026-09-26T22:35:46+08:00,2026-09-26T22:30:00+08:00,FB5781,2026-09-26 23:00,Croatia U21,Hungary U21,Croatia U21,Hungary U21,UEFA - European Championship U21,7,1.2510,6.0000,11.5000,0.759139,0.158280,0.082581,1.000
2026-09-26T22:35:46+08:00,2026-09-26T22:30:00+08:00,FB5790,2026-09-27 00:00,Ukraine U21,Turkiye U21,Ukraine U21,Turkey U21,UEFA - European Championship U21,7,2.3480,3.5700,2.9880,0.409247,0.269163,0.321590,0.929
2026-09-26T22:35:46+08:00,2026-09-26T22:30:00+08:00,FB5796,2026-09-27 00:30,Tenerife,Cadiz,Tenerife,Cadiz,Spain ‐ Segunda Division,7,1.8900,3.4050,4.8270,0.513713,0.285144,0.201143,1.000
2026-09-26T22:35:46+08:00,2026-09-26T22:30:00+08:00,FB5865,2026-09-26 23:55,Kuwait,Iraq,Kuwait,Iraq,Asia - Gulf Cup,7,6.9500,3.8200,1.5710,0.138059,0.251180,0.610762,1.000
2026-09-27T02:05:54+08:00,2026-09-27T02:00:00+08:00,FB5687,2026-09-27 18:00,Gangwon FC,Incheon Utd,Gangwon,Incheon United,South Korea ‐ K-League Classic,7,2.4560,3.1900,3.1600,0.392600,0.302265,0.305135,0.940
2026-09-27T02:05:54+08:00,2026-09-27T02:00:00+08:00,FB5737,2026-09-27 20:30,De Graafschap,Den Bosch,De Graafschap,Den Bosch,Netherlands ‐ Eerste Divisie,7,2.0400,4.2490,3.1400,0.469529,0.225427,0.305044,1.000
2026-09-27T02:05:54+08:00,2026-09-27T02:00:00+08:00,FB5748,2026-09-27 02:45,England,Spain,England,Spain,UEFA - Nations League,7,3.8400,3.5350,2.1380,0.257576,0.279800,0.462625,1.000
2026-09-27T02:05:54+08:00,2026-09-27T02:00:00+08:00,FB5750,2026-09-27 02:45,Albania,Belarus,Albania,Belarus,UEFA - Nations League,7,1.6560,3.9600,5.9000,0.588630,0.246154,0.165215,1.000
2026-09-27T02:05:54+08:00,2026-09-27T02:00:00+08:00,FB5752,2026-09-27 02:45,North Macedonia,Switzerland,Macedonia,Switzerland,UEFA - Nations League,7,13.0000,5.4100,1.3170,0.075336,0.181029,0.743635,0.970
2026-09-27T02:05:54+08:00,2026-09-27T02:00:00+08:00,FB5755,2026-09-27 02:45,Slovakia,Moldova,Slovakia,Moldova,UEFA - Nations League,7,1.1620,8.8000,24.0000,0.847126,0.111859,0.041015,1.000
2026-09-27T02:05:54+08:00,2026-09-27T02:00:00+08:00,FB5783,2026-09-27 10:00,Oakland Roots,Phoenix Rising,Oakland Roots SC,Phoenix Rising,USA ‐ USL League One,6,2.4830,3.5700,2.7500,0.384848,0.267669,0.347483,1.000
2026-09-27T02:05:54+08:00,2026-09-27T02:00:00+08:00,FB5789,2026-09-27 10:00,Orange County SC,Pittsburgh Riverhounds,Orange County Blues,Pittsburgh Riverhounds,USA ‐ USL League One,6,3.0000,3.1500,2.5550,0.319841,0.304611,0.375548,0.970
2026-09-27T02:05:54+08:00,2026-09-27T02:00:00+08:00,FB5793,2026-09-28 03:58,Racing Club,Boca Juniors,Racing Club,Boca Juniors,Argentina ‐ Cup,6,3.8600,3.2500,2.0840,0.247531,0.293991,0.458479,1.000
2026-09-27T02:05:54+08:00,2026-09-27T02:00:00+08:00,FB5797,2026-09-27 20:00,Valladolid,Cordoba,Real Valladolid,Cordoba,Spain ‐ Segunda Division,7,2.3640,3.5000,3.1100,0.410584,0.277320,0.312096,1.000
2026-09-27T02:05:54+08:00,2026-09-27T02:00:00+08:00,FB5798,2026-09-27 22:15,Mallorca,Almeria,Mallorca,Almeria,Spain ‐ Segunda Division,7,2.1100,3.3400,3.9100,0.460537,0.290938,0.248525,1.000
2026-09-27T02:05:54+08:00,2026-09-27T02:00:00+08:00,FB5799,2026-09-28 00:30,Eibar,Las Palmas,SD Eibar,Las Palmas,Spain ‐ Segunda Division,7,2.0090,3.3600,4.2790,0.483695,0.289209,0.227096,0.970
2026-09-27T02:05:54+08:00,2026-09-27T02:00:00+08:00,FB5800,2026-09-28 00:30,Burgos,CD Eldense,Burgos CF,CD Eldense,Spain ‐ Segunda Division,7,1.9420,3.5050,4.3850,0.500766,0.277457,0.221776,1.000
2026-09-27T02:05:54+08:00,2026-09-27T02:00:00+08:00,FB5801,2026-09-28 03:00,Oviedo,Gijon,Real Oviedo,Sporting Gijon,Spain ‐ Segunda Division,7,2.0580,3.2600,4.1000,0.468771,0.295929,0.235300,1.000
2026-09-27T02:05:54+08:00,2026-09-27T02:00:00+08:00,FB5802,2026-09-29 02:30,Leganes,Castellon,CD Leganes,CD Castellon,Spain ‐ Segunda Division,7,3.1800,3.4200,2.3010,0.301948,0.280758,0.417294,0.940
2026-09-27T02:05:54+08:00,2026-09-27T02:00:00+08:00,FB5812,2026-09-29 06:57,Montevideo Wanderers,Albion FC,Montevideo Wanderers,Albion FC,Uruguay ‐ Primera Division,6,2.3780,3.1800,3.2400,0.402942,0.301319,0.295739,1.000
2026-09-27T02:05:54+08:00,2026-09-27T02:00:00+08:00,FB5813,2026-09-28 04:57,Defensor Sporting,Danubio,Defensor Sporting,Danubio FC,Uruguay ‐ Primera Division,7,2.2920,3.3600,3.1480,0.414899,0.283021,0.302080,1.000
2026-09-27T02:05:54+08:00,2026-09-27T02:00:00+08:00,FB5814,2026-09-28 01:57,Juventud Las Piedras,CA Cerro,Juventud de Las Piedras,CA Cerro,Uruguay ‐ Primera Division,7,1.7710,3.5500,4.9000,0.537547,0.268168,0.194285,0.965
2026-09-27T02:05:54+08:00,2026-09-27T02:00:00+08:00,FB5817,2026-09-27 05:27,Penarol,Boston River,Penarol Montevideo,CA Boston River,Uruguay ‐ Primera Division,7,1.4900,4.4300,6.8660,0.643768,0.216527,0.139705,0.940
2026-09-27T02:05:54+08:00,2026-09-27T02:00:00+08:00,FB5819,2026-09-27 08:30,Nashville SC,Toronto FC,Nashville,Toronto FC,USA ‐ Major League Soccer,7,1.4350,5.2500,7.1700,0.678669,0.185503,0.135828,1.000
2026-09-27T02:05:54+08:00,2026-09-27T02:00:00+08:00,FB5820,2026-09-27 07:30,Atlanta Utd,New York City,Atlanta United,New York City,USA ‐ Major League Soccer,7,2.4800,3.7000,2.8200,0.392203,0.262882,0.344916,0.940
2026-09-27T02:05:54+08:00,2026-09-27T02:00:00+08:00,FB5821,2026-09-27 08:30,FC Dallas,Los Angeles FC,FC Dallas,Los Angeles FC,USA ‐ Major League Soccer,7,2.3680,3.6350,3.0580,0.412234,0.268547,0.319218,1.000
2026-09-27T02:05:54+08:00,2026-09-27T02:00:00+08:00,FB5822,2026-09-27 07:30,Philadelphia Union,Orlando City,Philadelphia Union,Orlando City,USA ‐ Major League Soccer,7,1.5430,5.0600,5.4100,0.628870,0.191768,0.179362,1.000
2026-09-27T02:05:54+08:00,2026-09-27T02:00:00+08:00,FB5823,2026-09-27 08:30,Austin FC,San Diego FC,Austin FC,San Diego FC,USA ‐ Major League Soccer,7,2.6500,3.7000,2.6690,0.369127,0.264374,0.366499,1.000
2026-09-27T02:05:54+08:00,2026-09-27T02:00:00+08:00,FB5824,2026-09-27 07:30,CF Montreal,FC Cincinnati,Montreal Impact,FC Cincinnati,USA ‐ Major League Soccer,7,2.8100,3.8780,2.4490,0.348189,0.252298,0.399514,1.000
2026-09-27T02:05:54+08:00,2026-09-27T02:00:00+08:00,FB5825,2026-09-27 10:30,San Jose Earthquakes,Portland Timbers,San Jose Earthquakes,Portland Timbers,USA ‐ Major League Soccer,7,2.0130,4.0700,3.5300,0.484297,0.239531,0.276173,1.000
2026-09-27T02:05:54+08:00,2026-09-27T02:00:00+08:00,FB5826,2026-09-27 08:30,Houston Dynamo,Sporting Kansas City,Houston Dynamo,Sporting Kansas City,USA ‐ Major League Soccer,7,1.6500,4.4390,5.3000,0.594168,0.220855,0.184977,1.000
2026-09-27T02:05:54+08:00,2026-09-27T02:00:00+08:00,FB5827,2026-09-27 09:30,Real Salt Lake,New England Revolution,Real Salt Lake,New England Revolution,USA ‐ Major League Soccer,7,2.2320,3.8900,3.1300,0.437277,0.250901,0.311822,1.000
2026-09-27T02:05:54+08:00,2026-09-27T02:00:00+08:00,FB5828,2026-09-28 07:00,Columbus Crew,Inter Miami CF,Columbus Crew,Inter Miami,USA ‐ Major League Soccer,7,2.9300,4.1060,2.2730,0.333041,0.237655,0.429305,1.000
2026-09-27T02:05:54+08:00,2026-09-27T02:00:00+08:00,FB5829,2026-09-27 10:30,Vancouver Whitecaps,DC United,Vancouver Whitecaps,Washington DC United,USA ‐ Major League Soccer,7,1.2600,7.2100,12.5000,0.783971,0.137005,0.079024,0.970
2026-09-27T02:05:54+08:00,2026-09-27T02:00:00+08:00,FB5830,2026-09-27 08:30,Seattle Sounders,Minnesota Utd,Seattle Sounders,Minnesota United,USA ‐ Major League Soccer,7,2.1190,3.8800,3.3900,0.460573,0.251535,0.287892,0.948
2026-09-27T02:05:54+08:00,2026-09-27T02:00:00+08:00,FB5831,2026-09-27 07:30,Charlotte FC,Chicago Fire,Charlotte FC,Chicago Fire,USA ‐ Major League Soccer,7,2.2600,4.0400,2.9900,0.431917,0.241617,0.326466,1.000
2026-09-27T02:05:54+08:00,2026-09-27T02:00:00+08:00,FB5832,2026-09-27 10:30,LA Galaxy,Colorado Rapids,LA Galaxy,Colorado Rapids,USA ‐ Major League Soccer,7,2.2580,3.9400,3.0100,0.430429,0.246677,0.322893,1.000
2026-09-27T02:05:54+08:00,2026-09-27T02:00:00+08:00,FB5833,2026-09-28 11:00,Necaxa,CF America,Necaxa,Club America,Mexico ‐ Primera Division,7,3.7890,3.8000,1.9700,0.255072,0.254334,0.490594,1.000
2026-09-27T02:05:54+08:00,2026-09-27T02:00:00+08:00,FB5834,2026-09-28 09:00,Club Leon,Juarez,Club Leon,FC Juarez,Mexico ‐ Primera Division,7,1.5710,4.3000,5.6400,0.608311,0.222246,0.169443,1.000
2026-09-27T02:05:54+08:00,2026-09-27T02:00:00+08:00,FB5835,2026-09-28 02:00,Pumas UNAM,Atletico San Luis,UNAM Pumas,Atletico San Luis,Mexico ‐ Primera Division,7,2.0290,3.7100,3.7100,0.477600,0.261200,0.261200,1.000
2026-09-27T02:05:54+08:00,2026-09-27T02:00:00+08:00,FB5836,2026-09-27 11:10,Tigres UANL,Puebla,Tigres UANL,Puebla,Mexico ‐ Primera Division,7,1.5990,4.4900,5.5050,0.607316,0.216280,0.176403,1.000
2026-09-27T02:05:54+08:00,2026-09-27T02:00:00+08:00,FB5837,2026-09-27 11:05,Santos Laguna,Pachuca,Santos Laguna,Pachuca,Mexico ‐ Primera Division,7,3.3500,3.7220,2.1700,0.290374,0.261352,0.448273,1.000
2026-09-27T02:05:54+08:00,2026-09-27T02:00:00+08:00,FB5838,2026-09-28 06:57,Deportes Santa Cruz,O'Higgins,Deportes Santa Cruz,O'Higgins,Chile ‐ Cup,5,3.9750,3.5000,1.8600,0.234038,0.265800,0.500162,1.000
2026-09-27T02:05:54+08:00,2026-09-27T02:00:00+08:00,FB5839,2026-09-27 06:57,Universidad Catolica,Union La Calera,Universidad Catolica,Union La Calera,Chile ‐ Cup,7,1.6170,3.7500,5.4500,0.578738,0.249552,0.171710,1.000
2026-09-27T02:05:54+08:00,2026-09-27T02:00:00+08:00,FB5840,2026-09-27 04:27,Deportivo Nublense,Puerto Montt,Nublense,Deportes Puerto Montt,Chile ‐ Cup,7,1.6280,3.8000,5.1710,0.573640,0.245759,0.180601,0.970
2026-09-27T02:05:54+08:00,2026-09-27T02:00:00+08:00,FB5842,2026-09-27 03:28,Operario Ferroviario,Ceara,Operario PR,Ceara,Brazil ‐ Serie B,7,2.1650,3.3100,3.6870,0.446174,0.291833,0.261993,1.000
2026-09-27T02:05:54+08:00,2026-09-27T02:00:00+08:00,FB5843,2026-09-27 05:28,Goias,Atletico Goianiense,Goias,Atletico GO,Brazil ‐ Serie B,7,2.6720,3.0600,3.0240,0.362739,0.316745,0.320516,1.000
2026-09-27T02:05:54+08:00,2026-09-27T02:00:00+08:00,FB5844,2026-09-27 19:00,Rosengard Women,Pitea Women,FC Rosengard Women,Pitea IF Women,Sweden ‐ Damallsvenskan,6,2.0700,3.5000,3.2850,0.450133,0.266222,0.283645,1.000
2026-09-27T02:05:54+08:00,2026-09-27T02:00:00+08:00,FB5845,2026-09-27 21:58,Criciuma,Avai,Criciuma,Avai,Brazil ‐ Serie B,6,1.7000,3.7100,5.3900,0.563819,0.258354,0.177828,1.000
2026-09-27T02:05:54+08:00,2026-09-27T02:00:00+08:00,FB5846,2026-09-28 02:58,CRB,Cuiaba,CRB,Cuiaba MT,Brazil ‐ Serie B,6,2.0290,3.3500,4.0590,0.474936,0.287655,0.237409,0.970
2026-09-27T02:05:54+08:00,2026-09-27T02:00:00+08:00,FB5847,2026-09-28 05:28,Fortaleza,Athletic Club MG,Fortaleza CE,Athletic Club MG,Brazil ‐ Serie B,7,1.7000,3.6000,5.7800,0.566142,0.267345,0.166512,0.970
2026-09-27T02:05:54+08:00,2026-09-27T02:00:00+08:00,FB5848,2026-09-27 19:00,Brommapojkarna Women,Malmo Women,Brommapojkarna Women,Malmo Women,Sweden ‐ Damallsvenskan,6,6.7700,4.7500,1.3670,0.135543,0.193185,0.671272,1.000
2026-09-27T02:05:54+08:00,2026-09-27T02:00:00+08:00,FB5850,2026-09-28 01:57,Deportes Concepcion,Curico Unido,CD Concepcion,Curico Unido,Chile ‐ Cup,5,1.3100,4.7500,9.8500,0.709832,0.195764,0.094404,0.875
2026-09-27T02:05:54+08:00,2026-09-27T02:00:00+08:00,FB5851,2026-09-29 06:28,America Mineiro,Juventude,America Mineiro MG,Juventude RS,Brazil ‐ Serie B,6,3.4770,3.2000,2.2500,0.275338,0.299172,0.425489,0.940
2026-09-27T02:05:54+08:00,2026-09-27T02:00:00+08:00,FB5853,2026-09-27 06:00,Tlaxcala,Cancun FC,Tlaxcala,Cancun FC,Mexico ‐ Liga de Expansion,6,2.4000,3.6000,2.6000,0.386139,0.257426,0.356436,1.000
2026-09-27T02:05:54+08:00,2026-09-27T02:00:00+08:00,FB5855,2026-09-27 03:28,Nautico Recife,Sport Recife,Nautico Capibaribe,Sport Club do Recife,Brazil ‐ Serie B,7,2.3040,3.3000,3.4300,0.421958,0.294604,0.283438,0.788
2026-09-27T02:05:54+08:00,2026-09-27T02:00:00+08:00,FB5860,2026-09-27 09:00,Dorados,Alacranes de Durango,Dorados de Sinaloa,Alacranes de Durango,Mexico ‐ Liga de Expansion,6,2.3750,3.5000,2.7500,0.393359,0.266922,0.339719,0.970
2026-09-27T02:05:54+08:00,2026-09-27T02:00:00+08:00,FB5861,2026-09-27 23:27,Antofagasta,Iquique,CD Antofagasta,Deportes Iquique,Chile ‐ Cup,6,2.0000,3.3000,3.6400,0.463927,0.281168,0.254905,0.970
2026-09-27T02:05:54+08:00,2026-09-27T02:00:00+08:00,FB5862,2026-09-27 07:07,Guadalajara,Queretaro,Guadalajara Chivas,Queretaro,Mexico ‐ Primera Division,7,1.5990,4.4700,5.4400,0.605454,0.216582,0.177964,1.000
2026-09-27T02:05:54+08:00,2026-09-27T02:00:00+08:00,FB5863,2026-09-27 06:50,Cruz Azul,Toluca,Cruz Azul,Toluca,Mexico ‐ Primera Division,7,2.7100,3.6000,2.6790,0.361749,0.272316,0.365935,1.000
2026-09-27T02:05:54+08:00,2026-09-27T02:00:00+08:00,FB5873,2026-09-27 09:00,Mexico,Colombia,Mexico,Colombia,International - Friendlies,7,2.7300,3.4450,2.7660,0.359785,0.285113,0.355102,1.000
2026-09-27T02:05:54+08:00,2026-09-27T02:00:00+08:00,FB5874,2026-09-27 04:30,USA,Peru,USA,Peru,International - Friendlies,7,1.4510,4.7300,8.4500,0.676370,0.207487,0.116143,1.000
2026-09-27T02:05:54+08:00,2026-09-27T02:00:00+08:00,FB5875,2026-09-27 07:00,Canada,Chile,Canada,Chile,International - Friendlies,7,1.6930,3.9600,5.6400,0.578803,0.247453,0.173744,1.000
2026-09-27T02:05:54+08:00,2026-09-27T02:00:00+08:00,FB5876,2026-09-27 03:30,Corinthians Women,Sao Paulo Women,Corinthians SP Women,Sao Paulo SP Women,Brazil ‐ Campeonato Brasileiro Serie A1 Women,5,1.8060,3.4260,4.4800,0.518062,0.273094,0.208844,0.914
2026-09-27T02:05:54+08:00,2026-09-27T02:00:00+08:00,FB5879,2026-09-27 02:58,Estudiantes,Rosario Central,Estudiantes La Plata,Rosario Central,Argentina ‐ Super Cup,6,3.1700,2.8750,2.8150,0.309720,0.341500,0.348779,1.000
2026-09-27T02:05:54+08:00,2026-09-27T02:00:00+08:00,FB5884,2026-09-27 21:00,Lithuania,Azerbaijan,Lithuania,Azerbaijan,UEFA - Nations League,7,2.5410,3.0850,3.1850,0.381466,0.314199,0.304334,1.000
2026-09-27T02:05:54+08:00,2026-09-27T02:00:00+08:00,FB5885,2026-09-28 00:00,Austria,Kosovo,Austria,Kosovo,UEFA - Nations League,7,1.5780,4.3590,6.2200,0.618924,0.224056,0.157020,1.000
2026-09-27T02:05:54+08:00,2026-09-27T02:00:00+08:00,FB5886,2026-09-28 00:00,Denmark,Wales,Denmark,Wales,UEFA - Nations League,7,1.4740,4.7050,7.2000,0.658759,0.206378,0.134863,1.000
2026-09-27T02:05:54+08:00,2026-09-27T02:00:00+08:00,FB5887,2026-09-28 00:00,Gibraltar,Andorra,Gibraltar,Andorra,UEFA - Nations League,7,3.7250,2.8600,2.4400,0.261159,0.340146,0.398695,1.000
2026-09-27T02:05:54+08:00,2026-09-27T02:00:00+08:00,FB5888,2026-09-28 00:00,Serbia,Netherlands,Serbia,Netherlands,UEFA - Nations League,7,7.8000,5.0400,1.4300,0.124966,0.193400,0.681634,1.000
2026-09-27T02:05:54+08:00,2026-09-27T02:00:00+08:00,FB5889,2026-09-28 02:45,Germany,Greece,Germany,Greece,UEFA - Nations League,7,1.4210,5.3500,7.5240,0.687536,0.182615,0.129850,1.000
2026-09-27T02:05:54+08:00,2026-09-27T02:00:00+08:00,FB5890,2026-09-28 02:45,Israel,Republic of Ireland,Israel,Ireland,UEFA - Nations League,7,2.6710,3.2000,2.9090,0.363257,0.303206,0.333537,1.000
2026-09-27T02:05:54+08:00,2026-09-27T02:00:00+08:00,FB5891,2026-09-28 02:45,Norway,Portugal,Norway,Portugal,UEFA - Nations League,7,2.5700,3.8200,2.7000,0.381007,0.256332,0.362662,1.000
2026-09-27T02:05:54+08:00,2026-09-27T02:00:00+08:00,FB5894,2026-09-27 19:35,China,New Zealand,China,New Zealand,International - Friendlies,6,3.0300,3.4200,2.5630,0.325927,0.288760,0.385313,1.000
2026-09-27T02:05:54+08:00,2026-09-27T02:00:00+08:00,FB5895,2026-09-27 13:00,Mynavi Sendai Women,Elfen Saitama Women,Vegalta Sendai Women,Elfen Saitama Women,Japan ‐ League Cup Women,6,2.1200,3.3400,3.1200,0.432111,0.274274,0.293614,0.859
2026-09-27T02:05:54+08:00,2026-09-27T02:00:00+08:00,FB5896,2026-09-27 15:00,RB Omiya Ardija Women,JEF United Chiba Women,Omiya Ardija Women,JEF United Ichihara Women,Japan ‐ League Cup Women,5,2.4000,3.3000,2.7000,0.382239,0.277992,0.339768,0.917
2026-09-27T02:05:54+08:00,2026-09-27T02:00:00+08:00,FB5897,2026-09-27 17:00,Nagano Parceiro Women,Nojima Stella Sagamihara Women,Nagano Parceiro Women,Nojima Stella Women,Japan ‐ League Cup Women,5,4.2450,4.0000,1.6700,0.217242,0.230548,0.552210,0.888
2026-09-27T02:05:54+08:00,2026-09-27T02:00:00+08:00,FB5899,2026-09-27 16:00,Kobe Leonessa Women,Sanfrecce Hiroshima Women,INAC Kobe Leonessa Women,Sanfrecce Hiroshima Women,Japan ‐ League Cup Women,5,2.2000,3.6000,2.7350,0.413993,0.252996,0.333011,0.970
2026-09-27T02:05:54+08:00,2026-09-27T02:00:00+08:00,FB5900,2026-09-27 12:00,Albirex Niigata Women,Urawa Reds Women,Albirex Niigata Women,Urawa Red Diamonds Women,Japan ‐ League Cup Women,6,3.5500,3.6000,1.8700,0.257433,0.253857,0.488710,0.900
2026-09-27T02:05:54+08:00,2026-09-27T02:00:00+08:00,FB5901,2026-09-28 02:00,Bahrain,United Arab Emirates,Bahrain,United Arab Emirates,Asia - Gulf Cup,6,6.4000,4.0190,1.5540,0.149013,0.237293,0.613694,1.000
2026-09-27T02:05:54+08:00,2026-09-27T02:00:00+08:00,FB5902,2026-09-27 23:55,Yemen,Qatar,Yemen,Qatar,Asia - Gulf Cup,7,9.6000,5.7900,1.2880,0.098898,0.163976,0.737127,1.000
2026-09-27T02:05:54+08:00,2026-09-27T02:00:00+08:00,FB5904,2026-09-27 21:58,River Plate Women,Racing Club Women,River Plate Women,Racing Club Women,Argentina ‐ Primera Division Women,2,3.4000,3.0200,2.1700,0.270808,0.304884,0.424308,1.000
2026-09-27T02:05:54+08:00,2026-09-27T02:00:00+08:00,FB5905,2026-09-27 06:30,Washington Spirit Women,Angel City Women,Washington Spirit Women,Angel City FC Women,USA ‐ NWSL Women,6,2.0900,3.4400,3.2000,0.442344,0.268750,0.288906,1.000
2026-09-27T02:05:54+08:00,2026-09-27T02:00:00+08:00,FB5906,2026-09-28 04:30,Bolivia,Paraguay,Bolivia,Paraguay,International - Friendlies,7,7.2100,4.7900,1.4850,0.135861,0.204501,0.659637,1.000
2026-09-27T02:05:54+08:00,2026-09-27T02:00:00+08:00,FB5907,2026-09-28 18:25,Japan,Venezuela,Japan,Venezuela,International - Friendlies,7,1.3410,5.4900,10.7000,0.730146,0.178347,0.091507,1.000
2026-09-27T02:05:54+08:00,2026-09-27T02:00:00+08:00,FB5909,2026-09-27 18:30,Ternana Women,FC Como Women,Ternana Women,Como 2000 Women,Italy ‐ Serie A Women,4,2.9100,3.4000,2.2600,0.318117,0.272271,0.409611,0.900
2026-09-27T02:05:54+08:00,2026-09-27T02:00:00+08:00,FB5910,2026-09-27 18:00,Valencia Women,Tenerife Women,Valencia Women,UDG Tenerife Sur Women,Spain ‐ Superliga Femenina,4,4.5000,3.4000,1.7850,0.206418,0.273200,0.520382,0.889
2026-09-27T02:05:54+08:00,2026-09-27T02:00:00+08:00,FB5911,2026-09-27 19:00,Inter Milan Women,Fiorentina Women,Inter Milan Women,Fiorentina Women,Italy ‐ Serie A Women,4,1.7000,3.8400,4.3050,0.544189,0.240917,0.214894,1.000
2026-09-27T02:05:54+08:00,2026-09-27T02:00:00+08:00,FB5912,2026-09-27 20:00,Manchester Utd Women,West Ham Women,Manchester United Women,West Ham United Women,England ‐ Super League Women,6,1.5740,4.5000,5.2500,0.606212,0.212040,0.181748,0.865
2026-09-27T02:05:54+08:00,2026-09-27T02:00:00+08:00,FB5913,2026-09-27 21:00,Tottenham Women,Aston Villa Women,Tottenham Hotspur Women,Aston Villa Women,England ‐ Super League Women,6,1.6430,4.0880,4.6500,0.569722,0.228976,0.201302,0.895
2026-09-27T02:05:54+08:00,2026-09-27T02:00:00+08:00,FB5914,2026-09-27 21:00,Sassuolo Women,Roma Women,Sassuolo Women,Res Roma Women,Italy ‐ Serie A Women,4,7.5000,5.0000,1.3700,0.125400,0.188101,0.686499,0.970
2026-09-27T02:05:54+08:00,2026-09-27T02:00:00+08:00,FB5915,2026-09-27 21:00,Birmingham Women,Crystal Palace Women,Birmingham City Women,Crystal Palace Women,England ‐ Super League Women,6,1.7140,3.8000,4.3610,0.542275,0.244595,0.213130,0.932
2026-09-27T02:05:54+08:00,2026-09-27T02:00:00+08:00,FB5916,2026-09-27 21:00,Liverpool Women,Everton Women,Liverpool Women,Everton Women,England ‐ Super League Women,6,1.8840,3.5000,3.9090,0.494988,0.266445,0.238567,1.000
2026-09-27T02:05:54+08:00,2026-09-27T02:00:00+08:00,FB5917,2026-09-27 22:00,Sevilla Women,Eibar Women,Sevilla Women,SD Eibar Women,Spain ‐ Superliga Femenina,4,1.7630,3.4000,4.7750,0.529733,0.274682,0.195585,0.970
2026-09-27T02:05:54+08:00,2026-09-27T02:00:00+08:00,FB5918,2026-09-27 23:30,Chelsea Women,Arsenal Women,Chelsea Women,Arsenal Women,England ‐ Super League Women,6,2.4120,3.5000,2.6950,0.386977,0.266682,0.346341,1.000
2026-09-27T02:05:54+08:00,2026-09-27T02:00:00+08:00,FB5919,2026-09-28 01:00,Jordan,Syria,Jordan,Syria,International - Friendlies,6,1.5970,4.0000,6.9200,0.613486,0.244934,0.141580,1.000
2026-09-27T02:05:54+08:00,2026-09-27T02:00:00+08:00,FB5920,2026-09-27 18:00,Bilbao Women,Atletico Madrid Women,Athletic Bilbao Women,Atletico Madrid Women,Spain ‐ Superliga Femenina,4,3.1100,3.3600,2.1600,0.297141,0.275032,0.427827,0.970
2026-09-27T05:19:03+08:00,2026-09-27T05:00:00+08:00,FB5687,2026-09-27 18:00,Gangwon FC,Incheon Utd,Gangwon,Incheon United,South Korea ‐ K-League Classic,8,2.4560,3.1900,3.1600,0.392600,0.302265,0.305135,0.940
2026-09-27T05:19:03+08:00,2026-09-27T05:00:00+08:00,FB5737,2026-09-27 20:30,De Graafschap,Den Bosch,De Graafschap,Den Bosch,Netherlands ‐ Eerste Divisie,8,2.0400,4.2490,3.1400,0.469529,0.225427,0.305044,1.000
2026-09-27T05:19:03+08:00,2026-09-27T05:00:00+08:00,FB5783,2026-09-27 10:00,Oakland Roots,Phoenix Rising,Oakland Roots SC,Phoenix Rising,USA ‐ USL League One,7,2.4930,3.6000,2.7500,0.384757,0.266444,0.348799,1.000
2026-09-27T05:19:03+08:00,2026-09-27T05:00:00+08:00,FB5789,2026-09-27 10:00,Orange County SC,Pittsburgh Riverhounds,Orange County Blues,Pittsburgh Riverhounds,USA ‐ USL League One,7,3.0340,3.1500,2.5300,0.316217,0.304572,0.379211,0.970
2026-09-27T05:19:03+08:00,2026-09-27T05:00:00+08:00,FB5793,2026-09-28 03:58,Racing Club,Boca Juniors,Racing Club,Boca Juniors,Argentina ‐ Cup,7,3.9820,3.2500,2.0840,0.241781,0.296237,0.461982,1.000
2026-09-27T05:19:03+08:00,2026-09-27T05:00:00+08:00,FB5797,2026-09-27 20:00,Valladolid,Cordoba,Real Valladolid,Cordoba,Spain ‐ Segunda Division,8,2.3610,3.5000,3.1100,0.410891,0.277175,0.311934,1.000
2026-09-27T05:19:03+08:00,2026-09-27T05:00:00+08:00,FB5798,2026-09-27 22:15,Mallorca,Almeria,Mallorca,Almeria,Spain ‐ Segunda Division,8,2.1100,3.3450,3.9100,0.460737,0.290630,0.248633,1.000
2026-09-27T05:19:03+08:00,2026-09-27T05:00:00+08:00,FB5799,2026-09-28 00:30,Eibar,Las Palmas,SD Eibar,Las Palmas,Spain ‐ Segunda Division,8,2.0000,3.3600,4.3200,0.485861,0.289203,0.224936,0.970
2026-09-27T05:19:03+08:00,2026-09-27T05:00:00+08:00,FB5800,2026-09-28 00:30,Burgos,CD Eldense,Burgos CF,CD Eldense,Spain ‐ Segunda Division,8,1.9440,3.5050,4.3850,0.500509,0.277600,0.221890,1.000
2026-09-27T05:19:03+08:00,2026-09-27T05:00:00+08:00,FB5801,2026-09-28 03:00,Oviedo,Gijon,Real Oviedo,Sporting Gijon,Spain ‐ Segunda Division,8,2.0550,3.2800,4.1690,0.471821,0.295607,0.232572,1.000
2026-09-27T05:19:03+08:00,2026-09-27T05:00:00+08:00,FB5802,2026-09-29 02:30,Leganes,Castellon,CD Leganes,CD Castellon,Spain ‐ Segunda Division,8,3.1800,3.4200,2.3300,0.303524,0.282224,0.414252,0.940
2026-09-27T05:19:03+08:00,2026-09-27T05:00:00+08:00,FB5812,2026-09-29 06:57,Montevideo Wanderers,Albion FC,Montevideo Wanderers,Albion FC,Uruguay ‐ Primera Division,7,2.3780,3.1800,3.2400,0.402942,0.301319,0.295739,1.000
2026-09-27T05:19:03+08:00,2026-09-27T05:00:00+08:00,FB5813,2026-09-28 04:57,Defensor Sporting,Danubio,Defensor Sporting,Danubio FC,Uruguay ‐ Primera Division,8,2.3000,3.4000,3.2150,0.418083,0.282821,0.299095,1.000
2026-09-27T05:19:03+08:00,2026-09-27T05:00:00+08:00,FB5814,2026-09-28 01:57,Juventud Las Piedras,CA Cerro,Juventud de Las Piedras,CA Cerro,Uruguay ‐ Primera Division,8,1.8070,3.6000,4.9000,0.534554,0.268316,0.197130,0.965
2026-09-27T05:19:03+08:00,2026-09-27T05:00:00+08:00,FB5817,2026-09-27 05:27,Penarol,Boston River,Penarol Montevideo,CA Boston River,Uruguay ‐ Primera Division,8,1.5180,4.5000,7.0000,0.643422,0.217048,0.139531,0.940
2026-09-27T05:19:03+08:00,2026-09-27T05:00:00+08:00,FB5819,2026-09-27 08:30,Nashville SC,Toronto FC,Nashville,Toronto FC,USA ‐ Major League Soccer,8,1.4330,5.3200,7.1700,0.680633,0.183336,0.136032,1.000
2026-09-27T05:19:03+08:00,2026-09-27T05:00:00+08:00,FB5820,2026-09-27 07:30,Atlanta Utd,New York City,Atlanta United,New York City,USA ‐ Major League Soccer,8,2.6600,3.7000,2.6480,0.367181,0.263974,0.368845,0.940
2026-09-27T05:19:03+08:00,2026-09-27T05:00:00+08:00,FB5821,2026-09-27 08:30,FC Dallas,Los Angeles FC,FC Dallas,Los Angeles FC,USA ‐ Major League Soccer,8,2.3580,3.5930,3.1040,0.413917,0.271644,0.314439,1.000
2026-09-27T05:19:03+08:00,2026-09-27T05:00:00+08:00,FB5822,2026-09-27 07:30,Philadelphia Union,Orlando City,Philadelphia Union,Orlando City,USA ‐ Major League Soccer,8,1.5760,5.0300,5.2100,0.618883,0.193908,0.187209,1.000
2026-09-27T05:19:03+08:00,2026-09-27T05:00:00+08:00,FB5823,2026-09-27 08:30,Austin FC,San Diego FC,Austin FC,San Diego FC,USA ‐ Major League Soccer,8,2.6390,3.7000,2.6690,0.370096,0.263968,0.365936,1.000
2026-09-27T05:19:03+08:00,2026-09-27T05:00:00+08:00,FB5824,2026-09-27 07:30,CF Montreal,FC Cincinnati,Montreal Impact,FC Cincinnati,USA ‐ Major League Soccer,7,2.8470,3.8900,2.4060,0.343033,0.251058,0.405909,1.000
2026-09-27T05:19:03+08:00,2026-09-27T05:00:00+08:00,FB5825,2026-09-27 10:30,San Jose Earthquakes,Portland Timbers,San Jose Earthquakes,Portland Timbers,USA ‐ Major League Soccer,8,2.0240,4.0860,3.4700,0.481085,0.238305,0.280610,1.000
2026-09-27T05:19:03+08:00,2026-09-27T05:00:00+08:00,FB5826,2026-09-27 08:30,Houston Dynamo,Sporting Kansas City,Houston Dynamo,Sporting Kansas City,USA ‐ Major League Soccer,8,1.6500,4.3900,5.2030,0.590675,0.222008,0.187318,1.000
2026-09-27T05:19:03+08:00,2026-09-27T05:00:00+08:00,FB5827,2026-09-27 09:30,Real Salt Lake,New England Revolution,Real Salt Lake,New England Revolution,USA ‐ Major League Soccer,8,2.2320,3.8800,3.1260,0.436821,0.251284,0.311895,1.000
2026-09-27T05:19:03+08:00,2026-09-27T05:00:00+08:00,FB5828,2026-09-28 07:00,Columbus Crew,Inter Miami CF,Columbus Crew,Inter Miami,USA ‐ Major League Soccer,8,2.9300,4.1410,2.2730,0.333711,0.236120,0.430169,1.000
2026-09-27T05:19:03+08:00,2026-09-27T05:00:00+08:00,FB5829,2026-09-27 10:30,Vancouver Whitecaps,DC United,Vancouver Whitecaps,Washington DC United,USA ‐ Major League Soccer,8,1.2590,7.2100,12.5000,0.784106,0.136919,0.078975,0.970
2026-09-27T05:19:03+08:00,2026-09-27T05:00:00+08:00,FB5830,2026-09-27 08:30,Seattle Sounders,Minnesota Utd,Seattle Sounders,Minnesota United,USA ‐ Major League Soccer,8,2.1100,3.8390,3.4200,0.461557,0.253682,0.284762,0.948
2026-09-27T05:19:03+08:00,2026-09-27T05:00:00+08:00,FB5831,2026-09-27 07:30,Charlotte FC,Chicago Fire,Charlotte FC,Chicago Fire,USA ‐ Major League Soccer,8,2.2600,4.0290,2.9920,0.431727,0.242170,0.326104,1.000
2026-09-27T05:19:03+08:00,2026-09-27T05:00:00+08:00,FB5832,2026-09-27 10:30,LA Galaxy,Colorado Rapids,LA Galaxy,Colorado Rapids,USA ‐ Major League Soccer,8,2.2460,3.9100,3.0350,0.432067,0.248190,0.319744,1.000
2026-09-27T05:19:03+08:00,2026-09-27T05:00:00+08:00,FB5833,2026-09-28 11:00,Necaxa,CF America,Necaxa,Club America,Mexico ‐ Primera Division,8,3.8000,3.8000,1.9700,0.254522,0.254522,0.490956,1.000
2026-09-27T05:19:03+08:00,2026-09-27T05:00:00+08:00,FB5834,2026-09-28 09:00,Club Leon,Juarez,Club Leon,FC Juarez,Mexico ‐ Primera Division,8,1.5710,4.3000,5.6400,0.608311,0.222246,0.169443,1.000
2026-09-27T05:19:03+08:00,2026-09-27T05:00:00+08:00,FB5835,2026-09-28 02:00,Pumas UNAM,Atletico San Luis,UNAM Pumas,Atletico San Luis,Mexico ‐ Primera Division,8,2.0170,3.7150,3.7100,0.479249,0.260200,0.260551,1.000
2026-09-27T05:19:03+08:00,2026-09-27T05:00:00+08:00,FB5836,2026-09-27 11:10,Tigres UANL,Puebla,Tigres UANL,Puebla,Mexico ‐ Primera Division,8,1.6030,4.4100,5.5540,0.605286,0.220016,0.174698,1.000
2026-09-27T05:19:03+08:00,2026-09-27T05:00:00+08:00,FB5837,2026-09-27 11:05,Santos Laguna,Pachuca,Santos Laguna,Pachuca,Mexico ‐ Primera Division,8,3.5000,3.6800,2.1780,0.281052,0.267304,0.451644,1.000
2026-09-27T05:19:03+08:00,2026-09-27T05:00:00+08:00,FB5838,2026-09-28 06:57,Deportes Santa Cruz,O'Higgins,Deportes Santa Cruz,O'Higgins,Chile ‐ Cup,7,3.6050,3.3500,2.0500,0.260780,0.280630,0.458590,1.000
2026-09-27T05:19:03+08:00,2026-09-27T05:00:00+08:00,FB5839,2026-09-27 06:57,Universidad Catolica,Union La Calera,Universidad Catolica,Union La Calera,Chile ‐ Cup,8,1.6280,3.8000,5.4800,0.579542,0.248288,0.172170,1.000
2026-09-27T05:19:03+08:00,2026-09-27T05:00:00+08:00,FB5843,2026-09-27 05:28,Goias,Atletico Goianiense,Goias,Atletico GO,Brazil ‐ Serie B,8,2.6690,3.1050,2.9990,0.363697,0.312627,0.323677,1.000
2026-09-27T05:19:03+08:00,2026-09-27T05:00:00+08:00,FB5844,2026-09-27 19:00,Rosengard Women,Pitea Women,FC Rosengard Women,Pitea IF Women,Sweden ‐ Damallsvenskan,7,2.0600,3.5000,3.2850,0.451332,0.265641,0.283027,1.000
2026-09-27T05:19:03+08:00,2026-09-27T05:00:00+08:00,FB5845,2026-09-27 21:58,Criciuma,Avai,Criciuma,Avai,Brazil ‐ Serie B,7,1.7000,3.7500,5.5030,0.567455,0.257246,0.175299,1.000
2026-09-27T05:19:03+08:00,2026-09-27T05:00:00+08:00,FB5846,2026-09-28 02:58,CRB,Cuiaba,CRB,Cuiaba MT,Brazil ‐ Serie B,7,2.0290,3.3500,4.1550,0.477555,0.289242,0.233203,0.970
2026-09-27T05:19:03+08:00,2026-09-27T05:00:00+08:00,FB5847,2026-09-28 05:28,Fortaleza,Athletic Club MG,Fortaleza CE,Athletic Club MG,Brazil ‐ Serie B,8,1.7000,3.6000,5.7800,0.566142,0.267345,0.166512,0.970
2026-09-27T05:19:03+08:00,2026-09-27T05:00:00+08:00,FB5848,2026-09-27 19:00,Brommapojkarna Women,Malmo Women,Brommapojkarna Women,Malmo Women,Sweden ‐ Damallsvenskan,7,6.7700,4.7500,1.3700,0.135743,0.193469,0.670788,1.000
2026-09-27T05:19:03+08:00,2026-09-27T05:00:00+08:00,FB5850,2026-09-28 01:57,Deportes Concepcion,Curico Unido,CD Concepcion,Curico Unido,Chile ‐ Cup,7,1.3750,4.8500,8.5000,0.691912,0.196161,0.111927,0.875
2026-09-27T05:19:03+08:00,2026-09-27T05:00:00+08:00,FB5851,2026-09-29 06:28,America Mineiro,Juventude,America Mineiro MG,Juventude RS,Brazil ‐ Serie B,7,3.7650,3.3000,2.0970,0.254044,0.289841,0.456116,0.940
2026-09-27T05:19:03+08:00,2026-09-27T05:00:00+08:00,FB5853,2026-09-27 06:00,Tlaxcala,Cancun FC,Tlaxcala,Cancun FC,Mexico ‐ Liga de Expansion,7,2.3000,3.7500,2.7000,0.405649,0.248798,0.345553,1.000
2026-09-27T05:19:03+08:00,2026-09-27T05:00:00+08:00,FB5860,2026-09-27 09:00,Dorados,Alacranes de Durango,Dorados de Sinaloa,Alacranes de Durango,Mexico ‐ Liga de Expansion,7,2.3750,3.5000,2.7500,0.393359,0.266922,0.339719,0.970
2026-09-27T05:19:03+08:00,2026-09-27T05:00:00+08:00,FB5861,2026-09-27 23:27,Antofagasta,Iquique,CD Antofagasta,Deportes Iquique,Chile ‐ Cup,7,2.0000,3.4000,3.6600,0.468454,0.275561,0.255986,0.970
2026-09-27T05:19:03+08:00,2026-09-27T05:00:00+08:00,FB5862,2026-09-27 07:07,Guadalajara,Queretaro,Guadalajara Chivas,Queretaro,Mexico ‐ Primera Division,8,1.5970,4.4150,5.6600,0.608318,0.220042,0.171640,1.000
2026-09-27T05:19:03+08:00,2026-09-27T05:00:00+08:00,FB5863,2026-09-27 06:50,Cruz Azul,Toluca,Cruz Azul,Toluca,Mexico ‐ Primera Division,8,2.7300,3.6000,2.6700,0.359608,0.272703,0.367689,1.000
2026-09-27T05:19:03+08:00,2026-09-27T05:00:00+08:00,FB5873,2026-09-27 09:00,Mexico,Colombia,Mexico,Colombia,International - Friendlies,8,2.8430,3.4250,2.6700,0.345439,0.286740,0.367821,1.000
2026-09-27T05:19:03+08:00,2026-09-27T05:00:00+08:00,FB5875,2026-09-27 07:00,Canada,Chile,Canada,Chile,International - Friendlies,8,1.6930,3.9600,5.6400,0.578803,0.247453,0.173744,1.000
2026-09-27T05:19:03+08:00,2026-09-27T05:00:00+08:00,FB5884,2026-09-27 21:00,Lithuania,Azerbaijan,Lithuania,Azerbaijan,UEFA - Nations League,8,2.4570,3.0800,3.3350,0.394562,0.314752,0.290686,1.000
2026-09-27T05:19:03+08:00,2026-09-27T05:00:00+08:00,FB5885,2026-09-28 00:00,Austria,Kosovo,Austria,Kosovo,UEFA - Nations League,8,1.5880,4.2600,6.0200,0.611039,0.227777,0.161184,1.000
2026-09-27T05:19:03+08:00,2026-09-27T05:00:00+08:00,FB5886,2026-09-28 00:00,Denmark,Wales,Denmark,Wales,UEFA - Nations League,8,1.4710,4.7100,7.2000,0.659361,0.205928,0.134711,1.000
2026-09-27T05:19:03+08:00,2026-09-27T05:00:00+08:00,FB5887,2026-09-28 00:00,Gibraltar,Andorra,Gibraltar,Andorra,UEFA - Nations League,8,3.7500,2.8600,2.4490,0.260252,0.341240,0.398508,1.000
2026-09-27T05:19:03+08:00,2026-09-27T05:00:00+08:00,FB5888,2026-09-28 00:00,Serbia,Netherlands,Serbia,Netherlands,UEFA - Nations League,8,8.2000,5.1200,1.4220,0.119502,0.191389,0.689109,1.000
2026-09-27T05:19:03+08:00,2026-09-27T05:00:00+08:00,FB5889,2026-09-28 02:45,Germany,Greece,Germany,Greece,UEFA - Nations League,8,1.4300,5.3300,7.8000,0.688883,0.184822,0.126295,1.000
2026-09-27T05:19:03+08:00,2026-09-27T05:00:00+08:00,FB5890,2026-09-28 02:45,Israel,Republic of Ireland,Israel,Ireland,UEFA - Nations League,8,2.7200,3.2500,2.8950,0.360169,0.301434,0.338397,1.000
2026-09-27T05:19:03+08:00,2026-09-27T05:00:00+08:00,FB5891,2026-09-28 02:45,Norway,Portugal,Norway,Portugal,UEFA - Nations League,8,2.5500,3.7600,2.7100,0.381803,0.258936,0.359261,1.000
2026-09-27T05:19:03+08:00,2026-09-27T05:00:00+08:00,FB5894,2026-09-27 19:35,China,New Zealand,China,New Zealand,International - Friendlies,7,3.0750,3.4050,2.4900,0.318672,0.287787,0.393541,1.000
2026-09-27T05:19:03+08:00,2026-09-27T05:00:00+08:00,FB5895,2026-09-27 13:00,Mynavi Sendai Women,Elfen Saitama Women,Vegalta Sendai Women,Elfen Saitama Women,Japan ‐ League Cup Women,7,2.1200,3.3400,3.2000,0.435307,0.276302,0.288391,0.859
2026-09-27T05:19:03+08:00,2026-09-27T05:00:00+08:00,FB5896,2026-09-27 15:00,RB Omiya Ardija Women,JEF United Chiba Women,Omiya Ardija Women,JEF United Ichihara Women,Japan ‐ League Cup Women,7,2.0800,3.2800,3.6000,0.452095,0.286694,0.261210,0.917
2026-09-27T05:19:03+08:00,2026-09-27T05:00:00+08:00,FB5897,2026-09-27 17:00,Nagano Parceiro Women,Nojima Stella Sagamihara Women,Nagano Parceiro Women,Nojima Stella Women,Japan ‐ League Cup Women,7,4.2000,4.2000,1.7200,0.225131,0.225131,0.549738,0.888
2026-09-27T05:19:03+08:00,2026-09-27T05:00:00+08:00,FB5899,2026-09-27 16:00,Kobe Leonessa Women,Sanfrecce Hiroshima Women,INAC Kobe Leonessa Women,Sanfrecce Hiroshima Women,Japan ‐ League Cup Women,7,2.5400,3.6000,2.4200,0.362958,0.256087,0.380956,0.970
2026-09-27T05:19:03+08:00,2026-09-27T05:00:00+08:00,FB5900,2026-09-27 12:00,Albirex Niigata Women,Urawa Reds Women,Albirex Niigata Women,Urawa Red Diamonds Women,Japan ‐ League Cup Women,7,3.6000,3.6000,1.8700,0.254768,0.254768,0.490463,0.900
2026-09-27T05:19:03+08:00,2026-09-27T05:00:00+08:00,FB5901,2026-09-28 02:00,Bahrain,United Arab Emirates,Bahrain,United Arab Emirates,Asia - Gulf Cup,7,5.9700,3.9500,1.6040,0.160428,0.242469,0.597103,1.000
2026-09-27T05:19:03+08:00,2026-09-27T05:00:00+08:00,FB5902,2026-09-27 23:55,Yemen,Qatar,Yemen,Qatar,Asia - Gulf Cup,8,10.4000,6.0000,1.2650,0.091285,0.158228,0.750487,1.000
2026-09-27T05:19:03+08:00,2026-09-27T05:00:00+08:00,FB5904,2026-09-27 21:58,River Plate Women,Racing Club Women,River Plate Women,Racing Club Women,Argentina ‐ Primera Division Women,3,3.4000,3.0200,2.1700,0.270808,0.304884,0.424308,1.000
2026-09-27T05:19:03+08:00,2026-09-27T05:00:00+08:00,FB5905,2026-09-27 06:30,Washington Spirit Women,Angel City Women,Washington Spirit Women,Angel City FC Women,USA ‐ NWSL Women,8,2.1300,3.5000,3.2000,0.439716,0.267598,0.292686,1.000
2026-09-27T05:19:03+08:00,2026-09-27T05:00:00+08:00,FB5906,2026-09-28 04:30,Bolivia,Paraguay,Bolivia,Paraguay,International - Friendlies,8,7.2100,4.7900,1.4850,0.135861,0.204501,0.659637,1.000
2026-09-27T05:19:03+08:00,2026-09-27T05:00:00+08:00,FB5907,2026-09-28 18:25,Japan,Venezuela,Japan,Venezuela,International - Friendlies,8,1.3410,5.4900,10.7000,0.730146,0.178347,0.091507,1.000
2026-09-27T05:19:03+08:00,2026-09-27T05:00:00+08:00,FB5909,2026-09-27 18:30,Ternana Women,FC Como Women,Ternana Women,Como 2000 Women,Italy ‐ Serie A Women,5,2.9100,3.3300,2.2800,0.317441,0.277404,0.405155,0.900
2026-09-27T05:19:03+08:00,2026-09-27T05:00:00+08:00,FB5910,2026-09-27 18:00,Valencia Women,Tenerife Women,Valencia Women,UDG Tenerife Sur Women,Spain ‐ Superliga Femenina,5,4.5000,3.4000,1.7850,0.206418,0.273200,0.520382,0.889
2026-09-27T05:19:03+08:00,2026-09-27T05:00:00+08:00,FB5911,2026-09-27 19:00,Inter Milan Women,Fiorentina Women,Inter Milan Women,Fiorentina Women,Italy ‐ Serie A Women,5,1.7000,4.0000,4.3300,0.550173,0.233824,0.216003,1.000
2026-09-27T05:19:03+08:00,2026-09-27T05:00:00+08:00,FB5912,2026-09-27 20:00,Manchester Utd Women,West Ham Women,Manchester United Women,West Ham United Women,England ‐ Super League Women,7,1.5740,4.5000,5.2500,0.606212,0.212040,0.181748,0.865
2026-09-27T05:19:03+08:00,2026-09-27T05:00:00+08:00,FB5913,2026-09-27 21:00,Tottenham Women,Aston Villa Women,Tottenham Hotspur Women,Aston Villa Women,England ‐ Super League Women,7,1.6430,4.0880,4.6500,0.569722,0.228976,0.201302,0.895
2026-09-27T05:19:03+08:00,2026-09-27T05:00:00+08:00,FB5914,2026-09-27 21:00,Sassuolo Women,Roma Women,Sassuolo Women,Res Roma Women,Italy ‐ Serie A Women,5,7.5000,5.0000,1.3700,0.125400,0.188101,0.686499,0.970
2026-09-27T05:19:03+08:00,2026-09-27T05:00:00+08:00,FB5915,2026-09-27 21:00,Birmingham Women,Crystal Palace Women,Birmingham City Women,Crystal Palace Women,England ‐ Super League Women,7,1.7460,3.8000,4.3400,0.537121,0.246793,0.216086,0.932
2026-09-27T05:19:03+08:00,2026-09-27T05:00:00+08:00,FB5916,2026-09-27 21:00,Liverpool Women,Everton Women,Liverpool Women,Everton Women,England ‐ Super League Women,7,1.8840,3.5000,3.9090,0.494988,0.266445,0.238567,1.000
2026-09-27T05:19:03+08:00,2026-09-27T05:00:00+08:00,FB5917,2026-09-27 22:00,Sevilla Women,Eibar Women,Sevilla Women,SD Eibar Women,Spain ‐ Superliga Femenina,5,1.7630,3.4000,4.7750,0.529733,0.274682,0.195585,0.970
2026-09-27T05:19:03+08:00,2026-09-27T05:00:00+08:00,FB5918,2026-09-27 23:30,Chelsea Women,Arsenal Women,Chelsea Women,Arsenal Women,England ‐ Super League Women,7,2.4100,3.5000,2.7040,0.387620,0.266904,0.345475,1.000
2026-09-27T05:19:03+08:00,2026-09-27T05:00:00+08:00,FB5919,2026-09-28 01:00,Jordan,Syria,Jordan,Syria,International - Friendlies,7,1.5970,4.0000,6.9200,0.613486,0.244934,0.141580,1.000
2026-09-27T05:19:03+08:00,2026-09-27T05:00:00+08:00,FB5920,2026-09-27 18:00,Bilbao Women,Atletico Madrid Women,Athletic Bilbao Women,Atletico Madrid Women,Spain ‐ Superliga Femenina,5,3.1100,3.3600,2.1600,0.297141,0.275032,0.427827,0.970
2026-09-27T07:41:36+08:00,2026-09-27T07:30:00+08:00,FB5783,2026-09-27 10:00,Oakland Roots,Phoenix Rising,Oakland Roots SC,Phoenix Rising,USA ‐ USL League One,7,2.4720,3.6000,2.7500,0.386761,0.265576,0.347663,1.000
2026-09-27T07:41:36+08:00,2026-09-27T07:30:00+08:00,FB5789,2026-09-27 10:00,Orange County SC,Pittsburgh Riverhounds,Orange County Blues,Pittsburgh Riverhounds,USA ‐ USL League One,7,2.9550,3.1700,2.5540,0.323710,0.301755,0.374535,0.970
2026-09-27T07:41:36+08:00,2026-09-27T07:30:00+08:00,FB5819,2026-09-27 08:30,Nashville SC,Toronto FC,Nashville,Toronto FC,USA ‐ Major League Soccer,8,1.4210,5.5500,7.7700,0.694966,0.177936,0.127097,1.000
2026-09-27T07:41:36+08:00,2026-09-27T07:30:00+08:00,FB5821,2026-09-27 08:30,FC Dallas,Los Angeles FC,FC Dallas,Los Angeles FC,USA ‐ Major League Soccer,8,2.2840,3.5100,3.4400,0.432028,0.281126,0.286846,1.000
2026-09-27T07:41:36+08:00,2026-09-27T07:30:00+08:00,FB5823,2026-09-27 08:30,Austin FC,San Diego FC,Austin FC,San Diego FC,USA ‐ Major League Soccer,8,2.7100,3.7400,2.6690,0.364969,0.264456,0.370575,1.000
2026-09-27T07:41:36+08:00,2026-09-27T07:30:00+08:00,FB5825,2026-09-27 10:30,San Jose Earthquakes,Portland Timbers,San Jose Earthquakes,Portland Timbers,USA ‐ Major League Soccer,8,2.0230,4.0940,3.4700,0.481432,0.237894,0.280674,1.000
2026-09-27T07:41:36+08:00,2026-09-27T07:30:00+08:00,FB5826,2026-09-27 08:30,Houston Dynamo,Sporting Kansas City,Houston Dynamo,Sporting Kansas City,USA ‐ Major League Soccer,8,1.6500,4.3800,5.1100,0.588371,0.221647,0.189983,1.000
2026-09-27T07:41:36+08:00,2026-09-27T07:30:00+08:00,FB5827,2026-09-27 09:30,Real Salt Lake,New England Revolution,Real Salt Lake,New England Revolution,USA ‐ Major League Soccer,8,2.2210,3.8750,3.1230,0.437764,0.250909,0.311327,1.000
2026-09-27T07:41:36+08:00,2026-09-27T07:30:00+08:00,FB5829,2026-09-27 10:30,Vancouver Whitecaps,DC United,Vancouver Whitecaps,Washington DC United,USA ‐ Major League Soccer,8,1.2590,7.2100,12.5000,0.784106,0.136919,0.078975,0.970
2026-09-27T07:41:36+08:00,2026-09-27T07:30:00+08:00,FB5830,2026-09-27 08:30,Seattle Sounders,Minnesota Utd,Seattle Sounders,Minnesota United,USA ‐ Major League Soccer,8,2.1080,3.8200,3.4200,0.461211,0.254511,0.284278,0.948
2026-09-27T07:41:36+08:00,2026-09-27T07:30:00+08:00,FB5832,2026-09-27 10:30,LA Galaxy,Colorado Rapids,LA Galaxy,Colorado Rapids,USA ‐ Major League Soccer,8,2.2630,3.9400,3.0200,0.430348,0.247177,0.322476,1.000
2026-09-27T07:41:36+08:00,2026-09-27T07:30:00+08:00,FB5836,2026-09-27 11:10,Tigres UANL,Puebla,Tigres UANL,Puebla,Mexico ‐ Primera Division,8,1.6310,4.2790,5.4000,0.594106,0.226452,0.179442,1.000
2026-09-27T07:41:36+08:00,2026-09-27T07:30:00+08:00,FB5837,2026-09-27 11:05,Santos Laguna,Pachuca,Santos Laguna,Pachuca,Mexico ‐ Primera Division,8,3.5000,3.6610,2.1720,0.280313,0.267986,0.451701,1.000
2026-09-27T07:41:36+08:00,2026-09-27T07:30:00+08:00,FB5860,2026-09-27 09:00,Dorados,Alacranes de Durango,Dorados de Sinaloa,Alacranes de Durango,Mexico ‐ Liga de Expansion,7,2.3750,3.5000,2.7500,0.393359,0.266922,0.339719,0.970
2026-09-27T07:41:36+08:00,2026-09-27T07:30:00+08:00,FB5873,2026-09-27 09:00,Mexico,Colombia,Mexico,Colombia,International - Friendlies,8,2.7660,3.4500,2.7120,0.354402,0.284138,0.361459,1.000
2026-09-27T09:57:22+08:00,2026-09-27T09:30:00+08:00,FB5783,2026-09-27 10:00,Oakland Roots,Phoenix Rising,Oakland Roots SC,Phoenix Rising,USA ‐ USL League One,8,2.6450,3.4800,2.7400,0.366921,0.278881,0.354199,1.000
2026-09-27T09:57:22+08:00,2026-09-27T09:30:00+08:00,FB5789,2026-09-27 10:00,Orange County SC,Pittsburgh Riverhounds,Orange County Blues,Pittsburgh Riverhounds,USA ‐ USL League One,8,2.9900,3.1900,2.7060,0.328703,0.308095,0.363202,0.970
2026-09-27T09:57:22+08:00,2026-09-27T09:30:00+08:00,FB5825,2026-09-27 10:30,San Jose Earthquakes,Portland Timbers,San Jose Earthquakes,Portland Timbers,USA ‐ Major League Soccer,8,2.0000,4.1890,3.5300,0.489234,0.233580,0.277186,1.000
2026-09-27T09:57:22+08:00,2026-09-27T09:30:00+08:00,FB5829,2026-09-27 10:30,Vancouver Whitecaps,DC United,Vancouver Whitecaps,Washington DC United,USA ‐ Major League Soccer,8,1.2790,7.0600,11.8000,0.775464,0.140484,0.084052,0.970
2026-09-27T09:57:22+08:00,2026-09-27T09:30:00+08:00,FB5832,2026-09-27 10:30,LA Galaxy,Colorado Rapids,LA Galaxy,Colorado Rapids,USA ‐ Major League Soccer,8,2.2530,3.7950,3.1190,0.431775,0.256334,0.311891,1.000
2026-09-27T09:57:22+08:00,2026-09-27T09:30:00+08:00,FB5836,2026-09-27 11:10,Tigres UANL,Puebla,Tigres UANL,Puebla,Mexico ‐ Primera Division,8,1.6650,4.0900,5.3480,0.581929,0.236898,0.181173,1.000
2026-09-27T09:57:22+08:00,2026-09-27T09:30:00+08:00,FB5837,2026-09-27 11:05,Santos Laguna,Pachuca,Santos Laguna,Pachuca,Mexico ‐ Primera Division,8,3.5000,3.6000,2.1780,0.279392,0.271631,0.448977,1.000
2026-09-27T09:57:22+08:00,2026-09-27T09:30:00+08:00,FB5895,2026-09-27 13:00,Mynavi Sendai Women,Elfen Saitama Women,Vegalta Sendai Women,Elfen Saitama Women,Japan ‐ League Cup Women,8,2.1400,3.3500,3.2000,0.433359,0.276832,0.289809,0.859
2026-09-27T09:57:22+08:00,2026-09-27T09:30:00+08:00,FB5900,2026-09-27 12:00,Albirex Niigata Women,Urawa Reds Women,Albirex Niigata Women,Urawa Red Diamonds Women,Japan ‐ League Cup Women,8,3.6000,3.6000,1.8920,0.256230,0.256230,0.487541,0.900
2026-09-27T15:23:48+08:00,2026-09-27T15:00:00+08:00,FB5687,2026-09-27 18:00,Gangwon FC,Incheon Utd,Gangwon,Incheon United,South Korea ‐ K-League Classic,8,2.3130,3.2400,3.5010,0.421131,0.300641,0.278228,0.940
2026-09-27T15:23:48+08:00,2026-09-27T15:00:00+08:00,FB5737,2026-09-27 20:30,De Graafschap,Den Bosch,De Graafschap,Den Bosch,Netherlands ‐ Eerste Divisie,8,2.2600,4.0250,2.8700,0.425723,0.239039,0.335238,1.000
2026-09-27T15:23:48+08:00,2026-09-27T15:00:00+08:00,FB5793,2026-09-28 03:58,Racing Club,Boca Juniors,Racing Club,Boca Juniors,Argentina ‐ Cup,8,4.5000,3.2000,1.9580,0.212562,0.298915,0.488523,1.000
2026-09-27T15:23:48+08:00,2026-09-27T15:00:00+08:00,FB5797,2026-09-27 20:00,Valladolid,Cordoba,Real Valladolid,Cordoba,Spain ‐ Segunda Division,8,2.4000,3.5000,3.0800,0.405690,0.278188,0.316122,1.000
2026-09-27T15:23:48+08:00,2026-09-27T15:00:00+08:00,FB5798,2026-09-27 22:15,Mallorca,Almeria,Mallorca,Almeria,Spain ‐ Segunda Division,8,2.1300,3.3160,3.9500,0.458383,0.294438,0.247179,1.000
2026-09-27T15:23:48+08:00,2026-09-27T15:00:00+08:00,FB5799,2026-09-28 00:30,Eibar,Las Palmas,SD Eibar,Las Palmas,Spain ‐ Segunda Division,8,1.9430,3.4760,4.5000,0.502322,0.280786,0.216892,0.970
2026-09-27T15:23:48+08:00,2026-09-27T15:00:00+08:00,FB5800,2026-09-28 00:30,Burgos,CD Eldense,Burgos CF,CD Eldense,Spain ‐ Segunda Division,8,2.0210,3.3600,4.3100,0.482999,0.290518,0.226483,1.000
2026-09-27T15:23:48+08:00,2026-09-27T15:00:00+08:00,FB5801,2026-09-28 03:00,Oviedo,Gijon,Real Oviedo,Sporting Gijon,Spain ‐ Segunda Division,8,2.0920,3.2400,4.1510,0.465191,0.300364,0.234445,1.000
2026-09-27T15:23:48+08:00,2026-09-27T15:00:00+08:00,FB5802,2026-09-29 02:30,Leganes,Castellon,CD Leganes,CD Castellon,Spain ‐ Segunda Division,8,3.1800,3.4200,2.3300,0.303524,0.282224,0.414252,0.940
2026-09-27T15:23:48+08:00,2026-09-27T15:00:00+08:00,FB5812,2026-09-29 06:57,Montevideo Wanderers,Albion FC,Montevideo Wanderers,Albion FC,Uruguay ‐ Primera Division,7,2.3220,3.1800,3.3800,0.413707,0.302084,0.284209,1.000
2026-09-27T15:23:48+08:00,2026-09-27T15:00:00+08:00,FB5813,2026-09-28 04:57,Defensor Sporting,Danubio,Defensor Sporting,Danubio FC,Uruguay ‐ Primera Division,8,2.3150,3.4000,3.2070,0.416191,0.283377,0.300431,1.000
2026-09-27T15:23:48+08:00,2026-09-27T15:00:00+08:00,FB5814,2026-09-28 01:57,Juventud Las Piedras,CA Cerro,Juventud de Las Piedras,CA Cerro,Uruguay ‐ Primera Division,8,1.7850,3.6000,4.9390,0.538433,0.266973,0.194595,0.965
2026-09-27T15:23:48+08:00,2026-09-27T15:00:00+08:00,FB5828,2026-09-28 07:00,Columbus Crew,Inter Miami CF,Columbus Crew,Inter Miami,USA ‐ Major League Soccer,8,2.8560,4.1890,2.2930,0.341610,0.232905,0.425485,1.000
2026-09-27T15:23:48+08:00,2026-09-27T15:00:00+08:00,FB5833,2026-09-28 11:00,Necaxa,CF America,Necaxa,Club America,Mexico ‐ Primera Division,8,3.8520,3.8600,1.9700,0.252956,0.252432,0.494612,1.000
2026-09-27T15:23:48+08:00,2026-09-27T15:00:00+08:00,FB5834,2026-09-28 09:00,Club Leon,Juarez,Club Leon,FC Juarez,Mexico ‐ Primera Division,8,1.5870,4.3500,5.7200,0.608911,0.222148,0.168941,1.000
2026-09-27T15:23:48+08:00,2026-09-27T15:00:00+08:00,FB5835,2026-09-28 02:00,Pumas UNAM,Atletico San Luis,UNAM Pumas,Atletico San Luis,Mexico ‐ Primera Division,8,2.0700,3.6800,3.5880,0.467416,0.262921,0.269663,1.000
2026-09-27T15:23:48+08:00,2026-09-27T15:00:00+08:00,FB5838,2026-09-28 06:57,Deportes Santa Cruz,O'Higgins,Deportes Santa Cruz,O'Higgins,Chile ‐ Cup,8,3.5750,3.3500,2.0500,0.262394,0.280017,0.457589,1.000
2026-09-27T15:23:48+08:00,2026-09-27T15:00:00+08:00,FB5844,2026-09-27 19:00,Rosengard Women,Pitea Women,FC Rosengard Women,Pitea IF Women,Sweden ‐ Damallsvenskan,8,2.0500,3.5000,3.3650,0.455596,0.266849,0.277555,1.000
2026-09-27T15:23:48+08:00,2026-09-27T15:00:00+08:00,FB5845,2026-09-27 21:58,Criciuma,Avai,Criciuma,Avai,Brazil ‐ Serie B,8,1.7030,3.6200,5.6790,0.564870,0.265739,0.169391,1.000
2026-09-27T15:23:48+08:00,2026-09-27T15:00:00+08:00,FB5846,2026-09-28 02:58,CRB,Cuiaba,CRB,Cuiaba MT,Brazil ‐ Serie B,8,2.1100,3.3800,3.8800,0.461239,0.287933,0.250828,0.970
2026-09-27T15:23:48+08:00,2026-09-27T15:00:00+08:00,FB5847,2026-09-28 05:28,Fortaleza,Athletic Club MG,Fortaleza CE,Athletic Club MG,Brazil ‐ Serie B,8,1.6570,3.7500,6.0000,0.582061,0.257193,0.160746,0.970
2026-09-27T15:23:48+08:00,2026-09-27T15:00:00+08:00,FB5848,2026-09-27 19:00,Brommapojkarna Women,Malmo Women,Brommapojkarna Women,Malmo Women,Sweden ‐ Damallsvenskan,8,6.0100,4.5000,1.4400,0.153629,0.205181,0.641190,1.000
2026-09-27T15:23:48+08:00,2026-09-27T15:00:00+08:00,FB5850,2026-09-28 01:57,Deportes Concepcion,Curico Unido,CD Concepcion,Curico Unido,Chile ‐ Cup,7,1.4380,4.2000,7.5000,0.651842,0.223178,0.124980,0.875
2026-09-27T15:23:48+08:00,2026-09-27T15:00:00+08:00,FB5851,2026-09-29 06:28,America Mineiro,Juventude,America Mineiro MG,Juventude RS,Brazil ‐ Serie B,7,3.7650,3.3000,2.0970,0.254044,0.289841,0.456116,0.940
2026-09-27T15:23:48+08:00,2026-09-27T15:00:00+08:00,FB5861,2026-09-27 23:27,Antofagasta,Iquique,CD Antofagasta,Deportes Iquique,Chile ‐ Cup,8,2.0200,3.3000,3.6600,0.462100,0.282861,0.255039,0.970
2026-09-27T15:23:48+08:00,2026-09-27T15:00:00+08:00,FB5884,2026-09-27 21:00,Lithuania,Azerbaijan,Lithuania,Azerbaijan,UEFA - Nations League,8,2.3570,3.0550,3.6500,0.413689,0.319170,0.267141,1.000
2026-09-27T15:23:48+08:00,2026-09-27T15:00:00+08:00,FB5885,2026-09-28 00:00,Austria,Kosovo,Austria,Kosovo,UEFA - Nations League,8,1.6500,4.1450,5.7000,0.592577,0.235887,0.171536,1.000
2026-09-27T15:23:48+08:00,2026-09-27T15:00:00+08:00,FB5886,2026-09-28 00:00,Denmark,Wales,Denmark,Wales,UEFA - Nations League,8,1.4410,5.0000,7.4000,0.674341,0.194345,0.131314,1.000
2026-09-27T15:23:48+08:00,2026-09-27T15:00:00+08:00,FB5887,2026-09-28 00:00,Gibraltar,Andorra,Gibraltar,Andorra,UEFA - Nations League,8,4.0000,2.7800,2.4980,0.247517,0.356139,0.396344,1.000
2026-09-27T15:23:48+08:00,2026-09-27T15:00:00+08:00,FB5888,2026-09-28 00:00,Serbia,Netherlands,Serbia,Netherlands,UEFA - Nations League,8,7.0000,5.0000,1.4720,0.139754,0.195655,0.664591,1.000
2026-09-27T15:23:48+08:00,2026-09-27T15:00:00+08:00,FB5889,2026-09-28 02:45,Germany,Greece,Germany,Greece,UEFA - Nations League,8,1.4500,5.2000,8.0000,0.684886,0.190978,0.124136,1.000
2026-09-27T15:23:48+08:00,2026-09-27T15:00:00+08:00,FB5890,2026-09-28 02:45,Israel,Republic of Ireland,Israel,Ireland,UEFA - Nations League,8,2.8310,3.3000,2.7600,0.346788,0.297502,0.355709,1.000
2026-09-27T15:23:48+08:00,2026-09-27T15:00:00+08:00,FB5891,2026-09-28 02:45,Norway,Portugal,Norway,Portugal,UEFA - Nations League,8,2.5000,3.8000,2.8110,0.392579,0.258276,0.349145,1.000
2026-09-27T15:23:48+08:00,2026-09-27T15:00:00+08:00,FB5894,2026-09-27 19:35,China,New Zealand,China,New Zealand,International - Friendlies,8,3.8100,3.4250,2.2260,0.261506,0.290902,0.447592,1.000
2026-09-27T15:23:48+08:00,2026-09-27T15:00:00+08:00,FB5897,2026-09-27 17:00,Nagano Parceiro Women,Nojima Stella Sagamihara Women,Nagano Parceiro Women,Nojima Stella Women,Japan ‐ League Cup Women,8,4.2500,3.6000,1.8000,0.220183,0.259939,0.519878,0.888
2026-09-27T15:23:48+08:00,2026-09-27T15:00:00+08:00,FB5899,2026-09-27 16:00,Kobe Leonessa Women,Sanfrecce Hiroshima Women,INAC Kobe Leonessa Women,Sanfrecce Hiroshima Women,Japan ‐ League Cup Women,8,2.5400,3.6000,2.4400,0.364095,0.256889,0.379016,0.970
2026-09-27T15:23:48+08:00,2026-09-27T15:00:00+08:00,FB5901,2026-09-28 02:00,Bahrain,United Arab Emirates,Bahrain,United Arab Emirates,Asia - Gulf Cup,7,5.8730,3.9000,1.6360,0.164049,0.247041,0.588911,1.000
2026-09-27T15:23:48+08:00,2026-09-27T15:00:00+08:00,FB5902,2026-09-27 23:55,Yemen,Qatar,Yemen,Qatar,Asia - Gulf Cup,8,10.0000,5.9280,1.2770,0.095077,0.160387,0.744536,1.000
2026-09-27T15:23:48+08:00,2026-09-27T15:00:00+08:00,FB5904,2026-09-27 21:58,River Plate Women,Racing Club Women,River Plate Women,Racing Club Women,Argentina ‐ Primera Division Women,4,3.4000,3.1000,2.1700,0.272956,0.299371,0.427673,1.000
2026-09-27T15:23:48+08:00,2026-09-27T15:00:00+08:00,FB5906,2026-09-28 04:30,Bolivia,Paraguay,Bolivia,Paraguay,International - Friendlies,8,6.7900,4.5000,1.5380,0.144431,0.217931,0.637638,1.000
2026-09-27T15:23:48+08:00,2026-09-27T15:00:00+08:00,FB5907,2026-09-28 18:25,Japan,Venezuela,Japan,Venezuela,International - Friendlies,8,1.3410,5.4900,10.7000,0.730146,0.178347,0.091507,1.000
2026-09-27T15:23:48+08:00,2026-09-27T15:00:00+08:00,FB5909,2026-09-27 18:30,Ternana Women,FC Como Women,Ternana Women,Como 2000 Women,Italy ‐ Serie A Women,8,2.9100,3.3300,2.2800,0.317441,0.277404,0.405155,0.900
2026-09-27T15:23:48+08:00,2026-09-27T15:00:00+08:00,FB5910,2026-09-27 18:00,Valencia Women,Tenerife Women,Valencia Women,UDG Tenerife Sur Women,Spain ‐ Superliga Femenina,8,4.5000,3.3000,1.9000,0.211325,0.288170,0.500506,0.889
2026-09-27T15:23:48+08:00,2026-09-27T15:00:00+08:00,FB5911,2026-09-27 19:00,Inter Milan Women,Fiorentina Women,Inter Milan Women,Fiorentina Women,Italy ‐ Serie A Women,8,1.7200,4.0000,4.3500,0.547824,0.235565,0.216611,1.000
2026-09-27T15:23:48+08:00,2026-09-27T15:00:00+08:00,FB5912,2026-09-27 20:00,Manchester Utd Women,West Ham Women,Manchester United Women,West Ham United Women,England ‐ Super League Women,8,1.5780,4.5000,5.2000,0.604548,0.211995,0.183457,0.865
2026-09-27T15:23:48+08:00,2026-09-27T15:00:00+08:00,FB5913,2026-09-27 21:00,Tottenham Women,Aston Villa Women,Tottenham Hotspur Women,Aston Villa Women,England ‐ Super League Women,8,1.5200,4.5830,5.8660,0.628622,0.208489,0.162889,0.895
2026-09-27T15:23:48+08:00,2026-09-27T15:00:00+08:00,FB5914,2026-09-27 21:00,Sassuolo Women,Roma Women,Sassuolo Women,Res Roma Women,Italy ‐ Serie A Women,6,7.5000,5.0000,1.3690,0.125338,0.188006,0.686656,0.970
2026-09-27T15:23:48+08:00,2026-09-27T15:00:00+08:00,FB5915,2026-09-27 21:00,Birmingham Women,Crystal Palace Women,Birmingham City Women,Crystal Palace Women,England ‐ Super League Women,8,1.7570,3.8000,4.3010,0.534508,0.247140,0.218352,0.932
2026-09-27T15:23:48+08:00,2026-09-27T15:00:00+08:00,FB5916,2026-09-27 21:00,Liverpool Women,Everton Women,Liverpool Women,Everton Women,England ‐ Super League Women,8,1.8470,3.5000,4.0000,0.502648,0.265254,0.232098,1.000
2026-09-27T15:23:48+08:00,2026-09-27T15:00:00+08:00,FB5917,2026-09-27 22:00,Sevilla Women,Eibar Women,Sevilla Women,SD Eibar Women,Spain ‐ Superliga Femenina,8,1.7600,3.4000,4.9000,0.532813,0.275809,0.191378,0.970
2026-09-27T15:23:48+08:00,2026-09-27T15:00:00+08:00,FB5918,2026-09-27 23:30,Chelsea Women,Arsenal Women,Chelsea Women,Arsenal Women,England ‐ Super League Women,8,2.4200,3.5000,2.6830,0.385594,0.266610,0.347796,1.000
2026-09-27T15:23:48+08:00,2026-09-27T15:00:00+08:00,FB5919,2026-09-28 01:00,Jordan,Syria,Jordan,Syria,International - Friendlies,7,1.6390,4.0600,6.7610,0.607491,0.245241,0.147268,1.000
2026-09-27T15:23:48+08:00,2026-09-27T15:00:00+08:00,FB5920,2026-09-27 18:00,Bilbao Women,Atletico Madrid Women,Athletic Bilbao Women,Atletico Madrid Women,Spain ‐ Superliga Femenina,8,4.2000,3.5500,1.8540,0.224796,0.265956,0.509247,0.970
2026-09-27T15:23:48+08:00,2026-09-27T15:00:00+08:00,FB5922,2026-09-29 14:00,Korea DPR Women,China Women,North Korea Women,China Women,International - Friendlies Women,1,1.3800,4.0000,8.5000,0.663415,0.228878,0.107707,0.844
2026-09-27T15:23:48+08:00,2026-09-27T15:00:00+08:00,FB5923,2026-09-29 00:00,Armenia,Montenegro,Armenia,Montenegro,UEFA - Nations League,8,3.0300,3.3200,2.5400,0.322003,0.293876,0.384121,1.000
2026-09-27T15:23:48+08:00,2026-09-27T15:00:00+08:00,FB5924,2026-09-29 00:00,Georgia,Ukraine,Georgia,Ukraine,UEFA - Nations League,8,2.7400,3.2850,2.7720,0.354290,0.295511,0.350200,1.000
2026-09-27T15:23:48+08:00,2026-09-27T15:00:00+08:00,FB5925,2026-09-29 00:00,Latvia,Cyprus,Latvia,Cyprus,UEFA - Nations League,8,2.7100,3.2900,2.8630,0.360976,0.297339,0.341685,1.000
2026-09-27T15:23:48+08:00,2026-09-27T15:00:00+08:00,FB5926,2026-09-29 02:45,Belgium,France,Belgium,France,UEFA - Nations League,8,3.7300,4.1450,1.9300,0.260925,0.234801,0.504274,1.000
2026-09-27T15:23:48+08:00,2026-09-27T15:00:00+08:00,FB5927,2026-09-29 02:45,Northern Ireland,Hungary,Northern Ireland,Hungary,UEFA - Nations League,8,2.8000,3.1850,2.8500,0.349458,0.307216,0.343327,1.000
2026-09-27T15:23:48+08:00,2026-09-27T15:00:00+08:00,FB5928,2026-09-29 02:45,Sweden,Poland,Sweden,Poland,UEFA - Nations League,8,1.9740,3.8850,3.8250,0.494026,0.251018,0.254956,1.000
2026-09-27T15:23:48+08:00,2026-09-27T15:00:00+08:00,FB5929,2026-09-29 02:45,Romania,Bosnia-Herzegovina,Romania,Bosnia-Herzegovina,UEFA - Nations League,8,2.2500,3.5150,3.4350,0.435704,0.278900,0.285396,1.000
2026-09-27T15:23:48+08:00,2026-09-27T15:00:00+08:00,FB5930,2026-09-29 02:45,Turkiye,Italy,Turkey,Italy,UEFA - Nations League,8,2.7220,3.6600,2.6700,0.361900,0.269151,0.368949,0.885
2026-09-27T15:23:48+08:00,2026-09-27T15:00:00+08:00,FB5931,2026-09-28 08:00,Curacao,Nicaragua,Curacao,Nicaragua,CONCACAF - Nations League,8,1.3960,4.7000,8.1500,0.681055,0.202288,0.116657,1.000
2026-09-27T15:23:48+08:00,2026-09-27T15:00:00+08:00,FB5932,2026-09-28 07:00,Haiti,Costa Rica,Haiti,Costa Rica,CONCACAF - Nations League,8,2.5600,3.5000,2.6600,0.371218,0.271519,0.357262,1.000
2026-09-27T15:23:48+08:00,2026-09-27T15:00:00+08:00,FB5933,2026-09-28 09:00,Trinidad and Tobago,Dominican Republic,Trinidad and Tobago,Dominican Republic,CONCACAF - Nations League,8,2.2700,3.8000,2.8210,0.416311,0.248691,0.334997,1.000
2026-09-27T15:23:48+08:00,2026-09-27T15:00:00+08:00,FB5934,2026-09-27 19:00,Rangers Women,Celtic Women,Glasgow Rangers Women,Celtic Women,Scotland ‐ Premier League Women,8,1.8050,3.8000,3.8950,0.515885,0.245046,0.239069,0.970
2026-09-27T15:23:48+08:00,2026-09-27T15:00:00+08:00,FB5936,2026-09-27 22:30,Lokomotiv Moscow Women,CSKA Moscow Women,Lokomotiv Moscow Women,CSKA Moscow Women,Russia ‐ Cup Women,2,3.2600,3.5400,2.0400,0.284176,0.261699,0.454125,1.000
2026-09-27T21:09:04+08:00,2026-09-27T21:00:00+08:00,FB5793,2026-09-28 03:58,Racing Club,Boca Juniors,Racing Club,Boca Juniors,Argentina ‐ Cup,8,4.5100,3.2500,1.9170,0.210956,0.292742,0.496302,1.000
2026-09-27T21:09:04+08:00,2026-09-27T21:00:00+08:00,FB5798,2026-09-27 22:15,Mallorca,Almeria,Mallorca,Almeria,Spain ‐ Segunda Division,8,2.0930,3.3500,4.0100,0.465827,0.291037,0.243136,1.000
2026-09-27T21:09:04+08:00,2026-09-27T21:00:00+08:00,FB5799,2026-09-28 00:30,Eibar,Las Palmas,SD Eibar,Las Palmas,Spain ‐ Segunda Division,8,1.8400,3.5990,4.8500,0.528923,0.270414,0.200664,0.970
2026-09-27T21:09:04+08:00,2026-09-27T21:00:00+08:00,FB5800,2026-09-28 00:30,Burgos,CD Eldense,Burgos CF,CD Eldense,Spain ‐ Segunda Division,8,2.1460,3.3000,3.9600,0.456158,0.296641,0.247201,1.000
2026-09-27T21:09:04+08:00,2026-09-27T21:00:00+08:00,FB5801,2026-09-28 03:00,Oviedo,Gijon,Real Oviedo,Sporting Gijon,Spain ‐ Segunda Division,8,2.1010,3.2400,4.1630,0.464438,0.301168,0.234394,1.000
2026-09-27T21:09:04+08:00,2026-09-27T21:00:00+08:00,FB5802,2026-09-29 02:30,Leganes,Castellon,CD Leganes,CD Castellon,Spain ‐ Segunda Division,8,3.1890,3.4200,2.3300,0.302927,0.282466,0.414607,0.940
2026-09-27T21:09:04+08:00,2026-09-27T21:00:00+08:00,FB5812,2026-09-29 06:57,Montevideo Wanderers,Albion FC,Montevideo Wanderers,Albion FC,Uruguay ‐ Primera Division,7,2.3720,3.1600,3.2600,0.403512,0.302889,0.293598,1.000
2026-09-27T21:09:04+08:00,2026-09-27T21:00:00+08:00,FB5813,2026-09-28 04:57,Defensor Sporting,Danubio,Defensor Sporting,Danubio FC,Uruguay ‐ Primera Division,8,2.3300,3.4000,3.2070,0.414623,0.284139,0.301238,1.000
2026-09-27T21:09:04+08:00,2026-09-27T21:00:00+08:00,FB5814,2026-09-28 01:57,Juventud Las Piedras,CA Cerro,Juventud de Las Piedras,CA Cerro,Uruguay ‐ Primera Division,8,1.7690,3.6000,5.0930,0.543854,0.267244,0.188902,0.965
2026-09-27T21:09:04+08:00,2026-09-27T21:00:00+08:00,FB5828,2026-09-28 07:00,Columbus Crew,Inter Miami CF,Columbus Crew,Inter Miami,USA ‐ Major League Soccer,8,2.8570,4.0600,2.3390,0.341862,0.240566,0.417572,1.000
2026-09-27T21:09:04+08:00,2026-09-27T21:00:00+08:00,FB5833,2026-09-28 11:00,Necaxa,CF America,Necaxa,Club America,Mexico ‐ Primera Division,8,3.6290,3.7820,2.0500,0.268112,0.257265,0.474623,1.000
2026-09-27T21:09:04+08:00,2026-09-27T21:00:00+08:00,FB5834,2026-09-28 09:00,Club Leon,Juarez,Club Leon,FC Juarez,Mexico ‐ Primera Division,8,1.5780,4.3830,5.7800,0.612356,0.220465,0.167179,1.000
2026-09-27T21:09:04+08:00,2026-09-27T21:00:00+08:00,FB5835,2026-09-28 02:00,Pumas UNAM,Atletico San Luis,UNAM Pumas,Atletico San Luis,Mexico ‐ Primera Division,8,2.0750,3.7000,3.7500,0.473005,0.265266,0.261729,1.000
2026-09-27T21:09:04+08:00,2026-09-27T21:00:00+08:00,FB5838,2026-09-28 06:57,Deportes Santa Cruz,O'Higgins,Deportes Santa Cruz,O'Higgins,Chile ‐ Cup,8,3.5750,3.3000,2.0500,0.261285,0.283059,0.455656,1.000
2026-09-27T21:09:04+08:00,2026-09-27T21:00:00+08:00,FB5845,2026-09-27 21:58,Criciuma,Avai,Criciuma,Avai,Brazil ‐ Serie B,8,1.6700,3.5400,6.2790,0.575468,0.271478,0.153055,1.000
2026-09-27T21:09:04+08:00,2026-09-27T21:00:00+08:00,FB5846,2026-09-28 02:58,CRB,Cuiaba,CRB,Cuiaba MT,Brazil ‐ Serie B,8,2.0200,3.4100,4.1700,0.481513,0.285236,0.233251,0.970
2026-09-27T21:09:04+08:00,2026-09-27T21:00:00+08:00,FB5847,2026-09-28 05:28,Fortaleza,Athletic Club MG,Fortaleza CE,Athletic Club MG,Brazil ‐ Serie B,8,1.6190,3.8700,6.3300,0.597331,0.249891,0.152777,0.970
2026-09-27T21:09:04+08:00,2026-09-27T21:00:00+08:00,FB5850,2026-09-28 01:57,Deportes Concepcion,Curico Unido,CD Concepcion,Curico Unido,Chile ‐ Cup,8,1.4700,4.0500,7.1140,0.637106,0.231246,0.131648,0.875
2026-09-27T21:09:04+08:00,2026-09-27T21:00:00+08:00,FB5851,2026-09-29 06:28,America Mineiro,Juventude,America Mineiro MG,Juventude RS,Brazil ‐ Serie B,7,3.6930,3.3000,2.1120,0.258554,0.289345,0.452101,0.940
2026-09-27T21:09:04+08:00,2026-09-27T21:00:00+08:00,FB5861,2026-09-27 23:27,Antofagasta,Iquique,CD Antofagasta,Deportes Iquique,Chile ‐ Cup,8,2.0200,3.5400,3.7700,0.474737,0.270895,0.254368,0.970
2026-09-27T21:09:04+08:00,2026-09-27T21:00:00+08:00,FB5885,2026-09-28 00:00,Austria,Kosovo,Austria,Kosovo,UEFA - Nations League,8,1.6100,4.1500,6.2000,0.606933,0.235461,0.157607,1.000
2026-09-27T21:09:04+08:00,2026-09-27T21:00:00+08:00,FB5886,2026-09-28 00:00,Denmark,Wales,Denmark,Wales,UEFA - Nations League,8,1.4000,5.2500,8.6000,0.699566,0.186551,0.113883,1.000
2026-09-27T21:09:04+08:00,2026-09-27T21:00:00+08:00,FB5887,2026-09-28 00:00,Gibraltar,Andorra,Gibraltar,Andorra,UEFA - Nations League,8,4.1000,2.7500,2.4900,0.241692,0.360341,0.397967,1.000
2026-09-27T21:09:04+08:00,2026-09-27T21:00:00+08:00,FB5888,2026-09-28 00:00,Serbia,Netherlands,Serbia,Netherlands,UEFA - Nations League,8,8.4000,5.3100,1.4000,0.116524,0.184332,0.699144,1.000
2026-09-27T21:09:04+08:00,2026-09-27T21:00:00+08:00,FB5889,2026-09-28 02:45,Germany,Greece,Germany,Greece,UEFA - Nations League,8,1.4400,5.2700,7.6000,0.683659,0.186806,0.129535,1.000
2026-09-27T21:09:04+08:00,2026-09-27T21:00:00+08:00,FB5890,2026-09-28 02:45,Israel,Republic of Ireland,Israel,Ireland,UEFA - Nations League,8,2.8200,3.3000,2.7630,0.347805,0.297215,0.354980,1.000
2026-09-27T21:09:04+08:00,2026-09-27T21:00:00+08:00,FB5891,2026-09-28 02:45,Norway,Portugal,Norway,Portugal,UEFA - Nations League,8,2.3910,3.8900,2.8610,0.408101,0.250840,0.341059,1.000
2026-09-27T21:09:04+08:00,2026-09-27T21:00:00+08:00,FB5901,2026-09-28 02:00,Bahrain,United Arab Emirates,Bahrain,United Arab Emirates,Asia - Gulf Cup,8,5.6680,3.6800,1.6710,0.168572,0.259637,0.571792,1.000
2026-09-27T21:09:04+08:00,2026-09-27T21:00:00+08:00,FB5902,2026-09-27 23:55,Yemen,Qatar,Yemen,Qatar,Asia - Gulf Cup,8,8.4000,5.4800,1.3410,0.113677,0.174250,0.712073,1.000
2026-09-27T21:09:04+08:00,2026-09-27T21:00:00+08:00,FB5903,2026-09-29 00:30,Denmark U21,Belarus U21,Denmark U21,Belarus U21,UEFA - European Championship U21,1,1.2100,5.6000,11.3000,0.755772,0.163301,0.080928,1.000
2026-09-27T21:09:04+08:00,2026-09-27T21:00:00+08:00,FB5904,2026-09-27 21:58,River Plate Women,Racing Club Women,River Plate Women,Racing Club Women,Argentina ‐ Primera Division Women,4,3.4500,3.0500,2.1900,0.269797,0.305180,0.425023,1.000
2026-09-27T21:09:04+08:00,2026-09-27T21:00:00+08:00,FB5906,2026-09-28 04:30,Bolivia,Paraguay,Bolivia,Paraguay,International - Friendlies,8,6.8500,4.4600,1.5480,0.143659,0.220642,0.635699,1.000
2026-09-27T21:09:04+08:00,2026-09-27T21:00:00+08:00,FB5907,2026-09-28 18:25,Japan,Venezuela,Japan,Venezuela,International - Friendlies,8,1.3410,5.4900,10.7000,0.730146,0.178347,0.091507,1.000
2026-09-27T21:09:04+08:00,2026-09-27T21:00:00+08:00,FB5917,2026-09-27 22:00,Sevilla Women,Eibar Women,Sevilla Women,SD Eibar Women,Spain ‐ Superliga Femenina,8,1.7750,3.4000,4.8720,0.530114,0.276751,0.193135,0.970
2026-09-27T21:09:04+08:00,2026-09-27T21:00:00+08:00,FB5918,2026-09-27 23:30,Chelsea Women,Arsenal Women,Chelsea Women,Arsenal Women,England ‐ Super League Women,8,2.4290,3.5000,2.7770,0.389304,0.270177,0.340519,1.000
2026-09-27T21:09:04+08:00,2026-09-27T21:00:00+08:00,FB5919,2026-09-28 01:00,Jordan,Syria,Jordan,Syria,International - Friendlies,7,1.6390,4.0690,6.6900,0.606872,0.244449,0.148679,1.000
2026-09-27T21:09:04+08:00,2026-09-27T21:00:00+08:00,FB5922,2026-09-29 14:00,Korea DPR Women,China Women,North Korea Women,China Women,International - Friendlies Women,2,1.4100,4.3000,7.5000,0.659671,0.216311,0.124018,0.844
2026-09-27T21:09:04+08:00,2026-09-27T21:00:00+08:00,FB5923,2026-09-29 00:00,Armenia,Montenegro,Armenia,Montenegro,UEFA - Nations League,8,3.0240,3.3200,2.5500,0.322922,0.294131,0.382947,1.000
2026-09-27T21:09:04+08:00,2026-09-27T21:00:00+08:00,FB5924,2026-09-29 00:00,Georgia,Ukraine,Georgia,Ukraine,UEFA - Nations League,8,2.7400,3.2850,2.7720,0.354290,0.295511,0.350200,1.000
2026-09-27T21:09:04+08:00,2026-09-27T21:00:00+08:00,FB5925,2026-09-29 00:00,Latvia,Cyprus,Latvia,Cyprus,UEFA - Nations League,8,2.7400,3.3000,2.8600,0.358636,0.297776,0.343588,1.000
2026-09-27T21:09:04+08:00,2026-09-27T21:00:00+08:00,FB5926,2026-09-29 02:45,Belgium,France,Belgium,France,UEFA - Nations League,8,3.7500,4.1500,1.9700,0.262662,0.237346,0.499992,1.000
2026-09-27T21:09:04+08:00,2026-09-27T21:00:00+08:00,FB5927,2026-09-29 02:45,Northern Ireland,Hungary,Northern Ireland,Hungary,UEFA - Nations League,8,2.7430,3.1850,2.9400,0.357882,0.308217,0.333901,1.000
2026-09-27T21:09:04+08:00,2026-09-27T21:00:00+08:00,FB5928,2026-09-29 02:45,Sweden,Poland,Sweden,Poland,UEFA - Nations League,8,2.1240,3.7800,3.4060,0.457559,0.257105,0.285336,1.000
2026-09-27T21:09:04+08:00,2026-09-27T21:00:00+08:00,FB5929,2026-09-29 02:45,Romania,Bosnia-Herzegovina,Romania,Bosnia-Herzegovina,UEFA - Nations League,8,2.2500,3.5150,3.4350,0.435704,0.278900,0.285396,1.000
2026-09-27T21:09:04+08:00,2026-09-27T21:00:00+08:00,FB5930,2026-09-29 02:45,Turkiye,Italy,Turkey,Italy,UEFA - Nations League,8,2.6800,3.6650,2.7050,0.367377,0.268641,0.363982,0.885
2026-09-27T21:09:04+08:00,2026-09-27T21:00:00+08:00,FB5931,2026-09-28 08:00,Curacao,Nicaragua,Curacao,Nicaragua,CONCACAF - Nations League,8,1.4060,4.8200,8.2500,0.683936,0.199505,0.116559,1.000
2026-09-27T21:09:04+08:00,2026-09-27T21:00:00+08:00,FB5932,2026-09-28 07:00,Haiti,Costa Rica,Haiti,Costa Rica,CONCACAF - Nations League,8,2.5600,3.4500,2.7720,0.375157,0.278377,0.346465,1.000
2026-09-27T21:09:04+08:00,2026-09-27T21:00:00+08:00,FB5933,2026-09-28 09:00,Trinidad and Tobago,Dominican Republic,Trinidad and Tobago,Dominican Republic,CONCACAF - Nations League,8,2.4100,3.8400,2.6600,0.394692,0.247711,0.357597,1.000
2026-09-27T21:09:04+08:00,2026-09-27T21:00:00+08:00,FB5936,2026-09-27 22:30,Lokomotiv Moscow Women,CSKA Moscow Women,Lokomotiv Moscow Women,CSKA Moscow Women,Russia ‐ Cup Women,5,3.3200,3.5400,2.0400,0.280481,0.263050,0.456469,1.000
2026-09-28T01:50:26+08:00,2026-09-28T01:30:00+08:00,FB5793,2026-09-28 03:58,Racing Club,Boca Juniors,Racing Club,Boca Juniors,Argentina ‐ Cup,8,4.7500,3.4000,1.8700,0.202545,0.282968,0.514487,1.000
2026-09-28T01:50:26+08:00,2026-09-28T01:30:00+08:00,FB5801,2026-09-28 03:00,Oviedo,Gijon,Real Oviedo,Sporting Gijon,Spain ‐ Segunda Division,8,2.1300,3.2400,4.1360,0.460321,0.302618,0.237061,1.000
2026-09-28T01:50:26+08:00,2026-09-28T01:30:00+08:00,FB5813,2026-09-28 04:57,Defensor Sporting,Danubio,Defensor Sporting,Danubio FC,Uruguay ‐ Primera Division,8,2.3400,3.4000,3.2490,0.415204,0.285758,0.299039,1.000
2026-09-28T01:50:26+08:00,2026-09-28T01:30:00+08:00,FB5814,2026-09-28 01:57,Juventud Las Piedras,CA Cerro,Juventud de Las Piedras,CA Cerro,Uruguay ‐ Primera Division,8,1.7770,3.6000,4.9990,0.540809,0.266949,0.192242,0.965
2026-09-28T01:50:26+08:00,2026-09-28T01:30:00+08:00,FB5835,2026-09-28 02:00,Pumas UNAM,Atletico San Luis,UNAM Pumas,Atletico San Luis,Mexico ‐ Primera Division,8,2.1400,3.7500,3.7500,0.466999,0.266501,0.266501,1.000
2026-09-28T01:50:26+08:00,2026-09-28T01:30:00+08:00,FB5846,2026-09-28 02:58,CRB,Cuiaba,CRB,Cuiaba MT,Brazil ‐ Serie B,8,1.9900,3.4000,4.2940,0.488107,0.285686,0.226207,0.970
2026-09-28T01:50:26+08:00,2026-09-28T01:30:00+08:00,FB5847,2026-09-28 05:28,Fortaleza,Athletic Club MG,Fortaleza CE,Athletic Club MG,Brazil ‐ Serie B,8,1.6130,3.8700,6.3300,0.598224,0.249337,0.152438,0.970
2026-09-28T01:50:26+08:00,2026-09-28T01:30:00+08:00,FB5850,2026-09-28 01:57,Deportes Concepcion,Curico Unido,CD Concepcion,Curico Unido,Chile ‐ Cup,8,1.3500,5.0000,10.0000,0.711744,0.192171,0.096085,0.875
2026-09-28T01:50:26+08:00,2026-09-28T01:30:00+08:00,FB5889,2026-09-28 02:45,Germany,Greece,Germany,Greece,UEFA - Nations League,8,1.4890,5.0000,7.0390,0.662543,0.197305,0.140152,1.000
2026-09-28T01:50:26+08:00,2026-09-28T01:30:00+08:00,FB5890,2026-09-28 02:45,Israel,Republic of Ireland,Israel,Ireland,UEFA - Nations League,8,2.8500,3.2800,2.8000,0.346409,0.300996,0.352595,1.000
2026-09-28T01:50:26+08:00,2026-09-28T01:30:00+08:00,FB5891,2026-09-28 02:45,Norway,Portugal,Norway,Portugal,UEFA - Nations League,8,2.4000,3.8500,2.8860,0.407336,0.253924,0.338741,1.000
2026-09-28T01:50:26+08:00,2026-09-28T01:30:00+08:00,FB5901,2026-09-28 02:00,Bahrain,United Arab Emirates,Bahrain,United Arab Emirates,Asia - Gulf Cup,8,6.8250,3.9700,1.5520,0.140515,0.241565,0.617920,1.000
2026-09-28T01:50:26+08:00,2026-09-28T01:30:00+08:00,FB5906,2026-09-28 04:30,Bolivia,Paraguay,Bolivia,Paraguay,International - Friendlies,8,7.1600,4.5000,1.5270,0.137362,0.218558,0.644080,1.000
2026-09-28T01:50:26+08:00,2026-09-28T01:30:00+08:00,FB5940,2026-09-28 05:00,Bay FC Women,Orlando Pride Women,Bay FC Women,Orlando Pride Women,USA ‐ NWSL Women,7,2.2800,3.6000,2.8200,0.409527,0.259367,0.331107,1.000
2026-09-28T04:29:31+08:00,2026-09-28T04:00:00+08:00,FB5802,2026-09-29 02:30,Leganes,Castellon,CD Leganes,CD Castellon,Spain ‐ Segunda Division,8,3.2100,3.4250,2.3400,0.302204,0.283234,0.414562,0.940
2026-09-28T04:29:31+08:00,2026-09-28T04:00:00+08:00,FB5812,2026-09-29 06:57,Montevideo Wanderers,Albion FC,Montevideo Wanderers,Albion FC,Uruguay ‐ Primera Division,7,2.3720,3.1400,3.3600,0.406278,0.306908,0.286813,1.000
2026-09-28T04:29:31+08:00,2026-09-28T04:00:00+08:00,FB5813,2026-09-28 04:57,Defensor Sporting,Danubio,Defensor Sporting,Danubio FC,Uruguay ‐ Primera Division,8,2.3500,3.4000,3.2580,0.414512,0.286501,0.298988,1.000
2026-09-28T04:29:31+08:00,2026-09-28T04:00:00+08:00,FB5828,2026-09-28 07:00,Columbus Crew,Inter Miami CF,Columbus Crew,Inter Miami,USA ‐ Major League Soccer,8,2.8660,3.9900,2.3640,0.341222,0.245098,0.413681,1.000
2026-09-28T04:29:31+08:00,2026-09-28T04:00:00+08:00,FB5833,2026-09-28 11:00,Necaxa,CF America,Necaxa,Club America,Mexico ‐ Primera Division,8,3.6500,3.7330,2.0290,0.264783,0.258896,0.476322,1.000
2026-09-28T04:29:31+08:00,2026-09-28T04:00:00+08:00,FB5834,2026-09-28 09:00,Club Leon,Juarez,Club Leon,FC Juarez,Mexico ‐ Primera Division,8,1.5800,4.3500,6.0000,0.614798,0.223306,0.161897,1.000
2026-09-28T04:29:31+08:00,2026-09-28T04:00:00+08:00,FB5838,2026-09-28 06:57,Deportes Santa Cruz,O'Higgins,Deportes Santa Cruz,O'Higgins,Chile ‐ Cup,8,3.4050,3.3000,2.1600,0.277146,0.285964,0.436890,1.000
2026-09-28T04:29:31+08:00,2026-09-28T04:00:00+08:00,FB5847,2026-09-28 05:28,Fortaleza,Athletic Club MG,Fortaleza CE,Athletic Club MG,Brazil ‐ Serie B,8,1.6170,3.8800,6.3300,0.598014,0.249224,0.152763,0.970
2026-09-28T04:29:31+08:00,2026-09-28T04:00:00+08:00,FB5851,2026-09-29 06:28,America Mineiro,Juventude,America Mineiro MG,Juventude RS,Brazil ‐ Serie B,7,3.6810,3.3000,2.1090,0.259012,0.288916,0.452073,0.940
2026-09-28T04:29:31+08:00,2026-09-28T04:00:00+08:00,FB5903,2026-09-29 00:30,Denmark U21,Belarus U21,Denmark U21,Belarus U21,UEFA - European Championship U21,8,1.2100,6.5000,12.5000,0.779451,0.145098,0.075451,1.000
2026-09-28T04:29:31+08:00,2026-09-28T04:00:00+08:00,FB5906,2026-09-28 04:30,Bolivia,Paraguay,Bolivia,Paraguay,International - Friendlies,8,6.7170,4.3500,1.5300,0.144210,0.222680,0.633110,1.000
2026-09-28T04:29:31+08:00,2026-09-28T04:00:00+08:00,FB5907,2026-09-28 18:25,Japan,Venezuela,Japan,Venezuela,International - Friendlies,8,1.3130,5.7400,11.7000,0.745730,0.170582,0.083687,1.000
2026-09-28T04:29:31+08:00,2026-09-28T04:00:00+08:00,FB5922,2026-09-29 14:00,Korea DPR Women,China Women,North Korea Women,China Women,International - Friendlies Women,5,1.4100,4.2500,7.5000,0.657997,0.218300,0.123703,0.844
2026-09-28T04:29:31+08:00,2026-09-28T04:00:00+08:00,FB5923,2026-09-29 00:00,Armenia,Montenegro,Armenia,Montenegro,UEFA - Nations League,8,3.0000,3.3000,2.6000,0.326484,0.296804,0.376712,1.000
2026-09-28T04:29:31+08:00,2026-09-28T04:00:00+08:00,FB5924,2026-09-29 00:00,Georgia,Ukraine,Georgia,Ukraine,UEFA - Nations League,8,2.7630,3.2850,2.7720,0.352380,0.296385,0.351235,1.000
2026-09-28T04:29:31+08:00,2026-09-28T04:00:00+08:00,FB5925,2026-09-29 00:00,Latvia,Cyprus,Latvia,Cyprus,UEFA - Nations League,8,2.6400,3.2850,2.9480,0.370484,0.297740,0.331776,1.000
2026-09-28T04:29:31+08:00,2026-09-28T04:00:00+08:00,FB5926,2026-09-29 02:45,Belgium,France,Belgium,France,UEFA - Nations League,8,3.8000,4.1500,1.9400,0.258103,0.236335,0.505562,1.000
2026-09-28T04:29:31+08:00,2026-09-28T04:00:00+08:00,FB5927,2026-09-29 02:45,Northern Ireland,Hungary,Northern Ireland,Hungary,UEFA - Nations League,8,2.7000,3.1850,3.0090,0.364295,0.308821,0.326884,1.000
2026-09-28T04:29:31+08:00,2026-09-28T04:00:00+08:00,FB5928,2026-09-29 02:45,Sweden,Poland,Sweden,Poland,UEFA - Nations League,8,2.1800,3.7800,3.4200,0.451641,0.260470,0.287888,1.000
2026-09-28T04:29:31+08:00,2026-09-28T04:00:00+08:00,FB5929,2026-09-29 02:45,Romania,Bosnia-Herzegovina,Romania,Bosnia-Herzegovina,UEFA - Nations League,8,2.2500,3.5150,3.4350,0.435704,0.278900,0.285396,1.000
2026-09-28T04:29:31+08:00,2026-09-28T04:00:00+08:00,FB5930,2026-09-29 02:45,Turkiye,Italy,Turkey,Italy,UEFA - Nations League,8,2.6600,3.7050,2.7200,0.370935,0.266312,0.362753,0.885
2026-09-28T04:29:31+08:00,2026-09-28T04:00:00+08:00,FB5931,2026-09-28 08:00,Curacao,Nicaragua,Curacao,Nicaragua,CONCACAF - Nations League,8,1.4130,4.8000,8.0500,0.680317,0.200268,0.119415,1.000
2026-09-28T04:29:31+08:00,2026-09-28T04:00:00+08:00,FB5932,2026-09-28 07:00,Haiti,Costa Rica,Haiti,Costa Rica,CONCACAF - Nations League,8,2.4400,3.5600,2.8420,0.393090,0.269422,0.337488,1.000
2026-09-28T04:29:31+08:00,2026-09-28T04:00:00+08:00,FB5933,2026-09-28 09:00,Trinidad and Tobago,Dominican Republic,Trinidad and Tobago,Dominican Republic,CONCACAF - Nations League,8,2.5510,3.7600,2.6470,0.378474,0.256778,0.364748,1.000
2026-09-28T04:29:31+08:00,2026-09-28T04:00:00+08:00,FB5939,2026-09-29 00:00,Central African Republic,Burkina Faso,Central African Republic,Burkina Faso,Africa - CAF - Nations Cup,7,9.5320,4.5000,1.3640,0.098946,0.209590,0.691463,1.000
2026-09-28T04:29:31+08:00,2026-09-28T04:00:00+08:00,FB5940,2026-09-28 05:00,Bay FC Women,Orlando Pride Women,Bay FC Women,Orlando Pride Women,USA ‐ NWSL Women,8,2.2800,3.6000,2.8600,0.411432,0.260574,0.327995,1.000
2026-09-28T04:29:31+08:00,2026-09-28T04:00:00+08:00,FB5941,2026-09-28 07:00,Utah Royals Women,North Carolina Courage Women,Utah Royals Women,North Carolina Courage Women,USA ‐ NWSL Women,7,2.0520,3.7500,3.2500,0.459014,0.251172,0.289814,1.000
2026-09-28T04:29:31+08:00,2026-09-28T04:00:00+08:00,FB5942,2026-09-28 08:06,Tigres UANL Women,Atletico San Luis Women,Tigres UANL Women,Atletico San Luis Women,Mexico ‐ Liga MX Femenil,7,1.1010,13.0000,18.0000,0.872708,0.073912,0.053381,1.000
2026-09-28T04:29:31+08:00,2026-09-28T04:00:00+08:00,FB5943,2026-09-28 17:00,Singapore,Bangladesh,Singapore,Bangladesh,Asia - AFF Cup,8,1.6000,4.0000,5.6600,0.594288,0.237715,0.167997,1.000
2026-09-28T04:29:31+08:00,2026-09-28T04:00:00+08:00,FB5944,2026-09-29 00:00,Zimbabwe,D R Congo,Zimbabwe,DR Congo,Africa - CAF - Nations Cup,7,4.7500,3.2400,1.8770,0.200133,0.293404,0.506463,1.000
2026-09-28T07:14:36+08:00,2026-09-28T07:00:00+08:00,FB5802,2026-09-29 02:30,Leganes,Castellon,CD Leganes,CD Castellon,Spain ‐ Segunda Division,8,3.2700,3.4450,2.3220,0.297843,0.282713,0.419443,0.970
2026-09-28T07:14:36+08:00,2026-09-28T07:00:00+08:00,FB5812,2026-09-29 06:57,Montevideo Wanderers,Albion FC,Montevideo Wanderers,Albion FC,Uruguay ‐ Primera Division,7,2.3200,3.1400,3.4000,0.413017,0.305159,0.281824,1.000
2026-09-28T07:14:36+08:00,2026-09-28T07:00:00+08:00,FB5833,2026-09-28 11:00,Necaxa,CF America,Necaxa,Club America,Mexico ‐ Primera Division,8,3.6700,3.7330,2.0400,0.264400,0.259938,0.475661,1.000
2026-09-28T07:14:36+08:00,2026-09-28T07:00:00+08:00,FB5834,2026-09-28 09:00,Club Leon,Juarez,Club Leon,FC Juarez,Mexico ‐ Primera Division,8,1.5700,4.3100,6.3300,0.620234,0.225932,0.153834,1.000
2026-09-28T07:14:36+08:00,2026-09-28T07:00:00+08:00,FB5851,2026-09-29 06:28,America Mineiro,Juventude,America Mineiro MG,Juventude RS,Brazil ‐ Serie B,8,3.7420,3.3300,2.1100,0.256596,0.288343,0.455062,0.940
2026-09-28T07:14:36+08:00,2026-09-28T07:00:00+08:00,FB5903,2026-09-29 00:30,Denmark U21,Belarus U21,Denmark U21,Belarus U21,UEFA - European Championship U21,8,1.2400,6.0000,11.0000,0.757924,0.156638,0.085439,1.000
2026-09-28T07:14:36+08:00,2026-09-28T07:00:00+08:00,FB5907,2026-09-28 18:25,Japan,Venezuela,Japan,Venezuela,International - Friendlies,8,1.3080,5.7800,12.0000,0.748897,0.169474,0.081630,1.000
2026-09-28T07:14:36+08:00,2026-09-28T07:00:00+08:00,FB5922,2026-09-29 14:00,Korea DPR Women,China Women,North Korea Women,China Women,International - Friendlies Women,5,1.4100,4.2500,7.5000,0.657997,0.218300,0.123703,0.844
2026-09-28T07:14:36+08:00,2026-09-28T07:00:00+08:00,FB5923,2026-09-29 00:00,Armenia,Montenegro,Armenia,Montenegro,UEFA - Nations League,8,2.9500,3.3550,2.6250,0.332990,0.292793,0.374217,1.000
2026-09-28T07:14:36+08:00,2026-09-28T07:00:00+08:00,FB5924,2026-09-29 00:00,Georgia,Ukraine,Georgia,Ukraine,UEFA - Nations League,8,2.8000,3.2850,2.7720,0.349350,0.297772,0.352879,1.000
2026-09-28T07:14:36+08:00,2026-09-28T07:00:00+08:00,FB5925,2026-09-29 00:00,Latvia,Cyprus,Latvia,Cyprus,UEFA - Nations League,8,2.6600,3.2550,2.9480,0.367713,0.300497,0.331790,1.000
2026-09-28T07:14:36+08:00,2026-09-28T07:00:00+08:00,FB5926,2026-09-29 02:45,Belgium,France,Belgium,France,UEFA - Nations League,8,3.7500,4.1500,1.9500,0.261322,0.236135,0.502543,1.000
2026-09-28T07:14:36+08:00,2026-09-28T07:00:00+08:00,FB5927,2026-09-29 02:45,Northern Ireland,Hungary,Northern Ireland,Hungary,UEFA - Nations League,8,2.8000,3.1950,2.9400,0.353513,0.309808,0.336679,1.000
2026-09-28T07:14:36+08:00,2026-09-28T07:00:00+08:00,FB5928,2026-09-29 02:45,Sweden,Poland,Sweden,Poland,UEFA - Nations League,8,2.1900,3.7800,3.3800,0.448975,0.260121,0.290904,1.000
2026-09-28T07:14:36+08:00,2026-09-28T07:00:00+08:00,FB5929,2026-09-29 02:45,Romania,Bosnia-Herzegovina,Romania,Bosnia-Herzegovina,UEFA - Nations League,8,2.2700,3.5150,3.4350,0.433530,0.279975,0.286495,1.000
2026-09-28T07:14:36+08:00,2026-09-28T07:00:00+08:00,FB5930,2026-09-29 02:45,Turkiye,Italy,Turkey,Italy,UEFA - Nations League,8,2.6600,3.7050,2.7140,0.370638,0.266099,0.363263,0.885
2026-09-28T07:14:36+08:00,2026-09-28T07:00:00+08:00,FB5931,2026-09-28 08:00,Curacao,Nicaragua,Curacao,Nicaragua,CONCACAF - Nations League,8,1.4230,4.8800,7.7500,0.677869,0.197665,0.124465,1.000
2026-09-28T07:14:36+08:00,2026-09-28T07:00:00+08:00,FB5933,2026-09-28 09:00,Trinidad and Tobago,Dominican Republic,Trinidad and Tobago,Dominican Republic,CONCACAF - Nations League,8,2.5260,3.7600,2.6200,0.379373,0.254866,0.365762,1.000
2026-09-28T07:14:36+08:00,2026-09-28T07:00:00+08:00,FB5939,2026-09-29 00:00,Central African Republic,Burkina Faso,Central African Republic,Burkina Faso,Africa - CAF - Nations Cup,7,9.0400,4.3500,1.3770,0.103700,0.215506,0.680793,1.000
2026-09-28T07:14:36+08:00,2026-09-28T07:00:00+08:00,FB5942,2026-09-28 08:06,Tigres UANL Women,Atletico San Luis Women,Tigres UANL Women,Atletico San Luis Women,Mexico ‐ Liga MX Femenil,8,1.0990,13.0700,18.7900,0.875217,0.073593,0.051190,1.000
2026-09-28T07:14:36+08:00,2026-09-28T07:00:00+08:00,FB5943,2026-09-28 17:00,Singapore,Bangladesh,Singapore,Bangladesh,Asia - AFF Cup,8,1.6020,4.0000,5.6600,0.593987,0.237892,0.168121,1.000
2026-09-28T07:14:36+08:00,2026-09-28T07:00:00+08:00,FB5944,2026-09-29 00:00,Zimbabwe,D R Congo,Zimbabwe,DR Congo,Africa - CAF - Nations Cup,7,4.7500,3.2200,1.8770,0.199769,0.294690,0.505541,1.000
2026-09-28T09:47:04+08:00,2026-09-28T09:30:00+08:00,FB5833,2026-09-28 11:00,Necaxa,CF America,Necaxa,Club America,Mexico ‐ Primera Division,8,4.0900,3.7800,1.9120,0.236903,0.256332,0.506765,1.000
2026-09-28T15:47:41+08:00,2026-09-28T15:30:00+08:00,FB5907,2026-09-28 18:25,Japan,Venezuela,Japan,Venezuela,International - Friendlies,8,1.2420,6.7600,14.8000,0.788863,0.144936,0.066201,1.000
2026-09-28T15:47:41+08:00,2026-09-28T15:30:00+08:00,FB5943,2026-09-28 17:00,Singapore,Bangladesh,Singapore,Bangladesh,Asia - AFF Cup,8,1.4820,4.2560,7.0480,0.641648,0.223431,0.134921,1.000
2026-09-29T00:07:14+08:00,2026-09-29T00:00:00+08:00,FB5802,2026-09-29 02:30,Leganes,Castellon,CD Leganes,CD Castellon,Spain ‐ Segunda Division,8,3.4100,3.4000,2.2800,0.285832,0.286673,0.427495,0.970
2026-09-29T00:07:14+08:00,2026-09-29T00:00:00+08:00,FB5812,2026-09-29 06:57,Montevideo Wanderers,Albion FC,Montevideo Wanderers,Albion FC,Uruguay ‐ Primera Division,8,2.4770,3.1250,3.2400,0.391061,0.309971,0.298969,1.000
2026-09-29T00:07:14+08:00,2026-09-29T00:00:00+08:00,FB5851,2026-09-29 06:28,America Mineiro,Juventude,America Mineiro MG,Juventude RS,Brazil ‐ Serie B,8,4.5290,3.5000,1.8990,0.213724,0.276558,0.509718,0.940
2026-09-29T00:07:14+08:00,2026-09-29T00:00:00+08:00,FB5903,2026-09-29 00:30,Denmark U21,Belarus U21,Denmark U21,Belarus U21,UEFA - European Championship U21,8,1.1800,7.3200,15.1120,0.806916,0.130077,0.063007,1.000
2026-09-29T00:07:14+08:00,2026-09-29T00:00:00+08:00,FB5922,2026-09-29 14:00,Korea DPR Women,China Women,North Korea Women,China Women,International - Friendlies Women,6,1.4600,4.2000,7.0000,0.642595,0.223378,0.134027,0.844
2026-09-29T00:07:14+08:00,2026-09-29T00:00:00+08:00,FB5926,2026-09-29 02:45,Belgium,France,Belgium,France,UEFA - Nations League,8,4.0000,4.1000,1.9000,0.245046,0.239069,0.515885,1.000
2026-09-29T00:07:14+08:00,2026-09-29T00:00:00+08:00,FB5927,2026-09-29 02:45,Northern Ireland,Hungary,Northern Ireland,Hungary,UEFA - Nations League,8,3.0600,3.1600,2.7400,0.324134,0.313877,0.361989,1.000
2026-09-29T00:07:14+08:00,2026-09-29T00:00:00+08:00,FB5928,2026-09-29 02:45,Sweden,Poland,Sweden,Poland,UEFA - Nations League,8,1.9740,3.9250,3.9000,0.497739,0.250328,0.251933,1.000
2026-09-29T00:07:14+08:00,2026-09-29T00:00:00+08:00,FB5929,2026-09-29 02:45,Romania,Bosnia-Herzegovina,Romania,Bosnia-Herzegovina,UEFA - Nations League,8,2.5200,3.3750,3.1100,0.391090,0.292014,0.316896,1.000
2026-09-29T00:07:14+08:00,2026-09-29T00:00:00+08:00,FB5930,2026-09-29 02:45,Turkiye,Italy,Turkey,Italy,UEFA - Nations League,8,2.7900,3.6800,2.5550,0.350861,0.266006,0.383132,0.885
2026-09-29T06:10:03+08:00,2026-09-29T06:00:00+08:00,FB5812,2026-09-29 06:57,Montevideo Wanderers,Albion FC,Montevideo Wanderers,Albion FC,Uruguay ‐ Primera Division,8,2.5100,3.1250,3.1400,0.384237,0.308619,0.307145,1.000
2026-09-29T06:10:03+08:00,2026-09-29T06:00:00+08:00,FB5851,2026-09-29 06:28,America Mineiro,Juventude,America Mineiro MG,Juventude RS,Brazil ‐ Serie B,8,4.3200,3.5000,1.9600,0.225308,0.278095,0.496597,0.940
2026-09-29T06:10:03+08:00,2026-09-29T06:00:00+08:00,FB5922,2026-09-29 14:00,Korea DPR Women,China Women,North Korea Women,China Women,International - Friendlies Women,6,1.4100,4.5000,7.5000,0.666075,0.208703,0.125222,0.844
2026-09-29T06:10:03+08:00,2026-09-29T06:00:00+08:00,FB5952,2026-09-30 02:45,Spain,Croatia,Spain,Croatia,UEFA - Nations League,8,1.2100,7.8200,15.0000,0.809456,0.125248,0.065296,1.000
2026-09-29T06:10:03+08:00,2026-09-29T06:00:00+08:00,FB5954,2026-09-30 02:45,San Marino,Albania,San Marino,Albania,UEFA - Nations League,8,55.0000,20.1300,1.0600,0.017979,0.049124,0.932896,1.000
2026-09-29T06:10:03+08:00,2026-09-29T06:00:00+08:00,FB5955,2026-09-30 02:45,Scotland,Switzerland,Scotland,Switzerland,UEFA - Nations League,8,4.3500,3.6250,1.9400,0.225110,0.270132,0.504757,1.000
2026-09-29T06:10:03+08:00,2026-09-29T06:00:00+08:00,FB5956,2026-09-30 00:00,Moldova,Faroe Islands,Moldova,Faroe Islands,UEFA - Nations League,8,2.9200,3.1600,2.8600,0.339555,0.313766,0.346679,1.000
2026-09-29T06:10:03+08:00,2026-09-29T06:00:00+08:00,FB5957,2026-09-30 02:45,Luxembourg,Iceland,Luxembourg,Iceland,UEFA - Nations League,8,3.5100,3.4700,2.2900,0.282145,0.285397,0.432458,1.000
2026-09-29T06:10:03+08:00,2026-09-29T06:00:00+08:00,FB5958,2026-09-30 02:45,Slovenia,North Macedonia,Slovenia,Macedonia,UEFA - Nations League,8,1.6690,3.8200,6.0650,0.584079,0.255191,0.160730,0.970
2026-09-29T06:10:03+08:00,2026-09-29T06:00:00+08:00,FB5959,2026-09-29 08:00,Jamaica,Honduras,Jamaica,Honduras,CONCACAF - Nations League,8,1.9400,3.6900,4.0180,0.497866,0.261751,0.240383,1.000
2026-09-29T06:10:03+08:00,2026-09-29T06:00:00+08:00,FB5960,2026-09-30 00:00,Finland,Belarus,Finland,Belarus,UEFA - Nations League,8,1.6400,3.9500,6.3300,0.597274,0.247982,0.154744,1.000
2026-09-29T06:10:03+08:00,2026-09-29T06:00:00+08:00,FB5963,2026-09-29 10:00,Guatemala,El Salvador,Guatemala,El Salvador,CONCACAF - Nations League,8,2.0900,3.3990,3.7500,0.460359,0.283068,0.256573,1.000
2026-09-29T06:10:03+08:00,2026-09-29T06:00:00+08:00,FB5965,2026-09-30 02:45,Bulgaria,Estonia,Bulgaria,Estonia,UEFA - Nations League,8,1.7100,3.7200,5.7600,0.569297,0.261693,0.169010,1.000
2026-09-29T06:10:03+08:00,2026-09-29T06:00:00+08:00,FB5966,2026-09-30 02:45,Slovakia,Kazakhstan,Slovakia,Kazakhstan,UEFA - Nations League,8,1.2800,5.8100,13.4000,0.759975,0.167430,0.072595,1.000
2026-09-29T06:10:03+08:00,2026-09-29T06:00:00+08:00,FB5967,2026-09-29 18:00,Australia,Brazil,Australia,Brazil,International - Friendlies,8,8.9500,5.5100,1.3800,0.109772,0.178304,0.711924,1.000
2026-09-29T06:10:03+08:00,2026-09-29T06:00:00+08:00,FB5969,2026-09-29 18:00,Montedio Yamagata,Yokohama F.Marinos,Montedio Yamagata,Yokohama F Marinos,Japan ‐ League Cup,8,4.7500,4.0000,1.6630,0.198264,0.235438,0.566298,1.000
2026-09-29T06:10:03+08:00,2026-09-29T06:00:00+08:00,FB5970,2026-09-29 18:00,Roasso Kumamoto,Kawasaki Frontale,Roasso Kumamoto,Kawasaki Frontale,Japan ‐ League Cup,8,7.9500,5.3300,1.3300,0.118078,0.176120,0.705803,1.000
2026-09-29T06:10:03+08:00,2026-09-29T06:00:00+08:00,FB5971,2026-09-29 18:00,Sagan Tosu,Tokyo Verdy,Sagan Tosu,Tokyo Verdy,Japan ‐ League Cup,8,2.9600,3.5100,2.3600,0.322837,0.272250,0.404914,1.000
2026-09-29T06:10:03+08:00,2026-09-29T06:00:00+08:00,FB5972,2026-09-29 18:00,Jubilo Iwata,JEF United Chiba,Jubilo Iwata,JEF United Ichihara,Japan ‐ League Cup,8,2.3400,3.6500,2.9450,0.410566,0.263212,0.326222,0.929
2026-09-29T06:10:03+08:00,2026-09-29T06:00:00+08:00,FB5973,2026-09-29 18:00,Tochigi City,Sanfrecce Hiroshima,Tochigi UVA,Sanfrecce Hiroshima,Japan ‐ League Cup,8,9.3500,5.7500,1.3000,0.101850,0.165616,0.732534,1.000
2026-09-29T06:10:03+08:00,2026-09-29T06:00:00+08:00,FB5974,2026-09-29 18:00,Kataller Toyama,Urawa Reds,Kataller Toyama,Urawa Red Diamonds,Japan ‐ League Cup,8,3.9550,4.0000,1.8020,0.239032,0.236343,0.524624,1.000
2026-09-29T06:10:03+08:00,2026-09-29T06:00:00+08:00,FB5975,2026-09-29 18:00,Hokkaido Consadole Sapporo,Fagiano Okayama,Consadole Sapporo,Fagiano Okayama,Japan ‐ League Cup,8,5.2500,4.5000,1.6000,0.183556,0.214149,0.602294,1.000
2026-09-29T06:10:03+08:00,2026-09-29T06:00:00+08:00,FB5976,2026-09-29 18:00,Fujieda MYFC,Cerezo Osaka,Fujieda MYFC,Cerezo Osaka,Japan ‐ League Cup,8,5.0500,4.0000,1.6220,0.186014,0.234843,0.579143,1.000
2026-09-29T06:10:03+08:00,2026-09-29T06:00:00+08:00,FB5977,2026-09-29 18:00,FC Ehime,FC Tokyo,Ehime FC,FC Tokyo,Japan ‐ League Cup,8,9.2500,5.7500,1.3000,0.102837,0.165434,0.731728,1.000
2026-09-29T06:10:03+08:00,2026-09-29T06:00:00+08:00,FB5978,2026-09-29 09:06,Necaxa Women,Toluca Women,Necaxa Women,Toluca Women,Mexico ‐ Liga MX Femenil,6,23.0000,17.0000,1.0660,0.041790,0.056540,0.901670,1.000
2026-09-29T06:10:03+08:00,2026-09-29T06:00:00+08:00,FB5979,2026-09-29 07:00,Club Leon Women,CF America Women,Club Leon Women,Club America Women,Mexico ‐ Liga MX Femenil,8,9.4200,6.3300,1.2670,0.100776,0.149969,0.749255,1.000
2026-09-29T06:10:03+08:00,2026-09-29T06:00:00+08:00,FB5980,2026-09-29 23:00,Iceland U21,Switzerland U21,Iceland U21,Switzerland U21,UEFA - European Championship U21,7,3.3300,3.6000,2.0600,0.282366,0.261188,0.456446,1.000
2026-09-29T06:10:03+08:00,2026-09-29T06:00:00+08:00,FB5981,2026-09-30 02:00,Belgium U21,Wales U21,Belgium U21,Wales U21,UEFA - European Championship U21,7,1.2200,6.3500,12.7500,0.776511,0.149188,0.074301,1.000
2026-09-29T06:10:03+08:00,2026-09-29T06:00:00+08:00,FB5982,2026-10-01 06:57,Montevideo City Torque,Penarol,Torque,Penarol Montevideo,Uruguay ‐ Primera Division,7,2.9410,3.3100,2.4390,0.323171,0.287143,0.389686,0.940
2026-09-29T06:10:03+08:00,2026-09-29T06:00:00+08:00,FB5983,2026-09-29 17:00,Philippines,Pakistan,Philippines,Pakistan,Asia - AFF Cup,8,1.2140,6.2000,12.5000,0.773439,0.151444,0.075116,1.000
2026-09-29T06:10:03+08:00,2026-09-29T06:00:00+08:00,FB5984,2026-09-29 20:30,Thailand,Vietnam,Thailand,Vietnam,Asia - AFF Cup,8,2.1600,3.3000,3.4000,0.436712,0.285848,0.277440,1.000
2026-09-29T06:10:03+08:00,2026-09-29T06:00:00+08:00,FB5985,2026-09-29 18:00,Giravanz Kitakyushu,Nagoya Grampus,Giravanz Kitakyushu,Nagoya Grampus,Japan ‐ League Cup,8,8.5500,5.6600,1.3330,0.112049,0.169261,0.718691,1.000
2026-09-29T06:10:03+08:00,2026-09-29T06:00:00+08:00,FB5986,2026-10-01 02:57,Defensor Sporting,Plaza Colonia,Defensor Sporting,Plaza Colonia,Uruguay ‐ Cup,6,1.7600,3.2200,4.8900,0.524521,0.286695,0.188785,1.000
2026-09-29T06:10:03+08:00,2026-09-29T06:00:00+08:00,FB5987,2026-09-29 22:00,Slovenia U21,Israel U21,Slovenia U21,Israel U21,UEFA - European Championship U21,7,2.1000,3.2200,3.6500,0.448930,0.292781,0.258289,1.000
2026-09-29T06:10:03+08:00,2026-09-29T06:00:00+08:00,FB5988,2026-09-30 03:00,Liberia,Mali,Liberia,Mali,Africa - CAF - Nations Cup,8,7.5000,3.9500,1.4920,0.126174,0.239571,0.634254,1.000
2026-09-29T06:10:03+08:00,2026-09-29T06:00:00+08:00,FB5989,2026-09-30 03:00,Gabon,Niger,Gabon,Niger,Africa - CAF - Nations Cup,8,1.5640,3.7000,6.6600,0.603305,0.255018,0.141677,1.000
2026-09-29T06:10:03+08:00,2026-09-29T06:00:00+08:00,FB5990,2026-09-30 00:00,Guinea Bissau,Nigeria,Guinea Bissau,Nigeria,Africa - CAF - Nations Cup,7,7.6210,3.9000,1.5000,0.124459,0.243206,0.632335,1.000
2026-09-29T06:10:03+08:00,2026-09-29T06:00:00+08:00,FB5991,2026-09-30 00:00,Cape Verde Islands,Rwanda,Cape Verde,Rwanda,Africa - CAF - Nations Cup,7,1.4550,4.0000,8.0700,0.647649,0.235582,0.116769,1.000
2026-09-29T06:10:03+08:00,2026-09-29T06:00:00+08:00,FB5992,2026-09-30 00:00,Ghana,Gambia,Ghana,Gambia,Africa - CAF - Nations Cup,8,1.4700,4.2000,6.6600,0.636650,0.222828,0.140522,1.000
2026-09-29T06:10:03+08:00,2026-09-29T06:00:00+08:00,FB5993,2026-09-29 21:00,Lesotho,Morocco,Lesotho,Morocco,Africa - CAF - Nations Cup,7,95.0000,17.0000,1.0300,0.010119,0.056549,0.933332,1.000
2026-09-29T06:10:03+08:00,2026-09-29T06:00:00+08:00,FB5994,2026-09-29 21:00,Ethiopia,Senegal,Ethiopia,Senegal,Africa - CAF - Nations Cup,8,8.9000,4.5500,1.4500,0.109963,0.215092,0.674945,1.000
2026-09-29T06:10:03+08:00,2026-09-29T06:00:00+08:00,FB5995,2026-09-29 21:00,Burundi,Algeria,Burundi,Algeria,Africa - CAF - Nations Cup,7,10.5300,5.1000,1.3000,0.089568,0.184932,0.725501,1.000
2026-09-29T06:10:03+08:00,2026-09-29T06:00:00+08:00,FB5996,2026-09-29 21:00,Mozambique,Sudan,Mozambique,Sudan,Africa - CAF - Nations Cup,8,1.9430,3.0400,5.0000,0.493159,0.315200,0.191641,1.000
2026-09-29T06:10:03+08:00,2026-09-29T06:00:00+08:00,FB5997,2026-09-29 19:00,Comoros,Namibia,Comoros,Namibia,Africa - CAF - Nations Cup,7,1.8800,3.2000,4.8500,0.506296,0.297449,0.196255,1.000
2026-09-29T06:10:03+08:00,2026-09-29T06:00:00+08:00,FB5998,2026-09-29 21:00,South Sudan,Egypt,South Sudan,Egypt,Africa - CAF - Nations Cup,7,14.5000,6.0000,1.2020,0.064600,0.156116,0.779284,1.000
2026-09-29T06:10:03+08:00,2026-09-29T06:00:00+08:00,FB5999,2026-09-30 03:00,Congo,Cameroon,Congo,Cameroon,Africa - CAF - Nations Cup,8,6.0000,3.6500,1.6400,0.158670,0.260828,0.580502,1.000
2026-09-29T06:10:03+08:00,2026-09-29T06:00:00+08:00,FB6000,2026-09-30 01:30,Oman,Kuwait,Oman,Kuwait,Asia - Gulf Cup,6,1.5980,3.8200,5.5200,0.585543,0.244947,0.169510,1.000
2026-09-29T06:10:03+08:00,2026-09-29T06:00:00+08:00,FB6001,2026-09-30 01:30,Saudi Arabia,Iraq,Saudi Arabia,Iraq,Asia - Gulf Cup,6,1.9200,3.2500,4.2790,0.490323,0.289668,0.220009,1.000
2026-09-29T06:10:03+08:00,2026-09-29T06:00:00+08:00,FB6002,2026-09-30 00:00,Norway U21,Bosnia-Herzegovina U21,Norway U21,Bosnia-Herzegovina U21,UEFA - European Championship U21,7,1.2500,5.7700,10.2500,0.747055,0.161840,0.091104,1.000
2026-09-29T06:10:03+08:00,2026-09-29T06:00:00+08:00,FB6003,2026-09-30 09:00,Mexico,Peru,Mexico,Peru,International - Friendlies,8,1.5440,4.2400,7.2900,0.634539,0.231068,0.134393,1.000
2026-09-29T06:10:03+08:00,2026-09-29T06:00:00+08:00,FB6004,2026-09-30 08:00,USA,Chile,USA,Chile,International - Friendlies,8,1.5070,4.5300,7.3200,0.649965,0.216224,0.133811,1.000
2026-09-29T06:10:03+08:00,2026-09-29T06:00:00+08:00,FB6005,2026-10-01 07:00,Argentina,Bolivia,Argentina,Bolivia,International - Friendlies,7,1.0740,15.5000,35.0000,0.909111,0.062993,0.027897,1.000
2026-09-29T06:10:03+08:00,2026-09-29T06:00:00+08:00,FB6006,2026-09-30 04:57,Puerto Montt,Colo Colo,Deportes Puerto Montt,Colo Colo,Chile ‐ Cup,6,6.1300,4.2000,1.5020,0.152888,0.223143,0.623969,0.970
2026-09-29T06:10:03+08:00,2026-09-29T06:00:00+08:00,FB6007,2026-09-30 03:00,Benin,Mauritania,Benin,Mauritania,Africa - CAF - Nations Cup,7,2.5400,2.9700,3.4600,0.386201,0.330287,0.283512,1.000
2026-09-29T06:10:03+08:00,2026-09-29T06:00:00+08:00,FB6008,2026-09-30 00:00,Russia,Iran,Russia,Iran,International - Friendlies,6,1.9300,3.6650,4.4750,0.510754,0.268965,0.220281,1.000
2026-09-29T06:10:03+08:00,2026-09-29T06:00:00+08:00,FB6013,2026-09-29 08:00,St. Lucia,Bermuda,Saint Lucia,Bermuda,CONCACAF - Nations League,8,3.1000,3.4500,2.2000,0.302330,0.271659,0.426011,1.000
2026-09-29T06:10:03+08:00,2026-09-29T06:00:00+08:00,FB6014,2026-09-29 17:30,France U20,England U20,France U20,England U20,International - Friendlies U20,7,3.0600,3.6000,2.1200,0.303638,0.258092,0.438270,1.000
2026-09-29T06:10:03+08:00,2026-09-29T06:00:00+08:00,FB6015,2026-09-29 23:30,Germany U20,Italy U20,Germany U20,Italy U20,International - Friendlies U20,7,1.5810,4.2000,5.1700,0.594449,0.223767,0.181784,1.000
2026-09-29T10:05:31+08:00,2026-09-29T10:00:00+08:00,FB5922,2026-09-29 14:00,Korea DPR Women,China Women,North Korea Women,China Women,International - Friendlies Women,6,1.5000,4.2000,6.5000,0.629758,0.224913,0.145329,0.844
2026-09-29T10:05:31+08:00,2026-09-29T10:00:00+08:00,FB5952,2026-09-30 02:45,Spain,Croatia,Spain,Croatia,UEFA - Nations League,8,1.2200,7.7200,15.0000,0.806865,0.127510,0.065625,1.000
2026-09-29T10:05:31+08:00,2026-09-29T10:00:00+08:00,FB5954,2026-09-30 02:45,San Marino,Albania,San Marino,Albania,UEFA - Nations League,8,81.0000,20.5800,1.0600,0.012292,0.048381,0.939326,1.000
2026-09-29T10:05:31+08:00,2026-09-29T10:00:00+08:00,FB5955,2026-09-30 02:45,Scotland,Switzerland,Scotland,Switzerland,UEFA - Nations League,8,4.5000,3.6250,1.9300,0.218676,0.271459,0.509865,1.000
2026-09-29T10:05:31+08:00,2026-09-29T10:00:00+08:00,FB5956,2026-09-30 00:00,Moldova,Faroe Islands,Moldova,Faroe Islands,UEFA - Nations League,8,2.9800,3.1600,2.8270,0.333649,0.314644,0.351707,1.000
2026-09-29T10:05:31+08:00,2026-09-29T10:00:00+08:00,FB5957,2026-09-30 02:45,Luxembourg,Iceland,Luxembourg,Iceland,UEFA - Nations League,8,3.4700,3.4700,2.2700,0.283396,0.283396,0.433208,1.000
2026-09-29T10:05:31+08:00,2026-09-29T10:00:00+08:00,FB5958,2026-09-30 02:45,Slovenia,North Macedonia,Slovenia,Macedonia,UEFA - Nations League,8,1.6800,3.8000,6.0430,0.581357,0.257021,0.161622,0.970
2026-09-29T10:05:31+08:00,2026-09-29T10:00:00+08:00,FB5960,2026-09-30 00:00,Finland,Belarus,Finland,Belarus,UEFA - Nations League,8,1.6300,3.9500,6.4000,0.599756,0.247494,0.152750,1.000
2026-09-29T10:05:31+08:00,2026-09-29T10:00:00+08:00,FB5965,2026-09-30 02:45,Bulgaria,Estonia,Bulgaria,Estonia,UEFA - Nations League,8,1.7400,3.6900,5.7500,0.563649,0.265786,0.170565,1.000
2026-09-29T10:05:31+08:00,2026-09-29T10:00:00+08:00,FB5966,2026-09-30 02:45,Slovakia,Kazakhstan,Slovakia,Kazakhstan,UEFA - Nations League,8,1.2850,5.7500,12.8000,0.755362,0.168807,0.075831,1.000
2026-09-29T10:05:31+08:00,2026-09-29T10:00:00+08:00,FB5967,2026-09-29 18:00,Australia,Brazil,Australia,Brazil,International - Friendlies,8,9.3000,5.5600,1.3630,0.105309,0.176147,0.718544,1.000
2026-09-29T10:05:31+08:00,2026-09-29T10:00:00+08:00,FB5969,2026-09-29 18:00,Montedio Yamagata,Yokohama F.Marinos,Montedio Yamagata,Yokohama F Marinos,Japan ‐ League Cup,8,4.7500,4.0000,1.6710,0.198803,0.236078,0.565119,1.000
2026-09-29T10:05:31+08:00,2026-09-29T10:00:00+08:00,FB5970,2026-09-29 18:00,Roasso Kumamoto,Kawasaki Frontale,Roasso Kumamoto,Kawasaki Frontale,Japan ‐ League Cup,8,7.9500,5.3300,1.3300,0.118078,0.176120,0.705803,1.000
2026-09-29T10:05:31+08:00,2026-09-29T10:00:00+08:00,FB5971,2026-09-29 18:00,Sagan Tosu,Tokyo Verdy,Sagan Tosu,Tokyo Verdy,Japan ‐ League Cup,8,3.1570,3.5000,2.3300,0.307037,0.276947,0.416015,1.000
2026-09-29T10:05:31+08:00,2026-09-29T10:00:00+08:00,FB5972,2026-09-29 18:00,Jubilo Iwata,JEF United Chiba,Jubilo Iwata,JEF United Ichihara,Japan ‐ League Cup,8,2.3400,3.6500,2.8700,0.407095,0.260987,0.331917,0.929
2026-09-29T10:05:31+08:00,2026-09-29T10:00:00+08:00,FB5973,2026-09-29 18:00,Tochigi City,Sanfrecce Hiroshima,Tochigi UVA,Sanfrecce Hiroshima,Japan ‐ League Cup,8,9.3500,6.0000,1.2900,0.101974,0.158910,0.739116,1.000
2026-09-29T10:05:31+08:00,2026-09-29T10:00:00+08:00,FB5974,2026-09-29 18:00,Kataller Toyama,Urawa Reds,Kataller Toyama,Urawa Red Diamonds,Japan ‐ League Cup,8,3.9550,4.0000,1.8010,0.238963,0.236274,0.524763,1.000
2026-09-29T10:05:31+08:00,2026-09-29T10:00:00+08:00,FB5975,2026-09-29 18:00,Hokkaido Consadole Sapporo,Fagiano Okayama,Consadole Sapporo,Fagiano Okayama,Japan ‐ League Cup,8,5.5700,4.5400,1.5600,0.172492,0.211625,0.615883,1.000
2026-09-29T10:05:31+08:00,2026-09-29T10:00:00+08:00,FB5976,2026-09-29 18:00,Fujieda MYFC,Cerezo Osaka,Fujieda MYFC,Cerezo Osaka,Japan ‐ League Cup,8,5.0500,4.0000,1.6240,0.186147,0.235010,0.578843,1.000
2026-09-29T10:05:31+08:00,2026-09-29T10:00:00+08:00,FB5977,2026-09-29 18:00,FC Ehime,FC Tokyo,Ehime FC,FC Tokyo,Japan ‐ League Cup,8,9.2500,5.5100,1.3100,0.102671,0.172361,0.724968,1.000
2026-09-29T10:05:31+08:00,2026-09-29T10:00:00+08:00,FB5980,2026-09-29 23:00,Iceland U21,Switzerland U21,Iceland U21,Switzerland U21,UEFA - European Championship U21,7,3.3600,3.6000,2.0850,0.282100,0.263293,0.454607,1.000
2026-09-29T10:05:31+08:00,2026-09-29T10:00:00+08:00,FB5981,2026-09-30 02:00,Belgium U21,Wales U21,Belgium U21,Wales U21,UEFA - European Championship U21,7,1.2000,7.1300,13.2500,0.794364,0.133694,0.071942,1.000
2026-09-29T10:05:31+08:00,2026-09-29T10:00:00+08:00,FB5982,2026-10-01 06:57,Montevideo City Torque,Penarol,Torque,Penarol Montevideo,Uruguay ‐ Primera Division,7,3.0200,3.3100,2.4200,0.316424,0.288701,0.394876,0.940
2026-09-29T10:05:31+08:00,2026-09-29T10:00:00+08:00,FB5983,2026-09-29 17:00,Philippines,Pakistan,Philippines,Pakistan,Asia - AFF Cup,8,1.2140,6.1500,12.5000,0.772488,0.152488,0.075024,1.000
2026-09-29T10:05:31+08:00,2026-09-29T10:00:00+08:00,FB5984,2026-09-29 20:30,Thailand,Vietnam,Thailand,Vietnam,Asia - AFF Cup,8,2.2100,3.3200,3.2900,0.427827,0.284788,0.287385,1.000
2026-09-29T10:05:31+08:00,2026-09-29T10:00:00+08:00,FB5985,2026-09-29 18:00,Giravanz Kitakyushu,Nagoya Grampus,Giravanz Kitakyushu,Nagoya Grampus,Japan ‐ League Cup,8,8.3500,5.5000,1.3300,0.113683,0.172592,0.713725,1.000
2026-09-29T10:05:31+08:00,2026-09-29T10:00:00+08:00,FB5986,2026-10-01 02:57,Defensor Sporting,Plaza Colonia,Defensor Sporting,Plaza Colonia,Uruguay ‐ Cup,6,1.7600,3.2200,4.8900,0.524521,0.286695,0.188785,1.000
2026-09-29T10:05:31+08:00,2026-09-29T10:00:00+08:00,FB5987,2026-09-29 22:00,Slovenia U21,Israel U21,Slovenia U21,Israel U21,UEFA - European Championship U21,7,2.1100,3.2700,3.7000,0.451359,0.291244,0.257397,1.000
2026-09-29T10:05:31+08:00,2026-09-29T10:00:00+08:00,FB5988,2026-09-30 03:00,Liberia,Mali,Liberia,Mali,Africa - CAF - Nations Cup,8,7.5000,3.9500,1.5050,0.126869,0.240891,0.632239,1.000
2026-09-29T10:05:31+08:00,2026-09-29T10:00:00+08:00,FB5989,2026-09-30 03:00,Gabon,Niger,Gabon,Niger,Africa - CAF - Nations Cup,8,1.5040,3.8800,7.5000,0.629659,0.244074,0.126268,1.000
2026-09-29T10:05:31+08:00,2026-09-29T10:00:00+08:00,FB5990,2026-09-30 00:00,Guinea Bissau,Nigeria,Guinea Bissau,Nigeria,Africa - CAF - Nations Cup,7,8.0840,3.9000,1.5000,0.118173,0.244952,0.636875,1.000
2026-09-29T10:05:31+08:00,2026-09-29T10:00:00+08:00,FB5991,2026-09-30 00:00,Cape Verde Islands,Rwanda,Cape Verde,Rwanda,Africa - CAF - Nations Cup,7,1.4550,4.0000,8.0700,0.647649,0.235582,0.116769,1.000
2026-09-29T10:05:31+08:00,2026-09-29T10:00:00+08:00,FB5992,2026-09-30 00:00,Ghana,Gambia,Ghana,Gambia,Africa - CAF - Nations Cup,8,1.4600,4.2000,6.7800,0.639812,0.222411,0.137777,1.000
2026-09-29T10:05:31+08:00,2026-09-29T10:00:00+08:00,FB5993,2026-09-29 21:00,Lesotho,Morocco,Lesotho,Morocco,Africa - CAF - Nations Cup,7,95.0000,17.0000,1.0300,0.010119,0.056549,0.933332,1.000
2026-09-29T10:05:31+08:00,2026-09-29T10:00:00+08:00,FB5994,2026-09-29 21:00,Ethiopia,Senegal,Ethiopia,Senegal,Africa - CAF - Nations Cup,8,8.9000,4.5500,1.4250,0.108676,0.212575,0.678749,1.000
2026-09-29T10:05:31+08:00,2026-09-29T10:00:00+08:00,FB5995,2026-09-29 21:00,Burundi,Algeria,Burundi,Algeria,Africa - CAF - Nations Cup,7,10.6700,5.1000,1.3000,0.088497,0.185149,0.726354,1.000
2026-09-29T10:05:31+08:00,2026-09-29T10:00:00+08:00,FB5996,2026-09-29 21:00,Mozambique,Sudan,Mozambique,Sudan,Africa - CAF - Nations Cup,8,1.9430,3.0400,5.0000,0.493159,0.315200,0.191641,1.000
2026-09-29T10:05:31+08:00,2026-09-29T10:00:00+08:00,FB5997,2026-09-29 19:00,Comoros,Namibia,Comoros,Namibia,Africa - CAF - Nations Cup,7,1.8800,3.2000,4.8500,0.506296,0.297449,0.196255,1.000
2026-09-29T10:05:31+08:00,2026-09-29T10:00:00+08:00,FB5998,2026-09-29 21:00,South Sudan,Egypt,South Sudan,Egypt,Africa - CAF - Nations Cup,7,14.5000,6.0500,1.2000,0.064599,0.154825,0.780576,1.000
2026-09-29T10:05:31+08:00,2026-09-29T10:00:00+08:00,FB5999,2026-09-30 03:00,Congo,Cameroon,Congo,Cameroon,Africa - CAF - Nations Cup,8,6.0000,3.6500,1.6500,0.159231,0.261749,0.579020,1.000
2026-09-29T10:05:31+08:00,2026-09-29T10:00:00+08:00,FB6000,2026-09-30 01:30,Oman,Kuwait,Oman,Kuwait,Asia - Gulf Cup,7,1.6090,3.8700,5.5200,0.585738,0.243528,0.170734,1.000
2026-09-29T10:05:31+08:00,2026-09-29T10:00:00+08:00,FB6001,2026-09-30 01:30,Saudi Arabia,Iraq,Saudi Arabia,Iraq,Asia - Gulf Cup,7,1.9200,3.2800,4.3400,0.493154,0.288676,0.218170,1.000
2026-09-29T10:05:31+08:00,2026-09-29T10:00:00+08:00,FB6002,2026-09-30 00:00,Norway U21,Bosnia-Herzegovina U21,Norway U21,Bosnia-Herzegovina U21,UEFA - European Championship U21,7,1.2500,6.0600,11.0000,0.757629,0.156277,0.086094,1.000
2026-09-29T10:05:31+08:00,2026-09-29T10:00:00+08:00,FB6003,2026-09-30 09:00,Mexico,Peru,Mexico,Peru,International - Friendlies,8,1.5440,4.3000,7.2900,0.636591,0.228581,0.134828,1.000
2026-09-29T10:05:31+08:00,2026-09-29T10:00:00+08:00,FB6004,2026-09-30 08:00,USA,Chile,USA,Chile,International - Friendlies,8,1.5170,4.5300,7.1100,0.645895,0.216296,0.137809,1.000
2026-09-29T10:05:31+08:00,2026-09-29T10:00:00+08:00,FB6005,2026-10-01 07:00,Argentina,Bolivia,Argentina,Bolivia,International - Friendlies,7,1.0730,15.0000,35.0000,0.907284,0.064901,0.027815,1.000
2026-09-29T10:05:31+08:00,2026-09-29T10:00:00+08:00,FB6006,2026-09-30 04:57,Puerto Montt,Colo Colo,Deportes Puerto Montt,Colo Colo,Chile ‐ Cup,6,6.1300,4.2000,1.5020,0.152888,0.223143,0.623969,0.970
2026-09-29T10:05:31+08:00,2026-09-29T10:00:00+08:00,FB6007,2026-09-30 03:00,Benin,Mauritania,Benin,Mauritania,Africa - CAF - Nations Cup,7,2.5400,2.9700,3.4600,0.386201,0.330287,0.283512,1.000
2026-09-29T10:05:31+08:00,2026-09-29T10:00:00+08:00,FB6008,2026-09-30 00:00,Russia,Iran,Russia,Iran,International - Friendlies,6,1.8860,3.6850,4.5650,0.519495,0.265880,0.214626,1.000
2026-09-29T10:05:31+08:00,2026-09-29T10:00:00+08:00,FB6014,2026-09-29 17:30,France U20,England U20,France U20,England U20,International - Friendlies U20,7,3.0600,3.6000,2.1200,0.303638,0.258092,0.438270,1.000
2026-09-29T10:05:31+08:00,2026-09-29T10:00:00+08:00,FB6015,2026-09-29 23:30,Germany U20,Italy U20,Germany U20,Italy U20,International - Friendlies U20,7,1.5800,4.2000,5.1700,0.594601,0.223683,0.181716,1.000
2026-09-29T16:44:40+08:00,2026-09-29T16:30:00+08:00,FB5967,2026-09-29 18:00,Australia,Brazil,Australia,Brazil,International - Friendlies,8,9.1000,5.5800,1.3700,0.107838,0.175865,0.716297,1.000
2026-09-29T16:44:40+08:00,2026-09-29T16:30:00+08:00,FB5969,2026-09-29 18:00,Montedio Yamagata,Yokohama F.Marinos,Montedio Yamagata,Yokohama F Marinos,Japan ‐ League Cup,8,6.6110,4.7500,1.4560,0.144252,0.200768,0.654980,1.000
2026-09-29T16:44:40+08:00,2026-09-29T16:30:00+08:00,FB5970,2026-09-29 18:00,Roasso Kumamoto,Kawasaki Frontale,Roasso Kumamoto,Kawasaki Frontale,Japan ‐ League Cup,8,8.8890,5.6000,1.3200,0.107280,0.170288,0.722432,1.000
2026-09-29T16:44:40+08:00,2026-09-29T16:30:00+08:00,FB5971,2026-09-29 18:00,Sagan Tosu,Tokyo Verdy,Sagan Tosu,Tokyo Verdy,Japan ‐ League Cup,8,4.0000,3.6600,2.0270,0.245926,0.268772,0.485301,1.000
2026-09-29T16:44:40+08:00,2026-09-29T16:30:00+08:00,FB5972,2026-09-29 18:00,Jubilo Iwata,JEF United Chiba,Jubilo Iwata,JEF United Ichihara,Japan ‐ League Cup,8,2.8300,3.7000,2.4200,0.340798,0.260665,0.398537,0.929
2026-09-29T16:44:40+08:00,2026-09-29T16:30:00+08:00,FB5973,2026-09-29 18:00,Tochigi City,Sanfrecce Hiroshima,Tochigi UVA,Sanfrecce Hiroshima,Japan ‐ League Cup,8,20.5000,8.6000,1.2500,0.050547,0.120489,0.828964,1.000
2026-09-29T16:44:40+08:00,2026-09-29T16:30:00+08:00,FB5974,2026-09-29 18:00,Kataller Toyama,Urawa Reds,Kataller Toyama,Urawa Red Diamonds,Japan ‐ League Cup,8,7.1010,5.0600,1.7700,0.155879,0.218755,0.625366,1.000
2026-09-29T16:44:40+08:00,2026-09-29T16:30:00+08:00,FB5975,2026-09-29 18:00,Hokkaido Consadole Sapporo,Fagiano Okayama,Consadole Sapporo,Fagiano Okayama,Japan ‐ League Cup,8,7.7500,5.2800,1.5200,0.132162,0.193987,0.673851,1.000
2026-09-29T16:44:40+08:00,2026-09-29T16:30:00+08:00,FB5976,2026-09-29 18:00,Fujieda MYFC,Cerezo Osaka,Fujieda MYFC,Cerezo Osaka,Japan ‐ League Cup,8,6.2300,4.4000,1.6100,0.159097,0.225267,0.615636,1.000
2026-09-29T16:44:40+08:00,2026-09-29T16:30:00+08:00,FB5977,2026-09-29 18:00,FC Ehime,FC Tokyo,Ehime FC,FC Tokyo,Japan ‐ League Cup,8,14.4300,7.3900,1.2500,0.068982,0.134696,0.796323,1.000
2026-09-29T16:44:40+08:00,2026-09-29T16:30:00+08:00,FB5983,2026-09-29 17:00,Philippines,Pakistan,Philippines,Pakistan,Asia - AFF Cup,8,1.2580,6.1000,17.3900,0.782124,0.161297,0.056579,1.000
2026-09-29T16:44:40+08:00,2026-09-29T16:30:00+08:00,FB5984,2026-09-29 20:30,Thailand,Vietnam,Thailand,Vietnam,Asia - AFF Cup,8,2.3000,3.2200,3.3060,0.414939,0.296385,0.288675,1.000
2026-09-29T16:44:40+08:00,2026-09-29T16:30:00+08:00,FB5985,2026-09-29 18:00,Giravanz Kitakyushu,Nagoya Grampus,Giravanz Kitakyushu,Nagoya Grampus,Japan ‐ League Cup,8,14.5000,7.7710,1.3000,0.071328,0.133092,0.795581,1.000
2026-09-29T16:44:40+08:00,2026-09-29T16:30:00+08:00,FB5997,2026-09-29 20:00,Comoros,Namibia,Comoros,Namibia,Africa - CAF - Nations Cup,8,1.8800,3.2000,4.8200,0.505678,0.297086,0.197236,1.000
2026-09-29T16:44:40+08:00,2026-09-29T16:30:00+08:00,FB6014,2026-09-29 17:30,France U20,England U20,France U20,England U20,International - Friendlies U20,7,3.4000,4.1000,2.1450,0.292882,0.242877,0.464241,1.000
2026-09-29T23:09:54+08:00,2026-09-29T23:00:00+08:00,FB5952,2026-09-30 02:45,Spain,Croatia,Spain,Croatia,UEFA - Nations League,7,1.2500,7.6000,15.0000,0.801406,0.131810,0.066784,1.000
2026-09-29T23:09:54+08:00,2026-09-29T23:00:00+08:00,FB5954,2026-09-30 02:45,San Marino,Albania,San Marino,Albania,UEFA - Nations League,7,55.0000,20.0000,1.0600,0.017974,0.049428,0.932599,1.000
2026-09-29T23:09:54+08:00,2026-09-29T23:00:00+08:00,FB5955,2026-09-30 02:45,Scotland,Switzerland,Scotland,Switzerland,UEFA - Nations League,7,4.6400,3.6400,1.8800,0.210845,0.268770,0.520385,1.000
2026-09-29T23:09:54+08:00,2026-09-29T23:00:00+08:00,FB5956,2026-09-30 00:00,Moldova,Faroe Islands,Moldova,Faroe Islands,UEFA - Nations League,7,3.2500,3.0850,2.6390,0.304413,0.320694,0.374893,1.000
2026-09-29T23:09:54+08:00,2026-09-29T23:00:00+08:00,FB5957,2026-09-30 02:45,Luxembourg,Iceland,Luxembourg,Iceland,UEFA - Nations League,7,3.2580,3.3750,2.4000,0.300948,0.290515,0.408537,1.000
2026-09-29T23:09:54+08:00,2026-09-29T23:00:00+08:00,FB5958,2026-09-30 02:45,Slovenia,North Macedonia,Slovenia,Macedonia,UEFA - Nations League,7,1.6300,3.8450,7.0000,0.603579,0.255873,0.140548,0.970
2026-09-29T23:09:54+08:00,2026-09-29T23:00:00+08:00,FB5960,2026-09-30 00:00,Finland,Belarus,Finland,Belarus,UEFA - Nations League,7,1.5000,4.5000,7.6000,0.653295,0.217765,0.128940,1.000
2026-09-29T23:09:54+08:00,2026-09-29T23:00:00+08:00,FB5965,2026-09-30 02:45,Bulgaria,Estonia,Bulgaria,Estonia,UEFA - Nations League,7,1.8100,3.6200,5.2000,0.541103,0.270552,0.188345,1.000
2026-09-29T23:09:54+08:00,2026-09-29T23:00:00+08:00,FB5966,2026-09-30 02:45,Slovakia,Kazakhstan,Slovakia,Kazakhstan,UEFA - Nations League,7,1.2600,6.3500,14.0000,0.776141,0.154006,0.069853,1.000
2026-09-29T23:09:54+08:00,2026-09-29T23:00:00+08:00,FB5981,2026-09-30 02:00,Belgium U21,Wales U21,Belgium U21,Wales U21,UEFA - European Championship U21,7,1.1820,7.6000,15.5000,0.811830,0.126261,0.061909,1.000
2026-09-29T23:09:54+08:00,2026-09-29T23:00:00+08:00,FB5982,2026-10-01 06:57,Montevideo City Torque,Penarol,Torque,Penarol Montevideo,Uruguay ‐ Primera Division,6,2.9470,3.3100,2.4100,0.321218,0.285990,0.392792,0.940
2026-09-29T23:09:54+08:00,2026-09-29T23:00:00+08:00,FB5986,2026-10-01 02:57,Defensor Sporting,Plaza Colonia,Defensor Sporting,Plaza Colonia,Uruguay ‐ Cup,5,1.7290,3.7050,5.1000,0.553806,0.258443,0.187751,1.000
2026-09-29T23:09:54+08:00,2026-09-29T23:00:00+08:00,FB5988,2026-09-30 03:00,Liberia,Mali,Liberia,Mali,Africa - CAF - Nations Cup,7,6.9800,3.8200,1.5480,0.136309,0.249067,0.614624,1.000
2026-09-29T23:09:54+08:00,2026-09-29T23:00:00+08:00,FB5989,2026-09-30 03:00,Gabon,Niger,Gabon,Niger,Africa - CAF - Nations Cup,7,1.5700,3.6400,6.6500,0.599733,0.258676,0.141591,1.000
2026-09-29T23:09:54+08:00,2026-09-29T23:00:00+08:00,FB5990,2026-09-30 00:00,Guinea Bissau,Nigeria,Guinea Bissau,Nigeria,Africa - CAF - Nations Cup,7,9.2000,3.8820,1.5100,0.105679,0.250450,0.643871,1.000
2026-09-29T23:09:54+08:00,2026-09-29T23:00:00+08:00,FB5991,2026-09-30 00:00,Cape Verde Islands,Rwanda,Cape Verde,Rwanda,Africa - CAF - Nations Cup,7,1.4210,4.0930,8.9000,0.663640,0.230401,0.105959,1.000
2026-09-29T23:09:54+08:00,2026-09-29T23:00:00+08:00,FB5992,2026-09-30 00:00,Ghana,Gambia,Ghana,Gambia,Africa - CAF - Nations Cup,7,1.4190,4.2790,8.6900,0.668936,0.221832,0.109231,1.000
2026-09-29T23:09:54+08:00,2026-09-29T23:00:00+08:00,FB5999,2026-09-30 03:00,Congo,Cameroon,Congo,Cameroon,Africa - CAF - Nations Cup,7,6.1830,3.7200,1.5810,0.152140,0.252871,0.594990,1.000
2026-09-29T23:09:54+08:00,2026-09-29T23:00:00+08:00,FB6000,2026-09-30 01:30,Oman,Kuwait,Oman,Kuwait,Asia - Gulf Cup,7,1.7750,3.8300,4.9500,0.548838,0.254357,0.196805,1.000
2026-09-29T23:09:54+08:00,2026-09-29T23:00:00+08:00,FB6001,2026-09-30 01:30,Saudi Arabia,Iraq,Saudi Arabia,Iraq,Asia - Gulf Cup,7,2.2200,3.3350,3.7200,0.442000,0.294225,0.263774,1.000
2026-09-29T23:09:54+08:00,2026-09-29T23:00:00+08:00,FB6002,2026-09-30 00:00,Norway U21,Bosnia-Herzegovina U21,Norway U21,Bosnia-Herzegovina U21,UEFA - European Championship U21,7,1.2500,6.4200,12.0000,0.769900,0.149903,0.080198,1.000
2026-09-29T23:09:54+08:00,2026-09-29T23:00:00+08:00,FB6003,2026-09-30 09:00,Mexico,Peru,Mexico,Peru,International - Friendlies,7,1.5970,3.9350,7.1300,0.613562,0.249011,0.137427,1.000
2026-09-29T23:09:54+08:00,2026-09-29T23:00:00+08:00,FB6004,2026-09-30 08:00,USA,Chile,USA,Chile,International - Friendlies,7,1.5380,4.5000,7.0500,0.641053,0.219098,0.139850,1.000
2026-09-29T23:09:54+08:00,2026-09-29T23:00:00+08:00,FB6005,2026-10-01 08:00,Argentina,Bolivia,Argentina,Bolivia,International - Friendlies,7,1.1090,12.6000,32.0000,0.890732,0.078399,0.030869,1.000
2026-09-29T23:09:54+08:00,2026-09-29T23:00:00+08:00,FB6006,2026-09-30 04:57,Puerto Montt,Colo Colo,Deportes Puerto Montt,Colo Colo,Chile ‐ Cup,7,6.6500,4.7750,1.4510,0.143354,0.199645,0.657000,0.970
2026-09-29T23:09:54+08:00,2026-09-29T23:00:00+08:00,FB6008,2026-09-30 00:00,Russia,Iran,Russia,Iran,International - Friendlies,6,1.7530,3.9380,5.1000,0.559010,0.248843,0.192146,1.000
2026-09-29T23:09:54+08:00,2026-09-29T23:00:00+08:00,FB6009,2026-10-01 00:00,Poland U21,Sweden U21,Poland U21,Sweden U21,UEFA - European Championship U21,7,1.6900,4.2950,4.8000,0.572881,0.225418,0.201702,1.000
2026-09-29T23:09:54+08:00,2026-09-29T23:00:00+08:00,FB6010,2026-10-01 00:00,Czechia U21,Bulgaria U21,Czech Republic U21,Bulgaria U21,UEFA - European Championship U21,7,1.4520,4.4650,8.1000,0.664692,0.216155,0.119152,0.845
2026-09-29T23:09:54+08:00,2026-09-29T23:00:00+08:00,FB6011,2026-10-01 02:30,Scotland U21,Azerbaijan U21,Scotland U21,Azerbaijan U21,UEFA - European Championship U21,7,1.2000,7.7500,14.5000,0.808017,0.125112,0.066870,1.000
2026-09-29T23:09:54+08:00,2026-09-29T23:00:00+08:00,FB6012,2026-10-01 00:00,Romania U21,Finland U21,Romania U21,Finland U21,UEFA - European Championship U21,7,2.3300,3.6900,2.9900,0.414817,0.261931,0.323252,1.000
2026-09-29T23:09:54+08:00,2026-09-29T23:00:00+08:00,FB6015,2026-09-29 23:30,Germany U20,Italy U20,Germany U20,Italy U20,International - Friendlies U20,7,1.6170,4.5900,4.8450,0.593108,0.208945,0.197947,1.000
2026-09-30T04:03:44+08:00,2026-09-30T04:00:00+08:00,FB5982,2026-10-01 06:57,Montevideo City Torque,Penarol,Torque,Penarol Montevideo,Uruguay ‐ Primera Division,7,2.9470,3.3100,2.4200,0.321740,0.286455,0.391805,0.940
2026-09-30T04:03:44+08:00,2026-09-30T04:00:00+08:00,FB5986,2026-10-01 02:57,Defensor Sporting,Plaza Colonia,Defensor Sporting,Plaza Colonia,Uruguay ‐ Cup,6,1.7600,3.6900,4.9850,0.546441,0.260633,0.192926,1.000
2026-09-30T04:03:44+08:00,2026-09-30T04:00:00+08:00,FB6003,2026-09-30 09:00,Mexico,Peru,Mexico,Peru,International - Friendlies,8,1.5960,4.0730,7.2800,0.620702,0.243221,0.136077,1.000
2026-09-30T04:03:44+08:00,2026-09-30T04:00:00+08:00,FB6004,2026-09-30 08:00,USA,Chile,USA,Chile,International - Friendlies,8,1.5170,4.7500,7.0400,0.651529,0.208078,0.140393,1.000
2026-09-30T04:03:44+08:00,2026-09-30T04:00:00+08:00,FB6005,2026-10-01 08:00,Argentina,Bolivia,Argentina,Bolivia,International - Friendlies,8,1.1080,13.0000,34.0000,0.894599,0.076247,0.029153,1.000
2026-09-30T04:03:44+08:00,2026-09-30T04:00:00+08:00,FB6006,2026-09-30 04:57,Puerto Montt,Colo Colo,Deportes Puerto Montt,Colo Colo,Chile ‐ Cup,8,6.0000,4.4400,1.5550,0.161034,0.217613,0.621353,0.970
2026-09-30T04:03:44+08:00,2026-09-30T04:00:00+08:00,FB6009,2026-10-01 00:00,Poland U21,Sweden U21,Poland U21,Sweden U21,UEFA - European Championship U21,8,1.6500,4.4450,5.1500,0.591159,0.219440,0.189400,1.000
2026-09-30T04:03:44+08:00,2026-09-30T04:00:00+08:00,FB6010,2026-10-01 00:00,Czechia U21,Bulgaria U21,Czech Republic U21,Bulgaria U21,UEFA - European Championship U21,8,1.4520,4.4500,7.9000,0.662212,0.216075,0.121713,0.845
2026-09-30T04:03:44+08:00,2026-09-30T04:00:00+08:00,FB6011,2026-10-01 02:30,Scotland U21,Azerbaijan U21,Scotland U21,Azerbaijan U21,UEFA - European Championship U21,8,1.1820,8.4000,17.0000,0.826280,0.116269,0.057451,1.000
2026-09-30T04:03:44+08:00,2026-09-30T04:00:00+08:00,FB6012,2026-10-01 00:00,Romania U21,Finland U21,Romania U21,Finland U21,UEFA - European Championship U21,8,2.5100,3.7700,2.7500,0.387821,0.258204,0.353975,1.000
2026-09-30T04:03:44+08:00,2026-09-30T04:00:00+08:00,FB6021,2026-09-30 05:00,French Guiana,Sint Maarten,French Guyana,Sint Maarten,CONCACAF - Nations League,8,1.9210,3.9300,3.7400,0.499391,0.244104,0.256505,0.962
2026-09-30T04:03:44+08:00,2026-09-30T04:00:00+08:00,FB6022,2026-09-30 10:00,Belize,St. Vincent and Grenadines,Belize,Saint Vincent and The Grenadines,CONCACAF - Nations League,8,2.7200,3.5000,2.4680,0.347313,0.269912,0.382776,0.939
2026-09-30T04:03:44+08:00,2026-09-30T04:00:00+08:00,FB6024,2026-10-02 01:00,Hungary U21,Lithuania U21,Hungary U21,Lithuania U21,UEFA - European Championship U21,2,1.4000,4.7500,6.6600,0.664475,0.195845,0.139679,1.000
2026-09-30T04:03:44+08:00,2026-09-30T04:00:00+08:00,FB6025,2026-10-02 02:45,Republic of Ireland,Austria,Ireland,Austria,UEFA - Nations League,8,3.5400,3.4500,2.2500,0.277823,0.285070,0.437107,1.000
2026-09-30T04:03:44+08:00,2026-09-30T04:00:00+08:00,FB6027,2026-10-01 23:00,Greece U21,Latvia U21,Greece U21,Latvia U21,UEFA - European Championship U21,4,1.1330,8.1000,17.0000,0.828828,0.115934,0.055239,1.000
2026-09-30T04:03:44+08:00,2026-09-30T04:00:00+08:00,FB6028,2026-10-02 02:45,Greece,Netherlands,Greece,Netherlands,UEFA - Nations League,8,3.3600,3.7000,2.2060,0.291441,0.264660,0.443899,1.000
2026-09-30T04:03:44+08:00,2026-09-30T04:00:00+08:00,FB6029,2026-10-02 02:45,Germany,Serbia,Germany,Serbia,UEFA - Nations League,8,1.2700,6.4000,12.8000,0.770620,0.152920,0.076460,1.000
2026-09-30T04:03:44+08:00,2026-09-30T04:00:00+08:00,FB6030,2026-10-02 02:45,Israel,Kosovo,Israel,Kosovo,UEFA - Nations League,8,3.2550,3.5500,2.3170,0.301047,0.276031,0.422922,1.000
2026-09-30T04:03:44+08:00,2026-09-30T04:00:00+08:00,FB6031,2026-10-02 02:45,Wales,Norway,Wales,Norway,UEFA - Nations League,8,6.0400,4.6550,1.5380,0.160650,0.208448,0.630902,1.000
2026-09-30T04:03:44+08:00,2026-09-30T04:00:00+08:00,FB6032,2026-10-01 00:45,Hacken Women,Juventus Women,BK Hacken Women,Juventus Women,UEFA - Champions League Women,8,2.4200,3.8550,2.6520,0.393658,0.247121,0.359220,0.970
2026-09-30T04:03:44+08:00,2026-09-30T04:00:00+08:00,FB6034,2026-10-02 00:00,North Macedonia U21,Montenegro U21,Macedonia U21,Montenegro U21,UEFA - European Championship U21,3,2.4000,3.6000,2.8120,0.396802,0.264534,0.338664,0.970
2026-09-30T04:03:44+08:00,2026-09-30T04:00:00+08:00,FB6035,2026-10-01 00:45,Paris FC Women,Arsenal Women,Paris FC Women,Arsenal Women,UEFA - Champions League Women,8,7.5500,5.0800,1.3980,0.126794,0.188444,0.684762,1.000
2026-09-30T04:03:44+08:00,2026-09-30T04:00:00+08:00,FB6036,2026-10-01 03:00,Lyon Women,Chelsea Women,Lyon Women,Chelsea Women,UEFA - Champions League Women,8,1.4000,5.3700,7.1000,0.685922,0.178825,0.135252,1.000
2026-09-30T04:03:44+08:00,2026-09-30T04:00:00+08:00,FB6037,2026-10-01 01:30,United Arab Emirates,Qatar,United Arab Emirates,Qatar,Asia - Gulf Cup,8,2.1120,3.6300,3.4200,0.454677,0.264540,0.280783,1.000
2026-09-30T04:03:44+08:00,2026-09-30T04:00:00+08:00,FB6038,2026-10-01 01:30,Bahrain,Yemen,Bahrain,Yemen,Asia - Gulf Cup,8,1.6420,3.9900,5.3300,0.581532,0.239317,0.179151,1.000
2026-09-30T04:03:44+08:00,2026-09-30T04:00:00+08:00,FB6039,2026-10-01 08:00,FC Tulsa,New Mexico Utd,Tulsa Roughnecks,New Mexico United,USA ‐ USL League One,7,2.0000,3.9050,3.5050,0.480128,0.245904,0.273968,0.970
2026-09-30T04:03:44+08:00,2026-09-30T04:00:00+08:00,FB6040,2026-10-01 07:00,Brooklyn FC,Detroit City,Brooklyn FC,Detroit City,USA ‐ USL League One,7,3.2600,3.6400,2.1370,0.292303,0.261788,0.445909,1.000
2026-09-30T04:03:44+08:00,2026-09-30T04:00:00+08:00,FB6041,2026-10-01 03:00,Benfica Women,Bayern Munich Women,Benfica Women,Bayern Munchen Women,UEFA - Champions League Women,8,11.0000,6.7000,1.2600,0.087936,0.144372,0.767692,0.962
2026-09-30T04:03:44+08:00,2026-09-30T04:00:00+08:00,FB6042,2026-10-01 10:00,Sacramento Republic,Las Vegas Lights,Sacramento Republic,Las Vegas Lights,USA ‐ USL League One,7,1.6570,4.0600,5.0000,0.574869,0.234620,0.190511,1.000
2026-09-30T04:03:44+08:00,2026-09-30T04:00:00+08:00,FB6044,2026-10-01 07:30,Rhode Island FC,Indy Eleven,Rhode Island FC,Indy Eleven,USA ‐ USL League One,7,1.9200,4.0700,3.7000,0.502345,0.236979,0.260676,1.000
2026-09-30T04:03:44+08:00,2026-09-30T04:00:00+08:00,FB6045,2026-10-02 02:45,Denmark,Portugal,Denmark,Portugal,UEFA - Nations League,8,3.4800,3.9000,2.1300,0.283599,0.253057,0.463344,1.000
2026-09-30T04:03:44+08:00,2026-09-30T04:00:00+08:00,FB6050,2026-10-02 00:00,Azerbaijan,Liechtenstein,Azerbaijan,Liechtenstein,UEFA - Nations League,8,1.1770,7.5000,20.5000,0.823487,0.129233,0.047280,1.000
2026-09-30T04:03:44+08:00,2026-09-30T04:00:00+08:00,FB6051,2026-10-01 00:00,Lithuania,Andorra,Lithuania,Andorra,International - Friendlies,8,1.7520,3.5650,5.9100,0.559318,0.274874,0.165808,1.000
2026-09-30T04:03:44+08:00,2026-09-30T04:00:00+08:00,FB6052,2026-10-01 07:30,New York Red Bulls,St. Louis City SC,New York Red Bulls,Saint Louis FC,USA ‐ Major League Soccer,8,3.4900,4.2200,1.9810,0.278648,0.230446,0.490905,0.833
2026-09-30T04:03:44+08:00,2026-09-30T04:00:00+08:00,FB6053,2026-10-01 02:00,Birmingham Women,Liverpool Women,Birmingham City Women,Liverpool Women,England ‐ FA Cup Women,6,6.0500,4.6550,1.4960,0.157634,0.204874,0.637492,0.932
2026-09-30T04:03:44+08:00,2026-09-30T04:00:00+08:00,FB6054,2026-10-01 06:57,Deportes Concepcion,O'Higgins,CD Concepcion,O'Higgins,Chile ‐ Cup,7,2.1650,3.6150,3.3300,0.444633,0.266288,0.289078,0.875
2026-09-30T07:48:18+08:00,2026-09-30T07:30:00+08:00,FB6003,2026-09-30 09:00,Mexico,Peru,Mexico,Peru,International - Friendlies,8,1.4520,4.7300,9.2000,0.682686,0.209569,0.107746,1.000
2026-09-30T07:48:18+08:00,2026-09-30T07:30:00+08:00,FB6004,2026-09-30 08:00,USA,Chile,USA,Chile,International - Friendlies,8,1.4800,5.1200,7.2800,0.670080,0.193695,0.136225,1.000
2026-09-30T07:48:18+08:00,2026-09-30T07:30:00+08:00,FB6022,2026-09-30 10:00,Belize,St. Vincent and Grenadines,Belize,Saint Vincent and The Grenadines,CONCACAF - Nations League,8,2.8040,3.5000,2.3600,0.334529,0.268005,0.397466,0.939
2026-09-30T17:02:49+08:00,2026-09-30T17:00:00+08:00,FB5982,2026-10-01 06:57,Montevideo City Torque,Penarol,Torque,Penarol Montevideo,Uruguay ‐ Primera Division,7,3.0040,3.3800,2.4130,0.319114,0.283615,0.397272,0.940
2026-09-30T17:02:49+08:00,2026-09-30T17:00:00+08:00,FB5986,2026-10-01 02:57,Defensor Sporting,Plaza Colonia,Defensor Sporting,Plaza Colonia,Uruguay ‐ Cup,5,1.7770,3.6900,4.8450,0.541026,0.260543,0.198432,1.000
2026-09-30T17:02:49+08:00,2026-09-30T17:00:00+08:00,FB6005,2026-10-01 08:00,Argentina,Bolivia,Argentina,Bolivia,International - Friendlies,7,1.0980,14.2300,35.0000,0.902094,0.069606,0.028300,1.000
2026-09-30T17:02:49+08:00,2026-09-30T17:00:00+08:00,FB6009,2026-10-01 00:00,Poland U21,Sweden U21,Poland U21,Sweden U21,UEFA - European Championship U21,7,1.6230,4.5800,5.0000,0.595604,0.211062,0.193333,1.000
2026-09-30T17:02:49+08:00,2026-09-30T17:00:00+08:00,FB6010,2026-10-01 00:00,Czechia U21,Bulgaria U21,Czech Republic U21,Bulgaria U21,UEFA - European Championship U21,7,1.4760,4.4750,7.7120,0.657366,0.216821,0.125813,0.845
2026-09-30T17:02:49+08:00,2026-09-30T17:00:00+08:00,FB6011,2026-10-01 02:30,Scotland U21,Azerbaijan U21,Scotland U21,Azerbaijan U21,UEFA - European Championship U21,7,1.1950,8.1000,16.5000,0.819702,0.120931,0.059366,1.000
2026-09-30T17:02:49+08:00,2026-09-30T17:00:00+08:00,FB6012,2026-10-01 00:00,Romania U21,Finland U21,Romania U21,Finland U21,UEFA - European Championship U21,7,2.6110,3.7750,2.7300,0.377634,0.261193,0.361173,1.000
2026-09-30T17:02:49+08:00,2026-09-30T17:00:00+08:00,FB6024,2026-10-02 01:00,Hungary U21,Lithuania U21,Hungary U21,Lithuania U21,UEFA - European Championship U21,6,1.5270,4.5500,7.0000,0.643605,0.215997,0.140398,1.000
2026-09-30T17:02:49+08:00,2026-09-30T17:00:00+08:00,FB6025,2026-10-02 02:45,Republic of Ireland,Austria,Ireland,Austria,UEFA - Nations League,7,3.6850,3.4500,2.1900,0.266612,0.284773,0.448615,1.000
2026-09-30T17:02:49+08:00,2026-09-30T17:00:00+08:00,FB6026,2026-10-02 09:30,Seattle Sounders,Sporting Kansas City,Seattle Sounders,Sporting Kansas City,USA ‐ Major League Soccer,7,1.5530,4.8800,5.5200,0.625165,0.198951,0.175884,1.000
2026-09-30T17:02:49+08:00,2026-09-30T17:00:00+08:00,FB6027,2026-10-01 23:00,Greece U21,Latvia U21,Greece U21,Latvia U21,UEFA - European Championship U21,6,1.0740,11.0400,24.0000,0.875632,0.085184,0.039185,1.000
2026-09-30T17:02:49+08:00,2026-09-30T17:00:00+08:00,FB6028,2026-10-02 02:45,Greece,Netherlands,Greece,Netherlands,UEFA - Nations League,7,3.5180,3.8000,2.1300,0.279530,0.258786,0.461684,1.000
2026-09-30T17:02:49+08:00,2026-09-30T17:00:00+08:00,FB6029,2026-10-02 02:45,Germany,Serbia,Germany,Serbia,UEFA - Nations League,7,1.2600,6.5000,13.0000,0.774732,0.150179,0.075089,1.000
2026-09-30T17:02:49+08:00,2026-09-30T17:00:00+08:00,FB6030,2026-10-02 02:45,Israel,Kosovo,Israel,Kosovo,UEFA - Nations League,7,3.2550,3.5500,2.3200,0.301212,0.276182,0.422606,1.000
2026-09-30T17:02:49+08:00,2026-09-30T17:00:00+08:00,FB6031,2026-10-02 02:45,Wales,Norway,Wales,Norway,UEFA - Nations League,7,6.2250,4.7550,1.5300,0.156794,0.205267,0.637938,1.000
2026-09-30T17:02:49+08:00,2026-09-30T17:00:00+08:00,FB6032,2026-10-01 00:45,Hacken Women,Juventus Women,BK Hacken Women,Juventus Women,UEFA - Champions League Women,7,2.4820,3.8800,2.6400,0.387621,0.247957,0.364422,0.970
2026-09-30T17:02:49+08:00,2026-09-30T17:00:00+08:00,FB6033,2026-10-02 08:13,CA Platense,Estudiantes,CA Platense,Estudiantes La Plata,Argentina ‐ Cup,7,4.0000,2.8000,2.2890,0.239460,0.342086,0.418454,1.000
2026-09-30T17:02:49+08:00,2026-09-30T17:00:00+08:00,FB6034,2026-10-02 00:00,North Macedonia U21,Montenegro U21,Macedonia U21,Montenegro U21,UEFA - European Championship U21,6,2.7670,3.5450,2.4430,0.343270,0.267934,0.388796,0.970
2026-09-30T17:02:49+08:00,2026-09-30T17:00:00+08:00,FB6035,2026-10-01 00:45,Paris FC Women,Arsenal Women,Paris FC Women,Arsenal Women,UEFA - Champions League Women,7,8.1500,5.4500,1.3680,0.118301,0.176909,0.704790,1.000
2026-09-30T17:02:49+08:00,2026-09-30T17:00:00+08:00,FB6036,2026-10-01 03:00,Lyon Women,Chelsea Women,Lyon Women,Chelsea Women,UEFA - Champions League Women,7,1.4260,5.2400,6.7500,0.674129,0.183456,0.142416,1.000
2026-09-30T17:02:49+08:00,2026-09-30T17:00:00+08:00,FB6037,2026-10-01 01:30,United Arab Emirates,Qatar,United Arab Emirates,Qatar,Asia - Gulf Cup,7,1.6660,4.0350,4.9800,0.572270,0.236283,0.191446,1.000
2026-09-30T17:02:49+08:00,2026-09-30T17:00:00+08:00,FB6038,2026-10-01 01:30,Bahrain,Yemen,Bahrain,Yemen,Asia - Gulf Cup,7,1.7130,3.7600,5.1000,0.558202,0.254308,0.187490,1.000
2026-09-30T17:02:49+08:00,2026-09-30T17:00:00+08:00,FB6039,2026-10-01 08:00,FC Tulsa,New Mexico Utd,Tulsa Roughnecks,New Mexico United,USA ‐ USL League One,6,2.0200,3.8800,3.4660,0.475416,0.247510,0.277074,0.970
2026-09-30T17:02:49+08:00,2026-09-30T17:00:00+08:00,FB6040,2026-10-01 07:00,Brooklyn FC,Detroit City,Brooklyn FC,Detroit City,USA ‐ USL League One,6,3.8640,3.7450,1.9340,0.248157,0.256042,0.495801,1.000
2026-09-30T17:02:49+08:00,2026-09-30T17:00:00+08:00,FB6041,2026-10-01 03:00,Benfica Women,Bayern Munich Women,Benfica Women,Bayern Munchen Women,UEFA - Champions League Women,7,9.9000,6.2000,1.2700,0.096227,0.153653,0.750119,0.962
2026-09-30T17:02:49+08:00,2026-09-30T17:00:00+08:00,FB6042,2026-10-01 10:00,Sacramento Republic,Las Vegas Lights,Sacramento Republic,Las Vegas Lights,USA ‐ USL League One,6,1.6570,4.0600,5.0100,0.575087,0.234709,0.190204,1.000
2026-09-30T17:02:49+08:00,2026-09-30T17:00:00+08:00,FB6044,2026-10-01 07:30,Rhode Island FC,Indy Eleven,Rhode Island FC,Indy Eleven,USA ‐ USL League One,6,1.8870,4.1200,3.7600,0.510238,0.233694,0.256069,1.000
2026-09-30T17:02:49+08:00,2026-09-30T17:00:00+08:00,FB6045,2026-10-02 02:45,Denmark,Portugal,Denmark,Portugal,UEFA - Nations League,7,3.5050,3.8500,2.1120,0.280116,0.255014,0.464870,1.000
2026-09-30T17:02:49+08:00,2026-09-30T17:00:00+08:00,FB6046,2026-10-01 21:15,Sharjah FC,Al Dhafra,Al Sharjah,Al Dhafra,United Arab Emirates ‐ League Cup,2,1.4720,4.9150,6.0000,0.647323,0.193868,0.158810,0.970
2026-09-30T17:02:49+08:00,2026-09-30T17:00:00+08:00,FB6047,2026-10-01 23:45,Baniyas,Al Wahda,Bani Yas,Al Wahda Abu Dhabi,United Arab Emirates ‐ Cup,2,3.8450,4.1600,1.8190,0.247643,0.228891,0.523467,0.967
2026-09-30T17:02:49+08:00,2026-09-30T17:00:00+08:00,FB6049,2026-10-02 00:30,Armenia U21,Italy U21,Armenia U21,Italy U21,UEFA - European Championship U21,6,27.0000,15.0000,1.0630,0.035461,0.063830,0.900709,1.000
2026-09-30T17:02:49+08:00,2026-09-30T17:00:00+08:00,FB6050,2026-10-02 00:00,Azerbaijan,Liechtenstein,Azerbaijan,Liechtenstein,UEFA - Nations League,7,1.1550,8.0500,24.0000,0.839205,0.120408,0.040387,1.000
2026-09-30T17:02:49+08:00,2026-09-30T17:00:00+08:00,FB6051,2026-10-01 00:00,Lithuania,Andorra,Lithuania,Andorra,International - Friendlies,7,1.7030,3.7250,6.3500,0.579586,0.264976,0.155439,1.000
2026-09-30T17:02:49+08:00,2026-09-30T17:00:00+08:00,FB6052,2026-10-01 07:30,New York Red Bulls,St. Louis City SC,New York Red Bulls,Saint Louis FC,USA ‐ Major League Soccer,7,3.5980,4.2600,1.9490,0.270953,0.228847,0.500200,0.833
2026-09-30T17:02:49+08:00,2026-09-30T17:00:00+08:00,FB6053,2026-10-01 02:00,Birmingham Women,Liverpool Women,Birmingham City Women,Liverpool Women,England ‐ FA Cup Women,7,6.1500,4.8000,1.4750,0.155021,0.198621,0.646358,0.932
2026-09-30T17:02:49+08:00,2026-09-30T17:00:00+08:00,FB6054,2026-10-01 06:57,Deportes Concepcion,O'Higgins,CD Concepcion,O'Higgins,Chile ‐ Cup,7,2.3890,3.5650,2.9100,0.401431,0.269009,0.329560,0.875
2026-09-30T17:02:49+08:00,2026-09-30T17:00:00+08:00,FB6055,2026-10-01 00:00,Eritrea,South Africa,Eritrea,South Africa,Africa - CAF - Nations Cup,7,9.9000,5.8000,1.2630,0.094828,0.161862,0.743310,1.000
2026-09-30T23:59:31+08:00,2026-09-30T23:30:00+08:00,FB5986,2026-10-01 02:57,Defensor Sporting,Plaza Colonia,Defensor Sporting,Plaza Colonia,Uruguay ‐ Cup,5,1.7870,3.7000,4.8450,0.540013,0.260812,0.199175,1.000
2026-09-30T23:59:31+08:00,2026-09-30T23:30:00+08:00,FB6009,2026-10-01 00:00,Poland U21,Sweden U21,Poland U21,Sweden U21,UEFA - European Championship U21,7,1.4850,5.2800,6.1510,0.656739,0.184708,0.158553,1.000
2026-09-30T23:59:31+08:00,2026-09-30T23:30:00+08:00,FB6010,2026-10-01 00:00,Czechia U21,Bulgaria U21,Czech Republic U21,Bulgaria U21,UEFA - European Championship U21,7,1.6160,3.9000,6.4500,0.600636,0.248879,0.150485,0.845
2026-09-30T23:59:31+08:00,2026-09-30T23:30:00+08:00,FB6011,2026-10-01 02:30,Scotland U21,Azerbaijan U21,Scotland U21,Azerbaijan U21,UEFA - European Championship U21,7,1.2100,7.4500,14.2500,0.801713,0.130211,0.068075,1.000
2026-09-30T23:59:31+08:00,2026-09-30T23:30:00+08:00,FB6012,2026-10-01 00:00,Romania U21,Finland U21,Romania U21,Finland U21,UEFA - European Championship U21,7,4.1400,3.8000,1.9000,0.234279,0.255240,0.510481,1.000
2026-09-30T23:59:31+08:00,2026-09-30T23:30:00+08:00,FB6032,2026-10-01 00:45,Hacken Women,Juventus Women,BK Hacken Women,Juventus Women,UEFA - Champions League Women,7,2.4880,3.8300,2.6400,0.385798,0.250617,0.363585,0.970
2026-09-30T23:59:31+08:00,2026-09-30T23:30:00+08:00,FB6035,2026-10-01 00:45,Paris FC Women,Arsenal Women,Paris FC Women,Arsenal Women,UEFA - Champions League Women,7,9.3300,5.6500,1.3260,0.103226,0.170459,0.726315,1.000
2026-09-30T23:59:31+08:00,2026-09-30T23:30:00+08:00,FB6036,2026-10-01 03:00,Lyon Women,Chelsea Women,Lyon Women,Chelsea Women,UEFA - Champions League Women,7,1.4500,5.2800,6.8000,0.672108,0.184575,0.143317,1.000
2026-09-30T23:59:31+08:00,2026-09-30T23:30:00+08:00,FB6037,2026-10-01 01:30,United Arab Emirates,Qatar,United Arab Emirates,Qatar,Asia - Gulf Cup,7,1.9430,3.7850,3.9020,0.497193,0.255230,0.247577,1.000
2026-09-30T23:59:31+08:00,2026-09-30T23:30:00+08:00,FB6038,2026-10-01 01:30,Bahrain,Yemen,Bahrain,Yemen,Asia - Gulf Cup,7,1.7840,3.8350,4.6650,0.541239,0.251779,0.206982,1.000
2026-09-30T23:59:31+08:00,2026-09-30T23:30:00+08:00,FB6041,2026-10-01 03:00,Benfica Women,Bayern Munich Women,Benfica Women,Bayern Munchen Women,UEFA - Champions League Women,7,10.5000,6.2300,1.2670,0.091135,0.153599,0.755266,0.962
2026-09-30T23:59:31+08:00,2026-09-30T23:30:00+08:00,FB6051,2026-10-01 00:00,Lithuania,Andorra,Lithuania,Andorra,International - Friendlies,7,1.6050,3.8500,6.8200,0.605246,0.252317,0.142437,1.000
2026-09-30T23:59:31+08:00,2026-09-30T23:30:00+08:00,FB6053,2026-10-01 02:00,Birmingham Women,Liverpool Women,Birmingham City Women,Liverpool Women,England ‐ FA Cup Women,7,6.2000,4.8350,1.4670,0.153642,0.197018,0.649340,0.932
2026-09-30T23:59:31+08:00,2026-09-30T23:30:00+08:00,FB6055,2026-10-01 00:00,Eritrea,South Africa,Eritrea,South Africa,Africa - CAF - Nations Cup,7,14.0000,7.1520,1.1950,0.068153,0.133408,0.798439,1.000
2026-10-01T04:31:35+08:00,2026-10-01T04:30:00+08:00,FB5982,2026-10-01 06:57,Montevideo City Torque,Penarol,Torque,Penarol Montevideo,Uruguay ‐ Primera Division,7,3.5070,3.5600,2.1130,0.274361,0.270276,0.455363,0.940
2026-10-01T04:31:35+08:00,2026-10-01T04:30:00+08:00,FB6005,2026-10-01 08:00,Argentina,Bolivia,Argentina,Bolivia,International - Friendlies,7,1.1080,14.1500,34.0000,0.900177,0.070487,0.029335,1.000
2026-10-01T04:31:35+08:00,2026-10-01T04:30:00+08:00,FB6039,2026-10-01 08:00,FC Tulsa,New Mexico Utd,Tulsa Roughnecks,New Mexico United,USA ‐ USL League One,6,2.0530,3.8650,3.4570,0.470578,0.249960,0.279461,0.970
2026-10-01T04:31:35+08:00,2026-10-01T04:30:00+08:00,FB6040,2026-10-01 07:00,Brooklyn FC,Detroit City,Brooklyn FC,Detroit City,USA ‐ USL League One,6,4.2400,3.8000,1.8620,0.227639,0.253998,0.518363,1.000
2026-10-01T04:31:35+08:00,2026-10-01T04:30:00+08:00,FB6044,2026-10-01 07:30,Rhode Island FC,Indy Eleven,Rhode Island FC,Indy Eleven,USA ‐ USL League One,6,1.8720,4.1400,3.8450,0.515719,0.233195,0.251086,1.000
2026-10-01T04:31:35+08:00,2026-10-01T04:30:00+08:00,FB6052,2026-10-01 07:30,New York Red Bulls,St. Louis City SC,New York Red Bulls,Saint Louis FC,USA ‐ Major League Soccer,7,3.7900,4.3750,1.8800,0.257583,0.223141,0.519276,0.833
2026-10-01T04:31:35+08:00,2026-10-01T04:30:00+08:00,FB6054,2026-10-01 06:57,Deportes Concepcion,O'Higgins,CD Concepcion,O'Higgins,Chile ‐ Cup,7,2.3460,3.5250,3.0700,0.411573,0.273915,0.314512,0.875
2026-10-01T08:12:57+08:00,2026-10-01T08:00:00+08:00,FB6023,2026-10-02 19:35,China,Palestine,China,Palestine,International - Friendlies,2,2.2260,4.2000,3.0400,0.442040,0.234281,0.323678,1.000
2026-10-01T08:12:57+08:00,2026-10-01T08:00:00+08:00,FB6024,2026-10-02 01:00,Hungary U21,Lithuania U21,Hungary U21,Lithuania U21,UEFA - European Championship U21,8,1.4730,4.6200,6.7750,0.650937,0.207539,0.141525,1.000
2026-10-01T08:12:57+08:00,2026-10-01T08:00:00+08:00,FB6025,2026-10-02 02:45,Republic of Ireland,Austria,Ireland,Austria,UEFA - Nations League,8,3.6380,3.3500,2.2000,0.267408,0.290397,0.442195,1.000
2026-10-01T08:12:57+08:00,2026-10-01T08:00:00+08:00,FB6026,2026-10-02 09:30,Seattle Sounders,Sporting Kansas City,Seattle Sounders,Sporting Kansas City,USA ‐ Major League Soccer,8,1.5530,4.9000,5.5200,0.625673,0.198300,0.176027,1.000
2026-10-01T08:12:57+08:00,2026-10-01T08:00:00+08:00,FB6027,2026-10-01 23:00,Greece U21,Latvia U21,Greece U21,Latvia U21,UEFA - European Championship U21,8,1.0710,12.0000,26.0000,0.884609,0.078951,0.036439,1.000
2026-10-01T08:12:57+08:00,2026-10-01T08:00:00+08:00,FB6028,2026-10-02 02:45,Greece,Netherlands,Greece,Netherlands,UEFA - Nations League,8,3.5200,3.7500,2.1130,0.277428,0.260412,0.462160,1.000
2026-10-01T08:12:57+08:00,2026-10-01T08:00:00+08:00,FB6029,2026-10-02 02:45,Germany,Serbia,Germany,Serbia,UEFA - Nations League,8,1.2340,7.2000,14.5000,0.795866,0.136403,0.067731,1.000
2026-10-01T08:12:57+08:00,2026-10-01T08:00:00+08:00,FB6030,2026-10-02 02:45,Israel,Kosovo,Israel,Kosovo,UEFA - Nations League,8,3.2550,3.5000,2.3170,0.299865,0.278874,0.421261,1.000
2026-10-01T08:12:57+08:00,2026-10-01T08:00:00+08:00,FB6031,2026-10-02 02:45,Wales,Norway,Wales,Norway,UEFA - Nations League,8,6.9300,5.0100,1.4650,0.140576,0.194449,0.664975,1.000
2026-10-01T08:12:57+08:00,2026-10-01T08:00:00+08:00,FB6033,2026-10-02 08:13,CA Platense,Estudiantes,CA Platense,Estudiantes La Plata,Argentina ‐ Cup,8,4.0000,2.7700,2.2880,0.238533,0.344452,0.417015,1.000
2026-10-01T08:12:57+08:00,2026-10-01T08:00:00+08:00,FB6034,2026-10-02 00:00,North Macedonia U21,Montenegro U21,Macedonia U21,Montenegro U21,UEFA - European Championship U21,8,2.8540,3.5550,2.4380,0.336310,0.269994,0.393695,0.970
2026-10-01T08:12:57+08:00,2026-10-01T08:00:00+08:00,FB6042,2026-10-01 10:00,Sacramento Republic,Las Vegas Lights,Sacramento Republic,Las Vegas Lights,USA ‐ USL League One,8,1.5530,4.4000,6.0370,0.621040,0.219199,0.159761,1.000
2026-10-01T08:12:57+08:00,2026-10-01T08:00:00+08:00,FB6045,2026-10-02 02:45,Denmark,Portugal,Denmark,Portugal,UEFA - Nations League,8,3.6500,3.7650,2.0830,0.268692,0.260485,0.470823,1.000
2026-10-01T08:12:57+08:00,2026-10-01T08:00:00+08:00,FB6046,2026-10-01 21:15,Sharjah FC,Al Dhafra,Al Sharjah,Al Dhafra,United Arab Emirates ‐ League Cup,4,1.6000,4.6050,5.1000,0.601984,0.209158,0.188858,0.970
2026-10-01T08:12:57+08:00,2026-10-01T08:00:00+08:00,FB6047,2026-10-01 23:45,Baniyas,Al Wahda,Bani Yas,Al Wahda Abu Dhabi,United Arab Emirates ‐ Cup,5,3.8650,4.1100,1.8430,0.247677,0.232913,0.519410,0.967
2026-10-01T08:12:57+08:00,2026-10-01T08:00:00+08:00,FB6049,2026-10-02 00:30,Armenia U21,Italy U21,Armenia U21,Italy U21,UEFA - European Championship U21,8,26.0000,15.0000,1.0630,0.036775,0.063743,0.899482,1.000
2026-10-01T08:12:57+08:00,2026-10-01T08:00:00+08:00,FB6050,2026-10-02 00:00,Azerbaijan,Liechtenstein,Azerbaijan,Liechtenstein,UEFA - Nations League,8,1.1560,8.0870,24.0000,0.839552,0.120010,0.040438,1.000
2026-10-01T08:12:57+08:00,2026-10-01T08:00:00+08:00,FB6057,2026-10-02 00:45,Austria Vienna Women,Inter Milan Women,Austria Vienna Women,Inter Milan Women,UEFA - Champions League Women,8,4.7200,4.1450,1.7200,0.204796,0.233206,0.561998,1.000
2026-10-01T08:12:57+08:00,2026-10-01T08:00:00+08:00,FB6058,2026-10-02 00:45,HB Koge Women,Servette Women,Koge Women,Servette Chenois Women,UEFA - Champions League Women,8,1.3000,5.9000,9.5000,0.736821,0.162350,0.100828,0.859
2026-10-01T08:12:57+08:00,2026-10-01T08:00:00+08:00,FB6059,2026-10-02 03:00,Paris Saint Germain Women,OH Leuven Women,Paris Saint Germain Women,Oud-Heverlee Leuven Women,UEFA - Champions League Women,8,1.1800,8.0000,15.0000,0.815550,0.120294,0.064157,0.875
2026-10-01T08:12:57+08:00,2026-10-01T08:00:00+08:00,FB6060,2026-10-02 03:00,Manchester City Women,Real Madrid Women,Manchester City Women,Real Madrid Women,UEFA - Champions League Women,8,1.6800,4.5450,4.4400,0.572077,0.211461,0.216462,1.000
2026-10-01T08:12:57+08:00,2026-10-01T08:00:00+08:00,FB6067,2026-10-01 14:10,Panama,New Zealand,Panama,New Zealand,International - Friendlies,8,2.7120,3.3800,2.8300,0.362231,0.290642,0.347127,1.000
2026-10-01T08:12:57+08:00,2026-10-01T08:00:00+08:00,FB6068,2026-10-01 18:10,Japan,Ecuador,Japan,Ecuador,International - Friendlies,8,1.7030,4.0450,5.5160,0.578118,0.243395,0.178487,1.000
2026-10-01T08:12:57+08:00,2026-10-01T08:00:00+08:00,FB6071,2026-10-02 07:58,Novorizontino,Goias,Novorizontino SP,Goias,Brazil ‐ Serie B,8,1.6710,3.8700,5.7200,0.580075,0.250466,0.169459,1.000
2026-10-01T08:12:57+08:00,2026-10-01T08:00:00+08:00,FB6072,2026-10-02 07:28,Athletic Club MG,Sport Recife,Athletic Club MG,Sport Club do Recife,Brazil ‐ Serie B,8,2.6720,3.4800,2.8120,0.367914,0.282490,0.349596,0.944
2026-10-01T08:12:57+08:00,2026-10-01T08:00:00+08:00,FB6073,2026-10-02 00:00,Guinea,Kenya,Guinea,Kenya,Africa - CAF - Nations Cup,8,1.6700,3.4000,6.1810,0.567743,0.278862,0.153394,1.000
2026-10-01T08:12:57+08:00,2026-10-01T08:00:00+08:00,FB6074,2026-10-01 22:00,Uzbekistan,Syria,Uzbekistan,Syria,International - Friendlies,8,1.3520,5.3200,10.7000,0.724380,0.184091,0.091529,1.000
2026-10-01T08:12:57+08:00,2026-10-01T08:00:00+08:00,FB6077,2026-10-01 20:30,Indonesia,Bangladesh,Indonesia,Bangladesh,Asia - AFF Cup,7,1.0470,15.0000,51.0000,0.917154,0.064017,0.018829,1.000
2026-10-01T08:12:57+08:00,2026-10-01T08:00:00+08:00,FB6078,2026-10-01 20:30,Malaysia,Singapore,Malaysia,Singapore,Asia - AFF Cup,8,1.4550,4.8150,6.4500,0.654552,0.197793,0.147655,1.000
2026-10-01T14:11:24+08:00,2026-10-01T14:00:00+08:00,FB6023,2026-10-02 19:35,China,Palestine,China,Palestine,International - Friendlies,5,2.5500,3.6150,2.8510,0.384642,0.271325,0.344033,1.000
2026-10-01T14:11:24+08:00,2026-10-01T14:00:00+08:00,FB6024,2026-10-02 01:00,Hungary U21,Lithuania U21,Hungary U21,Lithuania U21,UEFA - European Championship U21,7,1.4730,4.6200,6.7750,0.650937,0.207539,0.141525,1.000
2026-10-01T14:11:24+08:00,2026-10-01T14:00:00+08:00,FB6025,2026-10-02 02:45,Republic of Ireland,Austria,Ireland,Austria,UEFA - Nations League,7,3.6850,3.3350,2.2300,0.266140,0.294071,0.439788,1.000
2026-10-01T14:11:24+08:00,2026-10-01T14:00:00+08:00,FB6026,2026-10-02 09:30,Seattle Sounders,Sporting Kansas City,Seattle Sounders,Sporting Kansas City,USA ‐ Major League Soccer,7,1.5530,4.9900,5.5200,0.627919,0.195422,0.176659,1.000
2026-10-01T14:11:24+08:00,2026-10-01T14:00:00+08:00,FB6027,2026-10-01 23:00,Greece U21,Latvia U21,Greece U21,Latvia U21,UEFA - European Championship U21,7,1.0760,12.0000,25.0000,0.882841,0.079161,0.037997,1.000
2026-10-01T14:11:24+08:00,2026-10-01T14:00:00+08:00,FB6028,2026-10-02 02:45,Greece,Netherlands,Greece,Netherlands,UEFA - Nations League,7,3.5320,3.7000,2.1020,0.275111,0.262619,0.462270,1.000
2026-10-01T14:11:24+08:00,2026-10-01T14:00:00+08:00,FB6029,2026-10-02 02:45,Germany,Serbia,Germany,Serbia,UEFA - Nations League,7,1.2200,7.1000,14.7500,0.797103,0.136967,0.065930,1.000
2026-10-01T14:11:24+08:00,2026-10-01T14:00:00+08:00,FB6030,2026-10-02 02:45,Israel,Kosovo,Israel,Kosovo,UEFA - Nations League,7,3.2550,3.4900,2.3300,0.300331,0.280108,0.419561,1.000
2026-10-01T14:11:24+08:00,2026-10-01T14:00:00+08:00,FB6031,2026-10-02 02:45,Wales,Norway,Wales,Norway,UEFA - Nations League,7,6.8000,5.0000,1.4610,0.142565,0.193888,0.663547,1.000
2026-10-01T14:11:24+08:00,2026-10-01T14:00:00+08:00,FB6033,2026-10-02 08:13,CA Platense,Estudiantes,CA Platense,Estudiantes La Plata,Argentina ‐ Cup,7,4.1600,2.7500,2.3700,0.234302,0.354435,0.411264,1.000
2026-10-01T14:11:24+08:00,2026-10-01T14:00:00+08:00,FB6034,2026-10-02 00:00,North Macedonia U21,Montenegro U21,Macedonia U21,Montenegro U21,UEFA - European Championship U21,7,2.9380,3.5550,2.4380,0.329867,0.272616,0.397518,0.970
2026-10-01T14:11:24+08:00,2026-10-01T14:00:00+08:00,FB6045,2026-10-02 02:45,Denmark,Portugal,Denmark,Portugal,UEFA - Nations League,7,3.7350,3.7650,2.0830,0.264193,0.262087,0.473720,1.000
2026-10-01T14:11:24+08:00,2026-10-01T14:00:00+08:00,FB6046,2026-10-01 21:15,Sharjah FC,Al Dhafra,Al Sharjah,Al Dhafra,United Arab Emirates ‐ League Cup,6,1.6000,4.6050,5.1000,0.601984,0.209158,0.188858,0.970
2026-10-01T14:11:24+08:00,2026-10-01T14:00:00+08:00,FB6047,2026-10-01 23:45,Baniyas,Al Wahda,Bani Yas,Al Wahda Abu Dhabi,United Arab Emirates ‐ Cup,6,3.8650,4.1100,1.8650,0.249204,0.234349,0.516447,0.967
2026-10-01T14:11:24+08:00,2026-10-01T14:00:00+08:00,FB6049,2026-10-02 00:30,Armenia U21,Italy U21,Armenia U21,Italy U21,UEFA - European Championship U21,7,26.0000,15.0000,1.0660,0.036868,0.063905,0.899227,1.000
2026-10-01T14:11:24+08:00,2026-10-01T14:00:00+08:00,FB6050,2026-10-02 00:00,Azerbaijan,Liechtenstein,Azerbaijan,Liechtenstein,UEFA - Nations League,7,1.1590,8.1000,25.0000,0.840727,0.120297,0.038976,1.000
2026-10-01T14:11:24+08:00,2026-10-01T14:00:00+08:00,FB6057,2026-10-02 00:45,Austria Vienna Women,Inter Milan Women,Austria Vienna Women,Inter Milan Women,UEFA - Champions League Women,7,5.0500,4.2600,1.7250,0.195581,0.231850,0.572569,1.000
2026-10-01T14:11:24+08:00,2026-10-01T14:00:00+08:00,FB6058,2026-10-02 00:45,HB Koge Women,Servette Women,Koge Women,Servette Chenois Women,UEFA - Champions League Women,7,1.3100,5.9000,9.2100,0.732992,0.162749,0.104258,0.859
2026-10-01T14:11:24+08:00,2026-10-01T14:00:00+08:00,FB6059,2026-10-02 03:00,Paris Saint Germain Women,OH Leuven Women,Paris Saint Germain Women,Oud-Heverlee Leuven Women,UEFA - Champions League Women,7,1.1800,8.0000,15.0000,0.815550,0.120294,0.064157,0.875
2026-10-01T14:11:24+08:00,2026-10-01T14:00:00+08:00,FB6060,2026-10-02 03:00,Manchester City Women,Real Madrid Women,Manchester City Women,Real Madrid Women,UEFA - Champions League Women,7,1.6750,4.5450,4.4400,0.572807,0.211100,0.216093,1.000
2026-10-01T14:11:24+08:00,2026-10-01T14:00:00+08:00,FB6068,2026-10-01 18:10,Japan,Ecuador,Japan,Ecuador,International - Friendlies,7,1.6190,4.3330,6.1700,0.611231,0.228383,0.160386,1.000
2026-10-01T14:11:24+08:00,2026-10-01T14:00:00+08:00,FB6071,2026-10-02 07:58,Novorizontino,Goias,Novorizontino SP,Goias,Brazil ‐ Serie B,7,1.6560,3.9400,5.7420,0.585238,0.245978,0.168783,1.000
2026-10-01T14:11:24+08:00,2026-10-01T14:00:00+08:00,FB6072,2026-10-02 07:28,Athletic Club MG,Sport Recife,Athletic Club MG,Sport Club do Recife,Brazil ‐ Serie B,7,2.7000,3.4800,2.8120,0.365493,0.283572,0.350935,0.944
2026-10-01T14:11:24+08:00,2026-10-01T14:00:00+08:00,FB6073,2026-10-02 00:00,Guinea,Kenya,Guinea,Kenya,Africa - CAF - Nations Cup,7,1.6300,3.5000,6.3100,0.580035,0.270131,0.149835,1.000
2026-10-01T14:11:24+08:00,2026-10-01T14:00:00+08:00,FB6074,2026-10-01 22:00,Uzbekistan,Syria,Uzbekistan,Syria,International - Friendlies,7,1.3920,5.2300,10.2000,0.712948,0.189756,0.097296,1.000
2026-10-01T14:11:24+08:00,2026-10-01T14:00:00+08:00,FB6077,2026-10-01 20:30,Indonesia,Bangladesh,Indonesia,Bangladesh,Asia - AFF Cup,6,1.0470,15.0000,48.0000,0.916076,0.063942,0.019982,1.000
2026-10-01T14:11:24+08:00,2026-10-01T14:00:00+08:00,FB6078,2026-10-01 20:30,Malaysia,Singapore,Malaysia,Singapore,Asia - AFF Cup,7,1.4550,4.8150,6.7260,0.658542,0.198999,0.142459,1.000
2026-10-01T21:34:47+08:00,2026-10-01T21:30:00+08:00,FB6024,2026-10-02 01:00,Hungary U21,Lithuania U21,Hungary U21,Lithuania U21,UEFA - European Championship U21,7,1.6220,4.3200,5.5950,0.600469,0.225454,0.174077,1.000
2026-10-01T21:34:47+08:00,2026-10-01T21:30:00+08:00,FB6027,2026-10-01 23:00,Greece U21,Latvia U21,Greece U21,Latvia U21,UEFA - European Championship U21,7,1.0700,16.1300,27.0000,0.904187,0.059980,0.035833,1.000
2026-10-01T21:34:47+08:00,2026-10-01T21:30:00+08:00,FB6034,2026-10-02 00:00,North Macedonia U21,Montenegro U21,Macedonia U21,Montenegro U21,UEFA - European Championship U21,7,2.9630,3.5550,2.4380,0.327996,0.273376,0.398627,0.970
2026-10-01T21:34:47+08:00,2026-10-01T21:30:00+08:00,FB6047,2026-10-01 23:45,Baniyas,Al Wahda,Bani Yas,Al Wahda Abu Dhabi,United Arab Emirates ‐ Cup,6,3.8650,4.1100,1.8380,0.247328,0.232584,0.520088,0.967
2026-10-01T21:34:47+08:00,2026-10-01T21:30:00+08:00,FB6049,2026-10-02 00:30,Armenia U21,Italy U21,Armenia U21,Italy U21,UEFA - European Championship U21,7,30.0000,17.0000,1.0600,0.032189,0.056804,0.911007,1.000
2026-10-01T21:34:47+08:00,2026-10-01T21:30:00+08:00,FB6050,2026-10-02 00:00,Azerbaijan,Liechtenstein,Azerbaijan,Liechtenstein,UEFA - Nations League,7,1.1200,9.6100,36.0000,0.871341,0.101551,0.027108,1.000
2026-10-01T21:34:47+08:00,2026-10-01T21:30:00+08:00,FB6057,2026-10-02 00:45,Austria Vienna Women,Inter Milan Women,Austria Vienna Women,Inter Milan Women,UEFA - Champions League Women,7,4.1800,3.9400,1.8470,0.231265,0.245352,0.523383,1.000
2026-10-01T21:34:47+08:00,2026-10-01T21:30:00+08:00,FB6058,2026-10-02 00:45,HB Koge Women,Servette Women,Koge Women,Servette Chenois Women,UEFA - Champions League Women,7,1.3230,5.6600,9.1000,0.725095,0.169488,0.105418,0.859
2026-10-01T21:34:47+08:00,2026-10-01T21:30:00+08:00,FB6073,2026-10-02 00:00,Guinea,Kenya,Guinea,Kenya,Africa - CAF - Nations Cup,7,1.5700,3.6250,6.8100,0.601089,0.260334,0.138577,1.000
2026-10-01T21:34:47+08:00,2026-10-01T21:30:00+08:00,FB6074,2026-10-01 22:00,Uzbekistan,Syria,Uzbekistan,Syria,International - Friendlies,7,1.6170,4.0400,7.7500,0.621545,0.248772,0.129682,1.000
2026-10-02T03:05:26+08:00,2026-10-02T03:00:00+08:00,FB6023,2026-10-02 19:35,China,Palestine,China,Palestine,International - Friendlies,6,2.7410,3.6400,2.6500,0.358762,0.270156,0.371082,1.000
2026-10-02T03:05:26+08:00,2026-10-02T03:00:00+08:00,FB6026,2026-10-02 09:30,Seattle Sounders,Sporting Kansas City,Seattle Sounders,Sporting Kansas City,USA ‐ Major League Soccer,7,1.5530,4.9500,5.5200,0.626929,0.196691,0.176380,1.000
2026-10-02T03:05:26+08:00,2026-10-02T03:00:00+08:00,FB6033,2026-10-02 08:13,CA Platense,Estudiantes,CA Platense,Estudiantes La Plata,Argentina ‐ Cup,7,3.7500,2.7800,2.4840,0.259163,0.349590,0.391248,1.000
2026-10-02T03:05:26+08:00,2026-10-02T03:00:00+08:00,FB6071,2026-10-02 07:58,Novorizontino,Goias,Novorizontino SP,Goias,Brazil ‐ Serie B,7,1.6620,4.0150,5.6200,0.584906,0.242120,0.172974,1.000
2026-10-02T03:05:26+08:00,2026-10-02T03:00:00+08:00,FB6072,2026-10-02 07:28,Athletic Club MG,Sport Recife,Athletic Club MG,Sport Club do Recife,Brazil ‐ Serie B,7,2.2900,3.4500,3.5140,0.431882,0.286670,0.281448,0.944
2026-10-02T03:05:26+08:00,2026-10-02T03:00:00+08:00,FB6083,2026-10-03 01:30,Andorra U21,Moldova U21,Andorra U21,Moldova U21,UEFA - European Championship U21,7,2.6520,3.4300,2.7910,0.367191,0.283904,0.348904,1.000
2026-10-02T03:05:26+08:00,2026-10-02T03:00:00+08:00,FB6084,2026-10-03 02:30,CD Eldense,Oviedo,CD Eldense,Real Oviedo,Spain ‐ Segunda Division,7,2.7770,3.0950,2.9290,0.351450,0.315339,0.333211,1.000
2026-10-02T03:05:26+08:00,2026-10-02T03:00:00+08:00,FB6085,2026-10-03 02:45,Ukraine,Northern Ireland,Ukraine,Northern Ireland,UEFA - Nations League,7,1.9600,3.4000,4.5550,0.498314,0.287263,0.214423,1.000
2026-10-02T03:05:26+08:00,2026-10-02T03:00:00+08:00,FB6086,2026-10-03 08:28,Boca Juniors,Union Santa Fe,Boca Juniors,Union Santa Fe,Argentina ‐ Liga Profesional,7,1.5840,4.0000,6.1200,0.604294,0.239300,0.156406,1.000
2026-10-02T03:05:26+08:00,2026-10-02T03:00:00+08:00,FB6087,2026-10-03 08:28,Independiente Rivadavia,Gimnasia LP,Independiente Rivadavia,Gimnasia La Plata,Argentina ‐ Liga Profesional,7,1.8900,3.5100,4.4250,0.508756,0.273945,0.217299,0.893
2026-10-02T03:05:26+08:00,2026-10-02T03:00:00+08:00,FB6088,2026-10-03 06:13,Independiente,Instituto de Cordoba,CA Independiente Avellaneda,Instituto AC Cordoba,Argentina ‐ Liga Profesional,7,2.4540,3.1000,3.3450,0.396001,0.313480,0.290519,0.970
2026-10-02T03:05:26+08:00,2026-10-02T03:00:00+08:00,FB6089,2026-10-02 08:00,Dominican Republic,Haiti,Dominican Republic,Haiti,CONCACAF - Nations League,7,4.6000,4.2530,1.6680,0.206638,0.223497,0.569865,1.000
2026-10-02T03:05:26+08:00,2026-10-02T03:00:00+08:00,FB6090,2026-10-03 00:00,Cyprus,Armenia,Cyprus,Armenia,UEFA - Nations League,7,2.4160,3.4000,3.3100,0.409753,0.291165,0.299082,1.000
2026-10-02T03:05:26+08:00,2026-10-02T03:00:00+08:00,FB6091,2026-10-03 06:57,Universidad Concepcion,Huachipato,Universidad de Concepcion,Huachipato,Chile ‐ Primera Division,7,2.0800,3.5500,3.4350,0.456320,0.267365,0.276316,0.968
2026-10-02T03:05:26+08:00,2026-10-02T03:00:00+08:00,FB6092,2026-10-03 02:45,Poland,Romania,Poland,Romania,UEFA - Nations League,7,1.5680,4.3900,6.1200,0.619815,0.221383,0.158802,1.000
2026-10-02T03:05:26+08:00,2026-10-02T03:00:00+08:00,FB6093,2026-10-03 02:45,England U21,Slovakia U21,England U21,Slovakia U21,UEFA - European Championship U21,7,1.1860,7.6000,14.0000,0.805953,0.125771,0.068276,1.000
2026-10-02T03:05:26+08:00,2026-10-02T03:00:00+08:00,FB6094,2026-10-03 02:45,Belgium,Turkiye,Belgium,Turkey,UEFA - Nations League,7,1.5520,4.9500,5.6700,0.630018,0.197533,0.172449,0.885
2026-10-02T03:05:26+08:00,2026-10-02T03:00:00+08:00,FB6095,2026-10-03 07:00,Sao Paulo,Santos,Sao Paulo SP,Santos SP,Brazil ‐ Serie A,7,2.1000,3.4450,3.7350,0.460442,0.280676,0.258883,0.940
2026-10-02T03:05:26+08:00,2026-10-02T03:00:00+08:00,FB6096,2026-10-03 00:00,Ukraine U21,Croatia U21,Ukraine U21,Croatia U21,UEFA - European Championship U21,7,3.2600,3.7850,2.2040,0.299363,0.257840,0.442797,1.000
2026-10-02T03:05:26+08:00,2026-10-02T03:00:00+08:00,FB6097,2026-10-03 03:00,Helmond,Heracles,Helmond Sport,Heracles Almelo,Netherlands ‐ Eerste Divisie,7,7.3600,5.5000,1.3700,0.129694,0.173554,0.696751,0.970
2026-10-02T03:05:26+08:00,2026-10-02T03:00:00+08:00,FB6098,2026-10-03 02:45,Faroe Islands,Slovakia,Faroe Islands,Slovakia,UEFA - Nations League,7,6.2200,3.8500,1.6490,0.156554,0.252926,0.590519,1.000
2026-10-02T03:05:26+08:00,2026-10-02T03:00:00+08:00,FB6099,2026-10-03 02:45,France,Italy,France,Italy,UEFA - Nations League,7,1.4540,5.2000,6.9000,0.670988,0.187619,0.141394,1.000
2026-10-02T03:05:26+08:00,2026-10-02T03:00:00+08:00,FB6103,2026-10-02 06:00,Curacao,Trinidad and Tobago,Curacao,Trinidad and Tobago,CONCACAF - Nations League,7,1.5400,4.4200,5.7440,0.618612,0.215534,0.165853,1.000
2026-10-02T03:05:26+08:00,2026-10-02T03:00:00+08:00,FB6104,2026-10-02 23:45,Khor Fakkan,Al Jazira,Al-Khaleej Khor Fakkan,Al Jazira Abu Dhabi,United Arab Emirates ‐ League Cup,3,5.2800,4.7050,1.5560,0.181306,0.203464,0.615230,0.940
2026-10-02T03:05:26+08:00,2026-10-02T03:00:00+08:00,FB6105,2026-10-02 23:45,Shabab Al Ahli,Al Nasr SC,Al Ahli Dubai,Al Nasr Dubai,United Arab Emirates ‐ League Cup,3,1.6330,4.7250,4.9030,0.595710,0.205882,0.198408,1.000
2026-10-02T03:05:26+08:00,2026-10-02T03:00:00+08:00,FB6106,2026-10-02 21:15,Al Wasl,Kalba FC,Al Wasl Dubai,Al Ittihad Kalba,United Arab Emirates ‐ League Cup,4,1.3800,5.6500,7.6000,0.701347,0.171303,0.127350,0.940
2026-10-02T03:05:26+08:00,2026-10-02T03:00:00+08:00,FB6107,2026-10-02 10:00,Nicaragua,Costa Rica,Nicaragua,Costa Rica,CONCACAF - Nations League,7,6.9910,4.4830,1.4830,0.137485,0.214400,0.648115,1.000
2026-10-02T03:05:26+08:00,2026-10-02T03:00:00+08:00,FB6108,2026-10-03 00:00,Slovenia U21,Netherlands U21,Slovenia U21,Netherlands U21,UEFA - European Championship U21,7,10.0200,5.6600,1.3160,0.096299,0.170480,0.733221,1.000
2026-10-02T03:05:26+08:00,2026-10-02T03:00:00+08:00,FB6109,2026-10-02 22:00,Kazakhstan,Moldova,Kazakhstan,Moldova,UEFA - Nations League,7,1.9000,3.6500,4.6500,0.518363,0.269833,0.211804,1.000
2026-10-02T03:05:26+08:00,2026-10-02T03:00:00+08:00,FB6110,2026-10-03 02:45,Hungary,Georgia,Hungary,Georgia,UEFA - Nations League,7,2.1460,3.5500,3.7500,0.459395,0.277708,0.262897,1.000
2026-10-02T03:05:26+08:00,2026-10-02T03:00:00+08:00,FB6111,2026-10-03 00:00,Latvia,Montenegro,Latvia,Montenegro,UEFA - Nations League,7,4.8400,3.6700,1.8800,0.204362,0.269513,0.526124,1.000
2026-10-02T03:05:26+08:00,2026-10-02T03:00:00+08:00,FB6112,2026-10-03 02:45,Bosnia-Herzegovina,Sweden,Bosnia-Herzegovina,Sweden,UEFA - Nations League,7,2.7000,3.6200,2.6350,0.360943,0.269211,0.369846,1.000
2026-10-02T03:05:26+08:00,2026-10-02T03:00:00+08:00,FB6114,2026-10-03 11:00,Atletico La Paz,Venados,CA La Paz,Venados,Mexico ‐ Liga de Expansion,5,1.5870,5.0100,4.7500,0.605741,0.191878,0.202381,0.833
2026-10-02T03:05:26+08:00,2026-10-02T03:00:00+08:00,FB6115,2026-10-04 00:00,Croatia,England,Croatia,England,UEFA - Nations League,7,4.1850,4.1000,1.9120,0.237556,0.242481,0.519964,1.000
2026-10-02T03:05:26+08:00,2026-10-02T03:00:00+08:00,FB6116,2026-10-03 00:00,Austria U21,Denmark U21,Austria U21,Denmark U21,UEFA - European Championship U21,7,2.7840,3.7400,2.4940,0.349569,0.260214,0.390217,1.000
2026-10-02T03:05:26+08:00,2026-10-02T03:00:00+08:00,FB6117,2026-10-02 21:15,Al Ain,Ajman Club,Al Ain FC,Ajman Club,United Arab Emirates ‐ League Cup,4,1.3570,5.8300,8.1000,0.714137,0.166224,0.119640,1.000
2026-10-02T03:05:26+08:00,2026-10-02T03:00:00+08:00,FB6119,2026-10-03 08:00,Colombia,Paraguay,Colombia,Paraguay,International - Friendlies,6,1.7980,3.7200,5.1000,0.544697,0.263270,0.192032,1.000
2026-10-02T03:05:26+08:00,2026-10-02T03:00:00+08:00,FB6120,2026-10-03 14:00,China AM,Uzbekistan AM,China U23,Uzbekistan U23,Asia - AFC - Asian Games U23,5,4.5200,3.8000,1.9170,0.219910,0.261577,0.518514,1.000
2026-10-02T03:05:26+08:00,2026-10-02T03:00:00+08:00,FB6123,2026-10-04 04:57,Deportivo Maldonado,Central Espanol,Deportivo Maldonado,Central Espanol,Uruguay ‐ Primera Division,5,1.6900,3.9050,5.2700,0.570300,0.246814,0.182886,1.000
2026-10-02T03:05:26+08:00,2026-10-02T03:00:00+08:00,FB6128,2026-10-03 13:00,Albirex Niigata,Tokushima Vortis,Albirex Niigata,Tokushima Vortis,Japan ‐ J2 League,7,2.5800,3.4100,2.8740,0.376747,0.285046,0.338207,1.000
2026-10-02T03:05:26+08:00,2026-10-02T03:00:00+08:00,FB6129,2026-10-03 15:00,Ventforet Kofu,Kataller Toyama,Ventforet Kofu,Kataller Toyama,Japan ‐ J2 League,7,4.3900,4.1250,1.7800,0.220725,0.234904,0.544371,1.000
2026-10-02T03:05:26+08:00,2026-10-02T03:00:00+08:00,FB6131,2026-10-03 16:00,Tochigi City,FC Imabari,Tochigi UVA,Imabari,Japan ‐ J2 League,7,1.9600,4.2000,3.5720,0.496185,0.231553,0.272263,1.000
2026-10-02T03:05:26+08:00,2026-10-02T03:00:00+08:00,FB6133,2026-10-04 00:00,Estonia,Luxembourg,Estonia,Luxembourg,UEFA - Nations League,7,3.2000,3.1500,2.5810,0.307153,0.312029,0.380818,1.000
2026-10-02T03:05:26+08:00,2026-10-02T03:00:00+08:00,FB6134,2026-10-04 00:00,Iceland,Bulgaria,Iceland,Bulgaria,UEFA - Nations League,7,1.4430,4.8000,8.3000,0.678205,0.203885,0.117910,1.000
2026-10-02T03:05:26+08:00,2026-10-02T03:00:00+08:00,FB6137,2026-10-02 17:00,Thailand,Philippines,Thailand,Philippines,Asia - AFF Cup,7,1.5550,4.4950,5.7000,0.617762,0.213708,0.168530,1.000
2026-10-02T03:05:26+08:00,2026-10-02T03:00:00+08:00,FB6138,2026-10-02 17:00,Vietnam,Pakistan,Vietnam,Pakistan,Asia - AFF Cup,7,1.1250,9.2200,18.0000,0.844226,0.103010,0.052764,1.000
2026-10-02T03:05:26+08:00,2026-10-02T03:00:00+08:00,FB6140,2026-10-03 21:00,Finland,Albania,Finland,Albania,UEFA - Nations League,7,2.4690,3.2950,3.1680,0.395464,0.296328,0.308208,1.000
2026-10-02T03:05:26+08:00,2026-10-02T03:00:00+08:00,FB6141,2026-10-04 02:45,Switzerland,Slovenia,Switzerland,Slovenia,UEFA - Nations League,7,1.3670,5.1000,10.0000,0.711876,0.190811,0.097313,1.000
2026-10-02T03:05:26+08:00,2026-10-02T03:00:00+08:00,FB6145,2026-10-03 13:00,Fujieda MYFC,Shonan Bellmare,Fujieda MYFC,Shonan Bellmare,Japan ‐ J2 League,7,2.8760,3.5700,2.5200,0.339343,0.273375,0.387282,1.000
2026-10-02T03:05:26+08:00,2026-10-02T03:00:00+08:00,FB6146,2026-10-03 16:00,Oita Trinita,Montedio Yamagata,Oita Trinita,Montedio Yamagata,Japan ‐ J2 League,7,2.6680,3.4950,2.6600,0.361483,0.275947,0.362570,1.000
2026-10-02T03:05:26+08:00,2026-10-02T03:00:00+08:00,FB6147,2026-10-04 02:45,North Macedonia,Scotland,Macedonia,Scotland,UEFA - Nations League,7,5.1000,3.6400,1.8100,0.191616,0.268473,0.539912,0.970
2026-10-02T03:05:26+08:00,2026-10-02T03:00:00+08:00,FB6148,2026-10-04 02:00,Almere City,Volendam,Almere City,Volendam,Netherlands ‐ Eerste Divisie,6,1.9500,4.1130,3.3000,0.484258,0.229590,0.286152,1.000
2026-10-02T03:05:26+08:00,2026-10-02T03:00:00+08:00,FB6149,2026-10-04 02:00,RKC Waalwijk,Emmen,RKC Waalwijk,FC Emmen,Netherlands ‐ Eerste Divisie,6,1.9700,3.9000,3.3150,0.476327,0.240606,0.283066,1.000
2026-10-02T03:05:26+08:00,2026-10-02T03:00:00+08:00,FB6150,2026-10-04 02:00,FC Eindhoven,De Graafschap,FC Eindhoven,De Graafschap,Netherlands ‐ Eerste Divisie,6,2.9000,4.0000,2.2060,0.328991,0.238518,0.432490,1.000
2026-10-02T03:05:26+08:00,2026-10-02T03:00:00+08:00,FB6151,2026-10-04 02:00,Den Bosch,Dordrecht,Den Bosch,Dordrecht,Netherlands ‐ Eerste Divisie,6,1.8800,4.1890,3.5600,0.505846,0.227021,0.267132,1.000
2026-10-02T03:05:26+08:00,2026-10-02T03:00:00+08:00,FB6152,2026-10-03 22:30,Vitesse,NAC,Vitesse Arnhem,NAC Breda,Netherlands ‐ Eerste Divisie,6,2.8520,4.1200,2.1620,0.332073,0.229872,0.438054,0.970
2026-10-02T03:05:26+08:00,2026-10-02T03:00:00+08:00,FB6154,2026-10-03 22:30,Oss,Maastricht,FC Oss,MVV Maastricht,Netherlands ‐ Eerste Divisie,6,2.2500,3.6500,2.9400,0.419860,0.258818,0.321322,1.000
2026-10-02T03:05:26+08:00,2026-10-02T03:00:00+08:00,FB6155,2026-10-03 00:30,Leverkusen Women,Werder Bremen Women,Bayer Leverkusen Women,Werder Bremen Women,Germany ‐ Bundesliga Women,6,1.6600,4.6850,4.7050,0.585776,0.207553,0.206671,0.970
2026-10-02T03:05:26+08:00,2026-10-02T03:00:00+08:00,FB6156,2026-10-03 22:00,Reading,Bradford,Reading,Bradford City,England ‐ League 1,7,2.2910,3.4400,3.1480,0.417754,0.278219,0.304026,1.000
2026-10-02T03:05:26+08:00,2026-10-02T03:00:00+08:00,FB6157,2026-10-03 22:00,Burton Albion,Huddersfield,Burton Albion,Huddersfield Town,England ‐ League 1,7,3.8640,3.9700,1.9000,0.249564,0.242901,0.507535,0.970
2026-10-02T03:05:26+08:00,2026-10-02T03:00:00+08:00,FB6158,2026-10-03 19:30,Chesterfield,Tranmere,Chesterfield,Tranmere Rovers,England ‐ League 2,7,1.7050,4.2450,4.5220,0.562210,0.225811,0.211979,1.000
2026-10-02T03:05:26+08:00,2026-10-02T03:00:00+08:00,FB6159,2026-10-03 22:00,Leyton Orient,Plymouth,Leyton Orient,Plymouth Argyle,England ‐ League 1,7,3.6100,3.6600,2.0010,0.263822,0.260218,0.475960,1.000
2026-10-02T03:05:26+08:00,2026-10-02T03:00:00+08:00,FB6160,2026-10-03 22:00,Accrington Stanley,Cheltenham,Accrington Stanley,Cheltenham,England ‐ League 2,7,2.4060,3.8700,2.8690,0.406450,0.252692,0.340857,1.000
2026-10-02T03:05:26+08:00,2026-10-02T03:00:00+08:00,FB6161,2026-10-03 22:00,Gillingham,Newport County,Gillingham,Newport County,England ‐ League 2,7,2.0870,3.7000,3.5060,0.463109,0.261218,0.275673,1.000
2026-10-02T03:05:26+08:00,2026-10-02T03:00:00+08:00,FB6162,2026-10-03 22:00,Crewe,Bristol Rovers,Crewe Alexandra,Bristol Rovers,England ‐ League 2,7,3.0400,3.7750,2.3400,0.322119,0.259402,0.418479,1.000
2026-10-02T03:05:26+08:00,2026-10-02T03:00:00+08:00,FB6163,2026-10-03 22:00,Rochdale,Swindon,Rochdale AFC,Swindon Town,England ‐ League 2,7,2.3020,3.7900,3.0100,0.421555,0.256047,0.322398,1.000
2026-10-02T03:05:26+08:00,2026-10-02T03:00:00+08:00,FB6164,2026-10-03 22:00,Grimsby,Shrewsbury,Grimsby Town,Shrewsbury Town,England ‐ League 2,7,1.6760,4.2350,4.7420,0.571694,0.226248,0.202058,0.970
2026-10-02T03:05:26+08:00,2026-10-02T03:00:00+08:00,FB6165,2026-10-03 22:00,Exeter City,Rotherham,Exeter City,Rotherham United,England ‐ League 2,7,2.6180,3.6500,2.7100,0.372674,0.267304,0.360022,0.970
2026-10-02T03:05:26+08:00,2026-10-02T03:00:00+08:00,FB6166,2026-10-03 22:00,Salford City,Fleetwood,Salford City,Fleetwood Town,England ‐ League 2,7,1.7010,4.2100,4.8400,0.569643,0.230158,0.200199,1.000
2026-10-02T03:05:26+08:00,2026-10-02T03:00:00+08:00,FB6167,2026-10-04 00:00,Belarus,San Marino,Belarus,San Marino,UEFA - Nations League,7,1.1160,11.3800,24.0000,0.873693,0.085680,0.040627,1.000
2026-10-02T03:05:26+08:00,2026-10-02T03:00:00+08:00,FB6168,2026-10-03 01:28,Ferro Carril Oeste Women,Union Santa Fe Women,Ferro Carril Oeste Women,Union Santa Fe Women,Argentina ‐ Primera Division Women,2,1.3660,4.5500,8.1000,0.680799,0.204389,0.114811,1.000
2026-10-02T03:05:26+08:00,2026-10-02T03:00:00+08:00,FB6169,2026-10-03 01:28,Racing Club Women,Belgrano Women,Racing Club Women,Belgrano de Cordoba Women,Argentina ‐ Primera Division Women,2,1.9170,3.1000,4.0700,0.478608,0.295965,0.225428,0.859
2026-10-02T03:05:26+08:00,2026-10-02T03:00:00+08:00,FB6170,2026-10-03 01:58,San Lorenzo Women,Huracan Women,San Lorenzo Women,Atletico Huracan Women,Argentina ‐ Primera Division Women,2,1.3400,4.4000,9.3000,0.690307,0.210230,0.099464,0.970
2026-10-02T03:05:26+08:00,2026-10-02T03:00:00+08:00,FB6171,2026-10-03 07:43,Juventude,Operario Ferroviario,Juventude RS,Operario PR,Brazil ‐ Serie B,6,1.8100,3.5800,5.1250,0.537994,0.272002,0.190004,0.970
2026-10-02T03:05:26+08:00,2026-10-02T03:00:00+08:00,FB6172,2026-10-03 06:28,Sao Bernardo,CRB,Sao Bernardo SP,CRB,Brazil ‐ Serie B,6,2.4580,3.6850,2.9000,0.397675,0.265261,0.337064,1.000
2026-10-02T03:05:26+08:00,2026-10-02T03:00:00+08:00,FB6173,2026-10-03 07:28,Londrina,Criciuma,Londrina,Criciuma,Brazil ‐ Serie B,6,3.0200,3.3900,2.4960,0.322498,0.287299,0.390202,1.000
2026-10-02T03:05:26+08:00,2026-10-02T03:00:00+08:00,FB6174,2026-10-03 20:00,Albacete,Eibar,Albacete Balompie,SD Eibar,Spain ‐ Segunda Division,7,2.9100,3.4000,2.5060,0.331445,0.283678,0.384878,0.970
2026-10-02T03:05:26+08:00,2026-10-02T03:00:00+08:00,FB6175,2026-10-03 22:15,Almeria,Burgos,Almeria,Burgos CF,Spain ‐ Segunda Division,7,1.6500,4.0400,5.7140,0.589213,0.240644,0.170144,1.000
2026-10-02T03:05:26+08:00,2026-10-02T03:00:00+08:00,FB6176,2026-10-04 00:30,Cadiz,Leganes,Cadiz,CD Leganes,Spain ‐ Segunda Division,7,3.0260,3.2500,2.5500,0.320745,0.298638,0.380617,0.970
2026-10-02T03:05:26+08:00,2026-10-02T03:00:00+08:00,FB6177,2026-10-04 00:30,Sabadell,FC Andorra,CE Sabadell,Andorra CF,Spain ‐ Segunda Division,7,2.1200,3.2500,3.8900,0.455105,0.296869,0.248026,0.970
2026-10-02T03:05:26+08:00,2026-10-02T03:00:00+08:00,FB6184,2026-10-03 08:33,Fortaleza,Nautico Recife,Fortaleza CE,Nautico Capibaribe,Brazil ‐ Serie B,6,1.7930,3.8450,4.7100,0.541419,0.252474,0.206107,0.814
2026-10-02T07:16:07+08:00,2026-10-02T07:00:00+08:00,FB6023,2026-10-02 19:35,China,Palestine,China,Palestine,International - Friendlies,7,2.7200,3.6400,2.6500,0.360533,0.269410,0.370057,1.000
2026-10-02T07:16:07+08:00,2026-10-02T07:00:00+08:00,FB6026,2026-10-02 09:30,Seattle Sounders,Sporting Kansas City,Seattle Sounders,Sporting Kansas City,USA ‐ Major League Soccer,7,1.5770,4.8500,5.2800,0.615828,0.200239,0.183932,1.000
2026-10-02T07:16:07+08:00,2026-10-02T07:00:00+08:00,FB6033,2026-10-02 08:13,CA Platense,Estudiantes,CA Platense,Estudiantes La Plata,Argentina ‐ Cup,7,3.7100,2.7300,2.4840,0.259569,0.352748,0.387682,1.000
2026-10-02T07:16:07+08:00,2026-10-02T07:00:00+08:00,FB6071,2026-10-02 07:58,Novorizontino,Goias,Novorizontino SP,Goias,Brazil ‐ Serie B,7,1.6490,4.0400,6.1500,0.596552,0.243494,0.159954,1.000
2026-10-02T07:16:07+08:00,2026-10-02T07:00:00+08:00,FB6072,2026-10-02 07:28,Athletic Club MG,Sport Recife,Athletic Club MG,Sport Club do Recife,Brazil ‐ Serie B,7,2.5830,3.4600,3.1250,0.388638,0.290130,0.321232,0.944
2026-10-02T07:16:07+08:00,2026-10-02T07:00:00+08:00,FB6083,2026-10-03 01:30,Andorra U21,Moldova U21,Andorra U21,Moldova U21,UEFA - European Championship U21,7,2.6580,3.4300,2.7880,0.366529,0.284033,0.349438,1.000
2026-10-02T07:16:07+08:00,2026-10-02T07:00:00+08:00,FB6084,2026-10-03 02:30,CD Eldense,Oviedo,CD Eldense,Real Oviedo,Spain ‐ Segunda Division,7,2.7770,3.0950,2.9100,0.350687,0.314655,0.334659,1.000
2026-10-02T07:16:07+08:00,2026-10-02T07:00:00+08:00,FB6085,2026-10-03 02:45,Ukraine,Northern Ireland,Ukraine,Northern Ireland,UEFA - Nations League,7,1.9400,3.4000,4.5550,0.500878,0.285795,0.213327,1.000
2026-10-02T07:16:07+08:00,2026-10-02T07:00:00+08:00,FB6086,2026-10-03 08:28,Boca Juniors,Union Santa Fe,Boca Juniors,Union Santa Fe,Argentina ‐ Liga Profesional,7,1.5890,4.0000,6.1200,0.603540,0.239756,0.156703,1.000
2026-10-02T07:16:07+08:00,2026-10-02T07:00:00+08:00,FB6087,2026-10-03 08:28,Independiente Rivadavia,Gimnasia LP,Independiente Rivadavia,Gimnasia La Plata,Argentina ‐ Liga Profesional,7,1.9120,3.5200,4.4250,0.506259,0.274991,0.218750,0.893
2026-10-02T07:16:07+08:00,2026-10-02T07:00:00+08:00,FB6088,2026-10-03 06:13,Independiente,Instituto de Cordoba,CA Independiente Avellaneda,Instituto AC Cordoba,Argentina ‐ Liga Profesional,7,2.4810,3.1200,3.3200,0.393317,0.312762,0.293921,0.970
2026-10-02T07:16:07+08:00,2026-10-02T07:00:00+08:00,FB6089,2026-10-02 08:00,Dominican Republic,Haiti,Dominican Republic,Haiti,CONCACAF - Nations League,7,4.0580,4.0190,1.7900,0.233823,0.236092,0.530085,1.000
2026-10-02T07:16:07+08:00,2026-10-02T07:00:00+08:00,FB6090,2026-10-03 00:00,Cyprus,Armenia,Cyprus,Armenia,UEFA - Nations League,7,2.4070,3.4000,3.3100,0.410655,0.290720,0.298625,1.000
2026-10-02T07:16:07+08:00,2026-10-02T07:00:00+08:00,FB6091,2026-10-03 06:57,Universidad Concepcion,Huachipato,Universidad de Concepcion,Huachipato,Chile ‐ Primera Division,7,2.1030,3.6000,3.4800,0.456939,0.266928,0.276133,0.968
2026-10-02T07:16:07+08:00,2026-10-02T07:00:00+08:00,FB6092,2026-10-03 02:45,Poland,Romania,Poland,Romania,UEFA - Nations League,7,1.5680,4.4500,6.1200,0.621671,0.219052,0.159278,1.000
2026-10-02T07:16:07+08:00,2026-10-02T07:00:00+08:00,FB6093,2026-10-03 02:45,England U21,Slovakia U21,England U21,Slovakia U21,UEFA - European Championship U21,7,1.1860,7.6000,14.0000,0.805953,0.125771,0.068276,1.000
2026-10-02T07:16:07+08:00,2026-10-02T07:00:00+08:00,FB6094,2026-10-03 02:45,Belgium,Turkiye,Belgium,Turkey,UEFA - Nations League,7,1.5520,4.9500,5.6000,0.628663,0.197108,0.174229,0.885
2026-10-02T07:16:07+08:00,2026-10-02T07:00:00+08:00,FB6095,2026-10-03 07:00,Sao Paulo,Santos,Sao Paulo SP,Santos SP,Brazil ‐ Serie A,7,2.1060,3.4500,3.7410,0.460112,0.280868,0.259020,0.940
2026-10-02T07:16:07+08:00,2026-10-02T07:00:00+08:00,FB6096,2026-10-03 00:00,Ukraine U21,Croatia U21,Ukraine U21,Croatia U21,UEFA - European Championship U21,7,3.2600,3.7850,2.2110,0.299784,0.258202,0.442015,1.000
2026-10-02T07:16:07+08:00,2026-10-02T07:00:00+08:00,FB6097,2026-10-03 03:00,Helmond,Heracles,Helmond Sport,Heracles Almelo,Netherlands ‐ Eerste Divisie,7,7.3600,5.5000,1.3700,0.129694,0.173554,0.696751,0.970
2026-10-02T07:16:07+08:00,2026-10-02T07:00:00+08:00,FB6098,2026-10-03 02:45,Faroe Islands,Slovakia,Faroe Islands,Slovakia,UEFA - Nations League,7,6.2200,3.8500,1.6490,0.156554,0.252926,0.590519,1.000
2026-10-02T07:16:07+08:00,2026-10-02T07:00:00+08:00,FB6099,2026-10-03 02:45,France,Italy,France,Italy,UEFA - Nations League,7,1.4530,5.2100,6.9000,0.671381,0.187239,0.141379,1.000
2026-10-02T07:16:07+08:00,2026-10-02T07:00:00+08:00,FB6104,2026-10-02 23:45,Khor Fakkan,Al Jazira,Al-Khaleej Khor Fakkan,Al Jazira Abu Dhabi,United Arab Emirates ‐ League Cup,3,5.2800,4.7050,1.5560,0.181306,0.203464,0.615230,0.940
2026-10-02T07:16:07+08:00,2026-10-02T07:00:00+08:00,FB6105,2026-10-02 23:45,Shabab Al Ahli,Al Nasr SC,Al Ahli Dubai,Al Nasr Dubai,United Arab Emirates ‐ League Cup,3,1.6330,4.7250,4.9030,0.595710,0.205882,0.198408,1.000
2026-10-02T07:16:07+08:00,2026-10-02T07:00:00+08:00,FB6106,2026-10-02 21:15,Al Wasl,Kalba FC,Al Wasl Dubai,Al Ittihad Kalba,United Arab Emirates ‐ League Cup,4,1.3800,5.6500,7.6000,0.701347,0.171303,0.127350,0.940
2026-10-02T07:16:07+08:00,2026-10-02T07:00:00+08:00,FB6107,2026-10-02 10:00,Nicaragua,Costa Rica,Nicaragua,Costa Rica,CONCACAF - Nations League,7,12.2500,6.1720,1.2400,0.077738,0.154291,0.767971,1.000
2026-10-02T07:16:07+08:00,2026-10-02T07:00:00+08:00,FB6108,2026-10-03 00:00,Slovenia U21,Netherlands U21,Slovenia U21,Netherlands U21,UEFA - European Championship U21,7,9.3400,5.6600,1.3220,0.102931,0.169855,0.727214,1.000
2026-10-02T07:16:07+08:00,2026-10-02T07:00:00+08:00,FB6109,2026-10-02 22:00,Kazakhstan,Moldova,Kazakhstan,Moldova,UEFA - Nations League,7,1.9200,3.6000,4.6500,0.513812,0.274033,0.212155,1.000
2026-10-02T07:16:07+08:00,2026-10-02T07:00:00+08:00,FB6110,2026-10-03 02:45,Hungary,Georgia,Hungary,Georgia,UEFA - Nations League,7,2.1460,3.5000,3.7130,0.456389,0.279832,0.263779,1.000
2026-10-02T07:16:07+08:00,2026-10-02T07:00:00+08:00,FB6111,2026-10-03 00:00,Latvia,Montenegro,Latvia,Montenegro,UEFA - Nations League,7,4.6800,3.6500,1.8800,0.209575,0.268716,0.521709,1.000
2026-10-02T07:16:07+08:00,2026-10-02T07:00:00+08:00,FB6112,2026-10-03 02:45,Bosnia-Herzegovina,Sweden,Bosnia-Herzegovina,Sweden,UEFA - Nations League,7,2.7300,3.6800,2.5570,0.355935,0.264049,0.380016,1.000
2026-10-02T07:16:07+08:00,2026-10-02T07:00:00+08:00,FB6114,2026-10-03 11:00,Atletico La Paz,Venados,CA La Paz,Venados,Mexico ‐ Liga de Expansion,6,1.5870,5.0100,4.7500,0.605741,0.191878,0.202381,0.833
2026-10-02T07:16:07+08:00,2026-10-02T07:00:00+08:00,FB6115,2026-10-04 00:00,Croatia,England,Croatia,England,UEFA - Nations League,7,4.1610,4.1000,1.9120,0.238599,0.242149,0.519252,1.000
2026-10-02T07:16:07+08:00,2026-10-02T07:00:00+08:00,FB6116,2026-10-03 00:00,Austria U21,Denmark U21,Austria U21,Denmark U21,UEFA - European Championship U21,7,2.7840,3.7400,2.4940,0.349569,0.260214,0.390217,1.000
2026-10-02T07:16:07+08:00,2026-10-02T07:00:00+08:00,FB6117,2026-10-02 21:15,Al Ain,Ajman Club,Al Ain FC,Ajman Club,United Arab Emirates ‐ League Cup,4,1.3570,5.8300,8.1000,0.714137,0.166224,0.119640,1.000
2026-10-02T07:16:07+08:00,2026-10-02T07:00:00+08:00,FB6119,2026-10-03 08:00,Colombia,Paraguay,Colombia,Paraguay,International - Friendlies,6,1.7980,3.7200,5.1000,0.544697,0.263270,0.192032,1.000
2026-10-02T07:16:07+08:00,2026-10-02T07:00:00+08:00,FB6120,2026-10-03 14:00,China AM,Uzbekistan AM,China U23,Uzbekistan U23,Asia - AFC - Asian Games U23,5,4.2400,3.8600,1.8770,0.229496,0.252089,0.518415,1.000
2026-10-02T07:16:07+08:00,2026-10-02T07:00:00+08:00,FB6123,2026-10-04 04:57,Deportivo Maldonado,Central Espanol,Deportivo Maldonado,Central Espanol,Uruguay ‐ Primera Division,6,1.6900,3.9050,5.4080,0.572974,0.247971,0.179055,1.000
2026-10-02T07:16:07+08:00,2026-10-02T07:00:00+08:00,FB6128,2026-10-03 13:00,Albirex Niigata,Tokushima Vortis,Albirex Niigata,Tokushima Vortis,Japan ‐ J2 League,7,2.5800,3.4100,2.8740,0.376747,0.285046,0.338207,1.000
2026-10-02T07:16:07+08:00,2026-10-02T07:00:00+08:00,FB6129,2026-10-03 15:00,Ventforet Kofu,Kataller Toyama,Ventforet Kofu,Kataller Toyama,Japan ‐ J2 League,7,4.3900,4.1250,1.7800,0.220725,0.234904,0.544371,1.000
2026-10-02T07:16:07+08:00,2026-10-02T07:00:00+08:00,FB6131,2026-10-03 16:00,Tochigi City,FC Imabari,Tochigi UVA,Imabari,Japan ‐ J2 League,7,1.9600,4.2000,3.5600,0.495730,0.231341,0.272930,1.000
2026-10-02T07:16:07+08:00,2026-10-02T07:00:00+08:00,FB6133,2026-10-04 00:00,Estonia,Luxembourg,Estonia,Luxembourg,UEFA - Nations League,7,3.2000,3.1500,2.5810,0.307153,0.312029,0.380818,1.000
2026-10-02T07:16:07+08:00,2026-10-02T07:00:00+08:00,FB6134,2026-10-04 00:00,Iceland,Bulgaria,Iceland,Bulgaria,UEFA - Nations League,7,1.4370,4.8000,8.3000,0.679114,0.203310,0.117577,1.000
2026-10-02T07:16:07+08:00,2026-10-02T07:00:00+08:00,FB6137,2026-10-02 17:00,Thailand,Philippines,Thailand,Philippines,Asia - AFF Cup,7,1.5840,4.4650,5.6000,0.610644,0.216631,0.172725,1.000
2026-10-02T07:16:07+08:00,2026-10-02T07:00:00+08:00,FB6138,2026-10-02 17:00,Vietnam,Pakistan,Vietnam,Pakistan,Asia - AFF Cup,7,1.1310,9.2200,18.0000,0.843525,0.103474,0.053001,1.000
2026-10-02T07:16:07+08:00,2026-10-02T07:00:00+08:00,FB6140,2026-10-03 21:00,Finland,Albania,Finland,Albania,UEFA - Nations League,7,2.4690,3.2950,3.1680,0.395464,0.296328,0.308208,1.000
2026-10-02T07:16:07+08:00,2026-10-02T07:00:00+08:00,FB6141,2026-10-04 02:45,Switzerland,Slovenia,Switzerland,Slovenia,UEFA - Nations League,7,1.3670,5.1000,10.0000,0.711876,0.190811,0.097313,1.000
2026-10-02T07:16:07+08:00,2026-10-02T07:00:00+08:00,FB6145,2026-10-03 13:00,Fujieda MYFC,Shonan Bellmare,Fujieda MYFC,Shonan Bellmare,Japan ‐ J2 League,7,2.9250,3.5700,2.5200,0.335566,0.274938,0.389496,1.000
2026-10-02T07:16:07+08:00,2026-10-02T07:00:00+08:00,FB6146,2026-10-03 16:00,Oita Trinita,Montedio Yamagata,Oita Trinita,Montedio Yamagata,Japan ‐ J2 League,7,2.6820,3.4950,2.6600,0.360276,0.276469,0.363255,1.000
2026-10-02T07:16:07+08:00,2026-10-02T07:00:00+08:00,FB6147,2026-10-04 02:45,North Macedonia,Scotland,Macedonia,Scotland,UEFA - Nations League,7,5.1000,3.6400,1.8100,0.191616,0.268473,0.539912,0.970
2026-10-02T07:16:07+08:00,2026-10-02T07:00:00+08:00,FB6148,2026-10-04 02:00,Almere City,Volendam,Almere City,Volendam,Netherlands ‐ Eerste Divisie,6,1.9500,4.1130,3.3000,0.484258,0.229590,0.286152,1.000
2026-10-02T07:16:07+08:00,2026-10-02T07:00:00+08:00,FB6149,2026-10-04 02:00,RKC Waalwijk,Emmen,RKC Waalwijk,FC Emmen,Netherlands ‐ Eerste Divisie,6,1.9700,3.9000,3.3150,0.476327,0.240606,0.283066,1.000
2026-10-02T07:16:07+08:00,2026-10-02T07:00:00+08:00,FB6150,2026-10-04 02:00,FC Eindhoven,De Graafschap,FC Eindhoven,De Graafschap,Netherlands ‐ Eerste Divisie,6,2.9000,4.0000,2.1900,0.327955,0.237767,0.434278,1.000
2026-10-02T07:16:07+08:00,2026-10-02T07:00:00+08:00,FB6151,2026-10-04 02:00,Den Bosch,Dordrecht,Den Bosch,Dordrecht,Netherlands ‐ Eerste Divisie,6,1.8800,4.1890,3.5600,0.505846,0.227021,0.267132,1.000
2026-10-02T07:16:07+08:00,2026-10-02T07:00:00+08:00,FB6152,2026-10-03 22:30,Vitesse,NAC,Vitesse Arnhem,NAC Breda,Netherlands ‐ Eerste Divisie,6,2.8210,4.1200,2.1510,0.333757,0.228526,0.437717,0.970
2026-10-02T07:16:07+08:00,2026-10-02T07:00:00+08:00,FB6154,2026-10-03 22:30,Oss,Maastricht,FC Oss,MVV Maastricht,Netherlands ‐ Eerste Divisie,6,2.2530,3.6500,2.9400,0.419536,0.258963,0.321501,1.000
2026-10-02T07:16:07+08:00,2026-10-02T07:00:00+08:00,FB6155,2026-10-03 00:30,Leverkusen Women,Werder Bremen Women,Bayer Leverkusen Women,Werder Bremen Women,Germany ‐ Bundesliga Women,6,1.6600,4.7000,4.7250,0.586677,0.207209,0.206113,0.970
2026-10-02T07:16:07+08:00,2026-10-02T07:00:00+08:00,FB6156,2026-10-03 22:00,Reading,Bradford,Reading,Bradford City,England ‐ League 1,7,2.3140,3.4400,3.1100,0.413783,0.278341,0.307876,1.000
2026-10-02T07:16:07+08:00,2026-10-02T07:00:00+08:00,FB6157,2026-10-03 22:00,Burton Albion,Huddersfield,Burton Albion,Huddersfield Town,England ‐ League 1,7,3.8500,3.9700,1.9000,0.250245,0.242681,0.507075,0.970
2026-10-02T07:16:07+08:00,2026-10-02T07:00:00+08:00,FB6158,2026-10-03 19:30,Chesterfield,Tranmere,Chesterfield,Tranmere Rovers,England ‐ League 2,7,1.7050,4.2450,4.5220,0.562210,0.225811,0.211979,1.000
2026-10-02T07:16:07+08:00,2026-10-02T07:00:00+08:00,FB6159,2026-10-03 22:00,Leyton Orient,Plymouth,Leyton Orient,Plymouth Argyle,England ‐ League 1,7,3.6100,3.6650,1.9960,0.263601,0.259645,0.476754,1.000
2026-10-02T07:16:07+08:00,2026-10-02T07:00:00+08:00,FB6160,2026-10-03 22:00,Accrington Stanley,Cheltenham,Accrington Stanley,Cheltenham,England ‐ League 2,7,2.4060,3.8700,2.8690,0.406450,0.252692,0.340857,1.000
2026-10-02T07:16:07+08:00,2026-10-02T07:00:00+08:00,FB6161,2026-10-03 22:00,Gillingham,Newport County,Gillingham,Newport County,England ‐ League 2,7,2.0870,3.7000,3.4430,0.460785,0.259907,0.279308,1.000
2026-10-02T07:16:07+08:00,2026-10-02T07:00:00+08:00,FB6162,2026-10-03 22:00,Crewe,Bristol Rovers,Crewe Alexandra,Bristol Rovers,England ‐ League 2,7,3.0100,3.7750,2.3400,0.324288,0.258572,0.417140,1.000
2026-10-02T07:16:07+08:00,2026-10-02T07:00:00+08:00,FB6163,2026-10-03 22:00,Rochdale,Swindon,Rochdale AFC,Swindon Town,England ‐ League 2,7,2.3020,3.7900,3.0100,0.421555,0.256047,0.322398,1.000
2026-10-02T07:16:07+08:00,2026-10-02T07:00:00+08:00,FB6164,2026-10-03 22:00,Grimsby,Shrewsbury,Grimsby Town,Shrewsbury Town,England ‐ League 2,7,1.6660,4.2350,4.7860,0.574222,0.225892,0.199886,0.970
2026-10-02T07:16:07+08:00,2026-10-02T07:00:00+08:00,FB6165,2026-10-03 22:00,Exeter City,Rotherham,Exeter City,Rotherham United,England ‐ League 2,7,2.6100,3.6500,2.7100,0.373390,0.266999,0.359611,0.970
2026-10-02T07:16:07+08:00,2026-10-02T07:00:00+08:00,FB6166,2026-10-03 22:00,Salford City,Fleetwood,Salford City,Fleetwood Town,England ‐ League 2,7,1.7010,4.2100,4.8440,0.569738,0.230196,0.200067,1.000
2026-10-02T07:16:07+08:00,2026-10-02T07:00:00+08:00,FB6167,2026-10-04 00:00,Belarus,San Marino,Belarus,San Marino,UEFA - Nations League,7,1.1160,11.4700,24.0000,0.874281,0.085065,0.040654,1.000
2026-10-02T07:16:07+08:00,2026-10-02T07:00:00+08:00,FB6168,2026-10-03 01:28,Ferro Carril Oeste Women,Union Santa Fe Women,Ferro Carril Oeste Women,Union Santa Fe Women,Argentina ‐ Primera Division Women,2,1.3620,4.6000,8.1000,0.682950,0.202213,0.114837,1.000
2026-10-02T07:16:07+08:00,2026-10-02T07:00:00+08:00,FB6169,2026-10-03 01:28,Racing Club Women,Belgrano Women,Racing Club Women,Belgrano de Cordoba Women,Argentina ‐ Primera Division Women,2,1.9170,3.1000,4.0700,0.478608,0.295965,0.225428,0.859
2026-10-02T07:16:07+08:00,2026-10-02T07:00:00+08:00,FB6170,2026-10-03 01:58,San Lorenzo Women,Huracan Women,San Lorenzo Women,Atletico Huracan Women,Argentina ‐ Primera Division Women,2,1.3400,4.4000,9.3000,0.690307,0.210230,0.099464,0.970
2026-10-02T07:16:07+08:00,2026-10-02T07:00:00+08:00,FB6171,2026-10-03 07:43,Juventude,Operario Ferroviario,Juventude RS,Operario PR,Brazil ‐ Serie B,6,1.8100,3.5800,5.1250,0.537994,0.272002,0.190004,0.970
2026-10-02T07:16:07+08:00,2026-10-02T07:00:00+08:00,FB6172,2026-10-03 06:28,Sao Bernardo,CRB,Sao Bernardo SP,CRB,Brazil ‐ Serie B,6,2.4680,3.6850,2.9290,0.398034,0.266580,0.335386,1.000
2026-10-02T07:16:07+08:00,2026-10-02T07:00:00+08:00,FB6173,2026-10-03 07:28,Londrina,Criciuma,Londrina,Criciuma,Brazil ‐ Serie B,6,3.0200,3.3900,2.4960,0.322498,0.287299,0.390202,1.000
2026-10-02T07:16:07+08:00,2026-10-02T07:00:00+08:00,FB6174,2026-10-03 20:00,Albacete,Eibar,Albacete Balompie,SD Eibar,Spain ‐ Segunda Division,7,2.8670,3.4000,2.6100,0.339939,0.286649,0.373412,0.970
2026-10-02T07:16:07+08:00,2026-10-02T07:00:00+08:00,FB6175,2026-10-03 22:15,Almeria,Burgos,Almeria,Burgos CF,Spain ‐ Segunda Division,7,1.6500,4.0400,5.7900,0.590531,0.241182,0.168286,1.000
2026-10-02T07:16:07+08:00,2026-10-02T07:00:00+08:00,FB6176,2026-10-04 00:30,Cadiz,Leganes,Cadiz,CD Leganes,Spain ‐ Segunda Division,7,3.0290,3.2500,2.5500,0.320529,0.298733,0.380738,0.970
2026-10-02T07:16:07+08:00,2026-10-02T07:00:00+08:00,FB6177,2026-10-04 00:30,Sabadell,FC Andorra,CE Sabadell,Andorra CF,Spain ‐ Segunda Division,7,2.1200,3.2500,3.8900,0.455105,0.296869,0.248026,0.970
2026-10-02T07:16:07+08:00,2026-10-02T07:00:00+08:00,FB6184,2026-10-03 08:33,Fortaleza,Nautico Recife,Fortaleza CE,Nautico Capibaribe,Brazil ‐ Serie B,6,1.7930,3.8450,4.7100,0.541419,0.252474,0.206107,0.814
2026-10-02T10:20:17+08:00,2026-10-02T10:00:00+08:00,FB6023,2026-10-02 19:35,China,Palestine,China,Palestine,International - Friendlies,7,2.7140,3.6400,2.6500,0.361043,0.269195,0.369762,1.000
2026-10-02T10:20:17+08:00,2026-10-02T10:00:00+08:00,FB6083,2026-10-03 01:30,Andorra U21,Moldova U21,Andorra U21,Moldova U21,UEFA - European Championship U21,7,2.5730,3.4450,2.9000,0.379633,0.283540,0.336826,1.000
2026-10-02T10:20:17+08:00,2026-10-02T10:00:00+08:00,FB6084,2026-10-03 02:30,CD Eldense,Oviedo,CD Eldense,Real Oviedo,Spain ‐ Segunda Division,7,2.7770,3.1000,2.9100,0.350865,0.314307,0.334829,1.000
2026-10-02T10:20:17+08:00,2026-10-02T10:00:00+08:00,FB6085,2026-10-03 02:45,Ukraine,Northern Ireland,Ukraine,Northern Ireland,UEFA - Nations League,7,1.9400,3.4000,4.5550,0.500878,0.285795,0.213327,1.000
2026-10-02T10:20:17+08:00,2026-10-02T10:00:00+08:00,FB6086,2026-10-03 08:28,Boca Juniors,Union Santa Fe,Boca Juniors,Union Santa Fe,Argentina ‐ Liga Profesional,7,1.5910,3.9600,6.2440,0.603656,0.242530,0.153814,1.000
2026-10-02T10:20:17+08:00,2026-10-02T10:00:00+08:00,FB6087,2026-10-03 08:28,Independiente Rivadavia,Gimnasia LP,Independiente Rivadavia,Gimnasia La Plata,Argentina ‐ Liga Profesional,7,1.9080,3.5500,4.4250,0.507962,0.273012,0.219026,0.893
2026-10-02T10:20:17+08:00,2026-10-02T10:00:00+08:00,FB6088,2026-10-03 06:13,Independiente,Instituto de Cordoba,CA Independiente Avellaneda,Instituto AC Cordoba,Argentina ‐ Liga Profesional,7,2.4760,3.1200,3.3200,0.393798,0.312514,0.293688,0.970
2026-10-02T10:20:17+08:00,2026-10-02T10:00:00+08:00,FB6090,2026-10-03 00:00,Cyprus,Armenia,Cyprus,Armenia,UEFA - Nations League,7,2.4000,3.4000,3.3100,0.411360,0.290372,0.298267,1.000
2026-10-02T10:20:17+08:00,2026-10-02T10:00:00+08:00,FB6091,2026-10-03 06:57,Universidad Concepcion,Huachipato,Universidad de Concepcion,Huachipato,Chile ‐ Primera Division,7,2.1130,3.6000,3.4800,0.455762,0.267507,0.276731,0.968
2026-10-02T10:20:17+08:00,2026-10-02T10:00:00+08:00,FB6092,2026-10-03 02:45,Poland,Romania,Poland,Romania,UEFA - Nations League,7,1.5680,4.4500,6.1200,0.621671,0.219052,0.159278,1.000
2026-10-02T10:20:17+08:00,2026-10-02T10:00:00+08:00,FB6093,2026-10-03 02:45,England U21,Slovakia U21,England U21,Slovakia U21,UEFA - European Championship U21,7,1.1860,7.6000,14.0000,0.805953,0.125771,0.068276,1.000
2026-10-02T10:20:17+08:00,2026-10-02T10:00:00+08:00,FB6094,2026-10-03 02:45,Belgium,Turkiye,Belgium,Turkey,UEFA - Nations League,7,1.5520,4.9500,5.6400,0.629440,0.197352,0.173208,0.885
2026-10-02T10:20:17+08:00,2026-10-02T10:00:00+08:00,FB6095,2026-10-03 07:00,Sao Paulo,Santos,Sao Paulo SP,Santos SP,Brazil ‐ Serie A,7,2.1250,3.4500,3.7350,0.457690,0.281911,0.260399,0.940
2026-10-02T10:20:17+08:00,2026-10-02T10:00:00+08:00,FB6096,2026-10-03 00:00,Ukraine U21,Croatia U21,Ukraine U21,Croatia U21,UEFA - European Championship U21,7,3.2600,3.7850,2.2110,0.299784,0.258202,0.442015,1.000
2026-10-02T10:20:17+08:00,2026-10-02T10:00:00+08:00,FB6097,2026-10-03 03:00,Helmond,Heracles,Helmond Sport,Heracles Almelo,Netherlands ‐ Eerste Divisie,7,7.3600,5.4500,1.3700,0.129488,0.174868,0.695644,0.970
2026-10-02T10:20:17+08:00,2026-10-02T10:00:00+08:00,FB6098,2026-10-03 02:45,Faroe Islands,Slovakia,Faroe Islands,Slovakia,UEFA - Nations League,7,6.2200,3.8500,1.6490,0.156554,0.252926,0.590519,1.000
2026-10-02T10:20:17+08:00,2026-10-02T10:00:00+08:00,FB6099,2026-10-03 02:45,France,Italy,France,Italy,UEFA - Nations League,7,1.4520,5.2000,6.9000,0.671292,0.187445,0.141263,1.000
2026-10-02T10:20:17+08:00,2026-10-02T10:00:00+08:00,FB6104,2026-10-02 23:45,Khor Fakkan,Al Jazira,Al-Khaleej Khor Fakkan,Al Jazira Abu Dhabi,United Arab Emirates ‐ League Cup,4,5.2800,4.7050,1.5560,0.181306,0.203464,0.615230,0.940
2026-10-02T10:20:17+08:00,2026-10-02T10:00:00+08:00,FB6105,2026-10-02 23:45,Shabab Al Ahli,Al Nasr SC,Al Ahli Dubai,Al Nasr Dubai,United Arab Emirates ‐ League Cup,4,1.6670,4.7250,5.6500,0.606852,0.214100,0.179048,1.000
2026-10-02T10:20:17+08:00,2026-10-02T10:00:00+08:00,FB6106,2026-10-02 21:15,Al Wasl,Kalba FC,Al Wasl Dubai,Al Ittihad Kalba,United Arab Emirates ‐ League Cup,6,1.3500,5.8400,7.7000,0.710990,0.164356,0.124654,0.940
2026-10-02T10:20:17+08:00,2026-10-02T10:00:00+08:00,FB6108,2026-10-03 00:00,Slovenia U21,Netherlands U21,Slovenia U21,Netherlands U21,UEFA - European Championship U21,7,10.0000,5.9700,1.3140,0.097225,0.162856,0.739918,1.000
2026-10-02T10:20:17+08:00,2026-10-02T10:00:00+08:00,FB6109,2026-10-02 22:00,Kazakhstan,Moldova,Kazakhstan,Moldova,UEFA - Nations League,7,1.9200,3.6000,4.6500,0.513812,0.274033,0.212155,1.000
2026-10-02T10:20:17+08:00,2026-10-02T10:00:00+08:00,FB6110,2026-10-03 02:45,Hungary,Georgia,Hungary,Georgia,UEFA - Nations League,7,2.1460,3.5000,3.7460,0.457452,0.280484,0.262064,1.000
2026-10-02T10:20:17+08:00,2026-10-02T10:00:00+08:00,FB6111,2026-10-03 00:00,Latvia,Montenegro,Latvia,Montenegro,UEFA - Nations League,7,4.6700,3.6500,1.8800,0.209930,0.268595,0.521475,1.000
2026-10-02T10:20:17+08:00,2026-10-02T10:00:00+08:00,FB6112,2026-10-03 02:45,Bosnia-Herzegovina,Sweden,Bosnia-Herzegovina,Sweden,UEFA - Nations League,7,2.7300,3.6800,2.5570,0.355935,0.264049,0.380016,1.000
2026-10-02T10:20:17+08:00,2026-10-02T10:00:00+08:00,FB6114,2026-10-03 11:00,Atletico La Paz,Venados,CA La Paz,Venados,Mexico ‐ Liga de Expansion,6,1.5870,5.0100,4.5500,0.600400,0.190186,0.209414,0.833
2026-10-02T10:20:17+08:00,2026-10-02T10:00:00+08:00,FB6115,2026-10-04 00:00,Croatia,England,Croatia,England,UEFA - Nations League,7,4.2110,4.1000,1.8700,0.233702,0.240030,0.526268,1.000
2026-10-02T10:20:17+08:00,2026-10-02T10:00:00+08:00,FB6116,2026-10-03 00:00,Austria U21,Denmark U21,Austria U21,Denmark U21,UEFA - European Championship U21,7,2.7840,3.7400,2.4940,0.349569,0.260214,0.390217,1.000
2026-10-02T10:20:17+08:00,2026-10-02T10:00:00+08:00,FB6117,2026-10-02 21:15,Al Ain,Ajman Club,Al Ain FC,Ajman Club,United Arab Emirates ‐ League Cup,6,1.3330,5.8300,8.1000,0.717765,0.164113,0.118121,1.000
2026-10-02T10:20:17+08:00,2026-10-02T10:00:00+08:00,FB6119,2026-10-03 08:00,Colombia,Paraguay,Colombia,Paraguay,International - Friendlies,6,1.7980,3.7500,5.1000,0.545847,0.261715,0.192438,1.000
2026-10-02T10:20:17+08:00,2026-10-02T10:00:00+08:00,FB6120,2026-10-03 14:00,China AM,Uzbekistan AM,China U23,Uzbekistan U23,Asia - AFC - Asian Games U23,5,4.2790,3.8600,1.8620,0.226932,0.251565,0.521504,1.000
2026-10-02T10:20:17+08:00,2026-10-02T10:00:00+08:00,FB6123,2026-10-04 04:57,Deportivo Maldonado,Central Espanol,Deportivo Maldonado,Central Espanol,Uruguay ‐ Primera Division,6,1.6900,3.9050,5.3300,0.571477,0.247323,0.181200,1.000
2026-10-02T10:20:17+08:00,2026-10-02T10:00:00+08:00,FB6124,2026-10-05 06:27,Racing Club Montevideo,Penarol,Racing Club Montevideo,Penarol Montevideo,Uruguay ‐ Primera Division,6,4.0670,3.4550,2.0340,0.239427,0.281837,0.478736,0.970
2026-10-02T10:20:17+08:00,2026-10-02T10:00:00+08:00,FB6125,2026-10-05 02:57,CA Cerro,Montevideo Wanderers,CA Cerro,Montevideo Wanderers,Uruguay ‐ Primera Division,6,2.9500,3.4000,2.4950,0.327868,0.284473,0.387659,1.000
2026-10-02T10:20:17+08:00,2026-10-02T10:00:00+08:00,FB6126,2026-10-04 23:57,Boston River,Juventud Las Piedras,CA Boston River,Juventud de Las Piedras,Uruguay ‐ Primera Division,6,2.7390,3.5400,2.6520,0.356311,0.275688,0.368000,0.935
2026-10-02T10:20:17+08:00,2026-10-02T10:00:00+08:00,FB6128,2026-10-03 13:00,Albirex Niigata,Tokushima Vortis,Albirex Niigata,Tokushima Vortis,Japan ‐ J2 League,7,2.5800,3.4100,2.8740,0.376747,0.285046,0.338207,1.000
2026-10-02T10:20:17+08:00,2026-10-02T10:00:00+08:00,FB6129,2026-10-03 15:00,Ventforet Kofu,Kataller Toyama,Ventforet Kofu,Kataller Toyama,Japan ‐ J2 League,7,4.3900,4.1250,1.7800,0.220725,0.234904,0.544371,1.000
2026-10-02T10:20:17+08:00,2026-10-02T10:00:00+08:00,FB6131,2026-10-03 16:00,Tochigi City,FC Imabari,Tochigi UVA,Imabari,Japan ‐ J2 League,7,1.9600,4.2000,3.5600,0.495730,0.231341,0.272930,1.000
2026-10-02T10:20:17+08:00,2026-10-02T10:00:00+08:00,FB6133,2026-10-04 00:00,Estonia,Luxembourg,Estonia,Luxembourg,UEFA - Nations League,7,3.2000,3.1500,2.5810,0.307153,0.312029,0.380818,1.000
2026-10-02T10:20:17+08:00,2026-10-02T10:00:00+08:00,FB6134,2026-10-04 00:00,Iceland,Bulgaria,Iceland,Bulgaria,UEFA - Nations League,7,1.4370,4.8000,8.3000,0.679114,0.203310,0.117577,1.000
2026-10-02T10:20:17+08:00,2026-10-02T10:00:00+08:00,FB6135,2026-10-04 13:00,Blaublitz Akita,Sagan Tosu,Blaublitz Akita,Sagan Tosu,Japan ‐ J2 League,6,3.2720,3.5100,2.2830,0.297142,0.276994,0.425864,1.000
2026-10-02T10:20:17+08:00,2026-10-02T10:00:00+08:00,FB6136,2026-10-04 14:00,Vegalta Sendai,Jubilo Iwata,Vegalta Sendai,Jubilo Iwata,Japan ‐ J2 League,6,2.2100,3.5950,3.1710,0.432585,0.265929,0.301486,1.000
2026-10-02T10:20:17+08:00,2026-10-02T10:00:00+08:00,FB6137,2026-10-02 17:00,Thailand,Philippines,Thailand,Philippines,Asia - AFF Cup,7,1.5630,4.4650,5.6000,0.613812,0.214869,0.171319,1.000
2026-10-02T10:20:17+08:00,2026-10-02T10:00:00+08:00,FB6138,2026-10-02 17:00,Vietnam,Pakistan,Vietnam,Pakistan,Asia - AFF Cup,7,1.1330,9.2200,18.0000,0.843292,0.103628,0.053081,1.000
2026-10-02T10:20:17+08:00,2026-10-02T10:00:00+08:00,FB6140,2026-10-03 21:00,Finland,Albania,Finland,Albania,UEFA - Nations League,7,2.4690,3.2950,3.1450,0.394575,0.295662,0.309763,1.000
2026-10-02T10:20:17+08:00,2026-10-02T10:00:00+08:00,FB6141,2026-10-04 02:45,Switzerland,Slovenia,Switzerland,Slovenia,UEFA - Nations League,7,1.3670,5.1000,10.0000,0.711876,0.190811,0.097313,1.000
2026-10-02T10:20:17+08:00,2026-10-02T10:00:00+08:00,FB6142,2026-10-04 12:00,Hokkaido Consadole Sapporo,Iwaki FC,Consadole Sapporo,Iwaki,Japan ‐ J2 League,6,2.3160,3.8400,2.8380,0.413361,0.249308,0.337331,1.000
2026-10-02T10:20:17+08:00,2026-10-02T10:00:00+08:00,FB6143,2026-10-04 12:00,Vanraure Hachinohe,FC Yokohama,Vanraure Hachinohe,Yokohama FC,Japan ‐ J2 League,6,4.3590,3.9250,1.8400,0.223234,0.247918,0.528847,1.000
2026-10-02T10:20:17+08:00,2026-10-02T10:00:00+08:00,FB6144,2026-10-04 18:00,Tegevajaro Miyazaki,RB Omiya Ardija,Tegevajaro Miyazaki,Omiya Ardija,Japan ‐ J2 League,6,2.5650,3.8050,2.5900,0.375310,0.253002,0.371688,1.000
2026-10-02T10:20:17+08:00,2026-10-02T10:00:00+08:00,FB6145,2026-10-03 13:00,Fujieda MYFC,Shonan Bellmare,Fujieda MYFC,Shonan Bellmare,Japan ‐ J2 League,7,2.9280,3.5700,2.5200,0.335337,0.275033,0.389630,1.000
2026-10-02T10:20:17+08:00,2026-10-02T10:00:00+08:00,FB6146,2026-10-03 16:00,Oita Trinita,Montedio Yamagata,Oita Trinita,Montedio Yamagata,Japan ‐ J2 League,7,2.6820,3.4950,2.6600,0.360276,0.276469,0.363255,1.000
2026-10-02T10:20:17+08:00,2026-10-02T10:00:00+08:00,FB6147,2026-10-04 02:45,North Macedonia,Scotland,Macedonia,Scotland,UEFA - Nations League,7,5.1000,3.6400,1.8100,0.191616,0.268473,0.539912,0.970
2026-10-02T10:20:17+08:00,2026-10-02T10:00:00+08:00,FB6148,2026-10-04 02:00,Almere City,Volendam,Almere City,Volendam,Netherlands ‐ Eerste Divisie,6,1.9500,4.1130,3.3000,0.484258,0.229590,0.286152,1.000
2026-10-02T10:20:17+08:00,2026-10-02T10:00:00+08:00,FB6149,2026-10-04 02:00,RKC Waalwijk,Emmen,RKC Waalwijk,FC Emmen,Netherlands ‐ Eerste Divisie,6,1.9700,3.9000,3.3150,0.476327,0.240606,0.283066,1.000
2026-10-02T10:20:17+08:00,2026-10-02T10:00:00+08:00,FB6150,2026-10-04 02:00,FC Eindhoven,De Graafschap,FC Eindhoven,De Graafschap,Netherlands ‐ Eerste Divisie,6,2.9000,4.0000,2.1900,0.327955,0.237767,0.434278,1.000
2026-10-02T10:20:17+08:00,2026-10-02T10:00:00+08:00,FB6151,2026-10-04 02:00,Den Bosch,Dordrecht,Den Bosch,Dordrecht,Netherlands ‐ Eerste Divisie,6,1.8800,4.1890,3.5600,0.505846,0.227021,0.267132,1.000
2026-10-02T10:20:17+08:00,2026-10-02T10:00:00+08:00,FB6152,2026-10-03 22:30,Vitesse,NAC,Vitesse Arnhem,NAC Breda,Netherlands ‐ Eerste Divisie,6,2.8210,4.1200,2.1510,0.333757,0.228526,0.437717,0.970
2026-10-02T10:20:17+08:00,2026-10-02T10:00:00+08:00,FB6153,2026-10-04 20:30,Venlo,Roda,VVV-Venlo,Roda JC,Netherlands ‐ Eerste Divisie,6,2.3840,3.8000,2.6470,0.395568,0.248167,0.356265,0.970
2026-10-02T10:20:17+08:00,2026-10-02T10:00:00+08:00,FB6154,2026-10-03 22:30,Oss,Maastricht,FC Oss,MVV Maastricht,Netherlands ‐ Eerste Divisie,6,2.2530,3.6500,2.9400,0.419536,0.258963,0.321501,1.000
2026-10-02T10:20:17+08:00,2026-10-02T10:00:00+08:00,FB6155,2026-10-03 00:30,Leverkusen Women,Werder Bremen Women,Bayer Leverkusen Women,Werder Bremen Women,Germany ‐ Bundesliga Women,6,1.6600,4.7000,4.7250,0.586677,0.207209,0.206113,0.970
2026-10-02T10:20:17+08:00,2026-10-02T10:00:00+08:00,FB6156,2026-10-03 22:00,Reading,Bradford,Reading,Bradford City,England ‐ League 1,7,2.2750,3.4400,3.1490,0.419500,0.277431,0.303069,1.000
2026-10-02T10:20:17+08:00,2026-10-02T10:00:00+08:00,FB6157,2026-10-03 22:00,Burton Albion,Huddersfield,Burton Albion,Huddersfield Town,England ‐ League 1,7,3.8000,3.9700,1.9000,0.252705,0.241884,0.505411,0.970
2026-10-02T10:20:17+08:00,2026-10-02T10:00:00+08:00,FB6158,2026-10-03 19:30,Chesterfield,Tranmere,Chesterfield,Tranmere Rovers,England ‐ League 2,7,1.7050,4.2450,4.5160,0.562052,0.225748,0.212201,1.000
2026-10-02T10:20:17+08:00,2026-10-02T10:00:00+08:00,FB6159,2026-10-03 22:00,Leyton Orient,Plymouth,Leyton Orient,Plymouth Argyle,England ‐ League 1,7,3.6100,3.6690,1.9960,0.263676,0.259436,0.476889,1.000
2026-10-02T10:20:17+08:00,2026-10-02T10:00:00+08:00,FB6160,2026-10-03 22:00,Accrington Stanley,Cheltenham,Accrington Stanley,Cheltenham,England ‐ League 2,7,2.3840,3.8700,2.8690,0.408668,0.251748,0.339584,1.000
2026-10-02T10:20:17+08:00,2026-10-02T10:00:00+08:00,FB6161,2026-10-03 22:00,Gillingham,Newport County,Gillingham,Newport County,England ‐ League 2,7,2.0870,3.7000,3.4660,0.461640,0.260390,0.277970,1.000
2026-10-02T10:20:17+08:00,2026-10-02T10:00:00+08:00,FB6162,2026-10-03 22:00,Crewe,Bristol Rovers,Crewe Alexandra,Bristol Rovers,England ‐ League 2,7,3.0500,3.7750,2.3200,0.320246,0.258742,0.421013,1.000
2026-10-02T10:20:17+08:00,2026-10-02T10:00:00+08:00,FB6163,2026-10-03 22:00,Rochdale,Swindon,Rochdale AFC,Swindon Town,England ‐ League 2,7,2.3020,3.7900,3.0100,0.421555,0.256047,0.322398,1.000
2026-10-02T10:20:17+08:00,2026-10-02T10:00:00+08:00,FB6164,2026-10-03 22:00,Grimsby,Shrewsbury,Grimsby Town,Shrewsbury Town,England ‐ League 2,7,1.6820,4.2350,4.7420,0.570819,0.226710,0.202471,0.970
2026-10-02T10:20:17+08:00,2026-10-02T10:00:00+08:00,FB6165,2026-10-03 22:00,Exeter City,Rotherham,Exeter City,Rotherham United,England ‐ League 2,7,2.6100,3.6500,2.7100,0.373390,0.266999,0.359611,0.970
2026-10-02T10:20:17+08:00,2026-10-02T10:00:00+08:00,FB6166,2026-10-03 22:00,Salford City,Fleetwood,Salford City,Fleetwood Town,England ‐ League 2,7,1.7010,4.2100,4.8420,0.569690,0.230177,0.200133,1.000
2026-10-02T10:20:17+08:00,2026-10-02T10:00:00+08:00,FB6167,2026-10-04 00:00,Belarus,San Marino,Belarus,San Marino,UEFA - Nations League,7,1.1160,11.6000,24.0000,0.875115,0.084192,0.040693,1.000
2026-10-02T10:20:17+08:00,2026-10-02T10:00:00+08:00,FB6168,2026-10-03 01:28,Ferro Carril Oeste Women,Union Santa Fe Women,Ferro Carril Oeste Women,Union Santa Fe Women,Argentina ‐ Primera Division Women,2,1.3620,4.6000,8.1000,0.682950,0.202213,0.114837,1.000
2026-10-02T10:20:17+08:00,2026-10-02T10:00:00+08:00,FB6169,2026-10-03 01:28,Racing Club Women,Belgrano Women,Racing Club Women,Belgrano de Cordoba Women,Argentina ‐ Primera Division Women,2,1.9170,3.1000,4.0700,0.478608,0.295965,0.225428,0.859
2026-10-02T10:20:17+08:00,2026-10-02T10:00:00+08:00,FB6170,2026-10-03 01:58,San Lorenzo Women,Huracan Women,San Lorenzo Women,Atletico Huracan Women,Argentina ‐ Primera Division Women,2,1.3400,4.4000,9.3000,0.690307,0.210230,0.099464,0.970
2026-10-02T10:20:17+08:00,2026-10-02T10:00:00+08:00,FB6171,2026-10-03 07:43,Juventude,Operario Ferroviario,Juventude RS,Operario PR,Brazil ‐ Serie B,6,1.8100,3.5800,5.2000,0.539472,0.272750,0.187778,0.970
2026-10-02T10:20:17+08:00,2026-10-02T10:00:00+08:00,FB6172,2026-10-03 06:28,Sao Bernardo,CRB,Sao Bernardo SP,CRB,Brazil ‐ Serie B,6,2.5400,3.6700,2.8550,0.387332,0.268072,0.344596,1.000
2026-10-02T10:20:17+08:00,2026-10-02T10:00:00+08:00,FB6173,2026-10-03 07:28,Londrina,Criciuma,Londrina,Criciuma,Brazil ‐ Serie B,6,3.0710,3.3900,2.4870,0.318398,0.288437,0.393165,1.000
2026-10-02T10:20:17+08:00,2026-10-02T10:00:00+08:00,FB6174,2026-10-03 20:00,Albacete,Eibar,Albacete Balompie,SD Eibar,Spain ‐ Segunda Division,7,2.8670,3.4000,2.6100,0.339939,0.286649,0.373412,0.970
2026-10-02T10:20:17+08:00,2026-10-02T10:00:00+08:00,FB6175,2026-10-03 22:15,Almeria,Burgos,Almeria,Burgos CF,Spain ‐ Segunda Division,7,1.6500,4.0400,5.6930,0.588843,0.240493,0.170664,1.000
2026-10-02T10:20:17+08:00,2026-10-02T10:00:00+08:00,FB6176,2026-10-04 00:30,Cadiz,Leganes,Cadiz,CD Leganes,Spain ‐ Segunda Division,7,3.0130,3.2500,2.5500,0.321684,0.298225,0.380091,0.970
2026-10-02T10:20:17+08:00,2026-10-02T10:00:00+08:00,FB6177,2026-10-04 00:30,Sabadell,FC Andorra,CE Sabadell,Andorra CF,Spain ‐ Segunda Division,7,2.1160,3.2500,3.9100,0.456152,0.296990,0.246859,0.970
2026-10-02T10:20:17+08:00,2026-10-02T10:00:00+08:00,FB6179,2026-10-05 00:30,Las Palmas,Valladolid,Las Palmas,Real Valladolid,Spain ‐ Segunda Division,7,2.2180,3.3600,3.4100,0.432796,0.285697,0.281508,1.000
2026-10-02T10:20:17+08:00,2026-10-02T10:00:00+08:00,FB6180,2026-10-05 00:30,Castellon,Ceuta,CD Castellon,AD Ceuta,Spain ‐ Segunda Division,7,1.2730,6.8500,10.2000,0.762984,0.141793,0.095223,1.000
2026-10-02T10:20:17+08:00,2026-10-02T10:00:00+08:00,FB6181,2026-10-05 03:00,Girona,Mallorca,Girona,Mallorca,Spain ‐ Segunda Division,7,2.2960,3.5300,3.1800,0.421507,0.274159,0.304334,1.000
2026-10-02T10:20:17+08:00,2026-10-02T10:00:00+08:00,FB6183,2026-10-04 20:00,Real Sociedad B,CF Granada,Real Sociedad II,Granada CF,Spain ‐ Segunda Division,7,2.6520,3.3850,2.7600,0.364388,0.285482,0.350130,0.952
2026-10-02T10:20:17+08:00,2026-10-02T10:00:00+08:00,FB6184,2026-10-03 08:33,Fortaleza,Nautico Recife,Fortaleza CE,Nautico Capibaribe,Brazil ‐ Serie B,6,1.8000,3.8450,4.7790,0.542068,0.253764,0.204169,0.814
2026-10-02T10:20:17+08:00,2026-10-02T10:00:00+08:00,FB6185,2026-10-03 06:00,Suriname,Guatemala,Suriname,Guatemala,CONCACAF - Nations League,6,2.2010,3.5310,3.2700,0.435459,0.271438,0.293103,1.000
2026-10-02T10:20:17+08:00,2026-10-02T10:00:00+08:00,FB6186,2026-10-03 08:00,Martinique,Honduras,Martinique,Honduras,CONCACAF - Nations League,6,4.4900,3.5000,1.8770,0.213905,0.274410,0.511685,1.000
2026-10-02T10:20:17+08:00,2026-10-02T10:00:00+08:00,FB6187,2026-10-03 10:00,El Salvador,Jamaica,El Salvador,Jamaica,CONCACAF - Nations League,6,3.5080,3.4500,2.1700,0.275224,0.279851,0.444925,1.000
2026-10-02T16:41:21+08:00,2026-10-02T16:30:00+08:00,FB6023,2026-10-02 19:35,China,Palestine,China,Palestine,International - Friendlies,7,2.6200,3.5150,2.9800,0.381015,0.283999,0.334986,1.000
2026-10-02T16:41:21+08:00,2026-10-02T16:30:00+08:00,FB6137,2026-10-02 17:00,Thailand,Philippines,Thailand,Philippines,Asia - AFF Cup,7,1.5900,4.4700,6.2300,0.620763,0.220808,0.158429,1.000
2026-10-02T16:41:21+08:00,2026-10-02T16:30:00+08:00,FB6138,2026-10-02 17:00,Vietnam,Pakistan,Vietnam,Pakistan,Asia - AFF Cup,7,1.3550,13.1800,32.4600,0.873705,0.089823,0.036472,1.000
2026-10-02T23:07:04+08:00,2026-10-02T23:00:00+08:00,FB6083,2026-10-03 01:30,Andorra U21,Moldova U21,Andorra U21,Moldova U21,UEFA - European Championship U21,6,2.2500,3.5450,3.5380,0.440403,0.279522,0.280075,1.000
2026-10-02T23:07:04+08:00,2026-10-02T23:00:00+08:00,FB6084,2026-10-03 02:30,CD Eldense,Oviedo,CD Eldense,Real Oviedo,Spain ‐ Segunda Division,6,2.6040,3.1100,3.1250,0.374451,0.313527,0.312022,1.000
2026-10-02T23:07:04+08:00,2026-10-02T23:00:00+08:00,FB6085,2026-10-03 02:45,Ukraine,Northern Ireland,Ukraine,Northern Ireland,UEFA - Nations League,6,2.0420,3.2100,4.5500,0.479633,0.305112,0.215255,1.000
2026-10-02T23:07:04+08:00,2026-10-02T23:00:00+08:00,FB6086,2026-10-03 08:28,Boca Juniors,Union Santa Fe,Boca Juniors,Union Santa Fe,Argentina ‐ Liga Profesional,6,1.5000,4.3800,7.2350,0.645248,0.220975,0.133776,1.000
2026-10-02T23:07:04+08:00,2026-10-02T23:00:00+08:00,FB6087,2026-10-03 08:28,Independiente Rivadavia,Gimnasia LP,Independiente Rivadavia,Gimnasia La Plata,Argentina ‐ Liga Profesional,6,2.1100,3.3700,3.9590,0.463161,0.289991,0.246848,0.893
2026-10-02T23:07:04+08:00,2026-10-02T23:00:00+08:00,FB6088,2026-10-03 06:13,Independiente,Instituto de Cordoba,CA Independiente Avellaneda,Instituto AC Cordoba,Argentina ‐ Liga Profesional,6,2.5820,3.0100,3.2400,0.376687,0.323125,0.300187,0.970
2026-10-02T23:07:04+08:00,2026-10-02T23:00:00+08:00,FB6090,2026-10-03 00:00,Cyprus,Armenia,Cyprus,Armenia,UEFA - Nations League,6,2.1740,3.4200,3.7410,0.451101,0.286752,0.262147,1.000
2026-10-02T23:07:04+08:00,2026-10-02T23:00:00+08:00,FB6091,2026-10-03 06:57,Universidad Concepcion,Huachipato,Universidad de Concepcion,Huachipato,Chile ‐ Primera Division,6,2.1340,3.6200,3.4600,0.453255,0.267195,0.279551,0.968
2026-10-02T23:07:04+08:00,2026-10-02T23:00:00+08:00,FB6092,2026-10-03 02:45,Poland,Romania,Poland,Romania,UEFA - Nations League,6,1.6380,4.4700,5.4200,0.599284,0.219604,0.181112,1.000
2026-10-02T23:07:04+08:00,2026-10-02T23:00:00+08:00,FB6093,2026-10-03 02:45,England U21,Slovakia U21,England U21,Slovakia U21,UEFA - European Championship U21,6,1.3000,6.2300,9.8000,0.745534,0.155569,0.098897,1.000
2026-10-02T23:07:04+08:00,2026-10-02T23:00:00+08:00,FB6094,2026-10-03 02:45,Belgium,Turkiye,Belgium,Turkey,UEFA - Nations League,6,1.5900,4.6500,5.5200,0.613505,0.209779,0.176716,0.885
2026-10-02T23:07:04+08:00,2026-10-02T23:00:00+08:00,FB6095,2026-10-03 07:00,Sao Paulo,Santos,Sao Paulo SP,Santos SP,Brazil ‐ Serie A,6,2.0140,3.4600,4.2500,0.486390,0.283118,0.230492,0.940
2026-10-02T23:07:04+08:00,2026-10-02T23:00:00+08:00,FB6096,2026-10-03 00:00,Ukraine U21,Croatia U21,Ukraine U21,Croatia U21,UEFA - European Championship U21,6,3.9310,3.9450,1.9900,0.251773,0.250880,0.497347,1.000
2026-10-02T23:07:04+08:00,2026-10-02T23:00:00+08:00,FB6097,2026-10-03 03:00,Helmond,Heracles,Helmond Sport,Heracles Almelo,Netherlands ‐ Eerste Divisie,6,5.9700,4.7950,1.4810,0.159334,0.198379,0.642287,0.970
2026-10-02T23:07:04+08:00,2026-10-02T23:00:00+08:00,FB6098,2026-10-03 02:45,Faroe Islands,Slovakia,Faroe Islands,Slovakia,UEFA - Nations League,6,7.0500,4.1450,1.5510,0.138001,0.234719,0.627279,1.000
2026-10-02T23:07:04+08:00,2026-10-02T23:00:00+08:00,FB6099,2026-10-03 02:45,France,Italy,France,Italy,UEFA - Nations League,6,1.4860,5.0500,7.0040,0.663825,0.195335,0.140840,1.000
2026-10-02T23:07:04+08:00,2026-10-02T23:00:00+08:00,FB6104,2026-10-02 23:45,Khor Fakkan,Al Jazira,Al-Khaleej Khor Fakkan,Al Jazira Abu Dhabi,United Arab Emirates ‐ League Cup,6,4.7200,4.5750,1.6760,0.206274,0.212812,0.580915,0.940
2026-10-02T23:07:04+08:00,2026-10-02T23:00:00+08:00,FB6105,2026-10-02 23:45,Shabab Al Ahli,Al Nasr SC,Al Ahli Dubai,Al Nasr Dubai,United Arab Emirates ‐ League Cup,6,1.9300,4.4350,3.8900,0.517781,0.225325,0.256894,1.000
2026-10-02T23:07:04+08:00,2026-10-02T23:00:00+08:00,FB6108,2026-10-03 00:00,Slovenia U21,Netherlands U21,Slovenia U21,Netherlands U21,UEFA - European Championship U21,6,10.0300,5.8200,1.3200,0.096882,0.166963,0.736155,1.000
2026-10-02T23:07:04+08:00,2026-10-02T23:00:00+08:00,FB6110,2026-10-03 02:45,Hungary,Georgia,Hungary,Georgia,UEFA - Nations League,6,2.3460,3.3150,3.3750,0.416181,0.294528,0.289292,1.000
2026-10-02T23:07:04+08:00,2026-10-02T23:00:00+08:00,FB6111,2026-10-03 00:00,Latvia,Montenegro,Latvia,Montenegro,UEFA - Nations League,6,5.2000,3.8050,1.7410,0.186797,0.255281,0.557923,1.000
2026-10-02T23:07:04+08:00,2026-10-02T23:00:00+08:00,FB6112,2026-10-03 02:45,Bosnia-Herzegovina,Sweden,Bosnia-Herzegovina,Sweden,UEFA - Nations League,6,2.8340,3.7000,2.4860,0.344124,0.263580,0.392296,1.000
2026-10-02T23:07:04+08:00,2026-10-02T23:00:00+08:00,FB6114,2026-10-03 11:00,Atletico La Paz,Venados,CA La Paz,Venados,Mexico ‐ Liga de Expansion,5,1.5820,5.0800,4.7500,0.608099,0.189372,0.202529,0.833
2026-10-02T23:07:04+08:00,2026-10-02T23:00:00+08:00,FB6115,2026-10-04 00:00,Croatia,England,Croatia,England,UEFA - Nations League,6,4.2300,4.1000,1.8510,0.231645,0.238989,0.529366,1.000
2026-10-02T23:07:04+08:00,2026-10-02T23:00:00+08:00,FB6116,2026-10-03 00:00,Austria U21,Denmark U21,Austria U21,Denmark U21,UEFA - European Championship U21,6,2.9800,3.7650,2.3740,0.328217,0.259784,0.411999,1.000
2026-10-02T23:07:04+08:00,2026-10-02T23:00:00+08:00,FB6119,2026-10-03 08:00,Colombia,Paraguay,Colombia,Paraguay,International - Friendlies,5,1.7980,3.7200,5.1000,0.544697,0.263270,0.192032,1.000
2026-10-02T23:07:04+08:00,2026-10-02T23:00:00+08:00,FB6120,2026-10-03 14:00,China AM,Uzbekistan AM,China U23,Uzbekistan U23,Asia - AFC - Asian Games U23,5,5.1900,4.0250,1.7000,0.187182,0.241361,0.571457,1.000
2026-10-02T23:07:04+08:00,2026-10-02T23:00:00+08:00,FB6123,2026-10-04 04:57,Deportivo Maldonado,Central Espanol,Deportivo Maldonado,Central Espanol,Uruguay ‐ Primera Division,6,1.6560,3.9800,5.2700,0.577930,0.240466,0.181604,1.000
2026-10-02T23:07:04+08:00,2026-10-02T23:00:00+08:00,FB6124,2026-10-05 06:27,Racing Club Montevideo,Penarol,Racing Club Montevideo,Penarol Montevideo,Uruguay ‐ Primera Division,6,4.1220,3.4550,2.0340,0.236989,0.282741,0.480270,0.970
2026-10-02T23:07:04+08:00,2026-10-02T23:00:00+08:00,FB6125,2026-10-05 02:57,CA Cerro,Montevideo Wanderers,CA Cerro,Montevideo Wanderers,Uruguay ‐ Primera Division,6,2.9200,3.4000,2.4600,0.328319,0.281968,0.389712,1.000
2026-10-02T23:07:04+08:00,2026-10-02T23:00:00+08:00,FB6126,2026-10-04 23:57,Boston River,Juventud Las Piedras,CA Boston River,Juventud de Las Piedras,Uruguay ‐ Primera Division,6,2.7810,3.5400,2.6300,0.351740,0.276325,0.371935,0.935
2026-10-02T23:07:04+08:00,2026-10-02T23:00:00+08:00,FB6128,2026-10-03 13:00,Albirex Niigata,Tokushima Vortis,Albirex Niigata,Tokushima Vortis,Japan ‐ J2 League,6,2.6150,3.4100,2.8790,0.373809,0.286660,0.339531,1.000
2026-10-02T23:07:04+08:00,2026-10-02T23:00:00+08:00,FB6129,2026-10-03 15:00,Ventforet Kofu,Kataller Toyama,Ventforet Kofu,Kataller Toyama,Japan ‐ J2 League,6,4.4500,4.1250,1.7800,0.218398,0.235606,0.545996,1.000
2026-10-02T23:07:04+08:00,2026-10-02T23:00:00+08:00,FB6130,2026-10-03 15:00,Machida Zelvia,Kyoto Sanga,Machida Zelvia,Kyoto Sanga,Japan ‐ League Cup,6,1.7510,4.0000,4.8200,0.555238,0.243056,0.201706,1.000
2026-10-02T23:07:04+08:00,2026-10-02T23:00:00+08:00,FB6131,2026-10-03 16:00,Tochigi City,FC Imabari,Tochigi UVA,Imabari,Japan ‐ J2 League,6,1.9200,4.2000,3.7600,0.508187,0.232314,0.259500,1.000
2026-10-02T23:07:04+08:00,2026-10-02T23:00:00+08:00,FB6132,2026-10-03 18:00,Kashiwa Reysol,Gamba Osaka,Kashiwa Reysol,Gamba Osaka,Japan ‐ League Cup,6,1.6350,4.0500,4.9500,0.576699,0.232816,0.190485,1.000
2026-10-02T23:07:04+08:00,2026-10-02T23:00:00+08:00,FB6133,2026-10-04 00:00,Estonia,Luxembourg,Estonia,Luxembourg,UEFA - Nations League,6,3.0850,3.0850,2.6110,0.314313,0.314313,0.371374,1.000
2026-10-02T23:07:04+08:00,2026-10-02T23:00:00+08:00,FB6134,2026-10-04 00:00,Iceland,Bulgaria,Iceland,Bulgaria,UEFA - Nations League,6,1.4450,4.7000,8.3000,0.674972,0.207518,0.117510,1.000
2026-10-02T23:07:04+08:00,2026-10-02T23:00:00+08:00,FB6135,2026-10-04 13:00,Blaublitz Akita,Sagan Tosu,Blaublitz Akita,Sagan Tosu,Japan ‐ J2 League,5,3.2300,3.5100,2.3030,0.300956,0.276948,0.422096,1.000
2026-10-02T23:07:04+08:00,2026-10-02T23:00:00+08:00,FB6136,2026-10-04 14:00,Vegalta Sendai,Jubilo Iwata,Vegalta Sendai,Jubilo Iwata,Japan ‐ J2 League,6,2.2030,3.5950,3.1500,0.432496,0.265032,0.302473,1.000
2026-10-02T23:07:04+08:00,2026-10-02T23:00:00+08:00,FB6140,2026-10-03 21:00,Finland,Albania,Finland,Albania,UEFA - Nations League,6,2.5200,3.2950,3.1010,0.387982,0.296727,0.315290,1.000
2026-10-02T23:07:04+08:00,2026-10-02T23:00:00+08:00,FB6141,2026-10-04 02:45,Switzerland,Slovenia,Switzerland,Slovenia,UEFA - Nations League,6,1.3400,5.2600,10.8000,0.725254,0.184761,0.089985,1.000
2026-10-02T23:07:04+08:00,2026-10-02T23:00:00+08:00,FB6142,2026-10-04 12:00,Hokkaido Consadole Sapporo,Iwaki FC,Consadole Sapporo,Iwaki,Japan ‐ J2 League,6,2.3600,3.8400,2.8080,0.407325,0.250335,0.342339,1.000
2026-10-02T23:07:04+08:00,2026-10-02T23:00:00+08:00,FB6143,2026-10-04 12:00,Vanraure Hachinohe,FC Yokohama,Vanraure Hachinohe,Yokohama FC,Japan ‐ J2 League,6,4.3590,3.9250,1.8400,0.223234,0.247918,0.528847,1.000
2026-10-02T23:07:04+08:00,2026-10-02T23:00:00+08:00,FB6144,2026-10-04 18:00,Tegevajaro Miyazaki,RB Omiya Ardija,Tegevajaro Miyazaki,Omiya Ardija,Japan ‐ J2 League,6,2.5650,3.8050,2.5900,0.375310,0.253002,0.371688,1.000
2026-10-02T23:07:04+08:00,2026-10-02T23:00:00+08:00,FB6145,2026-10-03 13:00,Fujieda MYFC,Shonan Bellmare,Fujieda MYFC,Shonan Bellmare,Japan ‐ J2 League,6,2.9180,3.5700,2.5400,0.337133,0.275562,0.387305,1.000
2026-10-02T23:07:04+08:00,2026-10-02T23:00:00+08:00,FB6146,2026-10-03 16:00,Oita Trinita,Montedio Yamagata,Oita Trinita,Montedio Yamagata,Japan ‐ J2 League,6,2.6970,3.4950,2.6950,0.360696,0.278340,0.360964,1.000
2026-10-02T23:07:04+08:00,2026-10-02T23:00:00+08:00,FB6147,2026-10-04 02:45,North Macedonia,Scotland,Macedonia,Scotland,UEFA - Nations League,6,5.0060,3.6400,1.8100,0.194514,0.267510,0.537976,0.970
2026-10-02T23:07:04+08:00,2026-10-02T23:00:00+08:00,FB6148,2026-10-04 02:00,Almere City,Volendam,Almere City,Volendam,Netherlands ‐ Eerste Divisie,6,1.9500,4.1980,3.3800,0.489853,0.227540,0.282607,1.000
2026-10-02T23:07:04+08:00,2026-10-02T23:00:00+08:00,FB6149,2026-10-04 02:00,RKC Waalwijk,Emmen,RKC Waalwijk,FC Emmen,Netherlands ‐ Eerste Divisie,6,1.9780,4.0590,3.3150,0.479848,0.233836,0.286316,1.000
2026-10-02T23:07:04+08:00,2026-10-02T23:00:00+08:00,FB6150,2026-10-04 02:00,FC Eindhoven,De Graafschap,FC Eindhoven,De Graafschap,Netherlands ‐ Eerste Divisie,6,2.9000,4.0670,2.1900,0.329244,0.234770,0.435986,1.000
2026-10-02T23:07:04+08:00,2026-10-02T23:00:00+08:00,FB6151,2026-10-04 02:00,Den Bosch,Dordrecht,Den Bosch,Dordrecht,Netherlands ‐ Eerste Divisie,6,1.8800,4.1080,3.5600,0.503592,0.230466,0.265942,1.000
2026-10-02T23:07:04+08:00,2026-10-02T23:00:00+08:00,FB6152,2026-10-03 22:30,Vitesse,NAC,Vitesse Arnhem,NAC Breda,Netherlands ‐ Eerste Divisie,6,2.8400,4.1800,2.1780,0.335191,0.227737,0.437072,0.970
2026-10-02T23:07:04+08:00,2026-10-02T23:00:00+08:00,FB6153,2026-10-04 20:30,Venlo,Roda,VVV-Venlo,Roda JC,Netherlands ‐ Eerste Divisie,6,2.4230,3.8000,2.6390,0.391270,0.249486,0.359245,0.970
2026-10-02T23:07:04+08:00,2026-10-02T23:00:00+08:00,FB6154,2026-10-03 22:30,Oss,Maastricht,FC Oss,MVV Maastricht,Netherlands ‐ Eerste Divisie,6,2.2700,3.6500,3.0060,0.420685,0.261632,0.317683,1.000
2026-10-02T23:07:04+08:00,2026-10-02T23:00:00+08:00,FB6155,2026-10-03 00:30,Leverkusen Women,Werder Bremen Women,Bayer Leverkusen Women,Werder Bremen Women,Germany ‐ Bundesliga Women,6,1.7750,4.4000,4.0250,0.542181,0.218721,0.239098,0.970
2026-10-02T23:07:04+08:00,2026-10-02T23:00:00+08:00,FB6156,2026-10-03 22:00,Reading,Bradford,Reading,Bradford City,England ‐ League 1,6,2.2800,3.4800,3.2740,0.425248,0.278611,0.296141,1.000
2026-10-02T23:07:04+08:00,2026-10-02T23:00:00+08:00,FB6157,2026-10-03 22:00,Burton Albion,Huddersfield,Burton Albion,Huddersfield Town,England ‐ League 1,6,3.8200,3.9400,1.9270,0.253043,0.245336,0.501621,0.970
2026-10-02T23:07:04+08:00,2026-10-02T23:00:00+08:00,FB6158,2026-10-03 19:30,Chesterfield,Tranmere,Chesterfield,Tranmere Rovers,England ‐ League 2,6,1.7000,4.2790,4.7500,0.569741,0.226352,0.203907,1.000
2026-10-02T23:07:04+08:00,2026-10-02T23:00:00+08:00,FB6159,2026-10-03 22:00,Leyton Orient,Plymouth,Leyton Orient,Plymouth Argyle,England ‐ League 1,6,3.5900,3.7720,2.0200,0.268170,0.255231,0.476599,1.000
2026-10-02T23:07:04+08:00,2026-10-02T23:00:00+08:00,FB6160,2026-10-03 22:00,Accrington Stanley,Cheltenham,Accrington Stanley,Cheltenham,England ‐ League 2,6,2.3970,3.8700,2.8890,0.408317,0.252903,0.338780,1.000
2026-10-02T23:07:04+08:00,2026-10-02T23:00:00+08:00,FB6161,2026-10-03 22:00,Gillingham,Newport County,Gillingham,Newport County,England ‐ League 2,6,2.0870,3.7000,3.4650,0.461603,0.260369,0.278028,1.000
2026-10-02T23:07:04+08:00,2026-10-02T23:00:00+08:00,FB6162,2026-10-03 22:00,Crewe,Bristol Rovers,Crewe Alexandra,Bristol Rovers,England ‐ League 2,6,3.0800,3.7750,2.3400,0.319271,0.260491,0.420237,1.000
2026-10-02T23:07:04+08:00,2026-10-02T23:00:00+08:00,FB6163,2026-10-03 22:00,Rochdale,Swindon,Rochdale AFC,Swindon Town,England ‐ League 2,6,2.3020,3.7900,3.0400,0.422900,0.256864,0.320236,1.000
2026-10-02T23:07:04+08:00,2026-10-02T23:00:00+08:00,FB6164,2026-10-03 22:00,Grimsby,Shrewsbury,Grimsby Town,Shrewsbury Town,England ‐ League 2,6,1.6790,4.2350,4.8990,0.574983,0.227957,0.197060,0.970
2026-10-02T23:07:04+08:00,2026-10-02T23:00:00+08:00,FB6165,2026-10-03 22:00,Exeter City,Rotherham,Exeter City,Rotherham United,England ‐ League 2,6,2.6300,3.6500,2.7610,0.374097,0.269555,0.356348,0.970
2026-10-02T23:07:04+08:00,2026-10-02T23:00:00+08:00,FB6166,2026-10-03 22:00,Salford City,Fleetwood,Salford City,Fleetwood Town,England ‐ League 2,6,1.7010,4.2100,4.8800,0.570580,0.230536,0.198884,1.000
2026-10-02T23:07:04+08:00,2026-10-02T23:00:00+08:00,FB6167,2026-10-04 00:00,Belarus,San Marino,Belarus,San Marino,UEFA - Nations League,6,1.1000,12.0000,30.0000,0.886263,0.081241,0.032496,1.000
2026-10-02T23:07:04+08:00,2026-10-02T23:00:00+08:00,FB6168,2026-10-03 01:28,Ferro Carril Oeste Women,Union Santa Fe Women,Ferro Carril Oeste Women,Union Santa Fe Women,Argentina ‐ Primera Division Women,3,1.3520,4.6500,8.3000,0.687926,0.200016,0.112057,1.000
2026-10-02T23:07:04+08:00,2026-10-02T23:00:00+08:00,FB6169,2026-10-03 01:28,Racing Club Women,Belgrano Women,Racing Club Women,Belgrano de Cordoba Women,Argentina ‐ Primera Division Women,3,1.9170,3.1000,4.0700,0.478608,0.295965,0.225428,0.859
2026-10-02T23:07:04+08:00,2026-10-02T23:00:00+08:00,FB6170,2026-10-03 01:58,San Lorenzo Women,Huracan Women,San Lorenzo Women,Atletico Huracan Women,Argentina ‐ Primera Division Women,3,1.3200,4.7500,9.3000,0.704310,0.195724,0.099967,0.970
2026-10-02T23:07:04+08:00,2026-10-02T23:00:00+08:00,FB6171,2026-10-03 07:43,Juventude,Operario Ferroviario,Juventude RS,Operario PR,Brazil ‐ Serie B,6,1.8170,3.7100,5.0300,0.540251,0.264592,0.195156,0.970
2026-10-02T23:07:04+08:00,2026-10-02T23:00:00+08:00,FB6172,2026-10-03 06:28,Sao Bernardo,CRB,Sao Bernardo SP,CRB,Brazil ‐ Serie B,6,3.0200,3.5800,2.4770,0.326499,0.275427,0.398074,1.000
2026-10-02T23:07:04+08:00,2026-10-02T23:00:00+08:00,FB6173,2026-10-03 07:28,Londrina,Criciuma,Londrina,Criciuma,Brazil ‐ Serie B,6,3.1320,3.3900,2.4600,0.312787,0.288982,0.398231,1.000
2026-10-02T23:07:04+08:00,2026-10-02T23:00:00+08:00,FB6174,2026-10-03 20:00,Albacete,Eibar,Albacete Balompie,SD Eibar,Spain ‐ Segunda Division,6,2.8670,3.4000,2.6100,0.339939,0.286649,0.373412,0.970
2026-10-02T23:07:04+08:00,2026-10-02T23:00:00+08:00,FB6175,2026-10-03 22:15,Almeria,Burgos,Almeria,Burgos CF,Spain ‐ Segunda Division,6,1.6500,4.0400,5.6700,0.588436,0.240326,0.171238,1.000
2026-10-02T23:07:04+08:00,2026-10-02T23:00:00+08:00,FB6176,2026-10-04 00:30,Cadiz,Leganes,Cadiz,CD Leganes,Spain ‐ Segunda Division,6,2.9900,3.2400,2.5850,0.324727,0.299671,0.375603,0.970
2026-10-02T23:07:04+08:00,2026-10-02T23:00:00+08:00,FB6177,2026-10-04 00:30,Sabadell,FC Andorra,CE Sabadell,Andorra CF,Spain ‐ Segunda Division,6,2.1480,3.2500,3.8600,0.450979,0.298062,0.250959,0.970
2026-10-02T23:07:04+08:00,2026-10-02T23:00:00+08:00,FB6179,2026-10-05 00:30,Las Palmas,Valladolid,Las Palmas,Real Valladolid,Spain ‐ Segunda Division,6,2.2500,3.3600,3.4050,0.429104,0.287347,0.283549,1.000
2026-10-02T23:07:04+08:00,2026-10-02T23:00:00+08:00,FB6180,2026-10-05 00:30,Castellon,Ceuta,CD Castellon,AD Ceuta,Spain ‐ Segunda Division,6,1.2530,6.8500,10.8300,0.770050,0.140857,0.089093,1.000
2026-10-02T23:07:04+08:00,2026-10-02T23:00:00+08:00,FB6181,2026-10-05 03:00,Girona,Mallorca,Girona,Mallorca,Spain ‐ Segunda Division,6,2.3070,3.5300,3.1800,0.420342,0.274711,0.304947,1.000
2026-10-02T23:07:04+08:00,2026-10-02T23:00:00+08:00,FB6183,2026-10-04 20:00,Real Sociedad B,CF Granada,Real Sociedad II,Granada CF,Spain ‐ Segunda Division,6,2.6520,3.3850,2.7500,0.363925,0.285119,0.350956,0.952
2026-10-02T23:07:04+08:00,2026-10-02T23:00:00+08:00,FB6184,2026-10-03 08:33,Fortaleza,Nautico Recife,Fortaleza CE,Nautico Capibaribe,Brazil ‐ Serie B,6,1.7200,3.9800,5.4300,0.571782,0.247102,0.181117,0.814
2026-10-02T23:07:04+08:00,2026-10-02T23:00:00+08:00,FB6185,2026-10-03 06:00,Suriname,Guatemala,Suriname,Guatemala,CONCACAF - Nations League,6,2.1500,3.6800,3.2550,0.445482,0.260268,0.294251,1.000
2026-10-02T23:07:04+08:00,2026-10-02T23:00:00+08:00,FB6186,2026-10-03 08:00,Martinique,Honduras,Martinique,Honduras,CONCACAF - Nations League,6,4.8340,3.5460,1.8000,0.198068,0.270011,0.531922,1.000
2026-10-02T23:07:04+08:00,2026-10-02T23:00:00+08:00,FB6187,2026-10-03 10:00,El Salvador,Jamaica,El Salvador,Jamaica,CONCACAF - Nations League,6,3.6330,3.4300,2.1700,0.267854,0.283707,0.448439,1.000
2026-10-03T03:59:39+08:00,2026-10-03T03:30:00+08:00,FB6088,2026-10-03 06:13,Independiente,Instituto de Cordoba,CA Independiente Avellaneda,Instituto AC Cordoba,Argentina ‐ Liga Profesional,7,2.6370,2.9730,3.2400,0.370251,0.328406,0.301343,0.970
2026-10-03T03:59:39+08:00,2026-10-03T03:30:00+08:00,FB6091,2026-10-03 06:57,Universidad Concepcion,Huachipato,Universidad de Concepcion,Huachipato,Chile ‐ Primera Division,7,2.1400,3.6500,3.4400,0.452818,0.265488,0.281695,0.968
2026-10-03T03:59:39+08:00,2026-10-03T03:30:00+08:00,FB6095,2026-10-03 07:00,Sao Paulo,Santos,Sao Paulo SP,Santos SP,Brazil ‐ Serie A,7,2.0140,3.4300,4.2200,0.484397,0.284424,0.231179,0.940
2026-10-03T03:59:39+08:00,2026-10-03T03:30:00+08:00,FB6171,2026-10-03 07:43,Juventude,Operario Ferroviario,Juventude RS,Operario PR,Brazil ‐ Serie B,7,1.7900,3.7100,5.1330,0.546089,0.263477,0.190434,0.970
2026-10-03T03:59:39+08:00,2026-10-03T03:30:00+08:00,FB6172,2026-10-03 06:28,Sao Bernardo,CRB,Sao Bernardo SP,CRB,Brazil ‐ Serie B,7,2.9880,3.5800,2.4920,0.329633,0.275124,0.395243,1.000
2026-10-03T03:59:39+08:00,2026-10-03T03:30:00+08:00,FB6173,2026-10-03 07:28,Londrina,Criciuma,Londrina,Criciuma,Brazil ‐ Serie B,7,3.1500,3.3900,2.4600,0.311556,0.289499,0.398944,1.000
2026-10-03T03:59:39+08:00,2026-10-03T03:30:00+08:00,FB6185,2026-10-03 06:00,Suriname,Guatemala,Suriname,Guatemala,CONCACAF - Nations League,7,2.1900,4.0500,3.0000,0.440385,0.238134,0.321481,1.000
2026-10-03T03:59:39+08:00,2026-10-03T03:30:00+08:00,FB6213,2026-10-03 07:00,Santos Laguna Women,Puebla Women,Santos Laguna Women,Puebla Women,Mexico ‐ Liga MX Femenil,6,1.3780,5.7400,6.8000,0.693137,0.166401,0.140462,1.000
2026-10-03T07:33:19+08:00,2026-10-03T07:30:00+08:00,FB6086,2026-10-03 08:28,Boca Juniors,Union Santa Fe,Boca Juniors,Union Santa Fe,Argentina ‐ Liga Profesional,7,1.4480,4.5620,7.8900,0.666254,0.211472,0.122273,1.000
2026-10-03T07:33:19+08:00,2026-10-03T07:30:00+08:00,FB6087,2026-10-03 08:28,Independiente Rivadavia,Gimnasia LP,Independiente Rivadavia,Gimnasia La Plata,Argentina ‐ Liga Profesional,7,2.2520,3.2050,3.6990,0.432626,0.303986,0.263388,0.893
2026-10-03T07:33:19+08:00,2026-10-03T07:30:00+08:00,FB6114,2026-10-03 11:00,Atletico La Paz,Venados,CA La Paz,Venados,Mexico ‐ Liga de Expansion,6,1.5710,5.2300,4.8500,0.615650,0.184930,0.199420,0.833
2026-10-03T07:33:19+08:00,2026-10-03T07:30:00+08:00,FB6119,2026-10-03 08:00,Colombia,Paraguay,Colombia,Paraguay,International - Friendlies,6,1.7880,3.6600,5.3200,0.548061,0.267741,0.184198,1.000
2026-10-03T07:33:19+08:00,2026-10-03T07:30:00+08:00,FB6171,2026-10-03 07:43,Juventude,Operario Ferroviario,Juventude RS,Operario PR,Brazil ‐ Serie B,7,1.6900,3.8700,5.7000,0.576973,0.251960,0.171067,0.970
2026-10-03T07:33:19+08:00,2026-10-03T07:30:00+08:00,FB6184,2026-10-03 08:33,Fortaleza,Nautico Recife,Fortaleza CE,Nautico Capibaribe,Brazil ‐ Serie B,7,1.5780,4.2500,6.3500,0.617361,0.229222,0.153417,0.814
2026-10-03T07:33:19+08:00,2026-10-03T07:30:00+08:00,FB6186,2026-10-03 08:00,Martinique,Honduras,Martinique,Honduras,CONCACAF - Nations League,7,5.5630,3.8400,1.6450,0.171513,0.248471,0.580016,1.000
2026-10-03T07:33:19+08:00,2026-10-03T07:30:00+08:00,FB6187,2026-10-03 10:00,El Salvador,Jamaica,El Salvador,Jamaica,CONCACAF - Nations League,7,3.4300,3.4000,2.1700,0.278593,0.281051,0.440356,1.000
2026-10-03T07:33:19+08:00,2026-10-03T07:30:00+08:00,FB6212,2026-10-03 09:00,Pumas UNAM Women,Tigres UANL Women,UNAM Pumas Women,Tigres UANL Women,Mexico ‐ Liga MX Femenil,7,3.8300,4.3850,1.8490,0.253497,0.221412,0.525091,0.844
2026-10-03T07:33:19+08:00,2026-10-03T07:30:00+08:00,FB6229,2026-10-03 10:00,Seattle Reign Women,North Carolina Courage Women,Seattle Reign Women,North Carolina Courage Women,USA ‐ NWSL Women,6,2.3940,3.8800,2.7000,0.399413,0.246442,0.354146,1.000
2026-10-03T07:33:19+08:00,2026-10-03T07:30:00+08:00,FB6246,2026-10-03 11:00,Monterrey Women,CF America Women,Monterrey Women,Club America Women,Mexico ‐ Liga MX Femenil,7,3.3500,4.1250,1.9700,0.284687,0.231200,0.484113,1.000
2026-10-03T10:25:28+08:00,2026-10-03T10:00:00+08:00,FB6114,2026-10-03 11:00,Atletico La Paz,Venados,CA La Paz,Venados,Mexico ‐ Liga de Expansion,6,1.5550,5.2100,4.7500,0.615069,0.183576,0.201354,0.833
2026-10-03T10:25:28+08:00,2026-10-03T10:00:00+08:00,FB6115,2026-10-04 00:00,Croatia,England,Croatia,England,UEFA - Nations League,7,4.5200,4.1000,1.7970,0.216556,0.238740,0.544704,1.000
2026-10-03T10:25:28+08:00,2026-10-03T10:00:00+08:00,FB6120,2026-10-03 14:00,China AM,Uzbekistan AM,China U23,Uzbekistan U23,Asia - AFC - Asian Games U23,6,5.4100,4.2100,1.6200,0.177792,0.228469,0.593738,1.000
2026-10-03T10:25:28+08:00,2026-10-03T10:00:00+08:00,FB6123,2026-10-04 04:57,Deportivo Maldonado,Central Espanol,Deportivo Maldonado,Central Espanol,Uruguay ‐ Primera Division,7,1.6560,3.9800,5.4570,0.581550,0.241971,0.176479,1.000
2026-10-03T10:25:28+08:00,2026-10-03T10:00:00+08:00,FB6124,2026-10-05 06:27,Racing Club Montevideo,Penarol,Racing Club Montevideo,Penarol Montevideo,Uruguay ‐ Primera Division,6,4.1200,3.4350,2.1420,0.242550,0.290919,0.466530,0.970
2026-10-03T10:25:28+08:00,2026-10-03T10:00:00+08:00,FB6125,2026-10-05 02:57,CA Cerro,Montevideo Wanderers,CA Cerro,Montevideo Wanderers,Uruguay ‐ Primera Division,6,2.9920,3.4000,2.4600,0.322970,0.284214,0.392816,1.000
2026-10-03T10:25:28+08:00,2026-10-03T10:00:00+08:00,FB6126,2026-10-04 23:57,Boston River,Juventud Las Piedras,CA Boston River,Juventud de Las Piedras,Uruguay ‐ Primera Division,6,2.7560,3.6500,2.5900,0.354715,0.267834,0.377450,0.935
2026-10-03T10:25:28+08:00,2026-10-03T10:00:00+08:00,FB6128,2026-10-03 13:00,Albirex Niigata,Tokushima Vortis,Albirex Niigata,Tokushima Vortis,Japan ‐ J2 League,7,2.6300,3.4100,2.9400,0.375119,0.289315,0.335566,1.000
2026-10-03T10:25:28+08:00,2026-10-03T10:00:00+08:00,FB6129,2026-10-03 15:00,Ventforet Kofu,Kataller Toyama,Ventforet Kofu,Kataller Toyama,Japan ‐ J2 League,7,4.2400,4.1250,1.8400,0.230828,0.237263,0.531908,1.000
2026-10-03T10:25:28+08:00,2026-10-03T10:00:00+08:00,FB6130,2026-10-03 15:00,Machida Zelvia,Kyoto Sanga,Machida Zelvia,Kyoto Sanga,Japan ‐ League Cup,7,1.7400,3.8500,4.6500,0.547603,0.247488,0.204909,1.000
2026-10-03T10:25:28+08:00,2026-10-03T10:00:00+08:00,FB6131,2026-10-03 16:00,Tochigi City,FC Imabari,Tochigi UVA,Imabari,Japan ‐ J2 League,7,2.0000,4.1800,3.6210,0.492416,0.235606,0.271978,1.000
2026-10-03T10:25:28+08:00,2026-10-03T10:00:00+08:00,FB6132,2026-10-03 18:00,Kashiwa Reysol,Gamba Osaka,Kashiwa Reysol,Gamba Osaka,Japan ‐ League Cup,7,1.6500,4.1000,5.1100,0.579597,0.233253,0.187150,1.000
2026-10-03T10:25:28+08:00,2026-10-03T10:00:00+08:00,FB6133,2026-10-04 00:00,Estonia,Luxembourg,Estonia,Luxembourg,UEFA - Nations League,7,3.0850,3.0900,2.6600,0.316640,0.316128,0.367231,1.000
2026-10-03T10:25:28+08:00,2026-10-03T10:00:00+08:00,FB6134,2026-10-04 00:00,Iceland,Bulgaria,Iceland,Bulgaria,UEFA - Nations League,7,1.4570,4.7000,7.9500,0.669671,0.207598,0.122731,1.000
2026-10-03T10:25:28+08:00,2026-10-03T10:00:00+08:00,FB6135,2026-10-04 13:00,Blaublitz Akita,Sagan Tosu,Blaublitz Akita,Sagan Tosu,Japan ‐ J2 League,6,3.2570,3.5100,2.3300,0.300682,0.279009,0.420309,1.000
2026-10-03T10:25:28+08:00,2026-10-03T10:00:00+08:00,FB6136,2026-10-04 14:00,Vegalta Sendai,Jubilo Iwata,Vegalta Sendai,Jubilo Iwata,Japan ‐ J2 League,7,2.2500,3.5950,3.1500,0.427322,0.267448,0.305230,1.000
2026-10-03T10:25:28+08:00,2026-10-03T10:00:00+08:00,FB6140,2026-10-03 21:00,Finland,Albania,Finland,Albania,UEFA - Nations League,7,2.5200,3.2950,3.1200,0.388729,0.297298,0.313973,1.000
2026-10-03T10:25:28+08:00,2026-10-03T10:00:00+08:00,FB6141,2026-10-04 02:45,Switzerland,Slovenia,Switzerland,Slovenia,UEFA - Nations League,7,1.3350,5.5000,10.8000,0.731883,0.177648,0.090469,1.000
2026-10-03T10:25:28+08:00,2026-10-03T10:00:00+08:00,FB6142,2026-10-04 12:00,Hokkaido Consadole Sapporo,Iwaki FC,Consadole Sapporo,Iwaki,Japan ‐ J2 League,7,2.3600,3.8400,2.8080,0.407325,0.250335,0.342339,1.000
2026-10-03T10:25:28+08:00,2026-10-03T10:00:00+08:00,FB6143,2026-10-04 12:00,Vanraure Hachinohe,FC Yokohama,Vanraure Hachinohe,Yokohama FC,Japan ‐ J2 League,7,4.3590,3.9250,1.8400,0.223234,0.247918,0.528847,1.000
2026-10-03T10:25:28+08:00,2026-10-03T10:00:00+08:00,FB6144,2026-10-04 18:00,Tegevajaro Miyazaki,RB Omiya Ardija,Tegevajaro Miyazaki,Omiya Ardija,Japan ‐ J2 League,7,2.5650,3.8050,2.5900,0.375310,0.253002,0.371688,1.000
2026-10-03T10:25:28+08:00,2026-10-03T10:00:00+08:00,FB6145,2026-10-03 13:00,Fujieda MYFC,Shonan Bellmare,Fujieda MYFC,Shonan Bellmare,Japan ‐ J2 League,7,2.9000,3.5400,2.6900,0.345152,0.282751,0.372097,1.000
2026-10-03T10:25:28+08:00,2026-10-03T10:00:00+08:00,FB6146,2026-10-03 16:00,Oita Trinita,Montedio Yamagata,Oita Trinita,Montedio Yamagata,Japan ‐ J2 League,7,2.7680,3.4950,2.6910,0.354534,0.280787,0.364679,1.000
2026-10-03T10:25:28+08:00,2026-10-03T10:00:00+08:00,FB6147,2026-10-04 02:45,North Macedonia,Scotland,Macedonia,Scotland,UEFA - Nations League,7,5.1070,3.6400,1.8100,0.191403,0.268543,0.540054,0.970
2026-10-03T10:25:28+08:00,2026-10-03T10:00:00+08:00,FB6148,2026-10-04 02:00,Almere City,Volendam,Almere City,Volendam,Netherlands ‐ Eerste Divisie,7,1.9500,4.2370,3.3700,0.490469,0.225729,0.283802,1.000
2026-10-03T10:25:28+08:00,2026-10-03T10:00:00+08:00,FB6149,2026-10-04 02:00,RKC Waalwijk,Emmen,RKC Waalwijk,FC Emmen,Netherlands ‐ Eerste Divisie,7,2.0210,3.9000,3.3500,0.471367,0.244265,0.284368,1.000
2026-10-03T10:25:28+08:00,2026-10-03T10:00:00+08:00,FB6150,2026-10-04 02:00,FC Eindhoven,De Graafschap,FC Eindhoven,De Graafschap,Netherlands ‐ Eerste Divisie,7,2.9290,4.0420,2.2000,0.327225,0.237120,0.435655,1.000
2026-10-03T10:25:28+08:00,2026-10-03T10:00:00+08:00,FB6151,2026-10-04 02:00,Den Bosch,Dordrecht,Den Bosch,Dordrecht,Netherlands ‐ Eerste Divisie,7,1.8860,4.1700,3.6300,0.507141,0.229369,0.263490,1.000
2026-10-03T10:25:28+08:00,2026-10-03T10:00:00+08:00,FB6152,2026-10-03 22:30,Vitesse,NAC,Vitesse Arnhem,NAC Breda,Netherlands ‐ Eerste Divisie,7,2.8320,4.2000,2.1850,0.336655,0.227002,0.436343,0.970
2026-10-03T10:25:28+08:00,2026-10-03T10:00:00+08:00,FB6153,2026-10-04 20:30,Venlo,Roda,VVV-Venlo,Roda JC,Netherlands ‐ Eerste Divisie,7,2.3820,3.7600,2.6580,0.395308,0.250432,0.354260,0.970
2026-10-03T10:25:28+08:00,2026-10-03T10:00:00+08:00,FB6154,2026-10-03 22:30,Oss,Maastricht,FC Oss,MVV Maastricht,Netherlands ‐ Eerste Divisie,7,2.2700,3.6500,2.9850,0.419747,0.261048,0.319205,1.000
2026-10-03T10:25:28+08:00,2026-10-03T10:00:00+08:00,FB6156,2026-10-03 22:00,Reading,Bradford,Reading,Bradford City,England ‐ League 1,7,2.2110,3.4900,3.4800,0.440748,0.279225,0.280027,1.000
2026-10-03T10:25:28+08:00,2026-10-03T10:00:00+08:00,FB6157,2026-10-03 22:00,Burton Albion,Huddersfield,Burton Albion,Huddersfield Town,England ‐ League 1,7,3.7780,3.9000,1.9430,0.255550,0.247556,0.496895,0.970
2026-10-03T10:25:28+08:00,2026-10-03T10:00:00+08:00,FB6158,2026-10-03 19:30,Chesterfield,Tranmere,Chesterfield,Tranmere Rovers,England ‐ League 2,7,1.7000,4.2600,4.7610,0.569434,0.227239,0.203327,1.000
2026-10-03T10:25:28+08:00,2026-10-03T10:00:00+08:00,FB6159,2026-10-03 22:00,Leyton Orient,Plymouth,Leyton Orient,Plymouth Argyle,England ‐ League 1,7,3.6500,3.8750,2.0010,0.265532,0.250114,0.484354,1.000
2026-10-03T10:25:28+08:00,2026-10-03T10:00:00+08:00,FB6160,2026-10-03 22:00,Accrington Stanley,Cheltenham,Accrington Stanley,Cheltenham,England ‐ League 2,7,2.4490,3.8700,2.8700,0.402232,0.254539,0.343229,1.000
2026-10-03T10:25:28+08:00,2026-10-03T10:00:00+08:00,FB6161,2026-10-03 22:00,Gillingham,Newport County,Gillingham,Newport County,England ‐ League 2,7,2.0900,3.7000,3.5000,0.462533,0.261269,0.276198,1.000
2026-10-03T10:25:28+08:00,2026-10-03T10:00:00+08:00,FB6162,2026-10-03 22:00,Crewe,Bristol Rovers,Crewe Alexandra,Bristol Rovers,England ‐ League 2,7,3.1000,3.7750,2.3500,0.318437,0.261498,0.420066,1.000
2026-10-03T10:25:28+08:00,2026-10-03T10:00:00+08:00,FB6163,2026-10-03 22:00,Rochdale,Swindon,Rochdale AFC,Swindon Town,England ‐ League 2,7,2.3020,3.7900,3.1180,0.426315,0.258939,0.314746,1.000
2026-10-03T10:25:28+08:00,2026-10-03T10:00:00+08:00,FB6164,2026-10-03 22:00,Grimsby,Shrewsbury,Grimsby Town,Shrewsbury Town,England ‐ League 2,7,1.6800,4.2350,5.0700,0.578685,0.229561,0.191754,0.970
2026-10-03T10:25:28+08:00,2026-10-03T10:00:00+08:00,FB6165,2026-10-03 22:00,Exeter City,Rotherham,Exeter City,Rotherham United,England ‐ League 2,7,2.6500,3.6500,2.7500,0.371794,0.269932,0.358274,0.970
2026-10-03T10:25:28+08:00,2026-10-03T10:00:00+08:00,FB6166,2026-10-03 22:00,Salford City,Fleetwood,Salford City,Fleetwood Town,England ‐ League 2,7,1.6490,4.3050,5.1670,0.587481,0.225030,0.187489,1.000
2026-10-03T10:25:28+08:00,2026-10-03T10:00:00+08:00,FB6167,2026-10-04 00:00,Belarus,San Marino,Belarus,San Marino,UEFA - Nations League,7,1.0860,12.6900,33.0000,0.894064,0.076513,0.029423,1.000
2026-10-03T10:25:28+08:00,2026-10-03T10:00:00+08:00,FB6174,2026-10-03 20:00,Albacete,Eibar,Albacete Balompie,SD Eibar,Spain ‐ Segunda Division,7,2.9500,3.4900,2.5060,0.330858,0.279665,0.389477,0.970
2026-10-03T10:25:28+08:00,2026-10-03T10:00:00+08:00,FB6175,2026-10-03 22:15,Almeria,Burgos,Almeria,Burgos CF,Spain ‐ Segunda Division,7,1.6090,4.1250,6.0820,0.604371,0.235741,0.159887,1.000
2026-10-03T10:25:28+08:00,2026-10-03T10:00:00+08:00,FB6176,2026-10-04 00:30,Cadiz,Leganes,Cadiz,CD Leganes,Spain ‐ Segunda Division,7,3.0120,3.2400,2.6200,0.324755,0.301902,0.373344,0.970
2026-10-03T10:25:28+08:00,2026-10-03T10:00:00+08:00,FB6177,2026-10-04 00:30,Sabadell,FC Andorra,CE Sabadell,Andorra CF,Spain ‐ Segunda Division,7,2.1510,3.3000,3.9500,0.455296,0.296770,0.247934,0.970
2026-10-03T10:25:28+08:00,2026-10-03T10:00:00+08:00,FB6179,2026-10-05 00:30,Las Palmas,Valladolid,Las Palmas,Real Valladolid,Spain ‐ Segunda Division,7,2.2500,3.3600,3.4050,0.429104,0.287347,0.283549,1.000
2026-10-03T10:25:28+08:00,2026-10-03T10:00:00+08:00,FB6180,2026-10-05 00:30,Castellon,Ceuta,CD Castellon,AD Ceuta,Spain ‐ Segunda Division,7,1.2530,6.8500,10.8300,0.770050,0.140857,0.089093,1.000
2026-10-03T10:25:28+08:00,2026-10-03T10:00:00+08:00,FB6181,2026-10-05 03:00,Girona,Mallorca,Girona,Mallorca,Spain ‐ Segunda Division,7,2.3200,3.5300,3.1800,0.418974,0.275360,0.305666,1.000
2026-10-03T10:25:28+08:00,2026-10-03T10:00:00+08:00,FB6182,2026-10-06 02:30,Cordoba,Tenerife,Cordoba,Tenerife,Spain ‐ Segunda Division,7,1.9900,3.6100,3.9600,0.486909,0.268407,0.244684,1.000
2026-10-03T10:25:28+08:00,2026-10-03T10:00:00+08:00,FB6183,2026-10-04 20:00,Real Sociedad B,CF Granada,Real Sociedad II,Granada CF,Spain ‐ Segunda Division,7,2.6520,3.3850,2.7500,0.363925,0.285119,0.350956,0.952
2026-10-03T10:25:28+08:00,2026-10-03T10:00:00+08:00,FB6190,2026-10-03 19:00,Vittsjo Women,Eskilstuna Utd Women,Vittsjo GIK Women,Eskilstuna United Women,Sweden ‐ Damallsvenskan,6,2.0500,3.9750,3.3050,0.468166,0.241444,0.290390,0.898
2026-10-03T10:25:28+08:00,2026-10-03T10:00:00+08:00,FB6191,2026-10-03 21:00,Vaxjo Women,Kristianstads Women,Vaxjo BK Women,Kristianstads DFF Women,Sweden ‐ Damallsvenskan,6,4.4800,4.3750,1.6740,0.212756,0.217862,0.569382,0.892
2026-10-03T10:25:28+08:00,2026-10-03T10:00:00+08:00,FB6192,2026-10-03 19:00,Pitea Women,Norrkoping Women,Pitea IF Women,Norrkoping FK Women,Sweden ‐ Damallsvenskan,6,2.1200,3.9050,3.1750,0.452364,0.245585,0.302051,1.000
2026-10-03T10:25:28+08:00,2026-10-03T10:00:00+08:00,FB6193,2026-10-03 23:55,Frankfurt Women,Bayern Munich Women,Eintracht Frankfurt Women,Bayern Munchen Women,Germany ‐ Bundesliga Women,6,5.8000,5.2300,1.4600,0.164431,0.182351,0.653218,0.932
2026-10-03T10:25:28+08:00,2026-10-03T10:00:00+08:00,FB6194,2026-10-03 20:00,RB Leipzig Women,Mainz Women,RB Leipzig Women,FSV Mainz 05 Women,Germany ‐ Bundesliga Women,6,1.4510,5.1400,6.1000,0.657824,0.185701,0.156476,0.879
2026-10-03T10:25:28+08:00,2026-10-03T10:00:00+08:00,FB6195,2026-10-04 20:00,Djurgardens Women,AIK Solna Women,Djurgardens IF Women,AIK Solna Women,Sweden ‐ Damallsvenskan,5,3.3600,3.9700,2.0500,0.286913,0.242828,0.470258,1.000
2026-10-03T10:25:28+08:00,2026-10-03T10:00:00+08:00,FB6196,2026-10-05 03:58,Talleres,Belgrano,Talleres de Cordoba,Belgrano de Cordoba,Argentina ‐ Liga Profesional,7,2.6460,3.1500,3.0200,0.368167,0.309260,0.322573,0.940
2026-10-03T10:25:28+08:00,2026-10-03T10:00:00+08:00,FB6197,2026-10-05 01:43,Huracan,Aldosivi,Atletico Huracan,Aldosivi,Argentina ‐ Liga Profesional,7,1.7800,3.5000,5.7700,0.550338,0.279886,0.169775,0.970
2026-10-03T10:25:28+08:00,2026-10-03T10:00:00+08:00,FB6199,2026-10-06 05:58,Velez Sarsfield,CA Platense,Velez Sarsfield,CA Platense,Argentina ‐ Liga Profesional,6,1.9410,3.1500,4.7950,0.494808,0.304896,0.200297,1.000
2026-10-03T10:25:28+08:00,2026-10-03T10:00:00+08:00,FB6200,2026-10-05 08:28,Estudiantes Rio Cuarto,Racing Club,Estudiantes Rio Cuarto,Racing Club,Argentina ‐ Liga Profesional,7,4.2900,3.1000,2.0310,0.222413,0.307792,0.469795,1.000
2026-10-03T10:25:28+08:00,2026-10-03T10:00:00+08:00,FB6201,2026-10-06 03:43,Deportivo Riestra,CA Central Cordoba,Deportivo Riestra,Central Cordoba Santiago,Argentina ‐ Liga Profesional,6,1.9240,3.1500,4.8700,0.498538,0.304504,0.196958,0.857
2026-10-03T10:25:28+08:00,2026-10-03T10:00:00+08:00,FB6202,2026-10-04 03:58,Atletico Tucuman,Barracas Central,Atletico Tucuman,CA Barracas Central,Argentina ‐ Liga Profesional,7,2.0500,3.0500,4.6420,0.473093,0.317980,0.208927,0.970
2026-10-03T10:25:28+08:00,2026-10-03T10:00:00+08:00,FB6203,2026-10-04 03:58,Newell's Old Boys,Lanus,Newells Old Boys,Lanus,Argentina ‐ Liga Profesional,7,2.8600,2.9600,2.9140,0.339249,0.327788,0.332963,0.985
2026-10-03T10:25:28+08:00,2026-10-03T10:00:00+08:00,FB6204,2026-10-05 06:13,Argentinos Juniors,Tigre,Argentinos Juniors,CA Tigre,Argentina ‐ Liga Profesional,7,1.8800,3.3500,4.9000,0.514174,0.288551,0.197275,1.000
2026-10-03T10:25:28+08:00,2026-10-03T10:00:00+08:00,FB6205,2026-10-04 01:43,Defensa y Justicia,San Lorenzo,Defensa y Justicia,San Lorenzo,Argentina ‐ Liga Profesional,7,2.1700,3.0230,4.1890,0.447257,0.321054,0.231689,1.000
2026-10-03T10:25:28+08:00,2026-10-03T10:00:00+08:00,FB6206,2026-10-03 13:00,Mynavi Sendai Women,Kobe Leonessa Women,Vegalta Sendai Women,INAC Kobe Leonessa Women,Japan ‐ League Cup Women,7,2.9300,3.3000,2.3500,0.319011,0.283243,0.397746,0.829
2026-10-03T10:25:28+08:00,2026-10-03T10:00:00+08:00,FB6208,2026-10-04 05:30,Atletico Mineiro,RB Bragantino,Atletico Mineiro MG,Bragantino SP,Brazil ‐ Serie A,7,2.1500,3.5700,3.5500,0.452924,0.272770,0.274306,0.855
2026-10-03T10:25:28+08:00,2026-10-03T10:00:00+08:00,FB6209,2026-10-03 22:00,Avai,Ceara,Avai,Ceara,Brazil ‐ Serie B,6,2.6660,3.3850,2.9500,0.371565,0.292642,0.335794,1.000
2026-10-03T10:25:28+08:00,2026-10-03T10:00:00+08:00,FB6210,2026-10-04 05:28,Botafogo SP,Vila Nova,Botafogo SP,Vila Nova GO,Brazil ‐ Serie B,6,2.5500,3.2900,3.2270,0.389820,0.302140,0.308039,0.970
2026-10-03T10:25:28+08:00,2026-10-03T10:00:00+08:00,FB6211,2026-10-04 02:58,Atletico Goianiense,America Mineiro,Atletico GO,America Mineiro MG,Brazil ‐ Serie B,6,1.3520,5.2300,9.8500,0.716452,0.185209,0.098339,0.970
2026-10-03T10:25:28+08:00,2026-10-03T10:00:00+08:00,FB6214,2026-10-04 07:00,Brooklyn FC,Rhode Island FC,Brooklyn FC,Rhode Island FC,USA ‐ USL League One,6,4.2400,4.2500,1.7590,0.226855,0.226321,0.546824,1.000
2026-10-03T10:25:28+08:00,2026-10-03T10:00:00+08:00,FB6215,2026-10-04 07:00,Detroit City,Birmingham Legion,Detroit City,Birmingham Legion,USA ‐ USL League One,6,1.6630,4.3300,4.8800,0.579763,0.222666,0.197571,1.000
2026-10-03T10:25:28+08:00,2026-10-03T10:00:00+08:00,FB6216,2026-10-04 06:00,Loudoun Utd,Indy Eleven,Loudoun United,Indy Eleven,USA ‐ USL League One,6,2.3720,4.0250,2.8040,0.410635,0.241994,0.347370,0.940
2026-10-03T10:25:28+08:00,2026-10-03T10:00:00+08:00,FB6217,2026-10-04 08:00,FC Tulsa,Sacramento Republic,Tulsa Roughnecks,Sacramento Republic,USA ‐ USL League One,6,2.9130,3.3050,2.5900,0.332657,0.293201,0.374142,0.970
2026-10-03T10:25:28+08:00,2026-10-03T10:00:00+08:00,FB6218,2026-10-04 07:00,Lexington SC,El Paso Locomotive,Lexington SC,El Paso Locomotive,USA ‐ USL League One,6,1.9410,4.0500,3.5900,0.495067,0.237266,0.267667,1.000
2026-10-03T10:25:28+08:00,2026-10-03T10:00:00+08:00,FB6219,2026-10-04 07:30,Tampa Bay Rowdies,Miami FC,Tampa Bay Rowdies,Miami FC,USA ‐ USL League One,6,1.3670,5.4100,8.0000,0.702467,0.177499,0.120034,1.000
2026-10-03T10:25:28+08:00,2026-10-03T10:00:00+08:00,FB6220,2026-10-03 21:00,Fiorentina Women,Sassuolo Women,Fiorentina Women,Sassuolo Women,Italy ‐ Serie A Women,4,1.5330,4.5600,5.7000,0.623002,0.209443,0.167555,1.000
2026-10-03T10:25:28+08:00,2026-10-03T10:00:00+08:00,FB6221,2026-10-03 18:30,Parma Women,Ternana Women,Parma Women,Ternana Women,Italy ‐ Serie A Women,4,1.9600,3.6250,3.8050,0.486428,0.263007,0.250565,1.000
2026-10-03T10:25:28+08:00,2026-10-03T10:00:00+08:00,FB6222,2026-10-04 00:00,Roma Women,Lazio Women,Res Roma Women,Lazio Women,Italy ‐ Serie A Women,4,1.4000,5.1800,7.3000,0.683971,0.184857,0.131172,0.970
2026-10-03T10:25:28+08:00,2026-10-03T10:00:00+08:00,FB6223,2026-10-03 22:00,Colchester,Luton,Colchester United,Luton Town,England ‐ Checkatrade Trophy,6,4.9300,4.4200,1.6460,0.195675,0.218252,0.586073,0.970
2026-10-03T10:25:28+08:00,2026-10-03T10:00:00+08:00,FB6224,2026-10-04 09:00,Cancun FC,Tapatio,Cancun FC,Deportivo Tapatio,Mexico ‐ Liga de Expansion,6,1.6870,4.3250,4.4250,0.564557,0.220210,0.215233,0.970
2026-10-03T10:25:28+08:00,2026-10-03T10:00:00+08:00,FB6225,2026-10-04 09:00,Alacranes de Durango,Mineros Zacatecas,Alacranes de Durango,Mineros de Zacatecas,Mexico ‐ Liga de Expansion,6,2.1040,3.8050,3.4000,0.460452,0.254610,0.284938,0.959
2026-10-03T10:25:28+08:00,2026-10-03T10:00:00+08:00,FB6226,2026-10-04 09:00,Piratas FC,Oaxaca,Piratas de Veracruz FC,Alebrijes de Oaxaca,Mexico ‐ Liga de Expansion,6,1.2900,5.6200,10.5000,0.739429,0.169727,0.090844,0.970
2026-10-03T10:25:28+08:00,2026-10-03T10:00:00+08:00,FB6227,2026-10-04 10:30,Las Vegas Lights,San Antonio FC,Las Vegas Lights,San Antonio Scorpions,USA ‐ USL League One,6,2.2990,3.7000,2.9700,0.417462,0.259391,0.323147,0.970
2026-10-03T10:25:28+08:00,2026-10-03T10:00:00+08:00,FB6228,2026-10-05 06:00,New Mexico Utd,Phoenix Rising,New Mexico United,Phoenix Rising,USA ‐ USL League One,6,2.3950,4.0100,2.6600,0.400379,0.239129,0.360492,1.000
2026-10-03T10:25:28+08:00,2026-10-03T10:00:00+08:00,FB6231,2026-10-03 22:00,India,Brazil,India,Brazil,International - Friendlies,7,95.0000,31.0000,1.0220,0.010307,0.031587,0.958106,1.000
2026-10-03T10:25:28+08:00,2026-10-03T10:00:00+08:00,FB6232,2026-10-04 10:00,USA,Mexico,USA,Mexico,International - Friendlies,7,2.5870,3.5500,2.9070,0.381876,0.278285,0.339839,1.000
2026-10-03T10:25:28+08:00,2026-10-03T10:00:00+08:00,FB6233,2026-10-03 17:30,Italy U20,France U20,Italy U20,France U20,International - Friendlies U20,1,3.3800,3.4490,1.8920,0.265501,0.260189,0.474309,1.000
2026-10-03T10:25:28+08:00,2026-10-03T10:00:00+08:00,FB6234,2026-10-03 23:00,Russia,Namibia,Russia,Namibia,International - Friendlies,6,1.1320,9.7000,29.0000,0.865250,0.100976,0.033775,1.000
2026-10-03T10:25:28+08:00,2026-10-03T10:00:00+08:00,FB6235,2026-10-03 23:30,England U20,Germany U20,England U20,Germany U20,International - Friendlies U20,5,2.6200,3.8100,2.4800,0.364416,0.250596,0.384988,1.000
2026-10-03T10:25:28+08:00,2026-10-03T10:00:00+08:00,FB6236,2026-10-04 02:00,Canada,Peru,Canada,Peru,International - Friendlies,7,1.6320,4.3100,5.8000,0.602397,0.228100,0.169502,1.000
2026-10-03T10:25:28+08:00,2026-10-03T10:00:00+08:00,FB6237,2026-10-04 08:00,Argentina,Burkina Faso,Argentina,Burkina Faso,International - Friendlies,7,1.1500,10.4000,31.0000,0.871328,0.096349,0.032323,1.000
2026-10-03T10:25:28+08:00,2026-10-03T10:00:00+08:00,FB6238,2026-10-04 03:30,Sao Paulo Women,Corinthians Women,Sao Paulo SP Women,Corinthians SP Women,Brazil ‐ Campeonato Brasileiro Serie A1 Women,4,3.2000,3.5800,2.3000,0.304399,0.272089,0.423512,0.914
2026-10-03T10:25:28+08:00,2026-10-03T10:00:00+08:00,FB6239,2026-10-04 09:00,Colorado Springs Switchbacks,Oakland Roots,Colorado Springs Switchbacks,Oakland Roots SC,USA ‐ USL League One,6,1.6360,4.4350,4.8870,0.586975,0.216526,0.196499,1.000
2026-10-03T10:25:28+08:00,2026-10-03T10:00:00+08:00,FB6240,2026-10-04 10:00,Orange County SC,Monterey Bay,Orange County Blues,Monterey Bay FC,USA ‐ USL League One,6,1.9800,3.9400,3.5600,0.485739,0.244102,0.270158,0.970
2026-10-03T10:25:28+08:00,2026-10-03T10:00:00+08:00,FB6241,2026-10-06 05:58,Estudiantes,Gimnasia Mendoza,Estudiantes La Plata,Gimnasia Mendoza,Argentina ‐ Liga Profesional,5,1.7400,3.6200,5.2100,0.551075,0.264881,0.184044,1.000
2026-10-03T10:25:28+08:00,2026-10-03T10:00:00+08:00,FB6243,2026-10-03 23:55,Saudi Arabia,Qatar,Saudi Arabia,Qatar,Asia - Gulf Cup,6,1.6200,3.9400,5.6000,0.588079,0.241799,0.170123,1.000
2026-10-03T10:25:28+08:00,2026-10-03T10:00:00+08:00,FB6244,2026-10-04 02:30,United Arab Emirates,Oman,United Arab Emirates,Oman,Asia - Gulf Cup,6,1.5910,4.2150,5.5000,0.599976,0.226468,0.173557,1.000
2026-10-03T10:25:28+08:00,2026-10-03T10:00:00+08:00,FB6246,2026-10-03 11:00,Monterrey Women,CF America Women,Monterrey Women,Club America Women,Mexico ‐ Liga MX Femenil,7,3.4000,4.1250,1.9800,0.282373,0.232744,0.484883,1.000
2026-10-03T10:25:28+08:00,2026-10-03T10:00:00+08:00,FB6247,2026-10-03 20:30,Manchester Utd Women,Liverpool Women,Manchester United Women,Liverpool Women,England ‐ Super League Women,7,2.1000,4.0850,3.0530,0.454148,0.233467,0.312385,0.965
2026-10-03T10:25:28+08:00,2026-10-03T10:00:00+08:00,FB6248,2026-10-03 18:00,Espanyol Women,Alaves Women,RCD Espanyol Women,Alaves Women,Spain ‐ Superliga Femenina,6,2.5750,3.5150,2.7090,0.372702,0.273032,0.354266,0.970
2026-10-03T10:25:28+08:00,2026-10-03T10:00:00+08:00,FB6249,2026-10-03 18:00,Sevilla Women,Levante Badalona Women,Sevilla Women,FC Badalona Women,Spain ‐ Superliga Femenina,4,2.7430,3.7300,2.4700,0.351381,0.258402,0.390218,0.970
2026-10-03T16:20:28+08:00,2026-10-03T16:00:00+08:00,FB6115,2026-10-04 00:00,Croatia,England,Croatia,England,UEFA - Nations League,7,4.8500,4.1000,1.7530,0.202036,0.238994,0.558970,1.000
2026-10-03T16:20:28+08:00,2026-10-03T16:00:00+08:00,FB6123,2026-10-04 04:57,Deportivo Maldonado,Central Espanol,Deportivo Maldonado,Central Espanol,Uruguay ‐ Primera Division,7,1.6560,4.0190,5.5230,0.584153,0.240696,0.175151,1.000
2026-10-03T16:20:28+08:00,2026-10-03T16:00:00+08:00,FB6124,2026-10-05 06:27,Racing Club Montevideo,Penarol,Racing Club Montevideo,Penarol Montevideo,Uruguay ‐ Primera Division,6,4.1200,3.4350,2.1420,0.242550,0.290919,0.466530,0.970
2026-10-03T16:20:28+08:00,2026-10-03T16:00:00+08:00,FB6125,2026-10-05 02:57,CA Cerro,Montevideo Wanderers,CA Cerro,Montevideo Wanderers,Uruguay ‐ Primera Division,6,2.9280,3.4000,2.4720,0.328338,0.282757,0.388905,1.000
2026-10-03T16:20:28+08:00,2026-10-03T16:00:00+08:00,FB6126,2026-10-04 23:57,Boston River,Juventud Las Piedras,CA Boston River,Juventud de Las Piedras,Uruguay ‐ Primera Division,6,2.7070,3.6500,2.5920,0.358936,0.266203,0.374861,0.935
2026-10-03T16:20:28+08:00,2026-10-03T16:00:00+08:00,FB6132,2026-10-03 18:00,Kashiwa Reysol,Gamba Osaka,Kashiwa Reysol,Gamba Osaka,Japan ‐ League Cup,7,1.6300,4.1500,5.2650,0.587419,0.230721,0.181860,1.000
2026-10-03T16:20:28+08:00,2026-10-03T16:00:00+08:00,FB6133,2026-10-04 00:00,Estonia,Luxembourg,Estonia,Luxembourg,UEFA - Nations League,7,3.0750,3.0150,2.7400,0.318252,0.324585,0.357162,1.000
2026-10-03T16:20:28+08:00,2026-10-03T16:00:00+08:00,FB6134,2026-10-04 00:00,Iceland,Bulgaria,Iceland,Bulgaria,UEFA - Nations League,7,1.4800,4.5500,7.9500,0.661621,0.215209,0.123170,1.000
2026-10-03T16:20:28+08:00,2026-10-03T16:00:00+08:00,FB6135,2026-10-04 13:00,Blaublitz Akita,Sagan Tosu,Blaublitz Akita,Sagan Tosu,Japan ‐ J2 League,6,3.2720,3.5100,2.3300,0.299717,0.279394,0.420890,1.000
2026-10-03T16:20:28+08:00,2026-10-03T16:00:00+08:00,FB6136,2026-10-04 14:00,Vegalta Sendai,Jubilo Iwata,Vegalta Sendai,Jubilo Iwata,Japan ‐ J2 League,7,2.2500,3.7550,3.1900,0.433928,0.260010,0.306062,1.000
2026-10-03T16:20:28+08:00,2026-10-03T16:00:00+08:00,FB6140,2026-10-03 21:00,Finland,Albania,Finland,Albania,UEFA - Nations League,7,2.4360,3.2300,3.3900,0.404406,0.304995,0.290600,1.000
2026-10-03T16:20:28+08:00,2026-10-03T16:00:00+08:00,FB6141,2026-10-04 02:45,Switzerland,Slovenia,Switzerland,Slovenia,UEFA - Nations League,7,1.3010,5.6000,12.1000,0.746357,0.173395,0.080249,1.000
2026-10-03T16:20:28+08:00,2026-10-03T16:00:00+08:00,FB6142,2026-10-04 12:00,Hokkaido Consadole Sapporo,Iwaki FC,Consadole Sapporo,Iwaki,Japan ‐ J2 League,7,2.3600,3.8300,2.8710,0.410138,0.252722,0.337139,1.000
2026-10-03T16:20:28+08:00,2026-10-03T16:00:00+08:00,FB6143,2026-10-04 12:00,Vanraure Hachinohe,FC Yokohama,Vanraure Hachinohe,Yokohama FC,Japan ‐ J2 League,7,4.4300,3.9250,1.8400,0.220445,0.248808,0.530746,1.000
2026-10-03T16:20:28+08:00,2026-10-03T16:00:00+08:00,FB6144,2026-10-04 18:00,Tegevajaro Miyazaki,RB Omiya Ardija,Tegevajaro Miyazaki,Omiya Ardija,Japan ‐ J2 League,7,2.5650,3.8050,2.5900,0.375310,0.253002,0.371688,1.000
2026-10-03T16:20:28+08:00,2026-10-03T16:00:00+08:00,FB6147,2026-10-04 02:45,North Macedonia,Scotland,Macedonia,Scotland,UEFA - Nations League,7,6.1000,3.7200,1.6990,0.160510,0.263202,0.576287,0.970
2026-10-03T16:20:28+08:00,2026-10-03T16:00:00+08:00,FB6148,2026-10-04 02:00,Almere City,Volendam,Almere City,Volendam,Netherlands ‐ Eerste Divisie,7,1.9310,4.1950,3.5400,0.498557,0.229491,0.271953,1.000
2026-10-03T16:20:28+08:00,2026-10-03T16:00:00+08:00,FB6149,2026-10-04 02:00,RKC Waalwijk,Emmen,RKC Waalwijk,FC Emmen,Netherlands ‐ Eerste Divisie,7,2.1790,3.8170,3.1100,0.440236,0.251316,0.308448,1.000
2026-10-03T16:20:28+08:00,2026-10-03T16:00:00+08:00,FB6150,2026-10-04 02:00,FC Eindhoven,De Graafschap,FC Eindhoven,De Graafschap,Netherlands ‐ Eerste Divisie,7,2.8890,3.9630,2.2590,0.332460,0.242361,0.425178,1.000
2026-10-03T16:20:28+08:00,2026-10-03T16:00:00+08:00,FB6151,2026-10-04 02:00,Den Bosch,Dordrecht,Den Bosch,Dordrecht,Netherlands ‐ Eerste Divisie,7,1.9800,4.2440,3.4800,0.491278,0.229201,0.279520,1.000
2026-10-03T16:20:28+08:00,2026-10-03T16:00:00+08:00,FB6152,2026-10-03 22:30,Vitesse,NAC,Vitesse Arnhem,NAC Breda,Netherlands ‐ Eerste Divisie,7,3.0600,4.1500,2.1120,0.313852,0.231419,0.454729,0.970
2026-10-03T16:20:28+08:00,2026-10-03T16:00:00+08:00,FB6153,2026-10-04 20:30,Venlo,Roda,VVV-Venlo,Roda JC,Netherlands ‐ Eerste Divisie,7,2.3800,3.7600,2.6600,0.395614,0.250415,0.353971,0.970
2026-10-03T16:20:28+08:00,2026-10-03T16:00:00+08:00,FB6154,2026-10-03 22:30,Oss,Maastricht,FC Oss,MVV Maastricht,Netherlands ‐ Eerste Divisie,7,2.3020,3.6500,2.9800,0.416117,0.262439,0.321444,1.000
2026-10-03T16:20:28+08:00,2026-10-03T16:00:00+08:00,FB6156,2026-10-03 22:00,Reading,Bradford,Reading,Bradford City,England ‐ League 1,7,2.1510,3.3600,3.6900,0.449821,0.287966,0.262213,1.000
2026-10-03T16:20:28+08:00,2026-10-03T16:00:00+08:00,FB6157,2026-10-03 22:00,Burton Albion,Huddersfield,Burton Albion,Huddersfield Town,England ‐ League 1,7,3.9400,3.9400,1.9040,0.245741,0.245741,0.508518,0.970
2026-10-03T16:20:28+08:00,2026-10-03T16:00:00+08:00,FB6158,2026-10-03 19:30,Chesterfield,Tranmere,Chesterfield,Tranmere Rovers,England ‐ League 2,7,1.7000,4.2600,4.9400,0.573661,0.228926,0.197414,1.000
2026-10-03T16:20:28+08:00,2026-10-03T16:00:00+08:00,FB6159,2026-10-03 22:00,Leyton Orient,Plymouth,Leyton Orient,Plymouth Argyle,England ‐ League 1,7,3.1850,3.6900,2.2520,0.305116,0.263359,0.431525,1.000
2026-10-03T16:20:28+08:00,2026-10-03T16:00:00+08:00,FB6160,2026-10-03 22:00,Accrington Stanley,Cheltenham,Accrington Stanley,Cheltenham,England ‐ League 2,7,2.4180,3.8700,2.9000,0.406736,0.254131,0.339133,1.000
2026-10-03T16:20:28+08:00,2026-10-03T16:00:00+08:00,FB6161,2026-10-03 22:00,Gillingham,Newport County,Gillingham,Newport County,England ‐ League 2,7,2.0920,3.7000,3.5500,0.464101,0.262405,0.273493,1.000
2026-10-03T16:20:28+08:00,2026-10-03T16:00:00+08:00,FB6162,2026-10-03 22:00,Crewe,Bristol Rovers,Crewe Alexandra,Bristol Rovers,England ‐ League 2,7,3.1500,3.7750,2.3140,0.312919,0.261111,0.425970,1.000
2026-10-03T16:20:28+08:00,2026-10-03T16:00:00+08:00,FB6163,2026-10-03 22:00,Rochdale,Swindon,Rochdale AFC,Swindon Town,England ‐ League 2,7,2.2740,3.9800,3.0500,0.431606,0.246601,0.321794,1.000
2026-10-03T16:20:28+08:00,2026-10-03T16:00:00+08:00,FB6164,2026-10-03 22:00,Grimsby,Shrewsbury,Grimsby Town,Shrewsbury Town,England ‐ League 2,7,1.7100,4.2350,5.0070,0.572967,0.231352,0.195681,0.970
2026-10-03T16:20:28+08:00,2026-10-03T16:00:00+08:00,FB6165,2026-10-03 22:00,Exeter City,Rotherham,Exeter City,Rotherham United,England ‐ League 2,7,2.6600,3.6500,2.7660,0.371686,0.270872,0.357442,0.970
2026-10-03T16:20:28+08:00,2026-10-03T16:00:00+08:00,FB6166,2026-10-03 22:00,Salford City,Fleetwood,Salford City,Fleetwood Town,England ‐ League 2,7,1.6660,4.3800,4.9420,0.582250,0.221468,0.196283,1.000
2026-10-03T16:20:28+08:00,2026-10-03T16:00:00+08:00,FB6167,2026-10-04 00:00,Belarus,San Marino,Belarus,San Marino,UEFA - Nations League,7,1.0800,14.5000,45.0000,0.910347,0.067805,0.021848,1.000
2026-10-03T16:20:28+08:00,2026-10-03T16:00:00+08:00,FB6174,2026-10-03 20:00,Albacete,Eibar,Albacete Balompie,SD Eibar,Spain ‐ Segunda Division,7,2.7020,3.5420,2.7300,0.363294,0.277138,0.359568,0.970
2026-10-03T16:20:28+08:00,2026-10-03T16:00:00+08:00,FB6175,2026-10-03 22:15,Almeria,Burgos,Almeria,Burgos CF,Spain ‐ Segunda Division,7,1.6090,4.1250,6.2700,0.607283,0.236877,0.155840,1.000
2026-10-03T16:20:28+08:00,2026-10-03T16:00:00+08:00,FB6176,2026-10-04 00:30,Cadiz,Leganes,Cadiz,CD Leganes,Spain ‐ Segunda Division,7,2.8800,3.1950,2.7510,0.339178,0.305738,0.355083,0.970
2026-10-03T16:20:28+08:00,2026-10-03T16:00:00+08:00,FB6177,2026-10-04 00:30,Sabadell,FC Andorra,CE Sabadell,Andorra CF,Spain ‐ Segunda Division,7,1.9930,3.3100,4.5700,0.490624,0.295412,0.213964,0.970
2026-10-03T16:20:28+08:00,2026-10-03T16:00:00+08:00,FB6179,2026-10-05 00:30,Las Palmas,Valladolid,Las Palmas,Real Valladolid,Spain ‐ Segunda Division,7,2.2500,3.3600,3.4050,0.429104,0.287347,0.283549,1.000
2026-10-03T16:20:28+08:00,2026-10-03T16:00:00+08:00,FB6180,2026-10-05 00:30,Castellon,Ceuta,CD Castellon,AD Ceuta,Spain ‐ Segunda Division,7,1.2530,6.8500,10.8300,0.770050,0.140857,0.089093,1.000
2026-10-03T16:20:28+08:00,2026-10-03T16:00:00+08:00,FB6181,2026-10-05 03:00,Girona,Mallorca,Girona,Mallorca,Spain ‐ Segunda Division,7,2.3460,3.5300,3.1800,0.416263,0.276644,0.307092,1.000
2026-10-03T16:20:28+08:00,2026-10-03T16:00:00+08:00,FB6182,2026-10-06 02:30,Cordoba,Tenerife,Cordoba,Tenerife,Spain ‐ Segunda Division,7,1.9900,3.6100,3.9600,0.486909,0.268407,0.244684,1.000
2026-10-03T16:20:28+08:00,2026-10-03T16:00:00+08:00,FB6183,2026-10-04 20:00,Real Sociedad B,CF Granada,Real Sociedad II,Granada CF,Spain ‐ Segunda Division,7,2.6520,3.3850,2.7500,0.363925,0.285119,0.350956,0.952
2026-10-03T16:20:28+08:00,2026-10-03T16:00:00+08:00,FB6190,2026-10-03 19:00,Vittsjo Women,Eskilstuna Utd Women,Vittsjo GIK Women,Eskilstuna United Women,Sweden ‐ Damallsvenskan,6,2.0500,3.9750,3.3050,0.468166,0.241444,0.290390,0.898
2026-10-03T16:20:28+08:00,2026-10-03T16:00:00+08:00,FB6191,2026-10-03 21:00,Vaxjo Women,Kristianstads Women,Vaxjo BK Women,Kristianstads DFF Women,Sweden ‐ Damallsvenskan,6,4.1600,4.2400,1.8000,0.232978,0.228583,0.538439,0.892
2026-10-03T16:20:28+08:00,2026-10-03T16:00:00+08:00,FB6192,2026-10-03 19:00,Pitea Women,Norrkoping Women,Pitea IF Women,Norrkoping FK Women,Sweden ‐ Damallsvenskan,6,2.1300,3.9050,3.1750,0.451198,0.246108,0.302694,1.000
2026-10-03T16:20:28+08:00,2026-10-03T16:00:00+08:00,FB6193,2026-10-03 23:55,Frankfurt Women,Bayern Munich Women,Eintracht Frankfurt Women,Bayern Munchen Women,Germany ‐ Bundesliga Women,6,5.8000,5.2300,1.4600,0.164431,0.182351,0.653218,0.932
2026-10-03T16:20:28+08:00,2026-10-03T16:00:00+08:00,FB6194,2026-10-03 20:00,RB Leipzig Women,Mainz Women,RB Leipzig Women,FSV Mainz 05 Women,Germany ‐ Bundesliga Women,6,1.4690,5.1400,6.1000,0.655043,0.187210,0.157747,0.879
2026-10-03T16:20:28+08:00,2026-10-03T16:00:00+08:00,FB6195,2026-10-04 20:00,Djurgardens Women,AIK Solna Women,Djurgardens IF Women,AIK Solna Women,Sweden ‐ Damallsvenskan,5,3.3600,3.9700,2.0070,0.284052,0.240406,0.475542,1.000
2026-10-03T16:20:28+08:00,2026-10-03T16:00:00+08:00,FB6196,2026-10-05 03:58,Talleres,Belgrano,Talleres de Cordoba,Belgrano de Cordoba,Argentina ‐ Liga Profesional,7,2.6150,3.1500,3.0470,0.371971,0.308795,0.319234,0.940
2026-10-03T16:20:28+08:00,2026-10-03T16:00:00+08:00,FB6197,2026-10-05 01:43,Huracan,Aldosivi,Atletico Huracan,Aldosivi,Argentina ‐ Liga Profesional,7,1.7800,3.4500,5.7700,0.548115,0.282796,0.169089,0.970
2026-10-03T16:20:28+08:00,2026-10-03T16:00:00+08:00,FB6199,2026-10-06 05:58,Velez Sarsfield,CA Platense,Velez Sarsfield,CA Platense,Argentina ‐ Liga Profesional,6,1.9410,3.1500,4.7950,0.494808,0.304896,0.200297,1.000
2026-10-03T16:20:28+08:00,2026-10-03T16:00:00+08:00,FB6200,2026-10-05 08:28,Estudiantes Rio Cuarto,Racing Club,Estudiantes Rio Cuarto,Racing Club,Argentina ‐ Liga Profesional,7,4.2950,3.1060,2.0310,0.222344,0.307459,0.470196,1.000
2026-10-03T16:20:28+08:00,2026-10-03T16:00:00+08:00,FB6201,2026-10-06 03:43,Deportivo Riestra,CA Central Cordoba,Deportivo Riestra,Central Cordoba Santiago,Argentina ‐ Liga Profesional,6,1.9300,3.1500,4.8700,0.497760,0.304976,0.197264,0.857
2026-10-03T16:20:28+08:00,2026-10-03T16:00:00+08:00,FB6202,2026-10-04 03:58,Atletico Tucuman,Barracas Central,Atletico Tucuman,CA Barracas Central,Argentina ‐ Liga Profesional,7,1.9090,3.1800,5.2300,0.508822,0.305453,0.185725,0.970
2026-10-03T16:20:28+08:00,2026-10-03T16:00:00+08:00,FB6203,2026-10-04 03:58,Newell's Old Boys,Lanus,Newells Old Boys,Lanus,Argentina ‐ Liga Profesional,7,2.8300,2.9700,2.9560,0.343615,0.327417,0.328968,0.985
2026-10-03T16:20:28+08:00,2026-10-03T16:00:00+08:00,FB6204,2026-10-05 06:13,Argentinos Juniors,Tigre,Argentinos Juniors,CA Tigre,Argentina ‐ Liga Profesional,7,1.8800,3.3500,4.9000,0.514174,0.288551,0.197275,1.000
2026-10-03T16:20:28+08:00,2026-10-03T16:00:00+08:00,FB6205,2026-10-04 01:43,Defensa y Justicia,San Lorenzo,Defensa y Justicia,San Lorenzo,Argentina ‐ Liga Profesional,7,2.1700,3.0380,4.2260,0.448879,0.320628,0.230494,1.000
2026-10-03T16:20:28+08:00,2026-10-03T16:00:00+08:00,FB6208,2026-10-04 05:30,Atletico Mineiro,RB Bragantino,Atletico Mineiro MG,Bragantino SP,Brazil ‐ Serie A,7,2.0120,3.8400,4.0700,0.495465,0.259603,0.244932,0.855
2026-10-03T16:20:28+08:00,2026-10-03T16:00:00+08:00,FB6209,2026-10-03 22:00,Avai,Ceara,Avai,Ceara,Brazil ‐ Serie B,7,2.6310,3.2500,3.0900,0.375799,0.304224,0.319977,1.000
2026-10-03T16:20:28+08:00,2026-10-03T16:00:00+08:00,FB6210,2026-10-04 05:28,Botafogo SP,Vila Nova,Botafogo SP,Vila Nova GO,Brazil ‐ Serie B,7,2.5500,3.2900,3.2270,0.389820,0.302140,0.308039,0.970
2026-10-03T16:20:28+08:00,2026-10-03T16:00:00+08:00,FB6211,2026-10-04 02:58,Atletico Goianiense,America Mineiro,Atletico GO,America Mineiro MG,Brazil ‐ Serie B,7,1.3030,5.8300,11.0000,0.745182,0.166548,0.088270,0.970
2026-10-03T16:20:28+08:00,2026-10-03T16:00:00+08:00,FB6214,2026-10-04 07:00,Brooklyn FC,Rhode Island FC,Brooklyn FC,Rhode Island FC,USA ‐ USL League One,6,4.2400,4.2500,1.7590,0.226855,0.226321,0.546824,1.000
2026-10-03T16:20:28+08:00,2026-10-03T16:00:00+08:00,FB6215,2026-10-04 07:00,Detroit City,Birmingham Legion,Detroit City,Birmingham Legion,USA ‐ USL League One,6,1.6630,4.3300,4.8800,0.579763,0.222666,0.197571,1.000
2026-10-03T16:20:28+08:00,2026-10-03T16:00:00+08:00,FB6216,2026-10-04 06:00,Loudoun Utd,Indy Eleven,Loudoun United,Indy Eleven,USA ‐ USL League One,6,2.4000,4.0250,2.8040,0.407798,0.243159,0.349043,0.940
2026-10-03T16:20:28+08:00,2026-10-03T16:00:00+08:00,FB6217,2026-10-04 08:00,FC Tulsa,Sacramento Republic,Tulsa Roughnecks,Sacramento Republic,USA ‐ USL League One,6,2.8830,3.3050,2.5900,0.334959,0.292189,0.372852,0.970
2026-10-03T16:20:28+08:00,2026-10-03T16:00:00+08:00,FB6218,2026-10-04 07:00,Lexington SC,El Paso Locomotive,Lexington SC,El Paso Locomotive,USA ‐ USL League One,6,1.9410,4.0500,3.5900,0.495067,0.237266,0.267667,1.000
2026-10-03T16:20:28+08:00,2026-10-03T16:00:00+08:00,FB6219,2026-10-04 07:30,Tampa Bay Rowdies,Miami FC,Tampa Bay Rowdies,Miami FC,USA ‐ USL League One,6,1.3670,5.4100,8.0000,0.702467,0.177499,0.120034,1.000
2026-10-03T16:20:28+08:00,2026-10-03T16:00:00+08:00,FB6220,2026-10-03 21:00,Fiorentina Women,Sassuolo Women,Fiorentina Women,Sassuolo Women,Italy ‐ Serie A Women,5,1.5570,4.5600,5.7000,0.619346,0.211474,0.169179,1.000
2026-10-03T16:20:28+08:00,2026-10-03T16:00:00+08:00,FB6221,2026-10-03 18:30,Parma Women,Ternana Women,Parma Women,Ternana Women,Italy ‐ Serie A Women,7,1.9800,3.6250,3.8050,0.483892,0.264305,0.251802,1.000
2026-10-03T16:20:28+08:00,2026-10-03T16:00:00+08:00,FB6222,2026-10-04 00:00,Roma Women,Lazio Women,Res Roma Women,Lazio Women,Italy ‐ Serie A Women,5,1.4200,5.2000,7.2000,0.680134,0.185729,0.134137,0.970
2026-10-03T16:20:28+08:00,2026-10-03T16:00:00+08:00,FB6223,2026-10-03 22:00,Colchester,Luton,Colchester United,Luton Town,England ‐ Checkatrade Trophy,6,5.0100,4.5650,1.6130,0.192179,0.210912,0.596909,0.970
2026-10-03T16:20:28+08:00,2026-10-03T16:00:00+08:00,FB6224,2026-10-04 09:00,Cancun FC,Tapatio,Cancun FC,Deportivo Tapatio,Mexico ‐ Liga de Expansion,6,1.6870,4.3250,4.4250,0.564557,0.220210,0.215233,0.970
2026-10-03T16:20:28+08:00,2026-10-03T16:00:00+08:00,FB6225,2026-10-04 09:00,Alacranes de Durango,Mineros Zacatecas,Alacranes de Durango,Mineros de Zacatecas,Mexico ‐ Liga de Expansion,6,1.8370,3.9500,4.0000,0.519666,0.241678,0.238657,0.959
2026-10-03T16:20:28+08:00,2026-10-03T16:00:00+08:00,FB6226,2026-10-04 09:00,Piratas FC,Oaxaca,Piratas de Veracruz FC,Alebrijes de Oaxaca,Mexico ‐ Liga de Expansion,6,1.2900,5.6200,10.5000,0.739429,0.169727,0.090844,0.970
2026-10-03T16:20:28+08:00,2026-10-03T16:00:00+08:00,FB6227,2026-10-04 10:30,Las Vegas Lights,San Antonio FC,Las Vegas Lights,San Antonio Scorpions,USA ‐ USL League One,6,2.4400,3.6900,2.8210,0.395853,0.261757,0.342390,0.970
2026-10-03T16:20:28+08:00,2026-10-03T16:00:00+08:00,FB6228,2026-10-05 06:00,New Mexico Utd,Phoenix Rising,New Mexico United,Phoenix Rising,USA ‐ USL League One,6,2.4230,4.0100,2.6600,0.397592,0.240241,0.362167,1.000
2026-10-03T16:20:28+08:00,2026-10-03T16:00:00+08:00,FB6231,2026-10-03 22:00,India,Brazil,India,Brazil,International - Friendlies,7,95.0000,31.0000,1.0220,0.010307,0.031587,0.958106,1.000
2026-10-03T16:20:28+08:00,2026-10-03T16:00:00+08:00,FB6232,2026-10-04 10:00,USA,Mexico,USA,Mexico,International - Friendlies,7,2.9680,3.6000,2.5530,0.334784,0.276011,0.389205,1.000
2026-10-03T16:20:28+08:00,2026-10-03T16:00:00+08:00,FB6234,2026-10-03 23:00,Russia,Namibia,Russia,Namibia,International - Friendlies,6,1.1320,9.7000,29.0000,0.865250,0.100976,0.033775,1.000
2026-10-03T16:20:28+08:00,2026-10-03T16:00:00+08:00,FB6235,2026-10-03 23:30,England U20,Germany U20,England U20,Germany U20,International - Friendlies U20,7,2.8020,3.9000,2.2880,0.339776,0.244116,0.416107,1.000
2026-10-03T16:20:28+08:00,2026-10-03T16:00:00+08:00,FB6236,2026-10-04 02:00,Canada,Peru,Canada,Peru,International - Friendlies,7,1.5760,4.2350,6.6500,0.621454,0.231266,0.147280,1.000
2026-10-03T16:20:28+08:00,2026-10-03T16:00:00+08:00,FB6237,2026-10-04 08:00,Argentina,Burkina Faso,Argentina,Burkina Faso,International - Friendlies,7,1.0950,13.0000,37.0000,0.897807,0.075623,0.026570,1.000
2026-10-03T16:20:28+08:00,2026-10-03T16:00:00+08:00,FB6238,2026-10-04 03:30,Sao Paulo Women,Corinthians Women,Sao Paulo SP Women,Corinthians SP Women,Brazil ‐ Campeonato Brasileiro Serie A1 Women,4,3.1400,3.5200,2.3750,0.311124,0.277537,0.411339,0.914
2026-10-03T16:20:28+08:00,2026-10-03T16:00:00+08:00,FB6239,2026-10-04 09:00,Colorado Springs Switchbacks,Oakland Roots,Colorado Springs Switchbacks,Oakland Roots SC,USA ‐ USL League One,6,1.6820,4.3350,4.6500,0.571518,0.221752,0.206730,1.000
2026-10-03T16:20:28+08:00,2026-10-03T16:00:00+08:00,FB6240,2026-10-04 10:00,Orange County SC,Monterey Bay,Orange County Blues,Monterey Bay FC,USA ‐ USL League One,6,1.9800,3.9400,3.4640,0.482129,0.242288,0.275582,0.970
2026-10-03T16:20:28+08:00,2026-10-03T16:00:00+08:00,FB6241,2026-10-06 05:58,Estudiantes,Gimnasia Mendoza,Estudiantes La Plata,Gimnasia Mendoza,Argentina ‐ Liga Profesional,5,1.7400,3.6200,5.2100,0.551075,0.264881,0.184044,1.000
2026-10-03T16:20:28+08:00,2026-10-03T16:00:00+08:00,FB6243,2026-10-03 23:55,Saudi Arabia,Qatar,Saudi Arabia,Qatar,Asia - Gulf Cup,7,1.6730,3.9400,5.6000,0.580259,0.246389,0.173352,1.000
2026-10-03T16:20:28+08:00,2026-10-03T16:00:00+08:00,FB6244,2026-10-04 02:30,United Arab Emirates,Oman,United Arab Emirates,Oman,Asia - Gulf Cup,6,1.5070,4.4200,6.7000,0.638620,0.217738,0.143642,1.000
2026-10-03T16:20:28+08:00,2026-10-03T16:00:00+08:00,FB6247,2026-10-03 20:30,Manchester Utd Women,Liverpool Women,Manchester United Women,Liverpool Women,England ‐ Super League Women,7,2.1000,4.0850,3.0860,0.455670,0.234249,0.310080,0.965
2026-10-03T16:20:28+08:00,2026-10-03T16:00:00+08:00,FB6248,2026-10-03 18:00,Espanyol Women,Alaves Women,RCD Espanyol Women,Alaves Women,Spain ‐ Superliga Femenina,6,2.6000,3.5150,2.7300,0.371462,0.274765,0.353773,0.970
2026-10-03T16:20:28+08:00,2026-10-03T16:00:00+08:00,FB6249,2026-10-03 18:00,Sevilla Women,Levante Badalona Women,Sevilla Women,FC Badalona Women,Spain ‐ Superliga Femenina,4,2.7700,3.7300,2.4400,0.347479,0.258047,0.394474,0.970
2026-10-03T21:32:23+08:00,2026-10-03T21:30:00+08:00,FB6115,2026-10-04 00:00,Croatia,England,Croatia,England,UEFA - Nations League,7,5.0000,4.0500,1.7500,0.196398,0.242466,0.561136,1.000
2026-10-03T21:32:23+08:00,2026-10-03T21:30:00+08:00,FB6133,2026-10-04 00:00,Estonia,Luxembourg,Estonia,Luxembourg,UEFA - Nations League,7,3.1020,2.9550,2.7620,0.315175,0.330853,0.353972,1.000
2026-10-03T21:32:23+08:00,2026-10-03T21:30:00+08:00,FB6134,2026-10-04 00:00,Iceland,Bulgaria,Iceland,Bulgaria,UEFA - Nations League,7,1.4570,4.6400,7.9500,0.667878,0.209720,0.122402,1.000
2026-10-03T21:32:23+08:00,2026-10-03T21:30:00+08:00,FB6152,2026-10-03 22:30,Vitesse,NAC,Vitesse Arnhem,NAC Breda,Netherlands ‐ Eerste Divisie,7,3.0410,4.2300,2.1100,0.316441,0.227494,0.456065,0.970
2026-10-03T21:32:23+08:00,2026-10-03T21:30:00+08:00,FB6154,2026-10-03 22:30,Oss,Maastricht,FC Oss,MVV Maastricht,Netherlands ‐ Eerste Divisie,7,2.3480,3.6500,2.9800,0.411318,0.264596,0.324086,1.000
2026-10-03T21:32:23+08:00,2026-10-03T21:30:00+08:00,FB6156,2026-10-03 22:00,Reading,Bradford,Reading,Bradford City,England ‐ League 1,7,2.1520,3.7200,3.7600,0.464936,0.268963,0.266101,1.000
2026-10-03T21:32:23+08:00,2026-10-03T21:30:00+08:00,FB6157,2026-10-03 22:00,Burton Albion,Huddersfield,Burton Albion,Huddersfield Town,England ‐ League 1,7,4.5500,3.8400,1.7870,0.211369,0.250450,0.538181,0.970
2026-10-03T21:32:23+08:00,2026-10-03T21:30:00+08:00,FB6159,2026-10-03 22:00,Leyton Orient,Plymouth,Leyton Orient,Plymouth Argyle,England ‐ League 1,7,2.9990,3.9000,2.3020,0.325547,0.250337,0.424116,1.000
2026-10-03T21:32:23+08:00,2026-10-03T21:30:00+08:00,FB6160,2026-10-03 22:00,Accrington Stanley,Cheltenham,Accrington Stanley,Cheltenham,England ‐ League 2,7,2.6500,3.7950,2.7590,0.376112,0.262634,0.361253,1.000
2026-10-03T21:32:23+08:00,2026-10-03T21:30:00+08:00,FB6161,2026-10-03 22:00,Gillingham,Newport County,Gillingham,Newport County,England ‐ League 2,7,1.9500,3.9000,4.1400,0.507353,0.253676,0.238971,1.000
2026-10-03T21:32:23+08:00,2026-10-03T21:30:00+08:00,FB6162,2026-10-03 22:00,Crewe,Bristol Rovers,Crewe Alexandra,Bristol Rovers,England ‐ League 2,7,2.9200,3.7700,2.4300,0.336001,0.260245,0.403754,1.000
2026-10-03T21:32:23+08:00,2026-10-03T21:30:00+08:00,FB6163,2026-10-03 22:00,Rochdale,Swindon,Rochdale AFC,Swindon Town,England ‐ League 2,7,2.2300,3.9800,3.1500,0.440871,0.247021,0.312109,1.000
2026-10-03T21:32:23+08:00,2026-10-03T21:30:00+08:00,FB6164,2026-10-03 22:00,Grimsby,Shrewsbury,Grimsby Town,Shrewsbury Town,England ‐ League 2,7,1.6680,4.3150,5.1100,0.583779,0.225665,0.190556,0.970
2026-10-03T21:32:23+08:00,2026-10-03T21:30:00+08:00,FB6165,2026-10-03 22:00,Exeter City,Rotherham,Exeter City,Rotherham United,England ‐ League 2,7,2.5800,3.6800,3.0300,0.391762,0.274659,0.333579,0.970
2026-10-03T21:32:23+08:00,2026-10-03T21:30:00+08:00,FB6166,2026-10-03 22:00,Salford City,Fleetwood,Salford City,Fleetwood Town,England ‐ League 2,7,1.6500,4.3800,5.3600,0.593631,0.223628,0.182741,1.000
2026-10-03T21:32:23+08:00,2026-10-03T21:30:00+08:00,FB6167,2026-10-04 00:00,Belarus,San Marino,Belarus,San Marino,UEFA - Nations League,7,1.0750,14.5000,46.0000,0.911156,0.067551,0.021293,1.000
2026-10-03T21:32:23+08:00,2026-10-03T21:30:00+08:00,FB6175,2026-10-03 22:15,Almeria,Burgos,Almeria,Burgos CF,Spain ‐ Segunda Division,7,1.5780,4.2250,6.3600,0.616673,0.230322,0.153005,1.000
2026-10-03T21:32:23+08:00,2026-10-03T21:30:00+08:00,FB6176,2026-10-04 00:30,Cadiz,Leganes,Cadiz,CD Leganes,Spain ‐ Segunda Division,7,2.8400,3.1950,2.7600,0.342715,0.304636,0.352649,0.970
2026-10-03T21:32:23+08:00,2026-10-03T21:30:00+08:00,FB6177,2026-10-04 00:30,Sabadell,FC Andorra,CE Sabadell,Andorra CF,Spain ‐ Segunda Division,7,2.0130,3.3000,4.4000,0.483676,0.295042,0.221282,0.970
2026-10-03T21:32:23+08:00,2026-10-03T21:30:00+08:00,FB6193,2026-10-03 23:55,Frankfurt Women,Bayern Munich Women,Eintracht Frankfurt Women,Bayern Munchen Women,Germany ‐ Bundesliga Women,7,5.8000,5.2300,1.4620,0.164578,0.182515,0.652908,0.932
2026-10-03T21:32:23+08:00,2026-10-03T21:30:00+08:00,FB6209,2026-10-03 22:00,Avai,Ceara,Avai,Ceara,Brazil ‐ Serie B,7,2.3800,3.3150,3.4170,0.414170,0.297353,0.288477,1.000
2026-10-03T21:32:23+08:00,2026-10-03T21:30:00+08:00,FB6222,2026-10-04 00:00,Roma Women,Lazio Women,Res Roma Women,Lazio Women,Italy ‐ Serie A Women,7,1.4180,5.2100,7.3000,0.681935,0.185601,0.132464,0.970
2026-10-03T21:32:23+08:00,2026-10-03T21:30:00+08:00,FB6223,2026-10-03 22:00,Colchester,Luton,Colchester United,Luton Town,England ‐ Checkatrade Trophy,7,4.4250,4.5600,1.6800,0.217187,0.210757,0.572056,0.970
2026-10-03T21:32:23+08:00,2026-10-03T21:30:00+08:00,FB6230,2026-10-04 01:00,France U21,Luxembourg U21,France U21,Luxembourg U21,UEFA - European Championship U21,5,1.0250,12.0000,46.0000,0.902772,0.077112,0.020116,1.000
2026-10-03T21:32:23+08:00,2026-10-03T21:30:00+08:00,FB6231,2026-10-03 22:00,India,Brazil,India,Brazil,International - Friendlies,7,95.0000,31.0000,1.0220,0.010307,0.031587,0.958106,1.000
2026-10-03T21:32:23+08:00,2026-10-03T21:30:00+08:00,FB6234,2026-10-03 23:00,Russia,Namibia,Russia,Namibia,International - Friendlies,6,1.1320,9.7000,29.0000,0.865250,0.100976,0.033775,1.000
2026-10-03T21:32:23+08:00,2026-10-03T21:30:00+08:00,FB6235,2026-10-03 23:30,England U20,Germany U20,England U20,Germany U20,International - Friendlies U20,7,2.4290,3.8650,2.6390,0.392328,0.246563,0.361109,1.000
2026-10-03T21:32:23+08:00,2026-10-03T21:30:00+08:00,FB6243,2026-10-03 23:55,Saudi Arabia,Qatar,Saudi Arabia,Qatar,Asia - Gulf Cup,7,1.8000,3.6350,4.9800,0.538610,0.266712,0.194678,1.000
2026-10-04T01:39:28+08:00,2026-10-04T01:30:00+08:00,FB6123,2026-10-04 04:57,Deportivo Maldonado,Central Espanol,Deportivo Maldonado,Central Espanol,Uruguay ‐ Primera Division,8,1.6130,4.2100,5.5000,0.596513,0.228545,0.174941,1.000
2026-10-04T01:39:28+08:00,2026-10-04T01:30:00+08:00,FB6141,2026-10-04 02:45,Switzerland,Slovenia,Switzerland,Slovenia,UEFA - Nations League,8,1.3600,5.3190,11.0000,0.724993,0.185371,0.089636,1.000
2026-10-04T01:39:28+08:00,2026-10-04T01:30:00+08:00,FB6147,2026-10-04 02:45,North Macedonia,Scotland,Macedonia,Scotland,UEFA - Nations League,8,6.7600,3.6900,1.6810,0.145913,0.267310,0.586777,0.970
2026-10-04T01:39:28+08:00,2026-10-04T01:30:00+08:00,FB6148,2026-10-04 02:00,Almere City,Volendam,Almere City,Volendam,Netherlands ‐ Eerste Divisie,8,1.7600,4.5200,3.9400,0.544638,0.212072,0.243290,1.000
2026-10-04T01:39:28+08:00,2026-10-04T01:30:00+08:00,FB6149,2026-10-04 02:00,RKC Waalwijk,Emmen,RKC Waalwijk,FC Emmen,Netherlands ‐ Eerste Divisie,8,2.2200,3.8400,3.1200,0.436745,0.252493,0.310761,1.000
2026-10-04T01:39:28+08:00,2026-10-04T01:30:00+08:00,FB6150,2026-10-04 02:00,FC Eindhoven,De Graafschap,FC Eindhoven,De Graafschap,Netherlands ‐ Eerste Divisie,8,3.0550,4.1600,2.1600,0.317589,0.233229,0.449182,1.000
2026-10-04T01:39:28+08:00,2026-10-04T01:30:00+08:00,FB6151,2026-10-04 02:00,Den Bosch,Dordrecht,Den Bosch,Dordrecht,Netherlands ‐ Eerste Divisie,8,1.9210,4.3500,3.4600,0.500798,0.221157,0.278044,1.000
2026-10-04T01:39:28+08:00,2026-10-04T01:30:00+08:00,FB6202,2026-10-04 03:58,Atletico Tucuman,Barracas Central,Atletico Tucuman,CA Barracas Central,Argentina ‐ Liga Profesional,8,1.8820,3.1500,5.4300,0.514389,0.307327,0.178284,0.970
2026-10-04T01:39:28+08:00,2026-10-04T01:30:00+08:00,FB6203,2026-10-04 03:58,Newell's Old Boys,Lanus,Newells Old Boys,Lanus,Argentina ‐ Liga Profesional,8,2.9200,2.9290,2.8870,0.332407,0.331386,0.336207,0.985
2026-10-04T01:39:28+08:00,2026-10-04T01:30:00+08:00,FB6205,2026-10-04 01:43,Defensa y Justicia,San Lorenzo,Defensa y Justicia,San Lorenzo,Argentina ‐ Liga Profesional,8,2.0880,3.2020,4.3410,0.468804,0.305704,0.225492,1.000
2026-10-04T01:39:28+08:00,2026-10-04T01:30:00+08:00,FB6208,2026-10-04 05:30,Atletico Mineiro,RB Bragantino,Atletico Mineiro MG,Bragantino SP,Brazil ‐ Serie A,8,2.1600,3.5660,3.5300,0.450934,0.273140,0.275926,0.855
2026-10-04T01:39:28+08:00,2026-10-04T01:30:00+08:00,FB6210,2026-10-04 05:28,Botafogo SP,Vila Nova,Botafogo SP,Vila Nova GO,Brazil ‐ Serie B,8,2.5500,3.2900,3.1860,0.388281,0.300947,0.310771,0.970
2026-10-04T01:39:28+08:00,2026-10-04T01:30:00+08:00,FB6211,2026-10-04 02:58,Atletico Goianiense,America Mineiro,Atletico GO,America Mineiro MG,Brazil ‐ Serie B,8,1.3800,5.2900,9.0000,0.707112,0.184464,0.108424,0.970
2026-10-04T01:39:28+08:00,2026-10-04T01:30:00+08:00,FB6236,2026-10-04 02:00,Canada,Peru,Canada,Peru,International - Friendlies,8,1.5960,4.3100,6.1700,0.613884,0.227322,0.158794,1.000
2026-10-04T01:39:28+08:00,2026-10-04T01:30:00+08:00,FB6238,2026-10-04 03:30,Sao Paulo Women,Corinthians Women,Sao Paulo SP Women,Corinthians SP Women,Brazil ‐ Campeonato Brasileiro Serie A1 Women,6,3.6000,3.6100,2.2600,0.278540,0.277768,0.443692,0.914
2026-10-04T01:39:28+08:00,2026-10-04T01:30:00+08:00,FB6244,2026-10-04 02:30,United Arab Emirates,Oman,United Arab Emirates,Oman,Asia - Gulf Cup,8,1.6450,4.0300,5.4630,0.585033,0.238804,0.176163,1.000
2026-10-04T04:14:39+08:00,2026-10-04T04:00:00+08:00,FB6123,2026-10-04 04:57,Deportivo Maldonado,Central Espanol,Deportivo Maldonado,Central Espanol,Uruguay ‐ Primera Division,8,1.6130,4.2100,5.5000,0.596513,0.228545,0.174941,1.000
2026-10-04T04:14:39+08:00,2026-10-04T04:00:00+08:00,FB6124,2026-10-05 06:27,Racing Club Montevideo,Penarol,Racing Club Montevideo,Penarol Montevideo,Uruguay ‐ Primera Division,8,4.1200,3.4350,2.1010,0.240362,0.288295,0.471343,0.970
2026-10-04T04:14:39+08:00,2026-10-04T04:00:00+08:00,FB6125,2026-10-05 02:57,CA Cerro,Montevideo Wanderers,CA Cerro,Montevideo Wanderers,Uruguay ‐ Primera Division,8,3.0000,3.4000,2.5270,0.325783,0.287455,0.386762,1.000
2026-10-04T04:14:39+08:00,2026-10-04T04:00:00+08:00,FB6126,2026-10-04 23:57,Boston River,Juventud Las Piedras,CA Boston River,Juventud de Las Piedras,Uruguay ‐ Primera Division,8,2.7100,3.6500,2.6660,0.362454,0.269110,0.368436,0.935
2026-10-04T04:14:39+08:00,2026-10-04T04:00:00+08:00,FB6135,2026-10-04 13:00,Blaublitz Akita,Sagan Tosu,Blaublitz Akita,Sagan Tosu,Japan ‐ J2 League,8,3.3320,3.5100,2.3300,0.295917,0.280910,0.423173,1.000
2026-10-04T04:14:39+08:00,2026-10-04T04:00:00+08:00,FB6136,2026-10-04 14:00,Vegalta Sendai,Jubilo Iwata,Vegalta Sendai,Jubilo Iwata,Japan ‐ J2 League,8,2.2500,3.7550,3.2400,0.435987,0.261244,0.302769,1.000
2026-10-04T04:14:39+08:00,2026-10-04T04:00:00+08:00,FB6142,2026-10-04 12:00,Hokkaido Consadole Sapporo,Iwaki FC,Consadole Sapporo,Iwaki,Japan ‐ J2 League,8,2.3830,3.8300,2.8300,0.405804,0.252489,0.341707,1.000
2026-10-04T04:14:39+08:00,2026-10-04T04:00:00+08:00,FB6143,2026-10-04 12:00,Vanraure Hachinohe,FC Yokohama,Vanraure Hachinohe,Yokohama FC,Japan ‐ J2 League,8,4.5330,3.9250,1.8400,0.216521,0.250061,0.533418,1.000
2026-10-04T04:14:39+08:00,2026-10-04T04:00:00+08:00,FB6144,2026-10-04 18:00,Tegevajaro Miyazaki,RB Omiya Ardija,Tegevajaro Miyazaki,Omiya Ardija,Japan ‐ J2 League,8,2.5690,3.8050,2.6200,0.376549,0.254232,0.369219,1.000
2026-10-04T04:14:39+08:00,2026-10-04T04:00:00+08:00,FB6153,2026-10-04 20:30,Venlo,Roda,VVV-Venlo,Roda JC,Netherlands ‐ Eerste Divisie,8,2.4000,3.8100,2.6760,0.395760,0.249298,0.354942,0.970
2026-10-04T04:14:39+08:00,2026-10-04T04:00:00+08:00,FB6179,2026-10-05 00:30,Las Palmas,Valladolid,Las Palmas,Real Valladolid,Spain ‐ Segunda Division,8,2.2750,3.3600,3.4050,0.426400,0.288708,0.284892,1.000
2026-10-04T04:14:39+08:00,2026-10-04T04:00:00+08:00,FB6180,2026-10-05 00:30,Castellon,Ceuta,CD Castellon,AD Ceuta,Spain ‐ Segunda Division,8,1.2440,7.0800,11.5500,0.779173,0.136906,0.083921,1.000
2026-10-04T04:14:39+08:00,2026-10-04T04:00:00+08:00,FB6181,2026-10-05 03:00,Girona,Mallorca,Girona,Mallorca,Spain ‐ Segunda Division,8,2.3600,3.5000,3.1470,0.412506,0.278147,0.309347,1.000
2026-10-04T04:14:39+08:00,2026-10-04T04:00:00+08:00,FB6182,2026-10-06 02:30,Cordoba,Tenerife,Cordoba,Tenerife,Spain ‐ Segunda Division,8,1.9900,3.6100,3.9600,0.486909,0.268407,0.244684,1.000
2026-10-04T04:14:39+08:00,2026-10-04T04:00:00+08:00,FB6183,2026-10-04 20:00,Real Sociedad B,CF Granada,Real Sociedad II,Granada CF,Spain ‐ Segunda Division,8,2.6860,3.3850,2.8000,0.363268,0.288254,0.348478,0.952
2026-10-04T04:14:39+08:00,2026-10-04T04:00:00+08:00,FB6188,2026-10-04 19:00,Molde Women,Stabaek Women,Molde FK Women,Stabaek Women,Norway ‐ Toppserien Women,7,3.2450,4.0300,2.0900,0.297810,0.239800,0.462390,1.000
2026-10-04T04:14:39+08:00,2026-10-04T04:00:00+08:00,FB6195,2026-10-04 20:00,Djurgardens Women,AIK Solna Women,Djurgardens IF Women,AIK Solna Women,Sweden ‐ Damallsvenskan,7,3.2250,3.8850,2.1400,0.299659,0.248752,0.451589,1.000
2026-10-04T04:14:39+08:00,2026-10-04T04:00:00+08:00,FB6196,2026-10-05 03:58,Talleres,Belgrano,Talleres de Cordoba,Belgrano de Cordoba,Argentina ‐ Liga Profesional,8,2.6310,3.1500,3.0860,0.372052,0.310752,0.317196,0.940
2026-10-04T04:14:39+08:00,2026-10-04T04:00:00+08:00,FB6197,2026-10-05 01:43,Huracan,Aldosivi,Atletico Huracan,Aldosivi,Argentina ‐ Liga Profesional,8,1.7600,3.4600,5.7700,0.551360,0.280461,0.168179,0.970
2026-10-04T04:14:39+08:00,2026-10-04T04:00:00+08:00,FB6199,2026-10-06 05:58,Velez Sarsfield,CA Platense,Velez Sarsfield,CA Platense,Argentina ‐ Liga Profesional,7,1.9600,3.1600,4.7950,0.492851,0.305692,0.201457,1.000
2026-10-04T04:14:39+08:00,2026-10-04T04:00:00+08:00,FB6200,2026-10-05 08:28,Estudiantes Rio Cuarto,Racing Club,Estudiantes Rio Cuarto,Racing Club,Argentina ‐ Liga Profesional,8,4.3200,3.1100,2.0310,0.221430,0.307581,0.470989,1.000
2026-10-04T04:14:39+08:00,2026-10-04T04:00:00+08:00,FB6201,2026-10-06 03:43,Deportivo Riestra,CA Central Cordoba,Deportivo Riestra,Central Cordoba Santiago,Argentina ‐ Liga Profesional,6,1.9300,3.1500,4.8700,0.497760,0.304976,0.197264,0.857
2026-10-04T04:14:39+08:00,2026-10-04T04:00:00+08:00,FB6204,2026-10-05 06:13,Argentinos Juniors,Tigre,Argentinos Juniors,CA Tigre,Argentina ‐ Liga Profesional,8,1.8300,3.4000,5.0900,0.526936,0.283616,0.189448,1.000
2026-10-04T04:14:39+08:00,2026-10-04T04:00:00+08:00,FB6208,2026-10-04 05:30,Atletico Mineiro,RB Bragantino,Atletico Mineiro MG,Bragantino SP,Brazil ‐ Serie A,8,2.1720,3.5500,3.5300,0.449009,0.274717,0.276274,0.855
2026-10-04T04:14:39+08:00,2026-10-04T04:00:00+08:00,FB6210,2026-10-04 05:28,Botafogo SP,Vila Nova,Botafogo SP,Vila Nova GO,Brazil ‐ Serie B,8,2.5400,3.2900,3.2000,0.389744,0.300897,0.309359,0.970
2026-10-04T04:14:39+08:00,2026-10-04T04:00:00+08:00,FB6214,2026-10-04 07:00,Brooklyn FC,Rhode Island FC,Brooklyn FC,Rhode Island FC,USA ‐ USL League One,7,4.3000,4.2650,1.7920,0.226873,0.228734,0.544393,1.000
2026-10-04T04:14:39+08:00,2026-10-04T04:00:00+08:00,FB6215,2026-10-04 07:00,Detroit City,Birmingham Legion,Detroit City,Birmingham Legion,USA ‐ USL League One,7,1.6430,4.3300,4.9750,0.584899,0.221937,0.193164,1.000
2026-10-04T04:14:39+08:00,2026-10-04T04:00:00+08:00,FB6216,2026-10-04 06:00,Loudoun Utd,Indy Eleven,Loudoun United,Indy Eleven,USA ‐ USL League One,7,2.3600,4.0250,2.8380,0.413581,0.242497,0.343922,0.940
2026-10-04T04:14:39+08:00,2026-10-04T04:00:00+08:00,FB6217,2026-10-04 08:00,FC Tulsa,Sacramento Republic,Tulsa Roughnecks,Sacramento Republic,USA ‐ USL League One,7,2.8990,3.3050,2.6300,0.335634,0.294403,0.369963,0.970
2026-10-04T04:14:39+08:00,2026-10-04T04:00:00+08:00,FB6218,2026-10-04 07:00,Lexington SC,El Paso Locomotive,Lexington SC,El Paso Locomotive,USA ‐ USL League One,7,1.8790,4.0700,3.8400,0.512559,0.236634,0.250807,1.000
2026-10-04T04:14:39+08:00,2026-10-04T04:00:00+08:00,FB6219,2026-10-04 07:30,Tampa Bay Rowdies,Miami FC,Tampa Bay Rowdies,Miami FC,USA ‐ USL League One,7,1.3980,5.1800,7.5000,0.686679,0.185324,0.127997,1.000
2026-10-04T04:14:39+08:00,2026-10-04T04:00:00+08:00,FB6224,2026-10-04 09:00,Cancun FC,Tapatio,Cancun FC,Deportivo Tapatio,Mexico ‐ Liga de Expansion,7,1.6870,4.3250,4.5000,0.566589,0.221003,0.212408,0.970
2026-10-04T04:14:39+08:00,2026-10-04T04:00:00+08:00,FB6225,2026-10-04 09:00,Alacranes de Durango,Mineros Zacatecas,Alacranes de Durango,Mineros de Zacatecas,Mexico ‐ Liga de Expansion,7,1.8370,3.9500,4.0000,0.519666,0.241678,0.238657,0.959
2026-10-04T04:14:39+08:00,2026-10-04T04:00:00+08:00,FB6226,2026-10-04 09:00,Piratas FC,Oaxaca,Piratas de Veracruz FC,Alebrijes de Oaxaca,Mexico ‐ Liga de Expansion,7,1.3070,5.5000,9.8000,0.729393,0.173330,0.097277,0.970
2026-10-04T04:14:39+08:00,2026-10-04T04:00:00+08:00,FB6227,2026-10-04 10:30,Las Vegas Lights,San Antonio FC,Las Vegas Lights,San Antonio Scorpions,USA ‐ USL League One,7,2.4800,3.6900,2.8070,0.391299,0.262987,0.345715,0.970
2026-10-04T04:14:39+08:00,2026-10-04T04:00:00+08:00,FB6228,2026-10-05 06:00,New Mexico Utd,Phoenix Rising,New Mexico United,Phoenix Rising,USA ‐ USL League One,7,2.3730,4.0100,2.7090,0.405229,0.239803,0.354968,1.000
2026-10-04T04:14:39+08:00,2026-10-04T04:00:00+08:00,FB6232,2026-10-04 10:00,USA,Mexico,USA,Mexico,International - Friendlies,8,2.9680,3.8100,2.5530,0.339956,0.264827,0.395217,1.000
2026-10-04T04:14:39+08:00,2026-10-04T04:00:00+08:00,FB6237,2026-10-04 08:00,Argentina,Burkina Faso,Argentina,Burkina Faso,International - Friendlies,8,1.0400,22.0000,67.0000,0.940915,0.044480,0.014605,1.000
2026-10-04T04:14:39+08:00,2026-10-04T04:00:00+08:00,FB6239,2026-10-04 09:00,Colorado Springs Switchbacks,Oakland Roots,Colorado Springs Switchbacks,Oakland Roots SC,USA ‐ USL League One,7,1.6680,4.3350,4.7900,0.577034,0.222028,0.200938,1.000
2026-10-04T04:14:39+08:00,2026-10-04T04:00:00+08:00,FB6240,2026-10-04 10:00,Orange County SC,Monterey Bay,Orange County Blues,Monterey Bay FC,USA ‐ USL League One,7,2.0000,4.0200,3.6600,0.489246,0.243406,0.267348,0.970
2026-10-04T04:14:39+08:00,2026-10-04T04:00:00+08:00,FB6241,2026-10-06 05:58,Estudiantes,Gimnasia Mendoza,Estudiantes La Plata,Gimnasia Mendoza,Argentina ‐ Liga Profesional,6,1.7300,3.6200,5.2100,0.552500,0.264040,0.183460,1.000
2026-10-04T04:14:39+08:00,2026-10-04T04:00:00+08:00,FB6250,2026-10-05 02:45,Greece,Germany,Greece,Germany,UEFA - Nations League,8,4.1000,3.9700,1.8810,0.237392,0.245166,0.517442,1.000
2026-10-04T04:14:39+08:00,2026-10-04T04:00:00+08:00,FB6251,2026-10-05 02:45,Netherlands,Serbia,Netherlands,Serbia,UEFA - Nations League,8,1.1910,8.5000,16.2500,0.824124,0.115474,0.060402,1.000
2026-10-04T04:14:39+08:00,2026-10-04T04:00:00+08:00,FB6252,2026-10-05 02:45,Wales,Denmark,Wales,Denmark,UEFA - Nations League,8,3.7800,3.7600,2.0290,0.258511,0.259886,0.481603,1.000
2026-10-04T04:14:39+08:00,2026-10-04T04:00:00+08:00,FB6253,2026-10-05 00:00,Kosovo,Austria,Kosovo,Austria,UEFA - Nations League,8,3.4500,3.6400,2.1740,0.282906,0.268139,0.448954,1.000
2026-10-04T04:14:39+08:00,2026-10-04T04:00:00+08:00,FB6254,2026-10-05 02:45,Portugal,Norway,Portugal,Norway,UEFA - Nations League,8,1.6590,4.7500,4.7220,0.588029,0.205377,0.206595,1.000
2026-10-04T04:14:39+08:00,2026-10-04T04:00:00+08:00,FB6255,2026-10-05 02:45,Republic of Ireland,Israel,Ireland,Israel,UEFA - Nations League,8,2.1700,3.4950,3.7400,0.454318,0.282080,0.263602,1.000
2026-10-04T04:14:39+08:00,2026-10-04T04:00:00+08:00,FB6256,2026-10-04 21:00,Azerbaijan,Lithuania,Azerbaijan,Lithuania,UEFA - Nations League,8,2.4180,3.2500,3.3550,0.405726,0.301860,0.292413,1.000
2026-10-04T04:14:39+08:00,2026-10-04T04:00:00+08:00,FB6259,2026-10-04 12:00,Albirex Niigata Women,Cerezo Osaka Women,Albirex Niigata Women,Cerezo Osaka Women,Japan ‐ League Cup Women,8,2.3600,3.7350,2.8690,0.407424,0.257435,0.335141,1.000
2026-10-04T04:14:39+08:00,2026-10-04T04:00:00+08:00,FB6260,2026-10-04 12:00,Elfen Saitama Women,JEF United Chiba Women,Elfen Saitama Women,JEF United Ichihara Women,Japan ‐ League Cup Women,8,3.1250,3.5950,2.2500,0.306922,0.266796,0.426281,0.947
2026-10-04T04:14:39+08:00,2026-10-04T04:00:00+08:00,FB6261,2026-10-04 23:00,Barcelona Women,Real Madrid Women,Barcelona Women,Real Madrid Women,Spain ‐ Superliga Femenina,5,1.1430,9.2500,18.0000,0.842412,0.104095,0.053493,1.000
2026-10-04T04:14:39+08:00,2026-10-04T04:00:00+08:00,FB6262,2026-10-05 00:30,Nurnberg Women,Hoffenheim Women,Nurnberg Women,TSG Hoffenheim Women,Germany ‐ Bundesliga Women,7,3.5200,4.5350,1.8410,0.271136,0.210452,0.518413,0.970
2026-10-04T04:14:39+08:00,2026-10-04T04:00:00+08:00,FB6263,2026-10-04 13:00,Nojima Stella Sagamihara Women,RB Omiya Ardija Women,Nojima Stella Women,Omiya Ardija Women,Japan ‐ League Cup Women,8,2.5400,3.6700,2.7360,0.381612,0.264113,0.354275,0.858
2026-10-04T04:14:39+08:00,2026-10-04T04:00:00+08:00,FB6264,2026-10-04 22:00,Stuttgart Women,Union Berlin Women,VfB Stuttgart Women,Union Berlin Women,Germany ‐ Bundesliga Women,7,2.7010,4.1200,2.3300,0.355264,0.232905,0.411832,0.970
2026-10-04T04:14:39+08:00,2026-10-04T04:00:00+08:00,FB6265,2026-10-04 19:45,Wolfsburg Women,Hamburg Women,VfL Wolfsburg Women,Hamburger SV Women,Germany ‐ Bundesliga Women,7,1.1250,8.5590,16.5000,0.833596,0.109568,0.056836,0.934
2026-10-04T04:14:39+08:00,2026-10-04T04:00:00+08:00,FB6266,2026-10-04 23:00,Valerenga Women,Rosenborg Women,Valerenga IF Women,Rosenborg BK Kvinner Women,Norway ‐ Toppserien Women,7,2.3000,4.0450,2.7690,0.416801,0.236994,0.346205,0.866
2026-10-04T04:14:39+08:00,2026-10-04T04:00:00+08:00,FB6267,2026-10-04 18:30,Napoli Women,Como 1907 Women,Napoli Women,Como 2000 Women,Italy ‐ Serie A Women,5,2.5700,3.6000,2.6250,0.371342,0.265097,0.363561,0.900
2026-10-04T04:14:39+08:00,2026-10-04T04:00:00+08:00,FB6268,2026-10-04 21:00,AC Milan Women,Juventus Women,AC Milan Women,Juventus Women,Italy ‐ Serie A Women,5,4.7500,4.1350,1.6900,0.201638,0.231628,0.566734,1.000
2026-10-04T04:14:39+08:00,2026-10-04T04:00:00+08:00,FB6269,2026-10-04 19:00,Lyn Women,Haugesund Women,Lyn Oslo FK Women,Haugesund Women,Norway ‐ Toppserien Women,7,1.8100,4.3850,3.9600,0.534805,0.220752,0.244444,0.891
2026-10-04T04:14:39+08:00,2026-10-04T04:00:00+08:00,FB6270,2026-10-05 00:00,FC Como Women,Inter Milan Women,Como 2000 Women,Inter Milan Women,Italy ‐ Serie A Women,4,4.4200,4.1600,1.7170,0.215668,0.229147,0.555185,0.900
2026-10-04T04:14:39+08:00,2026-10-04T04:00:00+08:00,FB6272,2026-10-04 18:00,Tenerife Women,DUX Logrono Women,UDG Tenerife Sur Women,CDEF Logrono Women,Spain ‐ Superliga Femenina,5,2.0800,3.7150,3.5000,0.464214,0.259910,0.275876,0.817
2026-10-04T04:14:39+08:00,2026-10-04T04:00:00+08:00,FB6273,2026-10-04 18:00,CF Granada Women,Eibar Women,Granada CF Women,SD Eibar Women,Spain ‐ Superliga Femenina,4,2.0280,3.5600,3.6250,0.469680,0.267559,0.262761,0.970
2026-10-04T04:14:39+08:00,2026-10-04T04:00:00+08:00,FB6274,2026-10-04 21:00,Tottenham Women,London City Lionesses Women,Tottenham Hotspur Women,London City Lionesses Women,England ‐ Super League Women,8,2.5830,3.6750,2.7200,0.377004,0.264980,0.358015,0.895
2026-10-04T04:14:39+08:00,2026-10-04T04:00:00+08:00,FB6275,2026-10-04 21:00,West Ham Women,Chelsea Women,West Ham United Women,Chelsea Women,England ‐ Super League Women,8,14.5000,8.0000,1.1750,0.065994,0.119614,0.814392,0.900
2026-10-04T04:14:39+08:00,2026-10-04T04:00:00+08:00,FB6276,2026-10-04 23:30,Manchester City Women,Arsenal Women,Manchester City Women,Arsenal Women,England ‐ Super League Women,8,2.4720,3.7900,2.7210,0.390513,0.254709,0.354777,1.000
2026-10-04T04:14:39+08:00,2026-10-04T04:00:00+08:00,FB6277,2026-10-05 01:30,Valencia Women,Real Sociedad Women,Valencia Women,Real Sociedad Women,Spain ‐ Superliga Femenina,5,3.4850,4.0000,1.9890,0.275985,0.240452,0.483563,1.000
2026-10-04T04:14:39+08:00,2026-10-04T04:00:00+08:00,FB6278,2026-10-04 22:00,Kyrgyzstan,Lebanon,Kyrgyzstan,Lebanon,International - Friendlies,6,2.0430,3.6800,3.8600,0.479746,0.266337,0.253917,1.000
2026-10-04T04:14:39+08:00,2026-10-04T04:00:00+08:00,FB6281,2026-10-05 21:00,Indonesia,Thailand,Indonesia,Thailand,Asia - AFF Cup,2,2.1660,3.6450,3.4000,0.448170,0.266320,0.285510,1.000
2026-10-04T04:14:39+08:00,2026-10-04T04:00:00+08:00,FB6282,2026-10-05 17:00,Malaysia,Vietnam,Malaysia,Vietnam,Asia - AFF Cup,2,2.4170,3.6050,2.7640,0.392940,0.263450,0.343610,1.000
2026-10-04T04:14:39+08:00,2026-10-04T04:00:00+08:00,FB6285,2026-10-04 11:10,Necaxa Women,Cruz Azul Women,Necaxa Women,Cruz Azul Women,Mexico ‐ Liga MX Femenil,7,20.0000,11.0000,1.0830,0.046981,0.085419,0.867600,1.000
2026-10-04T07:10:46+08:00,2026-10-04T07:00:00+08:00,FB6124,2026-10-05 06:27,Racing Club Montevideo,Penarol,Racing Club Montevideo,Penarol Montevideo,Uruguay ‐ Primera Division,8,4.1800,3.4350,2.1420,0.239904,0.291936,0.468160,0.970
2026-10-04T07:10:46+08:00,2026-10-04T07:00:00+08:00,FB6125,2026-10-05 02:57,CA Cerro,Montevideo Wanderers,CA Cerro,Montevideo Wanderers,Uruguay ‐ Primera Division,8,3.0210,3.4000,2.5300,0.324401,0.288240,0.387358,1.000
2026-10-04T07:10:46+08:00,2026-10-04T07:00:00+08:00,FB6126,2026-10-04 23:57,Boston River,Juventud Las Piedras,CA Boston River,Juventud de Las Piedras,Uruguay ‐ Primera Division,8,2.7100,3.6500,2.6660,0.362454,0.269110,0.368436,0.935
2026-10-04T07:10:46+08:00,2026-10-04T07:00:00+08:00,FB6135,2026-10-04 13:00,Blaublitz Akita,Sagan Tosu,Blaublitz Akita,Sagan Tosu,Japan ‐ J2 League,8,3.3010,3.5100,2.3300,0.297868,0.280132,0.422001,1.000
2026-10-04T07:10:46+08:00,2026-10-04T07:00:00+08:00,FB6136,2026-10-04 14:00,Vegalta Sendai,Jubilo Iwata,Vegalta Sendai,Jubilo Iwata,Japan ‐ J2 League,8,2.2500,3.7550,3.2400,0.435987,0.261244,0.302769,1.000
2026-10-04T07:10:46+08:00,2026-10-04T07:00:00+08:00,FB6142,2026-10-04 12:00,Hokkaido Consadole Sapporo,Iwaki FC,Consadole Sapporo,Iwaki,Japan ‐ J2 League,8,2.3840,3.8300,2.8180,0.405113,0.252165,0.342722,1.000
2026-10-04T07:10:46+08:00,2026-10-04T07:00:00+08:00,FB6143,2026-10-04 12:00,Vanraure Hachinohe,FC Yokohama,Vanraure Hachinohe,Yokohama FC,Japan ‐ J2 League,8,4.5120,3.9250,1.8400,0.217310,0.249809,0.532881,1.000
2026-10-04T07:10:46+08:00,2026-10-04T07:00:00+08:00,FB6144,2026-10-04 18:00,Tegevajaro Miyazaki,RB Omiya Ardija,Tegevajaro Miyazaki,Omiya Ardija,Japan ‐ J2 League,8,2.5690,3.8050,2.6300,0.377078,0.254590,0.368332,1.000
2026-10-04T07:10:46+08:00,2026-10-04T07:00:00+08:00,FB6153,2026-10-04 20:30,Venlo,Roda,VVV-Venlo,Roda JC,Netherlands ‐ Eerste Divisie,8,2.4000,3.8100,2.6760,0.395760,0.249298,0.354942,0.970
2026-10-04T07:10:46+08:00,2026-10-04T07:00:00+08:00,FB6179,2026-10-05 00:30,Las Palmas,Valladolid,Las Palmas,Real Valladolid,Spain ‐ Segunda Division,8,2.2850,3.3600,3.4050,0.425327,0.289248,0.285425,1.000
2026-10-04T07:10:46+08:00,2026-10-04T07:00:00+08:00,FB6180,2026-10-05 00:30,Castellon,Ceuta,CD Castellon,AD Ceuta,Spain ‐ Segunda Division,8,1.2440,7.0800,11.5500,0.779173,0.136906,0.083921,1.000
2026-10-04T07:10:46+08:00,2026-10-04T07:00:00+08:00,FB6181,2026-10-05 03:00,Girona,Mallorca,Girona,Mallorca,Spain ‐ Segunda Division,8,2.3600,3.4450,3.1470,0.410682,0.281338,0.307979,1.000
2026-10-04T07:10:46+08:00,2026-10-04T07:00:00+08:00,FB6182,2026-10-06 02:30,Cordoba,Tenerife,Cordoba,Tenerife,Spain ‐ Segunda Division,8,1.9800,3.6100,4.0100,0.489658,0.268566,0.241776,1.000
2026-10-04T07:10:46+08:00,2026-10-04T07:00:00+08:00,FB6183,2026-10-04 20:00,Real Sociedad B,CF Granada,Real Sociedad II,Granada CF,Spain ‐ Segunda Division,8,2.6860,3.3850,2.8000,0.363268,0.288254,0.348478,0.952
2026-10-04T07:10:46+08:00,2026-10-04T07:00:00+08:00,FB6188,2026-10-04 19:00,Molde Women,Stabaek Women,Molde FK Women,Stabaek Women,Norway ‐ Toppserien Women,7,3.2450,4.0300,2.0900,0.297810,0.239800,0.462390,1.000
2026-10-04T07:10:46+08:00,2026-10-04T07:00:00+08:00,FB6195,2026-10-04 20:00,Djurgardens Women,AIK Solna Women,Djurgardens IF Women,AIK Solna Women,Sweden ‐ Damallsvenskan,7,3.3100,3.9750,2.0500,0.290079,0.241550,0.468371,1.000
2026-10-04T07:10:46+08:00,2026-10-04T07:00:00+08:00,FB6196,2026-10-05 03:58,Talleres,Belgrano,Talleres de Cordoba,Belgrano de Cordoba,Argentina ‐ Liga Profesional,8,2.6530,3.1500,3.0500,0.368724,0.310547,0.320729,0.940
2026-10-04T07:10:46+08:00,2026-10-04T07:00:00+08:00,FB6197,2026-10-05 01:43,Huracan,Aldosivi,Atletico Huracan,Aldosivi,Argentina ‐ Liga Profesional,8,1.7600,3.4500,5.7700,0.550912,0.281045,0.168043,0.970
2026-10-04T07:10:46+08:00,2026-10-04T07:00:00+08:00,FB6199,2026-10-06 05:58,Velez Sarsfield,CA Platense,Velez Sarsfield,CA Platense,Argentina ‐ Liga Profesional,7,1.9600,3.1600,4.7950,0.492851,0.305692,0.201457,1.000
2026-10-04T07:10:46+08:00,2026-10-04T07:00:00+08:00,FB6200,2026-10-05 08:28,Estudiantes Rio Cuarto,Racing Club,Estudiantes Rio Cuarto,Racing Club,Argentina ‐ Liga Profesional,8,4.6400,3.2200,1.9900,0.209527,0.301927,0.488546,1.000
2026-10-04T07:10:46+08:00,2026-10-04T07:00:00+08:00,FB6201,2026-10-06 03:43,Deportivo Riestra,CA Central Cordoba,Deportivo Riestra,Central Cordoba Santiago,Argentina ‐ Liga Profesional,6,1.9300,3.1500,4.8700,0.497760,0.304976,0.197264,0.857
2026-10-04T07:10:46+08:00,2026-10-04T07:00:00+08:00,FB6204,2026-10-05 06:13,Argentinos Juniors,Tigre,Argentinos Juniors,CA Tigre,Argentina ‐ Liga Profesional,8,1.8320,3.3900,5.1600,0.527579,0.285110,0.187311,1.000
2026-10-04T07:10:46+08:00,2026-10-04T07:00:00+08:00,FB6217,2026-10-04 08:00,FC Tulsa,Sacramento Republic,Tulsa Roughnecks,Sacramento Republic,USA ‐ USL League One,8,2.8890,3.3050,2.6500,0.337346,0.294884,0.367770,0.970
2026-10-04T07:10:46+08:00,2026-10-04T07:00:00+08:00,FB6219,2026-10-04 07:30,Tampa Bay Rowdies,Miami FC,Tampa Bay Rowdies,Miami FC,USA ‐ USL League One,8,1.4170,5.0500,6.9060,0.673048,0.188853,0.138099,1.000
2026-10-04T07:10:46+08:00,2026-10-04T07:00:00+08:00,FB6224,2026-10-04 09:00,Cancun FC,Tapatio,Cancun FC,Deportivo Tapatio,Mexico ‐ Liga de Expansion,7,1.6870,4.3250,4.5000,0.566589,0.221003,0.212408,0.970
2026-10-04T07:10:46+08:00,2026-10-04T07:00:00+08:00,FB6225,2026-10-04 09:00,Alacranes de Durango,Mineros Zacatecas,Alacranes de Durango,Mineros de Zacatecas,Mexico ‐ Liga de Expansion,7,1.8370,3.9500,4.0000,0.519666,0.241678,0.238657,0.959
2026-10-04T07:10:46+08:00,2026-10-04T07:00:00+08:00,FB6226,2026-10-04 09:00,Piratas FC,Oaxaca,Piratas de Veracruz FC,Alebrijes de Oaxaca,Mexico ‐ Liga de Expansion,7,1.3070,5.5000,9.8000,0.729393,0.173330,0.097277,0.970
2026-10-04T07:10:46+08:00,2026-10-04T07:00:00+08:00,FB6227,2026-10-04 10:30,Las Vegas Lights,San Antonio FC,Las Vegas Lights,San Antonio Scorpions,USA ‐ USL League One,7,2.7200,3.6800,2.5960,0.358822,0.265216,0.375962,0.970
2026-10-04T07:10:46+08:00,2026-10-04T07:00:00+08:00,FB6228,2026-10-05 06:00,New Mexico Utd,Phoenix Rising,New Mexico United,Phoenix Rising,USA ‐ USL League One,7,2.3890,4.0100,2.6790,0.402008,0.239501,0.358491,1.000
2026-10-04T07:10:46+08:00,2026-10-04T07:00:00+08:00,FB6232,2026-10-04 10:00,USA,Mexico,USA,Mexico,International - Friendlies,8,2.9670,3.8510,2.4880,0.337499,0.260026,0.402475,1.000
2026-10-04T07:10:46+08:00,2026-10-04T07:00:00+08:00,FB6237,2026-10-04 08:00,Argentina,Burkina Faso,Argentina,Burkina Faso,International - Friendlies,8,1.0330,23.0000,71.0000,0.943875,0.042392,0.013733,1.000
2026-10-04T07:10:46+08:00,2026-10-04T07:00:00+08:00,FB6239,2026-10-04 09:00,Colorado Springs Switchbacks,Oakland Roots,Colorado Springs Switchbacks,Oakland Roots SC,USA ‐ USL League One,7,1.7190,4.2650,4.5050,0.560342,0.225845,0.213813,1.000
2026-10-04T07:10:46+08:00,2026-10-04T07:00:00+08:00,FB6240,2026-10-04 10:00,Orange County SC,Monterey Bay,Orange County Blues,Monterey Bay FC,USA ‐ USL League One,7,2.0290,4.0200,3.5400,0.481257,0.242903,0.275839,0.970
2026-10-04T07:10:46+08:00,2026-10-04T07:00:00+08:00,FB6241,2026-10-06 05:58,Estudiantes,Gimnasia Mendoza,Estudiantes La Plata,Gimnasia Mendoza,Argentina ‐ Liga Profesional,6,1.7300,3.6200,5.2900,0.554037,0.264775,0.181188,1.000
2026-10-04T07:10:46+08:00,2026-10-04T07:00:00+08:00,FB6250,2026-10-05 02:45,Greece,Germany,Greece,Germany,UEFA - Nations League,8,4.1000,3.9700,1.8810,0.237392,0.245166,0.517442,1.000
2026-10-04T07:10:46+08:00,2026-10-04T07:00:00+08:00,FB6251,2026-10-05 02:45,Netherlands,Serbia,Netherlands,Serbia,UEFA - Nations League,8,1.1720,8.5100,17.7500,0.830738,0.114410,0.054852,1.000
2026-10-04T07:10:46+08:00,2026-10-04T07:00:00+08:00,FB6252,2026-10-05 02:45,Wales,Denmark,Wales,Denmark,UEFA - Nations League,8,3.7800,3.7700,2.0110,0.257578,0.258262,0.484160,1.000
2026-10-04T07:10:46+08:00,2026-10-04T07:00:00+08:00,FB6253,2026-10-05 00:00,Kosovo,Austria,Kosovo,Austria,UEFA - Nations League,8,3.4500,3.6400,2.1800,0.283256,0.268471,0.448273,1.000
2026-10-04T07:10:46+08:00,2026-10-04T07:00:00+08:00,FB6254,2026-10-05 02:45,Portugal,Norway,Portugal,Norway,UEFA - Nations League,8,1.6620,4.7500,4.7430,0.588129,0.205783,0.206087,1.000
2026-10-04T07:10:46+08:00,2026-10-04T07:00:00+08:00,FB6255,2026-10-05 02:45,Republic of Ireland,Israel,Ireland,Israel,UEFA - Nations League,8,2.1300,3.4800,3.7300,0.458061,0.280365,0.261574,1.000
2026-10-04T07:10:46+08:00,2026-10-04T07:00:00+08:00,FB6256,2026-10-04 21:00,Azerbaijan,Lithuania,Azerbaijan,Lithuania,UEFA - Nations League,8,2.4160,3.2500,3.3550,0.405926,0.301759,0.292315,1.000
2026-10-04T07:10:46+08:00,2026-10-04T07:00:00+08:00,FB6259,2026-10-04 12:00,Albirex Niigata Women,Cerezo Osaka Women,Albirex Niigata Women,Cerezo Osaka Women,Japan ‐ League Cup Women,8,2.3600,3.7350,2.8690,0.407424,0.257435,0.335141,1.000
2026-10-04T07:10:46+08:00,2026-10-04T07:00:00+08:00,FB6260,2026-10-04 12:00,Elfen Saitama Women,JEF United Chiba Women,Elfen Saitama Women,JEF United Ichihara Women,Japan ‐ League Cup Women,8,3.1250,3.5950,2.2500,0.306922,0.266796,0.426281,0.947
2026-10-04T07:10:46+08:00,2026-10-04T07:00:00+08:00,FB6261,2026-10-04 23:00,Barcelona Women,Real Madrid Women,Barcelona Women,Real Madrid Women,Spain ‐ Superliga Femenina,5,1.1430,9.1500,17.5000,0.840172,0.104953,0.054875,1.000
2026-10-04T07:10:46+08:00,2026-10-04T07:00:00+08:00,FB6262,2026-10-05 00:30,Nurnberg Women,Hoffenheim Women,Nurnberg Women,TSG Hoffenheim Women,Germany ‐ Bundesliga Women,7,4.2000,4.7450,1.7700,0.234851,0.207876,0.557273,0.970
2026-10-04T07:10:46+08:00,2026-10-04T07:00:00+08:00,FB6263,2026-10-04 13:00,Nojima Stella Sagamihara Women,RB Omiya Ardija Women,Nojima Stella Women,Omiya Ardija Women,Japan ‐ League Cup Women,8,2.5400,3.6700,2.7360,0.381612,0.264113,0.354275,0.858
2026-10-04T07:10:46+08:00,2026-10-04T07:00:00+08:00,FB6264,2026-10-04 22:00,Stuttgart Women,Union Berlin Women,VfB Stuttgart Women,Union Berlin Women,Germany ‐ Bundesliga Women,7,2.7010,4.1200,2.3300,0.355264,0.232905,0.411832,0.970
2026-10-04T07:10:46+08:00,2026-10-04T07:00:00+08:00,FB6265,2026-10-04 19:45,Wolfsburg Women,Hamburg Women,VfL Wolfsburg Women,Hamburger SV Women,Germany ‐ Bundesliga Women,7,1.1250,8.5590,15.7500,0.831346,0.109273,0.059382,0.934
2026-10-04T07:10:46+08:00,2026-10-04T07:00:00+08:00,FB6266,2026-10-04 23:00,Valerenga Women,Rosenborg Women,Valerenga IF Women,Rosenborg BK Kvinner Women,Norway ‐ Toppserien Women,7,2.3000,4.0450,2.7690,0.416801,0.236994,0.346205,0.866
2026-10-04T07:10:46+08:00,2026-10-04T07:00:00+08:00,FB6267,2026-10-04 18:30,Napoli Women,Como 1907 Women,Napoli Women,Como 2000 Women,Italy ‐ Serie A Women,5,2.5700,3.6000,2.6250,0.371342,0.265097,0.363561,0.900
2026-10-04T07:10:46+08:00,2026-10-04T07:00:00+08:00,FB6268,2026-10-04 21:00,AC Milan Women,Juventus Women,AC Milan Women,Juventus Women,Italy ‐ Serie A Women,5,4.7500,4.1350,1.6900,0.201638,0.231628,0.566734,1.000
2026-10-04T07:10:46+08:00,2026-10-04T07:00:00+08:00,FB6269,2026-10-04 19:00,Lyn Women,Haugesund Women,Lyn Oslo FK Women,Haugesund Women,Norway ‐ Toppserien Women,7,1.8100,4.3850,3.9600,0.534805,0.220752,0.244444,0.891
2026-10-04T07:10:46+08:00,2026-10-04T07:00:00+08:00,FB6270,2026-10-05 00:00,FC Como Women,Inter Milan Women,Como 2000 Women,Inter Milan Women,Italy ‐ Serie A Women,4,4.3300,3.8000,1.6870,0.212487,0.242124,0.545389,0.900
2026-10-04T07:10:46+08:00,2026-10-04T07:00:00+08:00,FB6272,2026-10-04 18:00,Tenerife Women,DUX Logrono Women,UDG Tenerife Sur Women,CDEF Logrono Women,Spain ‐ Superliga Femenina,5,2.0570,3.7150,3.5000,0.466981,0.258568,0.274451,0.817
2026-10-04T07:10:46+08:00,2026-10-04T07:00:00+08:00,FB6273,2026-10-04 18:00,CF Granada Women,Eibar Women,Granada CF Women,SD Eibar Women,Spain ‐ Superliga Femenina,4,2.0280,3.5600,4.0000,0.481542,0.274317,0.244142,0.970
2026-10-04T07:10:46+08:00,2026-10-04T07:00:00+08:00,FB6274,2026-10-04 21:00,Tottenham Women,London City Lionesses Women,Tottenham Hotspur Women,London City Lionesses Women,England ‐ Super League Women,8,2.5830,3.6750,2.7200,0.377004,0.264980,0.358015,0.895
2026-10-04T07:10:46+08:00,2026-10-04T07:00:00+08:00,FB6275,2026-10-04 21:00,West Ham Women,Chelsea Women,West Ham United Women,Chelsea Women,England ‐ Super League Women,8,14.5000,8.0000,1.1750,0.065994,0.119614,0.814392,0.900
2026-10-04T07:10:46+08:00,2026-10-04T07:00:00+08:00,FB6276,2026-10-04 23:30,Manchester City Women,Arsenal Women,Manchester City Women,Arsenal Women,England ‐ Super League Women,8,2.4720,3.7900,2.7650,0.392731,0.256156,0.351114,1.000
2026-10-04T07:10:46+08:00,2026-10-04T07:00:00+08:00,FB6277,2026-10-05 01:30,Valencia Women,Real Sociedad Women,Valencia Women,Real Sociedad Women,Spain ‐ Superliga Femenina,5,3.8230,4.2000,1.9080,0.255499,0.232565,0.511936,1.000
2026-10-04T07:10:46+08:00,2026-10-04T07:00:00+08:00,FB6278,2026-10-04 22:00,Kyrgyzstan,Lebanon,Kyrgyzstan,Lebanon,International - Friendlies,7,2.0430,3.6800,3.8600,0.479746,0.266337,0.253917,1.000
2026-10-04T07:10:46+08:00,2026-10-04T07:00:00+08:00,FB6281,2026-10-05 21:00,Indonesia,Thailand,Indonesia,Thailand,Asia - AFF Cup,2,2.1660,3.6450,3.4000,0.448170,0.266320,0.285510,1.000
2026-10-04T07:10:46+08:00,2026-10-04T07:00:00+08:00,FB6282,2026-10-05 17:00,Malaysia,Vietnam,Malaysia,Vietnam,Asia - AFF Cup,2,2.4170,3.6050,2.7640,0.392940,0.263450,0.343610,1.000
2026-10-04T07:10:46+08:00,2026-10-04T07:00:00+08:00,FB6285,2026-10-04 11:10,Necaxa Women,Cruz Azul Women,Necaxa Women,Cruz Azul Women,Mexico ‐ Liga MX Femenil,7,20.0000,11.0000,1.0830,0.046981,0.085419,0.867600,1.000
2026-10-04T10:46:03+08:00,2026-10-04T10:30:00+08:00,FB6135,2026-10-04 13:00,Blaublitz Akita,Sagan Tosu,Blaublitz Akita,Sagan Tosu,Japan ‐ J2 League,8,3.3900,3.5100,2.3300,0.292334,0.282339,0.425327,1.000
2026-10-04T10:46:03+08:00,2026-10-04T10:30:00+08:00,FB6136,2026-10-04 14:00,Vegalta Sendai,Jubilo Iwata,Vegalta Sendai,Jubilo Iwata,Japan ‐ J2 League,8,2.2100,3.7550,3.2950,0.442622,0.260505,0.296873,1.000
2026-10-04T10:46:03+08:00,2026-10-04T10:30:00+08:00,FB6142,2026-10-04 12:00,Hokkaido Consadole Sapporo,Iwaki FC,Consadole Sapporo,Iwaki,Japan ‐ J2 League,8,2.4110,3.8350,2.7960,0.401447,0.252383,0.346169,1.000
2026-10-04T10:46:03+08:00,2026-10-04T10:30:00+08:00,FB6143,2026-10-04 12:00,Vanraure Hachinohe,FC Yokohama,Vanraure Hachinohe,Yokohama FC,Japan ‐ J2 League,8,4.5100,3.9250,1.8300,0.216754,0.249060,0.534186,1.000
2026-10-04T10:46:03+08:00,2026-10-04T10:30:00+08:00,FB6259,2026-10-04 12:00,Albirex Niigata Women,Cerezo Osaka Women,Albirex Niigata Women,Cerezo Osaka Women,Japan ‐ League Cup Women,8,2.3600,3.7350,2.8690,0.407424,0.257435,0.335141,1.000
2026-10-04T10:46:03+08:00,2026-10-04T10:30:00+08:00,FB6260,2026-10-04 12:00,Elfen Saitama Women,JEF United Chiba Women,Elfen Saitama Women,JEF United Ichihara Women,Japan ‐ League Cup Women,8,3.1250,3.5950,2.2500,0.306922,0.266796,0.426281,0.947
2026-10-04T10:46:03+08:00,2026-10-04T10:30:00+08:00,FB6263,2026-10-04 13:00,Nojima Stella Sagamihara Women,RB Omiya Ardija Women,Nojima Stella Women,Omiya Ardija Women,Japan ‐ League Cup Women,8,2.5400,3.6700,2.7360,0.381612,0.264113,0.354275,0.858
2026-10-04T10:46:03+08:00,2026-10-04T10:30:00+08:00,FB6285,2026-10-04 11:10,Necaxa Women,Cruz Azul Women,Necaxa Women,Cruz Azul Women,Mexico ‐ Liga MX Femenil,8,20.0000,11.0000,1.1030,0.047731,0.086784,0.865484,1.000
2026-10-04T16:52:41+08:00,2026-10-04T16:30:00+08:00,FB6144,2026-10-04 18:00,Tegevajaro Miyazaki,RB Omiya Ardija,Tegevajaro Miyazaki,Omiya Ardija,Japan ‐ J2 League,8,2.5700,3.8200,2.6870,0.380339,0.255883,0.363778,1.000
2026-10-04T16:52:41+08:00,2026-10-04T16:30:00+08:00,FB6153,2026-10-04 20:30,Venlo,Roda,VVV-Venlo,Roda JC,Netherlands ‐ Eerste Divisie,8,2.2980,3.8700,2.8890,0.418545,0.248531,0.332924,0.970
2026-10-04T16:52:41+08:00,2026-10-04T16:30:00+08:00,FB6183,2026-10-04 20:00,Real Sociedad B,CF Granada,Real Sociedad II,Granada CF,Spain ‐ Segunda Division,8,2.6600,3.3450,2.8500,0.366495,0.291443,0.342062,0.952
2026-10-04T16:52:41+08:00,2026-10-04T16:30:00+08:00,FB6188,2026-10-04 19:00,Molde Women,Stabaek Women,Molde FK Women,Stabaek Women,Norway ‐ Toppserien Women,7,3.0800,4.0000,2.1600,0.312898,0.240932,0.446170,1.000
2026-10-04T16:52:41+08:00,2026-10-04T16:30:00+08:00,FB6195,2026-10-04 20:00,Djurgardens Women,AIK Solna Women,Djurgardens IF Women,AIK Solna Women,Sweden ‐ Damallsvenskan,8,3.3100,3.9750,2.0500,0.290079,0.241550,0.468371,1.000
2026-10-04T16:52:41+08:00,2026-10-04T16:30:00+08:00,FB6265,2026-10-04 19:45,Wolfsburg Women,Hamburg Women,VfL Wolfsburg Women,Hamburger SV Women,Germany ‐ Bundesliga Women,8,1.1240,9.9000,18.5000,0.851577,0.096684,0.051739,0.934
2026-10-04T16:52:41+08:00,2026-10-04T16:30:00+08:00,FB6267,2026-10-04 18:30,Napoli Women,Como 1907 Women,Napoli Women,Como 2000 Women,Italy ‐ Serie A Women,6,2.5500,3.6700,2.8420,0.385791,0.268056,0.346153,0.900
2026-10-04T16:52:41+08:00,2026-10-04T16:30:00+08:00,FB6269,2026-10-04 19:00,Lyn Women,Haugesund Women,Lyn Oslo FK Women,Haugesund Women,Norway ‐ Toppserien Women,7,1.8100,4.3850,3.9600,0.534805,0.220752,0.244444,0.891
2026-10-04T16:52:41+08:00,2026-10-04T16:30:00+08:00,FB6272,2026-10-04 18:00,Tenerife Women,DUX Logrono Women,UDG Tenerife Sur Women,CDEF Logrono Women,Spain ‐ Superliga Femenina,8,2.1000,3.7150,3.5000,0.461835,0.261064,0.277101,0.817
2026-10-04T16:52:41+08:00,2026-10-04T16:30:00+08:00,FB6273,2026-10-04 18:00,CF Granada Women,Eibar Women,Granada CF Women,SD Eibar Women,Spain ‐ Superliga Femenina,8,2.1050,3.5000,3.5010,0.453991,0.273043,0.272965,0.970
2026-10-04T22:27:30+08:00,2026-10-04T22:00:00+08:00,FB6124,2026-10-05 06:27,Racing Club Montevideo,Penarol,Racing Club Montevideo,Penarol Montevideo,Uruguay ‐ Primera Division,8,4.0000,3.3750,2.2100,0.250304,0.296657,0.453039,0.970
2026-10-04T22:27:30+08:00,2026-10-04T22:00:00+08:00,FB6125,2026-10-05 02:57,CA Cerro,Montevideo Wanderers,CA Cerro,Montevideo Wanderers,Uruguay ‐ Primera Division,8,2.9140,3.4300,2.6520,0.339172,0.288148,0.372680,1.000
2026-10-04T22:27:30+08:00,2026-10-04T22:00:00+08:00,FB6126,2026-10-04 23:57,Boston River,Juventud Las Piedras,CA Boston River,Juventud de Las Piedras,Uruguay ‐ Primera Division,8,2.7440,3.6500,2.6260,0.357562,0.268808,0.373629,0.935
2026-10-04T22:27:30+08:00,2026-10-04T22:00:00+08:00,FB6179,2026-10-05 00:30,Las Palmas,Valladolid,Las Palmas,Real Valladolid,Spain ‐ Segunda Division,8,2.3940,3.3500,3.2800,0.409081,0.292340,0.298579,1.000
2026-10-04T22:27:30+08:00,2026-10-04T22:00:00+08:00,FB6180,2026-10-05 00:30,Castellon,Ceuta,CD Castellon,AD Ceuta,Spain ‐ Segunda Division,8,1.2640,7.0300,10.7200,0.770587,0.138552,0.090860,1.000
2026-10-04T22:27:30+08:00,2026-10-04T22:00:00+08:00,FB6181,2026-10-05 03:00,Girona,Mallorca,Girona,Mallorca,Spain ‐ Segunda Division,8,2.5310,3.3650,2.9800,0.384396,0.289125,0.326479,1.000
2026-10-04T22:27:30+08:00,2026-10-04T22:00:00+08:00,FB6182,2026-10-06 02:30,Cordoba,Tenerife,Cordoba,Tenerife,Spain ‐ Segunda Division,8,1.9600,3.6100,4.0000,0.491899,0.267070,0.241031,1.000
2026-10-04T22:27:30+08:00,2026-10-04T22:00:00+08:00,FB6196,2026-10-05 03:58,Talleres,Belgrano,Talleres de Cordoba,Belgrano de Cordoba,Argentina ‐ Liga Profesional,8,2.8000,3.0500,2.9270,0.347869,0.319355,0.332775,0.940
2026-10-04T22:27:30+08:00,2026-10-04T22:00:00+08:00,FB6197,2026-10-05 01:43,Huracan,Aldosivi,Atletico Huracan,Aldosivi,Argentina ‐ Liga Profesional,8,1.7700,3.4900,5.7700,0.551291,0.279595,0.169114,0.970
2026-10-04T22:27:30+08:00,2026-10-04T22:00:00+08:00,FB6198,2026-10-06 08:13,Banfield,Rosario Central,Banfield,Rosario Central,Argentina ‐ Liga Profesional,7,4.2850,3.4000,1.9400,0.223761,0.282004,0.494235,1.000
2026-10-04T22:27:30+08:00,2026-10-04T22:00:00+08:00,FB6199,2026-10-06 05:58,Velez Sarsfield,CA Platense,Velez Sarsfield,CA Platense,Argentina ‐ Liga Profesional,7,1.9400,3.2300,4.8310,0.499453,0.299981,0.200567,1.000
2026-10-04T22:27:30+08:00,2026-10-04T22:00:00+08:00,FB6200,2026-10-05 08:28,Estudiantes Rio Cuarto,Racing Club,Estudiantes Rio Cuarto,Racing Club,Argentina ‐ Liga Profesional,8,4.3700,3.1000,2.1000,0.222686,0.313915,0.463399,1.000
2026-10-04T22:27:30+08:00,2026-10-04T22:00:00+08:00,FB6201,2026-10-06 03:43,Deportivo Riestra,CA Central Cordoba,Deportivo Riestra,Central Cordoba Santiago,Argentina ‐ Liga Profesional,6,1.9200,3.1500,4.8870,0.499400,0.304396,0.196204,0.857
2026-10-04T22:27:30+08:00,2026-10-04T22:00:00+08:00,FB6204,2026-10-05 06:13,Argentinos Juniors,Tigre,Argentinos Juniors,CA Tigre,Argentina ‐ Liga Profesional,8,1.8810,3.3500,5.2800,0.521446,0.292788,0.185765,1.000
2026-10-04T22:27:30+08:00,2026-10-04T22:00:00+08:00,FB6228,2026-10-05 06:00,New Mexico Utd,Phoenix Rising,New Mexico United,Phoenix Rising,USA ‐ USL League One,7,2.2400,4.0450,3.0070,0.435029,0.240906,0.324065,1.000
2026-10-04T22:27:30+08:00,2026-10-04T22:00:00+08:00,FB6241,2026-10-06 05:58,Estudiantes,Gimnasia Mendoza,Estudiantes La Plata,Gimnasia Mendoza,Argentina ‐ Liga Profesional,6,1.7300,3.6200,5.2720,0.553695,0.264611,0.181694,1.000
2026-10-04T22:27:30+08:00,2026-10-04T22:00:00+08:00,FB6250,2026-10-05 02:45,Greece,Germany,Greece,Germany,UEFA - Nations League,8,4.2900,4.1000,1.8440,0.228686,0.239284,0.532030,1.000
2026-10-04T22:27:30+08:00,2026-10-04T22:00:00+08:00,FB6251,2026-10-05 02:45,Netherlands,Serbia,Netherlands,Serbia,UEFA - Nations League,8,1.2120,8.2000,14.5000,0.812090,0.120031,0.067879,1.000
2026-10-04T22:27:30+08:00,2026-10-04T22:00:00+08:00,FB6252,2026-10-05 02:45,Wales,Denmark,Wales,Denmark,UEFA - Nations League,8,4.0000,3.6500,2.0090,0.244682,0.268145,0.487173,1.000
2026-10-04T22:27:30+08:00,2026-10-04T22:00:00+08:00,FB6253,2026-10-05 00:00,Kosovo,Austria,Kosovo,Austria,UEFA - Nations League,8,4.0500,3.5100,2.0440,0.241823,0.279027,0.479150,1.000
2026-10-04T22:27:30+08:00,2026-10-04T22:00:00+08:00,FB6254,2026-10-05 02:45,Portugal,Norway,Portugal,Norway,UEFA - Nations League,8,1.6620,4.6000,4.7500,0.584386,0.211141,0.204473,1.000
2026-10-04T22:27:30+08:00,2026-10-04T22:00:00+08:00,FB6255,2026-10-05 02:45,Republic of Ireland,Israel,Ireland,Israel,UEFA - Nations League,8,2.2000,3.4950,3.5600,0.444949,0.280082,0.274969,1.000
2026-10-04T22:27:30+08:00,2026-10-04T22:00:00+08:00,FB6261,2026-10-05 01:00,Barcelona Women,Real Madrid Women,Barcelona Women,Real Madrid Women,Spain ‐ Superliga Femenina,8,1.1430,9.5500,18.0000,0.845176,0.101156,0.053669,1.000
2026-10-04T22:27:30+08:00,2026-10-04T22:00:00+08:00,FB6262,2026-10-05 00:30,Nurnberg Women,Hoffenheim Women,Nurnberg Women,TSG Hoffenheim Women,Germany ‐ Bundesliga Women,8,3.1000,4.4350,2.0360,0.310407,0.216970,0.472623,0.970
2026-10-04T22:27:30+08:00,2026-10-04T22:00:00+08:00,FB6266,2026-10-04 23:00,Valerenga Women,Rosenborg Women,Valerenga IF Women,Rosenborg BK Kvinner Women,Norway ‐ Toppserien Women,8,2.4200,4.1750,2.5810,0.397257,0.230266,0.372477,0.866
2026-10-04T22:27:30+08:00,2026-10-04T22:00:00+08:00,FB6270,2026-10-05 00:00,FC Como Women,Inter Milan Women,Como 2000 Women,Inter Milan Women,Italy ‐ Serie A Women,8,5.4000,4.4150,1.6000,0.178632,0.218485,0.602883,0.900
2026-10-04T22:27:30+08:00,2026-10-04T22:00:00+08:00,FB6276,2026-10-04 23:30,Manchester City Women,Arsenal Women,Manchester City Women,Arsenal Women,England ‐ Super League Women,8,2.3360,3.8850,2.8300,0.412077,0.247777,0.340146,1.000
2026-10-04T22:27:30+08:00,2026-10-04T22:00:00+08:00,FB6277,2026-10-05 01:30,Valencia Women,Real Sociedad Women,Valencia Women,Real Sociedad Women,Spain ‐ Superliga Femenina,8,4.9050,4.2850,1.7000,0.198808,0.227573,0.573619,1.000
2026-10-04T22:27:30+08:00,2026-10-04T22:00:00+08:00,FB6279,2026-10-05 14:30,Ecuador,Panama,Ecuador,Panama,International - Friendlies,3,1.9090,3.6000,4.2000,0.503829,0.267169,0.229002,1.000
2026-10-04T22:27:30+08:00,2026-10-04T22:00:00+08:00,FB6280,2026-10-05 18:30,Japan,New Zealand,Japan,New Zealand,International - Friendlies,6,1.2700,6.5000,11.0000,0.762870,0.149053,0.088077,1.000
2026-10-04T22:27:30+08:00,2026-10-04T22:00:00+08:00,FB6281,2026-10-05 21:00,Indonesia,Thailand,Indonesia,Thailand,Asia - AFF Cup,8,2.0000,3.8150,3.8100,0.488000,0.255832,0.256168,1.000
2026-10-04T22:27:30+08:00,2026-10-04T22:00:00+08:00,FB6282,2026-10-05 17:00,Malaysia,Vietnam,Malaysia,Vietnam,Asia - AFF Cup,8,2.4900,3.6300,2.7210,0.384459,0.263720,0.351821,1.000
2026-10-04T22:27:30+08:00,2026-10-04T22:00:00+08:00,FB6287,2026-10-05 02:00,Egypt,South Africa,Egypt,South Africa,International - Friendlies,8,1.7130,3.8050,5.8300,0.573387,0.258137,0.168476,1.000
2026-10-04T22:27:30+08:00,2026-10-04T22:00:00+08:00,FB6288,2026-10-05 02:00,Morocco,Mali,Morocco,Mali,International - Friendlies,8,1.3200,5.5000,12.4000,0.742693,0.178246,0.079061,1.000
2026-10-05T02:15:28+08:00,2026-10-05T02:00:00+08:00,FB6124,2026-10-05 06:27,Racing Club Montevideo,Penarol,Racing Club Montevideo,Penarol Montevideo,Uruguay ‐ Primera Division,8,4.0500,3.3750,2.2030,0.247623,0.297147,0.455230,0.970
2026-10-05T02:15:28+08:00,2026-10-05T02:00:00+08:00,FB6125,2026-10-05 02:57,CA Cerro,Montevideo Wanderers,CA Cerro,Montevideo Wanderers,Uruguay ‐ Primera Division,8,2.9100,3.4300,2.6570,0.339718,0.288216,0.372066,1.000
2026-10-05T02:15:28+08:00,2026-10-05T02:00:00+08:00,FB6181,2026-10-05 03:00,Girona,Mallorca,Girona,Mallorca,Spain ‐ Segunda Division,8,2.5600,3.3650,2.9400,0.380008,0.289100,0.330892,1.000
2026-10-05T02:15:28+08:00,2026-10-05T02:00:00+08:00,FB6182,2026-10-06 02:30,Cordoba,Tenerife,Cordoba,Tenerife,Spain ‐ Segunda Division,8,1.9600,3.6100,4.0190,0.492460,0.267375,0.240165,1.000
2026-10-05T02:15:28+08:00,2026-10-05T02:00:00+08:00,FB6196,2026-10-05 03:58,Talleres,Belgrano,Talleres de Cordoba,Belgrano de Cordoba,Argentina ‐ Liga Profesional,8,2.8200,3.0100,2.9200,0.344515,0.322768,0.332717,0.940
2026-10-05T02:15:28+08:00,2026-10-05T02:00:00+08:00,FB6198,2026-10-06 08:13,Banfield,Rosario Central,Banfield,Rosario Central,Argentina ‐ Liga Profesional,7,4.2850,3.4000,1.9400,0.223761,0.282004,0.494235,1.000
2026-10-05T02:15:28+08:00,2026-10-05T02:00:00+08:00,FB6199,2026-10-06 05:58,Velez Sarsfield,CA Platense,Velez Sarsfield,CA Platense,Argentina ‐ Liga Profesional,7,1.9400,3.2300,4.8310,0.499453,0.299981,0.200567,1.000
2026-10-05T02:15:28+08:00,2026-10-05T02:00:00+08:00,FB6200,2026-10-05 08:28,Estudiantes Rio Cuarto,Racing Club,Estudiantes Rio Cuarto,Racing Club,Argentina ‐ Liga Profesional,8,4.4100,3.1200,2.0700,0.220075,0.311068,0.468856,1.000
2026-10-05T02:15:28+08:00,2026-10-05T02:00:00+08:00,FB6201,2026-10-06 03:43,Deportivo Riestra,CA Central Cordoba,Deportivo Riestra,Central Cordoba Santiago,Argentina ‐ Liga Profesional,6,1.9180,3.2100,4.8700,0.502172,0.300052,0.197776,0.857
2026-10-05T02:15:28+08:00,2026-10-05T02:00:00+08:00,FB6204,2026-10-05 06:13,Argentinos Juniors,Tigre,Argentinos Juniors,CA Tigre,Argentina ‐ Liga Profesional,8,1.9120,3.3500,5.3300,0.518277,0.295805,0.185918,1.000
2026-10-05T02:15:28+08:00,2026-10-05T02:00:00+08:00,FB6228,2026-10-05 06:00,New Mexico Utd,Phoenix Rising,New Mexico United,Phoenix Rising,USA ‐ USL League One,7,2.3430,4.0450,2.8600,0.416933,0.241502,0.341565,1.000
2026-10-05T02:15:28+08:00,2026-10-05T02:00:00+08:00,FB6241,2026-10-06 05:58,Estudiantes,Gimnasia Mendoza,Estudiantes La Plata,Gimnasia Mendoza,Argentina ‐ Liga Profesional,6,1.7300,3.6200,5.2720,0.553695,0.264611,0.181694,1.000
2026-10-05T02:15:28+08:00,2026-10-05T02:00:00+08:00,FB6250,2026-10-05 02:45,Greece,Germany,Greece,Germany,UEFA - Nations League,8,4.3500,4.0500,1.8400,0.225316,0.242006,0.532677,1.000
2026-10-05T02:15:28+08:00,2026-10-05T02:00:00+08:00,FB6251,2026-10-05 02:45,Netherlands,Serbia,Netherlands,Serbia,UEFA - Nations League,8,1.2060,8.0520,14.5000,0.811064,0.121478,0.067458,1.000
2026-10-05T02:15:28+08:00,2026-10-05T02:00:00+08:00,FB6252,2026-10-05 02:45,Wales,Denmark,Wales,Denmark,UEFA - Nations League,8,3.9000,3.6000,2.1200,0.254910,0.276152,0.468938,1.000
2026-10-05T02:15:28+08:00,2026-10-05T02:00:00+08:00,FB6254,2026-10-05 02:45,Portugal,Norway,Portugal,Norway,UEFA - Nations League,8,1.7050,4.6000,4.4700,0.570749,0.211549,0.217702,1.000
2026-10-05T02:15:28+08:00,2026-10-05T02:00:00+08:00,FB6255,2026-10-05 02:45,Republic of Ireland,Israel,Ireland,Israel,UEFA - Nations League,8,1.9420,3.6230,4.2450,0.501630,0.268884,0.229486,1.000
2026-10-05T02:15:28+08:00,2026-10-05T02:00:00+08:00,FB6279,2026-10-05 14:30,Ecuador,Panama,Ecuador,Panama,International - Friendlies,8,1.7240,4.0000,5.5000,0.573245,0.247069,0.179686,1.000
2026-10-05T02:15:28+08:00,2026-10-05T02:00:00+08:00,FB6280,2026-10-05 18:30,Japan,New Zealand,Japan,New Zealand,International - Friendlies,8,1.2420,7.4300,12.3000,0.788559,0.131816,0.079625,1.000
2026-10-05T02:15:28+08:00,2026-10-05T02:00:00+08:00,FB6281,2026-10-05 21:00,Indonesia,Thailand,Indonesia,Thailand,Asia - AFF Cup,8,2.0000,3.8150,3.8440,0.489108,0.256413,0.254479,1.000
2026-10-05T02:15:28+08:00,2026-10-05T02:00:00+08:00,FB6282,2026-10-05 17:00,Malaysia,Vietnam,Malaysia,Vietnam,Asia - AFF Cup,8,2.4390,3.6300,2.7700,0.391787,0.263242,0.344971,1.000
2026-10-05T02:15:28+08:00,2026-10-05T02:00:00+08:00,FB6292,2026-10-06 00:00,Cyprus,Latvia,Cyprus,Latvia,UEFA - Nations League,8,1.6680,3.9200,5.9110,0.585584,0.249172,0.165244,1.000
2026-10-05T02:15:28+08:00,2026-10-05T02:00:00+08:00,FB6293,2026-10-06 02:45,Italy,Turkiye,Italy,Turkey,UEFA - Nations League,8,1.4620,5.1560,6.7000,0.665884,0.188814,0.145302,0.885
2026-10-05T02:15:28+08:00,2026-10-05T02:00:00+08:00,FB6294,2026-10-06 02:45,Ukraine,Hungary,Ukraine,Hungary,UEFA - Nations League,8,2.6000,3.3000,3.0000,0.376712,0.296804,0.326484,1.000
2026-10-05T02:15:28+08:00,2026-10-05T02:00:00+08:00,FB6295,2026-10-06 02:45,Northern Ireland,Georgia,Northern Ireland,Georgia,UEFA - Nations League,8,2.5000,3.2000,3.3500,0.395645,0.309098,0.295257,1.000
2026-10-05T02:15:28+08:00,2026-10-05T02:00:00+08:00,FB6296,2026-10-05 06:00,Trinidad and Tobago,Curacao,Trinidad and Tobago,Curacao,CONCACAF - Nations League,8,6.1200,4.8000,1.4960,0.157087,0.200286,0.642628,1.000
2026-10-05T02:15:28+08:00,2026-10-05T02:00:00+08:00,FB6297,2026-10-05 10:00,Nicaragua,Dominican Republic,Nicaragua,Dominican Republic,CONCACAF - Nations League,8,5.0210,4.4700,1.6100,0.190771,0.214286,0.594943,1.000
2026-10-05T02:15:28+08:00,2026-10-05T02:00:00+08:00,FB6298,2026-10-06 02:45,France,Belgium,France,Belgium,UEFA - Nations League,8,1.5710,4.8000,5.6500,0.622919,0.203876,0.173205,1.000
2026-10-05T02:15:28+08:00,2026-10-05T02:00:00+08:00,FB6299,2026-10-05 08:00,Costa Rica,Haiti,Costa Rica,Haiti,CONCACAF - Nations League,8,2.5510,3.7850,2.6400,0.378750,0.255268,0.365982,1.000
2026-10-05T02:15:28+08:00,2026-10-05T02:00:00+08:00,FB6300,2026-10-06 02:45,Romania,Sweden,Romania,Sweden,UEFA - Nations League,8,4.5000,4.1500,1.7900,0.217471,0.235812,0.546716,1.000
2026-10-05T02:15:28+08:00,2026-10-05T02:00:00+08:00,FB6301,2026-10-06 02:45,Montenegro,Armenia,Montenegro,Armenia,UEFA - Nations League,8,1.5600,4.4500,6.2000,0.624152,0.218804,0.157045,1.000
2026-10-05T02:15:28+08:00,2026-10-05T02:00:00+08:00,FB6302,2026-10-06 02:45,Bosnia-Herzegovina,Poland,Bosnia-Herzegovina,Poland,UEFA - Nations League,8,3.0750,3.5500,2.4400,0.319852,0.277055,0.403093,1.000
2026-10-05T02:15:28+08:00,2026-10-05T02:00:00+08:00,FB6305,2026-10-05 02:27,O'Higgins,Deportes Concepcion,O'Higgins,CD Concepcion,Chile ‐ Cup,8,2.5700,3.5650,2.7300,0.375617,0.270781,0.353602,0.875
2026-10-05T02:15:28+08:00,2026-10-05T02:00:00+08:00,FB6310,2026-10-06 00:30,Sweden U21,North Macedonia U21,Sweden U21,Macedonia U21,UEFA - European Championship U21,8,1.2890,5.8900,9.6000,0.739035,0.161734,0.099231,0.970
2026-10-05T02:15:28+08:00,2026-10-05T02:00:00+08:00,FB6311,2026-10-05 07:00,Houston Dash Women,Washington Spirit Women,Houston Dash Women,Washington Spirit Women,USA ‐ NWSL Women,7,4.0050,4.0400,1.8120,0.238004,0.235943,0.526053,1.000
2026-10-05T02:15:28+08:00,2026-10-05T02:00:00+08:00,FB6312,2026-10-05 22:30,Montenegro U21,Armenia U21,Montenegro U21,Armenia U21,UEFA - European Championship U21,8,1.3800,5.3300,8.5000,0.703599,0.182170,0.114231,1.000
2026-10-05T02:15:28+08:00,2026-10-05T02:00:00+08:00,FB6313,2026-10-06 00:15,Italy U21,Poland U21,Italy U21,Poland U21,UEFA - European Championship U21,8,1.8700,4.0250,4.1700,0.522729,0.242858,0.234413,1.000
2026-10-05T02:15:28+08:00,2026-10-05T02:00:00+08:00,FB6315,2026-10-05 04:00,Chicago Stars Women,Denver Summit Women,Chicago Red Stars Women,Denver Summit Women,USA ‐ NWSL Women,7,7.4000,5.7000,1.3600,0.129209,0.167745,0.703047,0.952
2026-10-05T02:15:28+08:00,2026-10-05T02:00:00+08:00,FB6316,2026-10-05 20:00,Uganda,D R Congo,Uganda,DR Congo,International - Friendlies,5,5.0400,3.5200,1.8200,0.192269,0.275294,0.532437,1.000
2026-10-05T02:15:28+08:00,2026-10-05T02:00:00+08:00,FB6320,2026-10-06 00:00,Serbia U21,Russia U21,Serbia U21,Russia U21,International - Friendlies U21,3,2.8300,3.8750,2.3300,0.339568,0.247994,0.412437,1.000
2026-10-05T02:15:28+08:00,2026-10-05T02:00:00+08:00,FB6321,2026-10-05 07:00,Guadalajara Women,Juarez Women,Guadalajara Chivas Women,FC Juarez Women,Mexico ‐ Liga MX Femenil,7,2.2360,3.5150,3.4000,0.435962,0.277329,0.286709,0.915
2026-10-05T02:15:28+08:00,2026-10-05T02:00:00+08:00,FB6322,2026-10-05 09:06,Pachuca Women,Toluca Women,Pachuca Women,Toluca Women,Mexico ‐ Liga MX Femenil,7,1.8200,4.6400,3.6000,0.526927,0.206682,0.266391,1.000
2026-10-05T05:40:49+08:00,2026-10-05T05:30:00+08:00,FB6124,2026-10-05 06:27,Racing Club Montevideo,Penarol,Racing Club Montevideo,Penarol Montevideo,Uruguay ‐ Primera Division,8,4.0400,3.3750,2.1790,0.246847,0.295485,0.457669,0.970
2026-10-05T05:40:49+08:00,2026-10-05T05:30:00+08:00,FB6200,2026-10-05 08:28,Estudiantes Rio Cuarto,Racing Club,Estudiantes Rio Cuarto,Racing Club,Argentina ‐ Liga Profesional,8,4.4000,3.1600,2.0900,0.222337,0.309584,0.468079,1.000
2026-10-05T05:40:49+08:00,2026-10-05T05:30:00+08:00,FB6204,2026-10-05 06:13,Argentinos Juniors,Tigre,Argentinos Juniors,CA Tigre,Argentina ‐ Liga Profesional,8,1.9040,3.2190,5.3300,0.513160,0.303528,0.183313,1.000
2026-10-05T05:40:49+08:00,2026-10-05T05:30:00+08:00,FB6228,2026-10-05 06:00,New Mexico Utd,Phoenix Rising,New Mexico United,Phoenix Rising,USA ‐ USL League One,8,2.3810,4.0300,2.8000,0.409639,0.242022,0.348339,1.000
2026-10-05T05:40:49+08:00,2026-10-05T05:30:00+08:00,FB6296,2026-10-05 06:00,Trinidad and Tobago,Curacao,Trinidad and Tobago,Curacao,CONCACAF - Nations League,8,6.3600,5.0600,1.4700,0.151896,0.190921,0.657183,1.000
2026-10-05T05:40:49+08:00,2026-10-05T05:30:00+08:00,FB6299,2026-10-05 08:00,Costa Rica,Haiti,Costa Rica,Haiti,CONCACAF - Nations League,8,2.1810,4.0190,2.9460,0.438020,0.237702,0.324278,1.000
2026-10-05T05:40:49+08:00,2026-10-05T05:30:00+08:00,FB6311,2026-10-05 07:00,Houston Dash Women,Washington Spirit Women,Houston Dash Women,Washington Spirit Women,USA ‐ NWSL Women,7,4.0050,4.0400,1.8120,0.238004,0.235943,0.526053,1.000
2026-10-05T05:40:49+08:00,2026-10-05T05:30:00+08:00,FB6321,2026-10-05 07:00,Guadalajara Women,Juarez Women,Guadalajara Chivas Women,FC Juarez Women,Mexico ‐ Liga MX Femenil,7,2.2300,3.5200,3.4500,0.438616,0.277873,0.283511,0.915
2026-10-05T05:40:49+08:00,2026-10-05T05:30:00+08:00,FB6322,2026-10-05 09:06,Pachuca Women,Toluca Women,Pachuca Women,Toluca Women,Mexico ‐ Liga MX Femenil,7,1.8400,4.6500,3.6000,0.524436,0.207519,0.268045,1.000
2026-10-05T08:15:22+08:00,2026-10-05T08:00:00+08:00,FB6182,2026-10-06 02:30,Cordoba,Tenerife,Cordoba,Tenerife,Spain ‐ Segunda Division,8,1.9510,3.6300,4.1600,0.498391,0.267868,0.233741,1.000
2026-10-05T08:15:22+08:00,2026-10-05T08:00:00+08:00,FB6198,2026-10-06 08:13,Banfield,Rosario Central,Banfield,Rosario Central,Argentina ‐ Liga Profesional,7,4.2860,3.4000,1.9400,0.223720,0.282019,0.494260,1.000
2026-10-05T08:15:22+08:00,2026-10-05T08:00:00+08:00,FB6199,2026-10-06 05:58,Velez Sarsfield,CA Platense,Velez Sarsfield,CA Platense,Argentina ‐ Liga Profesional,7,2.0700,3.0800,4.5000,0.469026,0.315222,0.215752,1.000
2026-10-05T08:15:22+08:00,2026-10-05T08:00:00+08:00,FB6200,2026-10-05 08:28,Estudiantes Rio Cuarto,Racing Club,Estudiantes Rio Cuarto,Racing Club,Argentina ‐ Liga Profesional,8,4.2500,3.1900,2.1400,0.231574,0.308524,0.459902,1.000
2026-10-05T08:15:22+08:00,2026-10-05T08:00:00+08:00,FB6201,2026-10-06 03:43,Deportivo Riestra,CA Central Cordoba,Deportivo Riestra,Central Cordoba Santiago,Argentina ‐ Liga Profesional,6,1.9360,3.1630,4.9500,0.499204,0.305551,0.195244,0.857
2026-10-05T08:15:22+08:00,2026-10-05T08:00:00+08:00,FB6241,2026-10-06 05:58,Estudiantes,Gimnasia Mendoza,Estudiantes La Plata,Gimnasia Mendoza,Argentina ‐ Liga Profesional,6,1.7520,3.6100,5.3010,0.550715,0.267272,0.182013,1.000
2026-10-05T08:15:22+08:00,2026-10-05T08:00:00+08:00,FB6279,2026-10-05 14:30,Ecuador,Panama,Ecuador,Panama,International - Friendlies,8,1.7030,4.0450,5.5590,0.578917,0.243732,0.177351,1.000
2026-10-05T08:15:22+08:00,2026-10-05T08:00:00+08:00,FB6280,2026-10-05 18:30,Japan,New Zealand,Japan,New Zealand,International - Friendlies,8,1.2310,7.5500,13.0000,0.795078,0.129635,0.075288,1.000
2026-10-05T08:15:22+08:00,2026-10-05T08:00:00+08:00,FB6281,2026-10-05 21:00,Indonesia,Thailand,Indonesia,Thailand,Asia - AFF Cup,8,1.9700,3.8150,3.8000,0.491448,0.253775,0.254777,1.000
2026-10-05T08:15:22+08:00,2026-10-05T08:00:00+08:00,FB6282,2026-10-05 17:00,Malaysia,Vietnam,Malaysia,Vietnam,Asia - AFF Cup,8,2.5430,3.6650,2.6220,0.375413,0.260485,0.364102,1.000
2026-10-05T08:15:22+08:00,2026-10-05T08:00:00+08:00,FB6292,2026-10-06 00:00,Cyprus,Latvia,Cyprus,Latvia,UEFA - Nations League,8,1.6680,3.9200,5.7130,0.582250,0.247753,0.169997,1.000
2026-10-05T08:15:22+08:00,2026-10-05T08:00:00+08:00,FB6293,2026-10-06 02:45,Italy,Turkiye,Italy,Turkey,UEFA - Nations League,8,1.4620,5.2000,7.9000,0.682027,0.191755,0.126218,0.885
2026-10-05T08:15:22+08:00,2026-10-05T08:00:00+08:00,FB6294,2026-10-06 02:45,Ukraine,Hungary,Ukraine,Hungary,UEFA - Nations League,8,2.6300,3.2500,3.0350,0.373722,0.302427,0.323851,1.000
2026-10-05T08:15:22+08:00,2026-10-05T08:00:00+08:00,FB6295,2026-10-06 02:45,Northern Ireland,Georgia,Northern Ireland,Georgia,UEFA - Nations League,8,2.5000,3.1750,3.3500,0.394684,0.310775,0.294541,1.000
2026-10-05T08:15:22+08:00,2026-10-05T08:00:00+08:00,FB6297,2026-10-05 10:00,Nicaragua,Dominican Republic,Nicaragua,Dominican Republic,CONCACAF - Nations League,8,4.5930,4.4900,1.6570,0.208559,0.213343,0.578099,1.000
2026-10-05T08:15:22+08:00,2026-10-05T08:00:00+08:00,FB6298,2026-10-06 02:45,France,Belgium,France,Belgium,UEFA - Nations League,8,1.5310,4.8000,6.0500,0.636126,0.202898,0.160977,1.000
2026-10-05T08:15:22+08:00,2026-10-05T08:00:00+08:00,FB6300,2026-10-06 02:45,Romania,Sweden,Romania,Sweden,UEFA - Nations League,8,4.6000,4.1600,1.7900,0.213876,0.236498,0.549626,1.000
2026-10-05T08:15:22+08:00,2026-10-05T08:00:00+08:00,FB6301,2026-10-06 02:45,Montenegro,Armenia,Montenegro,Armenia,UEFA - Nations League,8,1.5800,4.4500,6.2000,0.621159,0.220546,0.158295,1.000
2026-10-05T08:15:22+08:00,2026-10-05T08:00:00+08:00,FB6302,2026-10-06 02:45,Bosnia-Herzegovina,Poland,Bosnia-Herzegovina,Poland,UEFA - Nations League,8,3.0750,3.5500,2.4200,0.318790,0.276135,0.405074,1.000
2026-10-05T08:15:22+08:00,2026-10-05T08:00:00+08:00,FB6310,2026-10-06 00:30,Sweden U21,North Macedonia U21,Sweden U21,Macedonia U21,UEFA - European Championship U21,8,1.2890,5.8900,9.6000,0.739035,0.161734,0.099231,0.970
2026-10-05T08:15:22+08:00,2026-10-05T08:00:00+08:00,FB6312,2026-10-05 22:30,Montenegro U21,Armenia U21,Montenegro U21,Armenia U21,UEFA - European Championship U21,8,1.3800,5.1500,8.1000,0.695250,0.186300,0.118450,1.000
2026-10-05T08:15:22+08:00,2026-10-05T08:00:00+08:00,FB6313,2026-10-06 00:15,Italy U21,Poland U21,Italy U21,Poland U21,UEFA - European Championship U21,8,1.8700,4.0250,4.1700,0.522729,0.242858,0.234413,1.000
2026-10-05T08:15:22+08:00,2026-10-05T08:00:00+08:00,FB6316,2026-10-05 20:00,Uganda,D R Congo,Uganda,DR Congo,International - Friendlies,5,4.9100,3.5000,1.8200,0.196053,0.275034,0.528912,1.000
2026-10-05T08:15:22+08:00,2026-10-05T08:00:00+08:00,FB6320,2026-10-06 00:00,Serbia U21,Russia U21,Serbia U21,Russia U21,International - Friendlies U21,3,2.8300,3.8750,2.3300,0.339568,0.247994,0.412437,1.000
2026-10-05T08:15:22+08:00,2026-10-05T08:00:00+08:00,FB6322,2026-10-05 09:06,Pachuca Women,Toluca Women,Pachuca Women,Toluca Women,Mexico ‐ Liga MX Femenil,8,1.8640,4.6500,3.6000,0.521203,0.208930,0.269867,1.000
2026-10-05T13:56:19+08:00,2026-10-05T13:30:00+08:00,FB6279,2026-10-05 14:30,Ecuador,Panama,Ecuador,Panama,International - Friendlies,8,1.7700,4.2000,5.3700,0.571090,0.240674,0.188236,1.000
2026-10-05T13:56:19+08:00,2026-10-05T13:30:00+08:00,FB6282,2026-10-05 17:00,Malaysia,Vietnam,Malaysia,Vietnam,Asia - AFF Cup,8,2.7110,3.6900,2.4900,0.354177,0.260210,0.385612,1.000
2026-10-05T20:56:42+08:00,2026-10-05T20:30:00+08:00,FB6281,2026-10-05 21:00,Indonesia,Thailand,Indonesia,Thailand,Asia - AFF Cup,8,1.8730,3.4630,4.3590,0.507474,0.274472,0.218054,1.000
2026-10-05T20:56:42+08:00,2026-10-05T20:30:00+08:00,FB6292,2026-10-06 00:00,Cyprus,Latvia,Cyprus,Latvia,UEFA - Nations League,8,1.5900,4.1500,6.8000,0.618446,0.236947,0.144607,1.000
2026-10-05T20:56:42+08:00,2026-10-05T20:30:00+08:00,FB6310,2026-10-06 00:30,Sweden U21,North Macedonia U21,Sweden U21,Macedonia U21,UEFA - European Championship U21,8,1.2700,5.8800,10.2750,0.746499,0.161234,0.092268,0.970
2026-10-05T20:56:42+08:00,2026-10-05T20:30:00+08:00,FB6312,2026-10-05 22:30,Montenegro U21,Armenia U21,Montenegro U21,Armenia U21,UEFA - European Championship U21,8,1.3800,5.0000,7.9500,0.689853,0.190399,0.119748,1.000
2026-10-05T20:56:42+08:00,2026-10-05T20:30:00+08:00,FB6313,2026-10-06 00:15,Italy U21,Poland U21,Italy U21,Poland U21,UEFA - European Championship U21,8,1.8400,3.8500,4.3500,0.526064,0.251417,0.222519,1.000
2026-10-05T20:56:42+08:00,2026-10-05T20:30:00+08:00,FB6320,2026-10-06 00:00,Serbia U21,Russia U21,Serbia U21,Russia U21,International - Friendlies U21,7,3.5000,3.5000,2.0600,0.270341,0.270341,0.459318,1.000
2026-10-06T04:52:48+08:00,2026-10-06T04:30:00+08:00,FB6198,2026-10-06 08:13,Banfield,Rosario Central,Banfield,Rosario Central,Argentina ‐ Liga Profesional,8,4.4650,3.4100,1.9430,0.217043,0.284193,0.498764,1.000
2026-10-06T04:52:48+08:00,2026-10-06T04:30:00+08:00,FB6199,2026-10-06 05:58,Velez Sarsfield,CA Platense,Velez Sarsfield,CA Platense,Argentina ‐ Liga Profesional,8,1.9300,3.2100,5.5000,0.512254,0.307991,0.179755,1.000
2026-10-06T04:52:48+08:00,2026-10-06T04:30:00+08:00,FB6241,2026-10-06 05:58,Estudiantes,Gimnasia Mendoza,Estudiantes La Plata,Gimnasia Mendoza,Argentina ‐ Liga Profesional,8,1.6700,3.7600,6.0300,0.581025,0.258061,0.160914,1.000
2026-10-06T04:52:48+08:00,2026-10-06T04:30:00+08:00,FB6331,2026-10-06 06:00,Martinique,El Salvador,Martinique,El Salvador,CONCACAF - Nations League,8,2.4100,3.6000,2.8930,0.399602,0.267511,0.332887,1.000
2026-10-06T04:52:48+08:00,2026-10-06T04:30:00+08:00,FB6336,2026-10-06 08:00,Guatemala,Suriname,Guatemala,Suriname,CONCACAF - Nations League,8,2.0600,3.7700,3.6080,0.472283,0.258065,0.269652,1.000
2026-10-06T09:34:07+08:00,2026-10-06T09:30:00+08:00,FB6337,2026-10-06 10:00,Honduras,Jamaica,Honduras,Jamaica,CONCACAF - Nations League,8,2.1380,3.3170,3.6450,0.448206,0.288895,0.262899,1.000
2026-10-06T16:12:15+08:00,2026-10-06T16:00:00+08:00,FB6318,2026-10-06 19:35,China,Tajikistan,China,Tajikistan,International - Friendlies,8,1.9200,3.7400,4.5150,0.515831,0.264812,0.219357,1.000
2026-10-06T16:12:15+08:00,2026-10-06T16:00:00+08:00,FB6319,2026-10-07 02:00,Saudi Arabia,United Arab Emirates,Saudi Arabia,United Arab Emirates,Asia - Gulf Cup,8,2.5800,2.9000,3.3400,0.375642,0.334192,0.290166,1.000
2026-10-06T16:12:15+08:00,2026-10-06T16:00:00+08:00,FB6325,2026-10-07 02:45,Estonia,Iceland,Estonia,Iceland,UEFA - Nations League,8,6.0500,4.1500,1.6180,0.161368,0.235247,0.603385,1.000
2026-10-06T16:12:15+08:00,2026-10-06T16:00:00+08:00,FB6326,2026-10-07 02:45,Albania,San Marino,Albania,San Marino,UEFA - Nations League,7,1.0370,29.0000,101.0000,0.955999,0.034185,0.009816,1.000
2026-10-06T16:12:15+08:00,2026-10-06T16:00:00+08:00,FB6328,2026-10-07 02:45,Scotland,Slovenia,Scotland,Slovenia,UEFA - Nations League,8,1.9000,3.4750,5.1300,0.521612,0.285198,0.193190,1.000
2026-10-06T16:12:15+08:00,2026-10-06T16:00:00+08:00,FB6329,2026-10-07 02:45,Luxembourg,Bulgaria,Luxembourg,Bulgaria,UEFA - Nations League,8,2.3250,3.2550,3.5400,0.421751,0.301251,0.276998,1.000
2026-10-06T16:12:15+08:00,2026-10-06T16:00:00+08:00,FB6330,2026-10-07 02:45,Switzerland,North Macedonia,Switzerland,Macedonia,UEFA - Nations League,8,1.1000,12.0000,34.0000,0.889664,0.081553,0.028783,0.970
2026-10-06T16:12:15+08:00,2026-10-06T16:00:00+08:00,FB6332,2026-10-07 02:45,Croatia,Spain,Croatia,Spain,UEFA - Nations League,8,9.9700,6.2300,1.3070,0.097766,0.156457,0.745776,1.000
2026-10-06T16:12:15+08:00,2026-10-06T16:00:00+08:00,FB6333,2026-10-07 02:45,Belarus,Finland,Belarus,Finland,UEFA - Nations League,8,4.5000,3.3400,2.0290,0.219051,0.295129,0.485820,1.000
2026-10-06T16:12:15+08:00,2026-10-06T16:00:00+08:00,FB6334,2026-10-07 02:45,Moldova,Slovakia,Moldova,Slovakia,UEFA - Nations League,8,8.8000,4.9550,1.4080,0.110791,0.196763,0.692445,1.000
2026-10-06T16:12:15+08:00,2026-10-06T16:00:00+08:00,FB6335,2026-10-06 22:00,Kazakhstan,Faroe Islands,Kazakhstan,Faroe Islands,UEFA - Nations League,8,2.6430,3.0750,3.2350,0.373620,0.321131,0.305248,1.000
2026-10-06T16:12:15+08:00,2026-10-06T16:00:00+08:00,FB6349,2026-10-09 07:00,Athletico Paranaense,Atletico Mineiro,Atletico PR,Atletico Mineiro MG,Brazil ‐ Serie A,8,2.1200,3.2390,4.0000,0.457766,0.299618,0.242616,0.825
2026-10-06T16:12:15+08:00,2026-10-06T16:00:00+08:00,FB6351,2026-10-09 06:30,Santos,Flamengo,Santos SP,Flamengo RJ,Brazil ‐ Serie A,8,4.3300,3.7800,1.8660,0.223915,0.256496,0.519589,0.940
2026-10-06T16:12:15+08:00,2026-10-06T16:00:00+08:00,FB6353,2026-10-08 07:00,Vitoria,Chapecoense,Vitoria BA,Chapecoense,Brazil ‐ Serie A,8,1.7020,4.0000,5.1000,0.568432,0.241868,0.189700,0.970
2026-10-06T16:12:15+08:00,2026-10-06T16:00:00+08:00,FB6354,2026-10-08 06:30,Internacional,Corinthians,Internacional RS,Corinthians SP,Brazil ‐ Serie A,8,2.2800,3.3200,3.5000,0.427684,0.293711,0.278606,0.940
2026-10-06T16:12:15+08:00,2026-10-06T16:00:00+08:00,FB6355,2026-10-08 07:30,Botafogo,Vasco da Gama,Botafogo RJ,Vasco da Gama RJ,Brazil ‐ Serie A,8,2.7700,3.5500,2.5700,0.349882,0.273007,0.377111,0.940
2026-10-06T16:12:15+08:00,2026-10-06T16:00:00+08:00,FB6356,2026-10-08 06:30,RB Bragantino,Mirassol,Bragantino SP,Mirassol SP,Brazil ‐ Serie A,8,1.8540,3.8400,4.5000,0.527757,0.254808,0.217436,0.885
2026-10-06T16:12:15+08:00,2026-10-06T16:00:00+08:00,FB6357,2026-10-08 08:30,Cruzeiro,Sao Paulo,Cruzeiro MG,Sao Paulo SP,Brazil ‐ Serie A,8,1.9310,3.6000,4.2500,0.502325,0.269442,0.228233,0.940
2026-10-06T16:12:15+08:00,2026-10-06T16:00:00+08:00,FB6358,2026-10-08 06:30,Clube do Remo,Gremio,Remo PA,Gremio RS,Brazil ‐ Serie A,8,2.3800,3.4700,3.2000,0.411585,0.282298,0.306117,0.970
2026-10-06T16:12:15+08:00,2026-10-06T16:00:00+08:00,FB6359,2026-10-07 08:30,Chicago Fire,Vancouver Whitecaps,Chicago Fire,Vancouver Whitecaps,USA ‐ Major League Soccer,8,3.0600,3.9600,2.2940,0.321891,0.248734,0.429375,1.000
2026-10-06T16:12:15+08:00,2026-10-06T16:00:00+08:00,FB6360,2026-10-07 00:30,Portugal U21,Czechia U21,Portugal U21,Czech Republic U21,UEFA - European Championship U21,8,1.4080,4.7790,7.3340,0.672674,0.198185,0.129142,0.845
2026-10-06T16:12:15+08:00,2026-10-06T16:00:00+08:00,FB6361,2026-10-07 00:45,Netherlands U21,Bosnia-Herzegovina U21,Netherlands U21,Bosnia-Herzegovina U21,UEFA - European Championship U21,8,1.1200,9.1200,22.0000,0.851995,0.104631,0.043374,1.000
2026-10-06T16:12:15+08:00,2026-10-06T16:00:00+08:00,FB6362,2026-10-07 06:28,Sport Recife,Sao Bernardo,Sport Club do Recife,Sao Bernardo SP,Brazil ‐ Serie B,8,1.8240,3.6900,4.7500,0.532394,0.263167,0.204439,0.944
2026-10-06T16:12:15+08:00,2026-10-06T16:00:00+08:00,FB6363,2026-10-07 07:28,Goias,Athletic Club MG,Goias,Athletic Club MG,Brazil ‐ Serie B,8,1.8800,3.3500,4.7550,0.511099,0.286826,0.202075,1.000
2026-10-06T16:12:15+08:00,2026-10-06T16:00:00+08:00,FB6364,2026-10-08 07:28,CRB,Atletico Goianiense,CRB,Atletico GO,Brazil ‐ Serie B,8,2.1090,3.4500,3.6200,0.455809,0.278638,0.265553,1.000
2026-10-06T16:12:15+08:00,2026-10-06T16:00:00+08:00,FB6365,2026-10-08 07:28,Vila Nova,Cuiaba,Vila Nova GO,Cuiaba MT,Brazil ‐ Serie B,8,2.2000,3.1000,3.7970,0.436856,0.310027,0.253117,0.940
2026-10-06T16:12:15+08:00,2026-10-06T16:00:00+08:00,FB6366,2026-10-08 07:28,America Mineiro,Fortaleza,America Mineiro MG,Fortaleza CE,Brazil ‐ Serie B,8,4.0700,3.6800,1.9600,0.239091,0.264429,0.496480,0.940
2026-10-06T16:12:15+08:00,2026-10-06T16:00:00+08:00,FB6367,2026-10-07 01:00,Spain U21,Romania U21,Spain U21,Romania U21,UEFA - European Championship U21,8,1.0740,12.0900,32.0000,0.890951,0.079147,0.029903,1.000
2026-10-06T16:12:15+08:00,2026-10-06T16:00:00+08:00,FB6368,2026-10-07 01:00,Republic of Ireland U21,England U21,Ireland U21,England U21,UEFA - European Championship U21,8,5.1400,4.1140,1.6260,0.184825,0.230919,0.584256,0.970
2026-10-06T16:12:15+08:00,2026-10-06T16:00:00+08:00,FB6369,2026-10-07 00:00,Northern Ireland U21,Greece U21,Northern Ireland U21,Greece U21,UEFA - European Championship U21,8,10.5800,5.8300,1.2630,0.089352,0.162153,0.748495,1.000
2026-10-06T16:12:15+08:00,2026-10-06T16:00:00+08:00,FB6372,2026-10-07 03:00,Angola,Malawi,Angola,Malawi,Africa - CAF - Nations Cup,8,1.4000,4.1000,10.0000,0.675008,0.230491,0.094501,1.000
2026-10-06T16:12:15+08:00,2026-10-06T16:00:00+08:00,FB6373,2026-10-07 07:27,Colo Colo,Puerto Montt,Colo Colo,Deportes Puerto Montt,Chile ‐ Cup,8,1.2220,6.0000,13.0000,0.770614,0.156948,0.072438,0.970
2026-10-06T16:12:15+08:00,2026-10-06T16:00:00+08:00,FB6374,2026-10-07 02:00,Accrington Stanley,Salford City,Accrington Stanley,Salford City,England ‐ Checkatrade Trophy,8,3.4300,3.8000,1.9610,0.273842,0.247179,0.478979,1.000
2026-10-06T16:12:15+08:00,2026-10-06T16:00:00+08:00,FB6375,2026-10-07 02:00,Grimsby,Burton Albion,Grimsby Town,Burton Albion,England ‐ Checkatrade Trophy,8,2.3700,3.7000,2.6900,0.396577,0.254023,0.349400,1.000
2026-10-06T16:12:15+08:00,2026-10-06T16:00:00+08:00,FB6376,2026-10-07 02:00,Huddersfield,Rochdale,Huddersfield Town,Rochdale AFC,England ‐ Checkatrade Trophy,8,1.3200,5.4370,7.9320,0.709625,0.172283,0.118092,0.970
2026-10-06T16:12:15+08:00,2026-10-06T16:00:00+08:00,FB6377,2026-10-07 02:00,Newport County,Plymouth,Newport County,Plymouth Argyle,England ‐ Checkatrade Trophy,8,4.6100,4.1500,1.6530,0.204094,0.226716,0.569190,1.000
2026-10-06T16:12:15+08:00,2026-10-06T16:00:00+08:00,FB6378,2026-10-07 02:00,Shrewsbury,Stockport,Shrewsbury Town,Stockport County,England ‐ Checkatrade Trophy,8,4.8400,4.2000,1.6100,0.193851,0.223391,0.582758,0.970
2026-10-06T16:12:15+08:00,2026-10-06T16:00:00+08:00,FB6379,2026-10-07 02:00,Wycombe,Bristol Rovers,Wycombe Wanderers,Bristol Rovers,England ‐ Checkatrade Trophy,8,1.8060,4.1200,3.9400,0.527225,0.231109,0.241667,0.970
2026-10-06T16:12:15+08:00,2026-10-06T16:00:00+08:00,FB6380,2026-10-07 01:00,Turkiye U21,Hungary U21,Turkey U21,Hungary U21,UEFA - European Championship U21,8,1.4730,4.7100,7.2800,0.660034,0.206418,0.133548,0.929
2026-10-06T16:12:15+08:00,2026-10-06T16:00:00+08:00,FB6381,2026-10-07 02:00,Rotherham,Bradford,Rotherham United,Bradford City,England ‐ Checkatrade Trophy,8,3.3490,3.8000,2.0090,0.281824,0.248376,0.469800,0.970
2026-10-06T16:12:15+08:00,2026-10-06T16:00:00+08:00,FB6382,2026-10-07 01:00,France U21,Switzerland U21,France U21,Switzerland U21,UEFA - European Championship U21,8,1.6210,4.5000,5.0120,0.593949,0.213954,0.192097,1.000
2026-10-06T16:12:15+08:00,2026-10-06T16:00:00+08:00,FB6383,2026-10-06 21:45,Azerbaijan U21,Gibraltar U21,Azerbaijan U21,Gibraltar U21,UEFA - European Championship U21,8,1.1540,8.7700,15.7500,0.829976,0.109212,0.060812,1.000
2026-10-06T16:12:15+08:00,2026-10-06T16:00:00+08:00,FB6384,2026-10-06 22:00,Moldova U21,Kazakhstan U21,Moldova U21,Kazakhstan U21,UEFA - European Championship U21,8,2.5540,3.3500,2.8870,0.377780,0.288015,0.334205,1.000
2026-10-06T16:12:15+08:00,2026-10-06T16:00:00+08:00,FB6385,2026-10-07 00:00,Germany U21,Georgia U21,Germany U21,Georgia U21,UEFA - European Championship U21,8,1.0710,14.9200,27.0000,0.899726,0.064585,0.035689,1.000
2026-10-06T16:12:15+08:00,2026-10-06T16:00:00+08:00,FB6386,2026-10-07 01:00,Lithuania U21,Croatia U21,Lithuania U21,Croatia U21,UEFA - European Championship U21,8,12.0000,6.2600,1.2400,0.079401,0.152206,0.768394,1.000
2026-10-06T16:12:15+08:00,2026-10-06T16:00:00+08:00,FB6387,2026-10-07 00:30,Denmark U21,Belgium U21,Denmark U21,Belgium U21,UEFA - European Championship U21,8,2.7700,3.3600,2.6690,0.349376,0.288027,0.362597,1.000
2026-10-06T16:12:15+08:00,2026-10-06T16:00:00+08:00,FB6388,2026-10-07 00:30,Wales U21,Austria U21,Wales U21,Austria U21,UEFA - European Championship U21,8,4.3540,3.8100,1.8200,0.220503,0.251987,0.527511,1.000
2026-10-06T16:12:15+08:00,2026-10-06T16:00:00+08:00,FB6389,2026-10-09 06:28,Nautico Recife,Novorizontino,Nautico Capibaribe,Novorizontino SP,Brazil ‐ Serie B,8,3.2170,3.3800,2.3000,0.298466,0.284072,0.417462,0.844
2026-10-06T16:12:15+08:00,2026-10-06T16:00:00+08:00,FB6397,2026-10-07 00:45,Norway U21,Israel U21,Norway U21,Israel U21,UEFA - European Championship U21,8,1.6200,4.4500,5.2000,0.596807,0.217265,0.185928,1.000
2026-10-06T16:12:15+08:00,2026-10-06T16:00:00+08:00,FB6398,2026-10-06 22:00,India,Uruguay,India,Uruguay,International - Friendlies,7,50.0000,34.0000,1.0360,0.019711,0.028987,0.951302,1.000
2026-10-06T16:12:15+08:00,2026-10-06T16:00:00+08:00,FB6399,2026-10-07 00:00,Russia,Nigeria,Russia,Nigeria,International - Friendlies,7,1.6640,4.0140,6.0000,0.591058,0.245022,0.163920,1.000
2026-10-06T16:12:15+08:00,2026-10-06T16:00:00+08:00,FB6400,2026-10-07 01:00,Algeria,Niger,Algeria,Niger,International - Friendlies,8,1.2420,6.6300,15.5000,0.788980,0.147800,0.063220,1.000
2026-10-06T16:12:15+08:00,2026-10-06T16:00:00+08:00,FB6401,2026-10-07 07:00,Argentina,Benin,Argentina,Benin,International - Friendlies,7,1.0160,67.0000,101.0000,0.975397,0.014791,0.009812,1.000
2026-10-06T16:12:15+08:00,2026-10-06T16:00:00+08:00,FB6402,2026-10-07 10:30,Mexico,Chile,Mexico,Chile,International - Friendlies,8,1.6390,4.2000,5.9000,0.599508,0.233951,0.166541,1.000
2026-10-06T16:12:15+08:00,2026-10-06T16:00:00+08:00,FB6403,2026-10-07 07:45,Colombia,Peru,Colombia,Peru,International - Friendlies,8,1.4410,4.7900,8.8360,0.683098,0.205500,0.111402,1.000
2026-10-06T16:12:15+08:00,2026-10-06T16:00:00+08:00,FB6404,2026-10-07 08:00,USA,Canada,USA,Canada,International - Friendlies,8,1.8630,4.0000,4.4150,0.529739,0.246726,0.223534,1.000
2026-10-06T16:12:15+08:00,2026-10-06T16:00:00+08:00,FB6406,2026-10-06 21:30,Egypt U20,Algeria U20,Egypt U20,Algeria U20,Africa - CAF - Championship U20,4,2.0500,3.2500,3.3700,0.446612,0.281709,0.271678,1.000
2026-10-06T23:18:56+08:00,2026-10-06T23:00:00+08:00,FB6319,2026-10-07 02:00,Saudi Arabia,United Arab Emirates,Saudi Arabia,United Arab Emirates,Asia - Gulf Cup,7,2.5910,2.9760,3.3800,0.379190,0.330135,0.290675,1.000
2026-10-06T23:18:56+08:00,2026-10-06T23:00:00+08:00,FB6325,2026-10-07 02:45,Estonia,Iceland,Estonia,Iceland,UEFA - Nations League,7,6.1000,4.1500,1.6350,0.161270,0.237048,0.601682,1.000
2026-10-06T23:18:56+08:00,2026-10-06T23:00:00+08:00,FB6326,2026-10-07 02:45,Albania,San Marino,Albania,San Marino,UEFA - Nations League,6,1.0300,29.0000,101.0000,0.956283,0.033965,0.009752,1.000
2026-10-06T23:18:56+08:00,2026-10-06T23:00:00+08:00,FB6328,2026-10-07 02:45,Scotland,Slovenia,Scotland,Slovenia,UEFA - Nations League,7,1.8700,3.2950,5.3600,0.521810,0.296141,0.182049,1.000
2026-10-06T23:18:56+08:00,2026-10-06T23:00:00+08:00,FB6329,2026-10-07 02:45,Luxembourg,Bulgaria,Luxembourg,Bulgaria,UEFA - Nations League,7,2.3900,3.1000,3.5200,0.408172,0.314688,0.277140,1.000
2026-10-06T23:18:56+08:00,2026-10-06T23:00:00+08:00,FB6330,2026-10-07 02:45,Switzerland,North Macedonia,Switzerland,Macedonia,UEFA - Nations League,7,1.0790,13.0000,46.0000,0.903786,0.075014,0.021200,0.970
2026-10-06T23:18:56+08:00,2026-10-06T23:00:00+08:00,FB6332,2026-10-07 02:45,Croatia,Spain,Croatia,Spain,UEFA - Nations League,7,10.9100,6.4000,1.3080,0.090533,0.154331,0.755136,1.000
2026-10-06T23:18:56+08:00,2026-10-06T23:00:00+08:00,FB6333,2026-10-07 02:45,Belarus,Finland,Belarus,Finland,UEFA - Nations League,7,4.5000,3.3000,2.0400,0.218841,0.298420,0.482738,1.000
2026-10-06T23:18:56+08:00,2026-10-06T23:00:00+08:00,FB6334,2026-10-07 02:45,Moldova,Slovakia,Moldova,Slovakia,UEFA - Nations League,7,9.3000,5.1100,1.3940,0.105358,0.191748,0.702893,1.000
2026-10-06T23:18:56+08:00,2026-10-06T23:00:00+08:00,FB6349,2026-10-09 07:00,Athletico Paranaense,Atletico Mineiro,Atletico PR,Atletico Mineiro MG,Brazil ‐ Serie A,7,2.1200,3.2710,3.9600,0.457986,0.296830,0.245184,0.825
2026-10-06T23:18:56+08:00,2026-10-06T23:00:00+08:00,FB6351,2026-10-09 06:30,Santos,Flamengo,Santos SP,Flamengo RJ,Brazil ‐ Serie A,7,4.1750,3.8270,1.8660,0.231036,0.252044,0.516920,0.940
2026-10-06T23:18:56+08:00,2026-10-06T23:00:00+08:00,FB6353,2026-10-08 07:00,Vitoria,Chapecoense,Vitoria BA,Chapecoense,Brazil ‐ Serie A,7,1.7020,3.9250,5.1000,0.565817,0.245356,0.188828,0.970
2026-10-06T23:18:56+08:00,2026-10-06T23:00:00+08:00,FB6354,2026-10-08 06:30,Internacional,Corinthians,Internacional RS,Corinthians SP,Brazil ‐ Serie A,7,2.2710,3.3100,3.4650,0.427074,0.293017,0.279909,0.940
2026-10-06T23:18:56+08:00,2026-10-06T23:00:00+08:00,FB6355,2026-10-08 07:30,Botafogo,Vasco da Gama,Botafogo RJ,Vasco da Gama RJ,Brazil ‐ Serie A,7,2.7680,3.5960,2.5610,0.350807,0.270031,0.379162,0.940
2026-10-06T23:18:56+08:00,2026-10-06T23:00:00+08:00,FB6356,2026-10-08 06:30,RB Bragantino,Mirassol,Bragantino SP,Mirassol SP,Brazil ‐ Serie A,7,1.8350,3.8510,4.3800,0.527579,0.251391,0.221029,0.885
2026-10-06T23:18:56+08:00,2026-10-06T23:00:00+08:00,FB6357,2026-10-08 08:30,Cruzeiro,Sao Paulo,Cruzeiro MG,Sao Paulo SP,Brazil ‐ Serie A,7,1.9310,3.5900,4.2100,0.500863,0.269406,0.229731,0.940
2026-10-06T23:18:56+08:00,2026-10-06T23:00:00+08:00,FB6358,2026-10-08 06:30,Clube do Remo,Gremio,Remo PA,Gremio RS,Brazil ‐ Serie A,7,2.3740,3.4900,3.0750,0.407787,0.277389,0.314825,0.970
2026-10-06T23:18:56+08:00,2026-10-06T23:00:00+08:00,FB6359,2026-10-07 08:30,Chicago Fire,Vancouver Whitecaps,Chicago Fire,Vancouver Whitecaps,USA ‐ Major League Soccer,7,3.0850,4.0190,2.2260,0.317108,0.243413,0.439478,1.000
2026-10-06T23:18:56+08:00,2026-10-06T23:00:00+08:00,FB6360,2026-10-07 00:30,Portugal U21,Czechia U21,Portugal U21,Czech Republic U21,UEFA - European Championship U21,7,1.3770,4.9900,8.0550,0.691132,0.190719,0.118149,0.845
2026-10-06T23:18:56+08:00,2026-10-06T23:00:00+08:00,FB6361,2026-10-07 00:45,Netherlands U21,Bosnia-Herzegovina U21,Netherlands U21,Bosnia-Herzegovina U21,UEFA - European Championship U21,7,1.1220,9.3400,22.0000,0.853877,0.102575,0.043548,1.000
2026-10-06T23:18:56+08:00,2026-10-06T23:00:00+08:00,FB6362,2026-10-07 06:28,Sport Recife,Sao Bernardo,Sport Club do Recife,Sao Bernardo SP,Brazil ‐ Serie B,7,1.8080,3.7700,4.7330,0.537180,0.257618,0.205202,0.944
2026-10-06T23:18:56+08:00,2026-10-06T23:00:00+08:00,FB6363,2026-10-07 07:28,Goias,Athletic Club MG,Goias,Athletic Club MG,Brazil ‐ Serie B,7,1.9300,3.3200,4.7450,0.503001,0.292407,0.204592,1.000
2026-10-06T23:18:56+08:00,2026-10-06T23:00:00+08:00,FB6364,2026-10-08 07:28,CRB,Atletico Goianiense,CRB,Atletico GO,Brazil ‐ Serie B,7,2.0120,3.5000,3.8100,0.475524,0.273359,0.251117,1.000
2026-10-06T23:18:56+08:00,2026-10-06T23:00:00+08:00,FB6365,2026-10-08 07:28,Vila Nova,Cuiaba,Vila Nova GO,Cuiaba MT,Brazil ‐ Serie B,7,2.1900,3.1000,3.8200,0.438645,0.309881,0.251474,0.940
2026-10-06T23:18:56+08:00,2026-10-06T23:00:00+08:00,FB6366,2026-10-08 07:28,America Mineiro,Fortaleza,America Mineiro MG,Fortaleza CE,Brazil ‐ Serie B,7,4.0700,3.6800,1.9600,0.239091,0.264429,0.496480,0.940
2026-10-06T23:18:56+08:00,2026-10-06T23:00:00+08:00,FB6367,2026-10-07 01:00,Spain U21,Romania U21,Spain U21,Romania U21,UEFA - European Championship U21,7,1.0730,13.0000,36.0000,0.899002,0.074202,0.026795,1.000
2026-10-06T23:18:56+08:00,2026-10-06T23:00:00+08:00,FB6368,2026-10-07 01:00,Republic of Ireland U21,England U21,Ireland U21,England U21,UEFA - European Championship U21,7,4.9600,4.1300,1.6580,0.192585,0.231288,0.576127,0.970
2026-10-06T23:18:56+08:00,2026-10-06T23:00:00+08:00,FB6369,2026-10-07 00:00,Northern Ireland U21,Greece U21,Northern Ireland U21,Greece U21,UEFA - European Championship U21,7,11.2400,6.0000,1.2590,0.084738,0.158743,0.756519,1.000
2026-10-06T23:18:56+08:00,2026-10-06T23:00:00+08:00,FB6370,2026-10-07 18:00,Shimizu S-Pulse,V-Varen Nagasaki,Shimizu S-Pulse,V-Varen Nagasaki,Japan ‐ Cup,4,2.2500,3.3000,3.3600,0.425268,0.289955,0.284777,1.000
2026-10-06T23:18:56+08:00,2026-10-06T23:00:00+08:00,FB6371,2026-10-07 17:30,Cerezo Osaka,Kagoshima United FC,Cerezo Osaka,Kagoshima United FC,Japan ‐ Cup,4,1.5700,4.2000,5.5300,0.603240,0.225497,0.171263,1.000
2026-10-06T23:18:56+08:00,2026-10-06T23:00:00+08:00,FB6372,2026-10-07 03:00,Angola,Malawi,Angola,Malawi,Africa - CAF - Nations Cup,7,1.3960,4.1000,9.9000,0.674993,0.229827,0.095181,1.000
2026-10-06T23:18:56+08:00,2026-10-06T23:00:00+08:00,FB6373,2026-10-07 07:27,Colo Colo,Puerto Montt,Colo Colo,Deportes Puerto Montt,Chile ‐ Cup,7,1.2520,6.2500,12.4000,0.768470,0.153940,0.077591,0.970
2026-10-06T23:18:56+08:00,2026-10-06T23:00:00+08:00,FB6374,2026-10-07 02:00,Accrington Stanley,Salford City,Accrington Stanley,Salford City,England ‐ Checkatrade Trophy,7,3.4300,3.8240,1.9790,0.275470,0.247087,0.477443,1.000
2026-10-06T23:18:56+08:00,2026-10-06T23:00:00+08:00,FB6375,2026-10-07 02:00,Grimsby,Burton Albion,Grimsby Town,Burton Albion,England ‐ Checkatrade Trophy,7,2.3500,3.7500,2.6990,0.400423,0.250932,0.348645,1.000
2026-10-06T23:18:56+08:00,2026-10-06T23:00:00+08:00,FB6376,2026-10-07 02:00,Huddersfield,Rochdale,Huddersfield Town,Rochdale AFC,England ‐ Checkatrade Trophy,7,1.3150,5.5720,7.8600,0.712604,0.168176,0.119221,0.970
2026-10-06T23:18:56+08:00,2026-10-06T23:00:00+08:00,FB6377,2026-10-07 02:00,Newport County,Plymouth,Newport County,Plymouth Argyle,England ‐ Checkatrade Trophy,7,4.6100,4.2180,1.6500,0.204630,0.223647,0.571723,1.000
2026-10-06T23:18:56+08:00,2026-10-06T23:00:00+08:00,FB6378,2026-10-07 02:00,Shrewsbury,Stockport,Shrewsbury Town,Stockport County,England ‐ Checkatrade Trophy,7,4.9000,4.3840,1.5760,0.191320,0.213839,0.594841,0.970
2026-10-06T23:18:56+08:00,2026-10-06T23:00:00+08:00,FB6379,2026-10-07 02:00,Wycombe,Bristol Rovers,Wycombe Wanderers,Bristol Rovers,England ‐ Checkatrade Trophy,7,1.7630,4.1200,3.9400,0.533227,0.228174,0.238599,0.970
2026-10-06T23:18:56+08:00,2026-10-06T23:00:00+08:00,FB6380,2026-10-07 01:00,Turkiye U21,Hungary U21,Turkey U21,Hungary U21,UEFA - European Championship U21,7,1.4710,4.7200,7.2800,0.660627,0.205886,0.133487,0.929
2026-10-06T23:18:56+08:00,2026-10-06T23:00:00+08:00,FB6381,2026-10-07 02:00,Rotherham,Bradford,Rotherham United,Bradford City,England ‐ Checkatrade Trophy,7,3.3500,3.8000,2.0170,0.282290,0.248861,0.468850,0.970
2026-10-06T23:18:56+08:00,2026-10-06T23:00:00+08:00,FB6382,2026-10-07 01:00,France U21,Switzerland U21,France U21,Switzerland U21,UEFA - European Championship U21,7,1.6460,4.3000,4.8100,0.579712,0.221908,0.198380,1.000
2026-10-06T23:18:56+08:00,2026-10-06T23:00:00+08:00,FB6385,2026-10-07 00:00,Germany U21,Georgia U21,Germany U21,Georgia U21,UEFA - European Championship U21,7,1.0560,17.0400,32.0000,0.913266,0.056597,0.030138,1.000
2026-10-06T23:18:56+08:00,2026-10-06T23:00:00+08:00,FB6386,2026-10-07 01:00,Lithuania U21,Croatia U21,Lithuania U21,Croatia U21,UEFA - European Championship U21,7,12.0000,6.5000,1.2400,0.079849,0.147414,0.772736,1.000
2026-10-06T23:18:56+08:00,2026-10-06T23:00:00+08:00,FB6387,2026-10-07 00:30,Denmark U21,Belgium U21,Denmark U21,Belgium U21,UEFA - European Championship U21,7,2.7030,3.3900,2.6050,0.352738,0.281254,0.366008,1.000
2026-10-06T23:18:56+08:00,2026-10-06T23:00:00+08:00,FB6388,2026-10-07 00:30,Wales U21,Austria U21,Wales U21,Austria U21,UEFA - European Championship U21,7,4.1800,3.8020,1.8230,0.227669,0.250304,0.522027,1.000
2026-10-06T23:18:56+08:00,2026-10-06T23:00:00+08:00,FB6389,2026-10-09 06:28,Nautico Recife,Novorizontino,Nautico Capibaribe,Novorizontino SP,Brazil ‐ Serie B,7,3.2530,3.5000,2.2600,0.296841,0.275892,0.427267,0.844
2026-10-06T23:18:56+08:00,2026-10-06T23:00:00+08:00,FB6397,2026-10-07 00:45,Norway U21,Israel U21,Norway U21,Israel U21,UEFA - European Championship U21,7,1.6230,4.4100,5.0500,0.591921,0.217843,0.190235,1.000
2026-10-06T23:18:56+08:00,2026-10-06T23:00:00+08:00,FB6399,2026-10-07 00:00,Russia,Nigeria,Russia,Nigeria,International - Friendlies,7,1.6160,4.4900,6.7200,0.624849,0.224890,0.150261,1.000
2026-10-06T23:18:56+08:00,2026-10-06T23:00:00+08:00,FB6400,2026-10-07 01:00,Algeria,Niger,Algeria,Niger,International - Friendlies,7,1.2420,6.6300,15.5000,0.788980,0.147800,0.063220,1.000
2026-10-06T23:18:56+08:00,2026-10-06T23:00:00+08:00,FB6401,2026-10-07 07:00,Argentina,Benin,Argentina,Benin,International - Friendlies,6,1.0160,81.0000,126.0000,0.979809,0.012290,0.007901,1.000
2026-10-06T23:18:56+08:00,2026-10-06T23:00:00+08:00,FB6402,2026-10-07 10:30,Mexico,Chile,Mexico,Chile,International - Friendlies,7,1.6390,4.2110,5.9000,0.599875,0.233482,0.166643,1.000
2026-10-06T23:18:56+08:00,2026-10-06T23:00:00+08:00,FB6403,2026-10-07 07:45,Colombia,Peru,Colombia,Peru,International - Friendlies,7,1.4090,5.3300,9.5000,0.707880,0.187130,0.104990,1.000
2026-10-06T23:18:56+08:00,2026-10-06T23:00:00+08:00,FB6404,2026-10-07 08:00,USA,Canada,USA,Canada,International - Friendlies,7,1.7460,4.2480,4.9500,0.566976,0.233037,0.199988,1.000
2026-10-07T04:24:55+08:00,2026-10-07T04:00:00+08:00,FB6349,2026-10-09 07:00,Athletico Paranaense,Atletico Mineiro,Atletico PR,Atletico Mineiro MG,Brazil ‐ Serie A,8,2.1200,3.2750,4.0000,0.459278,0.297304,0.243418,0.825
2026-10-07T04:24:55+08:00,2026-10-07T04:00:00+08:00,FB6351,2026-10-09 06:30,Santos,Flamengo,Santos SP,Flamengo RJ,Brazil ‐ Serie A,8,4.3300,3.8130,1.8660,0.224413,0.254841,0.520745,0.940
2026-10-07T04:24:55+08:00,2026-10-07T04:00:00+08:00,FB6353,2026-10-08 07:00,Vitoria,Chapecoense,Vitoria BA,Chapecoense,Brazil ‐ Serie A,8,1.7300,3.9100,5.1000,0.561271,0.248337,0.190392,0.970
2026-10-07T04:24:55+08:00,2026-10-07T04:00:00+08:00,FB6354,2026-10-08 06:30,Internacional,Corinthians,Internacional RS,Corinthians SP,Brazil ‐ Serie A,8,2.3120,3.3000,3.5000,0.423518,0.296719,0.279764,0.940
2026-10-07T04:24:55+08:00,2026-10-07T04:00:00+08:00,FB6355,2026-10-08 07:30,Botafogo,Vasco da Gama,Botafogo RJ,Vasco da Gama RJ,Brazil ‐ Serie A,8,2.7680,3.5500,2.5800,0.350559,0.273337,0.376104,0.940
2026-10-07T04:24:55+08:00,2026-10-07T04:00:00+08:00,FB6356,2026-10-08 06:30,RB Bragantino,Mirassol,Bragantino SP,Mirassol SP,Brazil ‐ Serie A,8,1.8430,3.8400,4.5000,0.529240,0.254007,0.216753,0.885
2026-10-07T04:24:55+08:00,2026-10-07T04:00:00+08:00,FB6357,2026-10-08 08:30,Cruzeiro,Sao Paulo,Cruzeiro MG,Sao Paulo SP,Brazil ‐ Serie A,8,1.9310,3.6000,4.2500,0.502325,0.269442,0.228233,0.940
2026-10-07T04:24:55+08:00,2026-10-07T04:00:00+08:00,FB6358,2026-10-08 06:30,Clube do Remo,Gremio,Remo PA,Gremio RS,Brazil ‐ Serie A,8,2.4500,3.4450,3.0750,0.398736,0.283571,0.317692,0.970
2026-10-07T04:24:55+08:00,2026-10-07T04:00:00+08:00,FB6359,2026-10-07 08:30,Chicago Fire,Vancouver Whitecaps,Chicago Fire,Vancouver Whitecaps,USA ‐ Major League Soccer,8,3.0850,4.0000,2.2490,0.318170,0.245389,0.436441,1.000
2026-10-07T04:24:55+08:00,2026-10-07T04:00:00+08:00,FB6362,2026-10-07 06:28,Sport Recife,Sao Bernardo,Sport Club do Recife,Sao Bernardo SP,Brazil ‐ Serie B,8,1.7970,3.7700,4.7610,0.539345,0.257083,0.203571,0.944
2026-10-07T04:24:55+08:00,2026-10-07T04:00:00+08:00,FB6363,2026-10-07 07:28,Goias,Athletic Club MG,Goias,Athletic Club MG,Brazil ‐ Serie B,8,1.9500,3.3300,4.6600,0.498992,0.292202,0.208806,1.000
2026-10-07T04:24:55+08:00,2026-10-07T04:00:00+08:00,FB6364,2026-10-08 07:28,CRB,Atletico Goianiense,CRB,Atletico GO,Brazil ‐ Serie B,8,1.9550,3.5500,4.0600,0.492070,0.270985,0.236945,1.000
2026-10-07T04:24:55+08:00,2026-10-07T04:00:00+08:00,FB6365,2026-10-08 07:28,Vila Nova,Cuiaba,Vila Nova GO,Cuiaba MT,Brazil ‐ Serie B,8,2.1900,3.1000,3.8800,0.440357,0.311091,0.248552,0.940
2026-10-07T04:24:55+08:00,2026-10-07T04:00:00+08:00,FB6366,2026-10-08 07:28,America Mineiro,Fortaleza,America Mineiro MG,Fortaleza CE,Brazil ‐ Serie B,8,4.0540,3.6400,1.9600,0.239114,0.266310,0.494576,0.940
2026-10-07T04:24:55+08:00,2026-10-07T04:00:00+08:00,FB6370,2026-10-07 18:00,Shimizu S-Pulse,V-Varen Nagasaki,Shimizu S-Pulse,V-Varen Nagasaki,Japan ‐ Cup,5,2.2000,3.3000,3.3600,0.430769,0.287179,0.282051,1.000
2026-10-07T04:24:55+08:00,2026-10-07T04:00:00+08:00,FB6371,2026-10-07 17:30,Cerezo Osaka,Kagoshima United FC,Cerezo Osaka,Kagoshima United FC,Japan ‐ Cup,5,1.5710,4.0500,5.3900,0.595462,0.230981,0.173557,1.000
2026-10-07T04:24:55+08:00,2026-10-07T04:00:00+08:00,FB6373,2026-10-07 07:27,Colo Colo,Puerto Montt,Colo Colo,Deportes Puerto Montt,Chile ‐ Cup,8,1.6150,4.2000,6.2800,0.609129,0.234224,0.156647,0.970
2026-10-07T04:24:55+08:00,2026-10-07T04:00:00+08:00,FB6389,2026-10-09 06:28,Nautico Recife,Novorizontino,Nautico Capibaribe,Novorizontino SP,Brazil ‐ Serie B,8,3.2530,3.5000,2.2600,0.296841,0.275892,0.427267,0.844
2026-10-07T04:24:55+08:00,2026-10-07T04:00:00+08:00,FB6401,2026-10-07 07:00,Argentina,Benin,Argentina,Benin,International - Friendlies,7,1.0160,44.0000,70.0000,0.963758,0.022254,0.013988,1.000
2026-10-07T04:24:55+08:00,2026-10-07T04:00:00+08:00,FB6402,2026-10-07 10:30,Mexico,Chile,Mexico,Chile,International - Friendlies,8,1.6390,4.1500,5.9000,0.597823,0.236104,0.166073,1.000
2026-10-07T04:24:55+08:00,2026-10-07T04:00:00+08:00,FB6403,2026-10-07 07:45,Colombia,Peru,Colombia,Peru,International - Friendlies,8,1.3950,5.3300,9.5000,0.709941,0.185810,0.104249,1.000
2026-10-07T04:24:55+08:00,2026-10-07T04:00:00+08:00,FB6404,2026-10-07 08:00,USA,Canada,USA,Canada,International - Friendlies,8,1.9200,4.1450,4.4150,0.526845,0.244039,0.229115,1.000
2026-10-07T04:24:55+08:00,2026-10-07T04:00:00+08:00,FB6408,2026-10-07 05:00,St. Vincent and Grenadines,Sint Maarten,Saint Vincent and The Grenadines,Sint Maarten,CONCACAF - Nations League,8,1.5020,4.5000,5.7500,0.626961,0.209266,0.163773,0.939
2026-10-07T04:24:55+08:00,2026-10-07T04:00:00+08:00,FB6411,2026-10-08 05:57,Coquimbo Unido,Cobreloa,Coquimbo Unido,Cobreloa,Chile ‐ Cup,7,1.6900,3.6200,4.8500,0.550872,0.257175,0.191953,1.000
2026-10-07T04:24:55+08:00,2026-10-07T04:00:00+08:00,FB6412,2026-10-09 00:00,KuPS,AC Oulu,KuPS Kuopio,AC Oulu,Finland ‐ Veikkausliiga,8,1.6370,4.0000,5.6000,0.587692,0.240513,0.171795,1.000
2026-10-07T04:24:55+08:00,2026-10-07T04:00:00+08:00,FB6413,2026-10-08 23:00,HJK Helsinki,VPS Vaasa,HJK Helsinki,VPS Vaasa,Finland ‐ Veikkausliiga,8,1.6200,4.2500,5.3500,0.593831,0.226354,0.179814,1.000
2026-10-07T04:24:55+08:00,2026-10-07T04:00:00+08:00,FB6414,2026-10-08 00:00,Gnistan,Inter Turku,IF Gnistan,Inter Turku,Finland ‐ Veikkausliiga,8,3.9500,3.7190,2.0000,0.247702,0.263087,0.489211,1.000
2026-10-07T04:24:55+08:00,2026-10-07T04:00:00+08:00,FB6417,2026-10-07 21:00,Kuching City,Tampines Rovers,Kuching,Tampines Rovers FC,Asia - ASEAN Club Championship,7,1.6500,3.8500,4.7500,0.563082,0.241321,0.195597,0.970
2026-10-07T04:24:55+08:00,2026-10-07T04:00:00+08:00,FB6418,2026-10-08 05:57,Antofagasta,Universidad Chile,CD Antofagasta,Universidad de Chile,Chile ‐ Cup,6,4.3050,3.5000,1.8300,0.218223,0.268415,0.513362,0.929
2026-10-07T04:24:55+08:00,2026-10-07T04:00:00+08:00,FB6419,2026-10-08 06:57,Plaza Colonia,Juventud Las Piedras,Plaza Colonia,Juventud de Las Piedras,Uruguay ‐ Cup,6,3.2500,2.8300,2.3500,0.283175,0.325201,0.391625,0.965
2026-10-07T04:24:55+08:00,2026-10-07T04:00:00+08:00,FB6420,2026-10-08 02:27,Cerrito,Montevideo Wanderers,Cerrito CS,Montevideo Wanderers,Uruguay ‐ Cup,4,2.1200,3.5000,3.4050,0.448767,0.271825,0.279408,0.970
2026-10-07T07:54:37+08:00,2026-10-07T07:30:00+08:00,FB6359,2026-10-07 08:30,Chicago Fire,Vancouver Whitecaps,Chicago Fire,Vancouver Whitecaps,USA ‐ Major League Soccer,8,3.0850,3.9850,2.2580,0.318430,0.246514,0.435056,1.000
2026-10-07T07:54:37+08:00,2026-10-07T07:30:00+08:00,FB6402,2026-10-07 10:30,Mexico,Chile,Mexico,Chile,International - Friendlies,8,1.6390,4.1890,5.9000,0.599140,0.234421,0.166439,1.000
2026-10-07T07:54:37+08:00,2026-10-07T07:30:00+08:00,FB6404,2026-10-07 08:00,USA,Canada,USA,Canada,International - Friendlies,8,1.8800,4.0600,4.3500,0.527638,0.244325,0.228037,1.000
2026-10-07T17:24:12+08:00,2026-10-07T17:00:00+08:00,FB6349,2026-10-09 07:00,Athletico Paranaense,Atletico Mineiro,Atletico PR,Atletico Mineiro MG,Brazil ‐ Serie A,7,2.1400,3.2100,3.9600,0.453089,0.302059,0.244851,0.825
2026-10-07T17:24:12+08:00,2026-10-07T17:00:00+08:00,FB6350,2026-10-09 08:30,Palmeiras,Bahia,Palmeiras SP,Bahia BA,Brazil ‐ Serie A,7,1.5790,4.4100,5.6700,0.611048,0.218786,0.170167,0.940
2026-10-07T17:24:12+08:00,2026-10-07T17:00:00+08:00,FB6351,2026-10-09 06:30,Santos,Flamengo,Santos SP,Flamengo RJ,Brazil ‐ Serie A,7,4.1750,3.8000,1.8660,0.230622,0.253381,0.515996,0.940
2026-10-07T17:24:12+08:00,2026-10-07T17:00:00+08:00,FB6352,2026-10-09 08:30,Fluminense,Coritiba,Fluminense RJ,Coritiba PR,Brazil ‐ Serie A,7,1.5080,4.3500,6.7600,0.637047,0.220843,0.142110,0.940
2026-10-07T17:24:12+08:00,2026-10-07T17:00:00+08:00,FB6353,2026-10-08 07:00,Vitoria,Chapecoense,Vitoria BA,Chapecoense,Brazil ‐ Serie A,7,1.6620,4.0900,6.0000,0.594051,0.241397,0.164552,0.970
2026-10-07T17:24:12+08:00,2026-10-07T17:00:00+08:00,FB6354,2026-10-08 06:30,Internacional,Corinthians,Internacional RS,Corinthians SP,Brazil ‐ Serie A,7,2.3120,3.2600,3.4600,0.420626,0.298309,0.281066,0.940
2026-10-07T17:24:12+08:00,2026-10-07T17:00:00+08:00,FB6355,2026-10-08 07:30,Botafogo,Vasco da Gama,Botafogo RJ,Vasco da Gama RJ,Brazil ‐ Serie A,7,3.1350,3.7000,2.2900,0.310917,0.263439,0.425644,0.940
2026-10-07T17:24:12+08:00,2026-10-07T17:00:00+08:00,FB6356,2026-10-08 06:30,RB Bragantino,Mirassol,Bragantino SP,Mirassol SP,Brazil ‐ Serie A,7,1.8140,4.0100,4.5200,0.539463,0.244036,0.216501,0.885
2026-10-07T17:24:12+08:00,2026-10-07T17:00:00+08:00,FB6357,2026-10-08 08:30,Cruzeiro,Sao Paulo,Cruzeiro MG,Sao Paulo SP,Brazil ‐ Serie A,7,1.9800,3.5500,4.1300,0.490878,0.273786,0.235336,0.940
2026-10-07T17:24:12+08:00,2026-10-07T17:00:00+08:00,FB6358,2026-10-08 06:30,Clube do Remo,Gremio,Remo PA,Gremio RS,Brazil ‐ Serie A,7,2.1400,3.6200,3.5300,0.455085,0.269028,0.275887,0.970
2026-10-07T17:24:12+08:00,2026-10-07T17:00:00+08:00,FB6364,2026-10-08 07:28,CRB,Atletico Goianiense,CRB,Atletico GO,Brazil ‐ Serie B,7,1.8300,3.7100,4.4200,0.524305,0.258619,0.217076,1.000
2026-10-07T17:24:12+08:00,2026-10-07T17:00:00+08:00,FB6365,2026-10-08 07:28,Vila Nova,Cuiaba,Vila Nova GO,Cuiaba MT,Brazil ‐ Serie B,7,2.1600,3.2000,3.9400,0.449797,0.303613,0.246589,0.940
2026-10-07T17:24:12+08:00,2026-10-07T17:00:00+08:00,FB6366,2026-10-08 07:28,America Mineiro,Fortaleza,America Mineiro MG,Fortaleza CE,Brazil ‐ Serie B,7,4.0900,3.6000,1.9300,0.235002,0.266988,0.498010,0.940
2026-10-07T17:24:12+08:00,2026-10-07T17:00:00+08:00,FB6370,2026-10-07 18:00,Shimizu S-Pulse,V-Varen Nagasaki,Shimizu S-Pulse,V-Varen Nagasaki,Japan ‐ Cup,7,2.2500,3.4000,3.4100,0.430740,0.285048,0.284212,1.000
2026-10-07T17:24:12+08:00,2026-10-07T17:00:00+08:00,FB6371,2026-10-07 17:30,Cerezo Osaka,Kagoshima United FC,Cerezo Osaka,Kagoshima United FC,Japan ‐ Cup,7,1.4100,4.9000,7.5800,0.678531,0.195251,0.126218,1.000
2026-10-07T17:24:12+08:00,2026-10-07T17:00:00+08:00,FB6389,2026-10-09 06:28,Nautico Recife,Novorizontino,Nautico Capibaribe,Novorizontino SP,Brazil ‐ Serie B,7,3.1900,3.5000,2.2600,0.300939,0.274284,0.424777,0.844
2026-10-07T17:24:12+08:00,2026-10-07T17:00:00+08:00,FB6411,2026-10-08 05:57,Coquimbo Unido,Cobreloa,Coquimbo Unido,Cobreloa,Chile ‐ Cup,7,1.5000,4.5000,6.0000,0.631579,0.210526,0.157895,1.000
2026-10-07T17:24:12+08:00,2026-10-07T17:00:00+08:00,FB6412,2026-10-09 00:00,KuPS,AC Oulu,KuPS Kuopio,AC Oulu,Finland ‐ Veikkausliiga,7,1.6000,3.9900,5.6000,0.592868,0.237741,0.169391,1.000
2026-10-07T17:24:12+08:00,2026-10-07T17:00:00+08:00,FB6413,2026-10-08 23:00,HJK Helsinki,VPS Vaasa,HJK Helsinki,VPS Vaasa,Finland ‐ Veikkausliiga,7,1.6100,4.2500,5.3500,0.595324,0.225523,0.179154,1.000
2026-10-07T17:24:12+08:00,2026-10-07T17:00:00+08:00,FB6414,2026-10-08 00:00,Gnistan,Inter Turku,IF Gnistan,Inter Turku,Finland ‐ Veikkausliiga,7,4.7500,4.1700,1.7100,0.203382,0.231670,0.564949,1.000
2026-10-07T17:24:12+08:00,2026-10-07T17:00:00+08:00,FB6415,2026-10-08 23:45,Khor Fakkan,Al Wasl,Al-Khaleej Khor Fakkan,Al Wasl Dubai,United Arab Emirates ‐ Cup,3,7.2200,5.0000,1.3920,0.131048,0.189234,0.679718,0.940
2026-10-07T17:24:12+08:00,2026-10-07T17:00:00+08:00,FB6417,2026-10-07 21:00,Kuching City,Tampines Rovers,Kuching,Tampines Rovers FC,Asia - ASEAN Club Championship,7,1.6170,4.0500,4.7500,0.574818,0.229502,0.195680,0.970
2026-10-07T17:24:12+08:00,2026-10-07T17:00:00+08:00,FB6418,2026-10-08 05:57,Antofagasta,Universidad Chile,CD Antofagasta,Universidad de Chile,Chile ‐ Cup,7,4.2550,3.6000,1.8800,0.224960,0.265890,0.509151,0.929
2026-10-07T17:24:12+08:00,2026-10-07T17:00:00+08:00,FB6419,2026-10-08 06:57,Plaza Colonia,Juventud Las Piedras,Plaza Colonia,Juventud de Las Piedras,Uruguay ‐ Cup,5,3.1150,2.8300,2.3500,0.291865,0.321258,0.386877,0.965
2026-10-07T17:24:12+08:00,2026-10-07T17:00:00+08:00,FB6420,2026-10-08 02:27,Cerrito,Montevideo Wanderers,Cerrito CS,Montevideo Wanderers,Uruguay ‐ Cup,5,2.0200,3.3200,3.5100,0.457890,0.278596,0.263515,0.970
2026-10-07T17:24:12+08:00,2026-10-07T17:00:00+08:00,FB6421,2026-10-08 21:10,Al Ain,Kalba FC,Al Ain FC,Al Ittihad Kalba,United Arab Emirates ‐ Cup,3,1.2750,5.9000,8.6500,0.733406,0.158490,0.108103,0.970
2026-10-07T17:24:12+08:00,2026-10-07T17:00:00+08:00,FB6422,2026-10-08 23:45,Al Nasr SC,Hatta Club,Al Nasr Dubai,Hatta Club,United Arab Emirates ‐ Cup,2,1.3800,4.4000,6.3600,0.653331,0.204908,0.141761,1.000
2026-10-07T17:24:12+08:00,2026-10-07T17:00:00+08:00,FB6423,2026-10-09 01:00,Al Wakrah,Al Gharafa,Al Wakrah SC,Al Gharafa SC,Qatar ‐ Stars League,6,2.2400,3.7500,2.8500,0.419587,0.250633,0.329780,1.000
2026-10-07T17:24:12+08:00,2026-10-07T17:00:00+08:00,FB6424,2026-10-08 22:45,Al Shamal,Al Duhail,Al Shamal SC,Al-Duhail,Qatar ‐ Stars League,6,3.1900,3.7000,2.1000,0.295752,0.254986,0.449262,1.000
2026-10-08T00:41:25+08:00,2026-10-08T00:30:00+08:00,FB6420,2026-10-08 02:27,Cerrito,Montevideo Wanderers,Cerrito CS,Montevideo Wanderers,Uruguay ‐ Cup,5,2.0600,3.3200,3.4700,0.451642,0.280236,0.268122,0.970
2026-10-08T05:39:36+08:00,2026-10-08T05:30:00+08:00,FB6353,2026-10-08 07:00,Vitoria,Chapecoense,Vitoria BA,Chapecoense,Brazil ‐ Serie A,7,1.5280,4.4100,6.7600,0.635922,0.220337,0.143741,0.970
2026-10-08T05:39:36+08:00,2026-10-08T05:30:00+08:00,FB6354,2026-10-08 06:30,Internacional,Corinthians,Internacional RS,Corinthians SP,Brazil ‐ Serie A,7,2.5300,2.9680,3.3900,0.384802,0.328015,0.287183,0.940
2026-10-08T05:39:36+08:00,2026-10-08T05:30:00+08:00,FB6355,2026-10-08 07:30,Botafogo,Vasco da Gama,Botafogo RJ,Vasco da Gama RJ,Brazil ‐ Serie A,7,3.0970,3.7100,2.3000,0.314338,0.262400,0.423262,0.940
2026-10-08T05:39:36+08:00,2026-10-08T05:30:00+08:00,FB6356,2026-10-08 06:30,RB Bragantino,Mirassol,Bragantino SP,Mirassol SP,Brazil ‐ Serie A,7,1.7410,4.1000,5.3000,0.570410,0.242216,0.187374,0.885
2026-10-08T05:39:36+08:00,2026-10-08T05:30:00+08:00,FB6357,2026-10-08 08:30,Cruzeiro,Sao Paulo,Cruzeiro MG,Sao Paulo SP,Brazil ‐ Serie A,7,1.7940,3.7600,4.9700,0.544042,0.259577,0.196381,0.940
2026-10-08T05:39:36+08:00,2026-10-08T05:30:00+08:00,FB6358,2026-10-08 06:30,Clube do Remo,Gremio,Remo PA,Gremio RS,Brazil ‐ Serie A,7,2.0850,3.5040,3.9400,0.470761,0.280119,0.249121,0.970
2026-10-08T05:39:36+08:00,2026-10-08T05:30:00+08:00,FB6364,2026-10-08 07:28,CRB,Atletico Goianiense,CRB,Atletico GO,Brazil ‐ Serie B,7,1.8800,3.9400,4.1500,0.518089,0.247210,0.234701,1.000
2026-10-08T05:39:36+08:00,2026-10-08T05:30:00+08:00,FB6365,2026-10-08 07:28,Vila Nova,Cuiaba,Vila Nova GO,Cuiaba MT,Brazil ‐ Serie B,7,2.2000,3.2250,3.8520,0.443793,0.302743,0.253464,0.940
2026-10-08T05:39:36+08:00,2026-10-08T05:30:00+08:00,FB6366,2026-10-08 07:28,America Mineiro,Fortaleza,America Mineiro MG,Fortaleza CE,Brazil ‐ Serie B,7,4.1620,3.5600,1.9600,0.232961,0.272355,0.494685,0.940
2026-10-08T05:39:36+08:00,2026-10-08T05:30:00+08:00,FB6411,2026-10-08 05:57,Coquimbo Unido,Cobreloa,Coquimbo Unido,Cobreloa,Chile ‐ Cup,7,1.3800,4.7600,7.0400,0.672975,0.195106,0.131918,1.000
2026-10-08T05:39:36+08:00,2026-10-08T05:30:00+08:00,FB6418,2026-10-08 05:57,Antofagasta,Universidad Chile,CD Antofagasta,Universidad de Chile,Chile ‐ Cup,7,9.7500,5.5000,1.3700,0.101117,0.179253,0.719630,0.929
2026-10-08T05:39:36+08:00,2026-10-08T05:30:00+08:00,FB6419,2026-10-08 06:57,Plaza Colonia,Juventud Las Piedras,Plaza Colonia,Juventud de Las Piedras,Uruguay ‐ Cup,5,3.2700,2.8860,2.2900,0.280820,0.318184,0.400996,0.965
2026-10-08T09:22:30+08:00,2026-10-08T09:00:00+08:00,FB6339,2026-10-10 22:00,Sunderland,Brighton,Sunderland,Brighton & Hove Albion,England ‐ Premier League,7,3.1170,3.6500,2.4870,0.321824,0.274829,0.403347,0.970
2026-10-08T09:22:30+08:00,2026-10-08T09:00:00+08:00,FB6340,2026-10-10 22:00,Ipswich,Fulham,Ipswich Town,Fulham,England ‐ Premier League,7,2.8990,3.6350,2.5290,0.339694,0.270914,0.389392,1.000
2026-10-08T09:22:30+08:00,2026-10-08T09:00:00+08:00,FB6342,2026-10-10 19:30,Arsenal,Leeds,Arsenal,Leeds United,England ‐ Premier League,7,1.4390,5.3300,8.8000,0.697591,0.188337,0.114072,1.000
2026-10-08T09:22:30+08:00,2026-10-08T09:00:00+08:00,FB6343,2026-10-10 22:00,Aston Villa,Brentford,Aston Villa,Brentford,England ‐ Premier League,7,2.7440,3.6000,2.6930,0.359562,0.274066,0.366372,1.000
2026-10-08T09:22:30+08:00,2026-10-08T09:00:00+08:00,FB6344,2026-10-11 00:30,Manchester Utd,Tottenham,Manchester United,Tottenham Hotspur,England ‐ Premier League,7,1.7560,4.4500,4.6700,0.564773,0.222863,0.212364,0.970
2026-10-08T09:22:30+08:00,2026-10-08T09:00:00+08:00,FB6346,2026-10-10 22:00,Chelsea,Bournemouth,Chelsea,Bournemouth AFC,England ‐ Premier League,7,1.7870,4.3500,4.6400,0.556813,0.228741,0.214445,1.000
2026-10-08T09:22:30+08:00,2026-10-08T09:00:00+08:00,FB6349,2026-10-09 07:00,Athletico Paranaense,Atletico Mineiro,Atletico PR,Atletico Mineiro MG,Brazil ‐ Serie A,7,2.1540,3.3080,3.9600,0.455563,0.296639,0.247798,0.825
2026-10-08T09:22:30+08:00,2026-10-08T09:00:00+08:00,FB6350,2026-10-09 08:30,Palmeiras,Bahia,Palmeiras SP,Bahia BA,Brazil ‐ Serie A,7,1.5980,4.3700,5.6200,0.606054,0.221619,0.172327,0.940
2026-10-08T09:22:30+08:00,2026-10-08T09:00:00+08:00,FB6351,2026-10-09 06:30,Santos,Flamengo,Santos SP,Flamengo RJ,Brazil ‐ Serie A,7,4.2480,3.8600,1.8660,0.228465,0.251429,0.520106,0.940
2026-10-08T09:22:30+08:00,2026-10-08T09:00:00+08:00,FB6352,2026-10-09 08:30,Fluminense,Coritiba,Fluminense RJ,Coritiba PR,Brazil ‐ Serie A,7,1.5270,4.3500,6.7600,0.634147,0.222607,0.143246,0.940
2026-10-08T09:22:30+08:00,2026-10-08T09:00:00+08:00,FB6389,2026-10-09 06:28,Nautico Recife,Novorizontino,Nautico Capibaribe,Novorizontino SP,Brazil ‐ Serie B,7,3.2300,3.5000,2.2800,0.299444,0.276344,0.424212,0.844
2026-10-08T09:22:30+08:00,2026-10-08T09:00:00+08:00,FB6412,2026-10-09 00:00,KuPS,AC Oulu,KuPS Kuopio,AC Oulu,Finland ‐ Veikkausliiga,7,1.6230,4.0190,5.7100,0.592393,0.239227,0.168381,1.000
2026-10-08T09:22:30+08:00,2026-10-08T09:00:00+08:00,FB6413,2026-10-08 23:00,HJK Helsinki,VPS Vaasa,HJK Helsinki,VPS Vaasa,Finland ‐ Veikkausliiga,7,1.6110,4.2500,5.4300,0.596750,0.226203,0.177047,1.000
2026-10-08T09:22:30+08:00,2026-10-08T09:00:00+08:00,FB6415,2026-10-08 23:45,Khor Fakkan,Al Wasl,Al-Khaleej Khor Fakkan,Al Wasl Dubai,United Arab Emirates ‐ Cup,4,7.1600,5.0000,1.3960,0.132259,0.189394,0.678347,0.940
2026-10-08T09:22:30+08:00,2026-10-08T09:00:00+08:00,FB6421,2026-10-08 21:10,Al Ain,Kalba FC,Al Ain FC,Al Ittihad Kalba,United Arab Emirates ‐ Cup,4,1.2860,6.0000,8.7500,0.734589,0.157447,0.107964,0.970
2026-10-08T09:22:30+08:00,2026-10-08T09:00:00+08:00,FB6422,2026-10-08 23:45,Al Nasr SC,Hatta Club,Al Nasr Dubai,Hatta Club,United Arab Emirates ‐ Cup,4,1.4250,4.6000,6.3600,0.651959,0.201966,0.146076,1.000
2026-10-08T09:22:30+08:00,2026-10-08T09:00:00+08:00,FB6423,2026-10-09 01:00,Al Wakrah,Al Gharafa,Al Wakrah SC,Al Gharafa SC,Qatar ‐ Stars League,7,2.3800,3.7500,2.7300,0.398969,0.253212,0.347819,1.000
2026-10-08T09:22:30+08:00,2026-10-08T09:00:00+08:00,FB6424,2026-10-08 22:45,Al Shamal,Al Duhail,Al Shamal SC,Al-Duhail,Qatar ‐ Stars League,7,3.1400,3.7000,2.2100,0.305861,0.259568,0.434571,1.000
2026-10-08T09:22:30+08:00,2026-10-08T09:00:00+08:00,FB6426,2026-10-09 13:00,Daejeon Citizen,Jeonbuk Motors,Daejeon Citizen,Jeonbuk Hyundai Motors,South Korea ‐ K-League Classic,7,2.2850,3.6100,3.0400,0.419356,0.265437,0.315207,0.889
2026-10-08T22:58:35+08:00,2026-10-08T22:30:00+08:00,FB6412,2026-10-09 00:00,KuPS,AC Oulu,KuPS Kuopio,AC Oulu,Finland ‐ Veikkausliiga,7,1.5700,4.1500,6.5670,0.618281,0.233904,0.147815,1.000
2026-10-08T22:58:35+08:00,2026-10-08T22:30:00+08:00,FB6413,2026-10-08 23:00,HJK Helsinki,VPS Vaasa,HJK Helsinki,VPS Vaasa,Finland ‐ Veikkausliiga,7,1.6090,4.3800,5.5300,0.603024,0.221522,0.175455,1.000
2026-10-08T22:58:35+08:00,2026-10-08T22:30:00+08:00,FB6415,2026-10-08 23:45,Khor Fakkan,Al Wasl,Al-Khaleej Khor Fakkan,Al Wasl Dubai,United Arab Emirates ‐ Cup,7,6.8900,5.0300,1.4010,0.137218,0.187958,0.674824,0.940
2026-10-08T22:58:35+08:00,2026-10-08T22:30:00+08:00,FB6422,2026-10-08 23:45,Al Nasr SC,Hatta Club,Al Nasr Dubai,Hatta Club,United Arab Emirates ‐ Cup,7,1.2880,5.7500,9.0000,0.731469,0.163849,0.104681,1.000
2026-10-08T22:58:35+08:00,2026-10-08T22:30:00+08:00,FB6423,2026-10-09 01:00,Al Wakrah,Al Gharafa,Al Wakrah SC,Al Gharafa SC,Qatar ‐ Stars League,7,2.1100,3.9980,3.1890,0.456743,0.241053,0.302204,1.000
2026-10-09T04:27:35+08:00,2026-10-09T04:00:00+08:00,FB6339,2026-10-10 22:00,Sunderland,Brighton,Sunderland,Brighton & Hove Albion,England ‐ Premier League,7,3.1600,3.6500,2.3840,0.313356,0.271289,0.415355,0.970
2026-10-09T04:27:35+08:00,2026-10-09T04:00:00+08:00,FB6340,2026-10-10 22:00,Ipswich,Fulham,Ipswich Town,Fulham,England ‐ Premier League,7,2.8990,3.6350,2.5290,0.339694,0.270914,0.389392,1.000
2026-10-09T04:27:35+08:00,2026-10-09T04:00:00+08:00,FB6342,2026-10-10 19:30,Arsenal,Leeds,Arsenal,Leeds United,England ‐ Premier League,7,1.4380,5.1000,8.4000,0.688160,0.194034,0.117806,1.000
2026-10-09T04:27:35+08:00,2026-10-09T04:00:00+08:00,FB6343,2026-10-10 22:00,Aston Villa,Brentford,Aston Villa,Brentford,England ‐ Premier League,7,2.7540,3.6000,2.6720,0.357694,0.273636,0.368671,1.000
2026-10-09T04:27:35+08:00,2026-10-09T04:00:00+08:00,FB6344,2026-10-11 00:30,Manchester Utd,Tottenham,Manchester United,Tottenham Hotspur,England ‐ Premier League,7,1.7560,4.4500,4.6700,0.564773,0.222863,0.212364,0.970
2026-10-09T04:27:35+08:00,2026-10-09T04:00:00+08:00,FB6346,2026-10-10 22:00,Chelsea,Bournemouth,Chelsea,Bournemouth AFC,England ‐ Premier League,7,1.7870,4.3500,4.6600,0.557326,0.228952,0.213721,1.000
2026-10-09T04:27:35+08:00,2026-10-09T04:00:00+08:00,FB6349,2026-10-09 07:00,Athletico Paranaense,Atletico Mineiro,Atletico PR,Atletico Mineiro MG,Brazil ‐ Serie A,7,2.1560,3.2900,3.8900,0.452579,0.296583,0.250838,0.825
2026-10-09T04:27:35+08:00,2026-10-09T04:00:00+08:00,FB6350,2026-10-09 08:30,Palmeiras,Bahia,Palmeiras SP,Bahia BA,Brazil ‐ Serie A,7,1.5830,4.5100,5.7300,0.614529,0.215698,0.169773,0.940
2026-10-09T04:27:35+08:00,2026-10-09T04:00:00+08:00,FB6351,2026-10-09 06:30,Santos,Flamengo,Santos SP,Flamengo RJ,Brazil ‐ Serie A,7,4.5400,4.0000,1.8070,0.215172,0.244220,0.540608,0.940
2026-10-09T04:27:35+08:00,2026-10-09T04:00:00+08:00,FB6352,2026-10-09 08:30,Fluminense,Coritiba,Fluminense RJ,Coritiba PR,Brazil ‐ Serie A,7,1.4690,4.7200,7.3730,0.662046,0.206048,0.131906,0.940
2026-10-09T04:27:35+08:00,2026-10-09T04:00:00+08:00,FB6389,2026-10-09 06:28,Nautico Recife,Novorizontino,Nautico Capibaribe,Novorizontino SP,Brazil ‐ Serie B,7,5.0400,3.9300,1.7500,0.193707,0.248418,0.557875,0.844
2026-10-09T04:27:35+08:00,2026-10-09T04:00:00+08:00,FB6426,2026-10-09 13:00,Daejeon Citizen,Jeonbuk Motors,Daejeon Citizen,Jeonbuk Hyundai Motors,South Korea ‐ K-League Classic,7,2.3380,3.6500,3.1010,0.417624,0.267508,0.314868,0.889
2026-10-09T04:27:35+08:00,2026-10-09T04:00:00+08:00,FB6431,2026-10-10 11:00,Tigres UANL,Toluca,Tigres UANL,Toluca,Mexico ‐ Primera Division,7,3.0630,3.5580,2.2700,0.311506,0.268168,0.420327,1.000
2026-10-09T04:27:35+08:00,2026-10-09T04:00:00+08:00,FB6432,2026-10-10 09:00,Puebla,Club Leon,Puebla,Club Leon,Mexico ‐ Primera Division,7,2.9500,3.4000,2.4600,0.326069,0.282913,0.391018,1.000
2026-10-09T04:27:35+08:00,2026-10-09T04:00:00+08:00,FB6433,2026-10-10 02:30,Dortmund,Werder Bremen,Borussia Dortmund,Werder Bremen,Germany ‐ Bundesliga,7,1.3620,6.0000,9.0000,0.725514,0.164692,0.109794,1.000
2026-10-09T04:27:35+08:00,2026-10-09T04:00:00+08:00,FB6434,2026-10-10 02:45,Lens,Lyon,Lens,Lyon,France ‐ Ligue 1,7,2.4390,3.8000,2.9220,0.403788,0.259168,0.337043,1.000
2026-10-09T04:27:35+08:00,2026-10-09T04:00:00+08:00,FB6435,2026-10-10 03:00,Malaga,Espanyol,Malaga,RCD Espanyol,Spain ‐ Primera Division,7,2.8300,3.3700,2.8240,0.351879,0.295495,0.352626,0.970
2026-10-09T04:27:35+08:00,2026-10-09T04:00:00+08:00,FB6437,2026-10-10 04:58,Gimnasia LP,Atletico Tucuman,Gimnasia La Plata,Atletico Tucuman,Argentina ‐ Liga Profesional,6,1.9500,3.3600,4.3400,0.492692,0.285937,0.221371,0.893
2026-10-09T04:27:35+08:00,2026-10-09T04:00:00+08:00,FB6438,2026-10-10 01:28,Aldosivi,Sarmiento,Aldosivi,Sarmiento Junin,Argentina ‐ Liga Profesional,7,2.6700,3.0500,3.0100,0.361997,0.316896,0.321107,1.000
2026-10-09T04:27:35+08:00,2026-10-09T04:00:00+08:00,FB6439,2026-10-10 06:28,Instituto de Cordoba,Boca Juniors,Instituto AC Cordoba,Boca Juniors,Argentina ‐ Liga Profesional,6,3.1700,3.0000,2.5610,0.303539,0.320740,0.375720,1.000
2026-10-09T04:27:35+08:00,2026-10-09T04:00:00+08:00,FB6440,2026-10-10 08:43,Union Santa Fe,Defensa y Justicia,Union Santa Fe,Defensa y Justicia,Argentina ‐ Liga Profesional,6,2.2610,3.2300,3.4900,0.425921,0.298145,0.275934,1.000
2026-10-09T04:27:35+08:00,2026-10-09T04:00:00+08:00,FB6441,2026-10-10 02:00,PSV Eindhoven,Heerenveen,PSV Eindhoven,Heerenveen,Netherlands ‐ Eredivisie,7,1.2500,7.7500,9.3000,0.771784,0.124481,0.103734,1.000
2026-10-09T04:27:35+08:00,2026-10-09T04:00:00+08:00,FB6442,2026-10-10 01:00,Nordsjaelland,Odense,Nordsjaelland,Odense BK,Denmark ‐ Superliga,7,1.5190,4.9000,5.8700,0.637441,0.197607,0.164953,1.000
2026-10-09T04:27:35+08:00,2026-10-09T04:00:00+08:00,FB6443,2026-10-10 01:00,Brann,Viking,Brann,Viking,Norway ‐ Tippeligaen,7,3.1100,4.1470,2.1750,0.314483,0.235843,0.449674,1.000
2026-10-09T04:27:35+08:00,2026-10-09T04:00:00+08:00,FB6444,2026-10-10 03:15,Braga,Sporting,Sporting Braga,Sporting Lisbon,Portugal ‐ Primeira Liga,7,3.4800,3.6900,2.1850,0.282824,0.266728,0.450448,0.940
2026-10-09T04:27:35+08:00,2026-10-09T04:00:00+08:00,FB6445,2026-10-10 01:45,Moreirense,Gil Vicente,Moreirense,Gil Vicente,Portugal ‐ Primeira Liga,7,3.3910,3.3750,2.3200,0.288486,0.289853,0.421661,1.000
2026-10-09T04:27:35+08:00,2026-10-09T04:00:00+08:00,FB6446,2026-10-10 01:00,Goteborg,Vasteras SK,IFK Goteborg,Vasteras SK,Sweden ‐ Allsvenskan,7,1.7990,3.9600,4.2200,0.531746,0.241569,0.226685,1.000
2026-10-09T04:27:35+08:00,2026-10-09T04:00:00+08:00,FB6447,2026-10-10 00:30,Heidenheim,Kaiserslautern,FC Heidenheim,Kaiserslautern,Germany ‐ Bundesliga 2,7,1.9000,3.8800,4.4600,0.522002,0.255620,0.222378,1.000
2026-10-09T04:27:35+08:00,2026-10-09T04:00:00+08:00,FB6448,2026-10-10 00:30,Braunschweig,Holstein Kiel,Eintracht Braunschweig,Holstein Kiel,Germany ‐ Bundesliga 2,7,2.7990,3.8300,2.4600,0.348600,0.254760,0.396639,0.970
2026-10-09T04:27:35+08:00,2026-10-09T04:00:00+08:00,FB6449,2026-10-09 23:00,SJK Seinajoki,Lahti,Seinajoen JK,Lahti,Finland ‐ Veikkausliiga,7,2.8800,3.7000,2.4660,0.339413,0.264192,0.396395,1.000
2026-10-09T04:27:35+08:00,2026-10-09T04:00:00+08:00,FB6450,2026-10-10 02:00,Montpellier,Grenoble Foot,Montpellier,Grenoble Foot,France ‐ Ligue 2,7,1.6500,3.9300,5.7690,0.586215,0.246121,0.167664,1.000
2026-10-09T04:27:35+08:00,2026-10-09T04:00:00+08:00,FB6451,2026-10-10 02:00,Dunkerque,Annecy FC,Dunkerque,Annecy FC,France ‐ Ligue 2,7,2.2870,3.5500,3.1400,0.421484,0.271531,0.306985,1.000
2026-10-09T04:27:35+08:00,2026-10-09T04:00:00+08:00,FB6452,2026-10-10 02:00,Sochaux,Boulogne Sur Mer,Sochaux,US Boulogne,France ‐ Ligue 2,7,2.3450,3.2000,3.3380,0.410622,0.300909,0.288469,1.000
2026-10-09T04:27:35+08:00,2026-10-09T04:00:00+08:00,FB6453,2026-10-10 02:45,SK Beveren,Lommel SK,Waasland Beveren,Lommel United,Belgium ‐ Pro League,7,1.8300,4.0400,4.1550,0.528149,0.239236,0.232615,1.000
2026-10-09T04:27:35+08:00,2026-10-09T04:00:00+08:00,FB6454,2026-10-09 18:00,Kashima Antlers,Gamba Osaka,Kashima Antlers,Gamba Osaka,Japan ‐ J League,7,1.8190,4.0590,4.2930,0.534230,0.239410,0.226360,1.000
2026-10-09T04:27:35+08:00,2026-10-09T04:00:00+08:00,FB6455,2026-10-09 18:00,Kashiwa Reysol,Vissel Kobe,Kashiwa Reysol,Vissel Kobe,Japan ‐ J League,7,2.2330,3.5500,3.3250,0.434671,0.273414,0.291916,1.000
2026-10-09T04:27:35+08:00,2026-10-09T04:00:00+08:00,FB6456,2026-10-09 15:30,Gimpo FC,Seoul E-Land,Gimpo Citizen FC,Seoul E-Land,South Korea ‐ K-League Challenge,7,3.1210,3.7500,2.2240,0.309062,0.257222,0.433716,1.000
2026-10-09T04:27:35+08:00,2026-10-09T04:00:00+08:00,FB6457,2026-10-09 15:30,Incheon Utd,Pohang Steelers,Incheon United,Pohang Steelers,South Korea ‐ K-League Classic,7,2.3750,3.1700,3.4360,0.409765,0.307001,0.283234,0.940
2026-10-09T04:27:35+08:00,2026-10-09T04:00:00+08:00,FB6459,2026-10-09 13:00,Suwon FC,Hwaseong FC,Suwon City,Hwaseong FC,South Korea ‐ K-League Challenge,7,2.0560,3.9000,3.3890,0.468637,0.247056,0.284307,0.970
2026-10-09T04:27:35+08:00,2026-10-09T04:00:00+08:00,FB6460,2026-10-10 13:00,Cerezo Osaka,Yokohama F.Marinos,Cerezo Osaka,Yokohama F Marinos,Japan ‐ J League,7,2.3200,3.7000,3.0700,0.419687,0.263155,0.317158,1.000
2026-10-09T04:27:35+08:00,2026-10-09T04:00:00+08:00,FB6462,2026-10-09 19:00,Ratchaburi,Sukhothai,Ratchaburi FC,Sukhothai FC,Thailand ‐ Premier League,6,1.4410,4.5000,7.2300,0.658098,0.210738,0.131164,1.000
2026-10-09T04:27:35+08:00,2026-10-09T04:00:00+08:00,FB6463,2026-10-10 02:00,Volendam,Vitesse,Volendam,Vitesse Arnhem,Netherlands ‐ Eerste Divisie,7,2.3890,4.0190,2.6500,0.400651,0.238158,0.361191,0.970
2026-10-09T04:27:35+08:00,2026-10-09T04:00:00+08:00,FB6464,2026-10-10 02:00,Jong Ajax,Venlo,Jong Ajax Amsterdam,VVV-Venlo,Netherlands ‐ Eerste Divisie,7,2.8200,4.2150,2.1680,0.336726,0.225283,0.437992,0.970
2026-10-09T04:27:35+08:00,2026-10-09T04:00:00+08:00,FB6465,2026-10-10 02:00,NAC,Maastricht,NAC Breda,MVV Maastricht,Netherlands ‐ Eerste Divisie,7,1.3570,5.5600,7.2600,0.698822,0.170558,0.130620,1.000
2026-10-09T04:27:35+08:00,2026-10-09T04:00:00+08:00,FB6466,2026-10-10 02:00,Oss,Helmond,FC Oss,Helmond Sport,Netherlands ‐ Eerste Divisie,7,2.2000,3.6500,3.1500,0.434565,0.261930,0.303506,1.000
2026-10-09T04:27:35+08:00,2026-10-09T04:00:00+08:00,FB6467,2026-10-10 02:00,Almere City,FC Eindhoven,Almere City,FC Eindhoven,Netherlands ‐ Eerste Divisie,7,1.3830,5.5650,6.6500,0.686583,0.170628,0.142789,1.000
2026-10-09T04:27:35+08:00,2026-10-09T04:00:00+08:00,FB6468,2026-10-10 02:00,Dordrecht,Emmen,Dordrecht,FC Emmen,Netherlands ‐ Eerste Divisie,7,2.9110,4.0400,2.1760,0.326977,0.235601,0.437422,1.000
2026-10-09T04:27:35+08:00,2026-10-09T04:00:00+08:00,FB6469,2026-10-10 02:00,Heracles,RKC Waalwijk,Heracles Almelo,RKC Waalwijk,Netherlands ‐ Eerste Divisie,7,1.5670,4.6300,5.1500,0.608748,0.206028,0.185225,0.970
2026-10-09T04:27:35+08:00,2026-10-09T04:00:00+08:00,FB6470,2026-10-10 02:00,De Graafschap,Jong Utrecht,De Graafschap,Jong Utrecht,Netherlands ‐ Eerste Divisie,7,1.6170,4.6500,4.5400,0.586886,0.204085,0.209030,1.000
2026-10-09T04:27:35+08:00,2026-10-09T04:00:00+08:00,FB6473,2026-10-09 22:45,Qatar SC,Al Rayyan,Qatar SC,Al Rayyan,Qatar ‐ Stars League,6,5.8100,4.9210,1.4850,0.164120,0.193769,0.642112,1.000
2026-10-09T04:27:35+08:00,2026-10-09T04:00:00+08:00,FB6474,2026-10-10 01:00,Al Sadd,Al Arabi Doha,Al Sadd SC,Al Arabi Doha,Qatar ‐ Stars League,6,1.5310,5.1500,4.7790,0.618184,0.183775,0.198041,1.000
2026-10-09T04:27:35+08:00,2026-10-09T04:00:00+08:00,FB6475,2026-10-10 07:00,Tapatio,Atletico La Paz,Deportivo Tapatio,CA La Paz,Mexico ‐ Liga de Expansion,5,2.5000,3.6000,2.5000,0.371134,0.257732,0.371134,0.803
2026-10-09T04:27:35+08:00,2026-10-09T04:00:00+08:00,FB6476,2026-10-09 21:10,Ajman Club,Baniyas,Ajman Club,Bani Yas,United Arab Emirates ‐ League Cup,4,2.2100,3.3000,3.2250,0.424634,0.284376,0.290990,0.967
2026-10-09T04:27:35+08:00,2026-10-09T04:00:00+08:00,FB6477,2026-10-09 21:10,Al Wahda,Al Dhafra,Al Wahda Abu Dhabi,Al Dhafra,United Arab Emirates ‐ League Cup,4,1.5300,4.3330,5.5000,0.613013,0.216458,0.170529,1.000
2026-10-09T04:27:35+08:00,2026-10-09T04:00:00+08:00,FB6478,2026-10-09 23:45,Sharjah FC,Al Jazira,Al Sharjah,Al Jazira Abu Dhabi,United Arab Emirates ‐ League Cup,4,3.3450,3.8000,1.9600,0.278793,0.245411,0.475797,0.940
2026-10-09T04:27:35+08:00,2026-10-09T04:00:00+08:00,FB6479,2026-10-10 03:57,Montevideo City Torque,Danubio,Torque,Danubio FC,Uruguay ‐ Primera Division,5,1.8600,3.6100,4.3270,0.514114,0.264890,0.220996,0.970
2026-10-09T04:27:35+08:00,2026-10-09T04:00:00+08:00,FB6482,2026-10-09 22:55,Al Fateh,Al Ahli Jeddah,Al Fateh,Al Ahli Jeddah,Saudi Arabia ‐ Pro League,7,6.1900,5.2500,1.4600,0.155793,0.183687,0.660520,1.000
2026-10-09T04:27:35+08:00,2026-10-09T04:00:00+08:00,FB6484,2026-10-10 00:30,Rostov,Akron Tolyatti,FK Rostov,FC Akron Tolyatti,Russia ‐ Premier League,6,1.9500,3.7750,4.2050,0.504977,0.260849,0.234175,1.000
2026-10-09T04:27:35+08:00,2026-10-09T04:00:00+08:00,FB6485,2026-10-09 15:30,Gangwon FC,Bucheon FC,Gangwon,Bucheon FC 1995,South Korea ‐ K-League Classic,7,1.8110,3.6300,4.9530,0.536327,0.267572,0.196101,1.000
2026-10-09T04:27:35+08:00,2026-10-09T04:00:00+08:00,FB6490,2026-10-11 05:27,Penarol,CA Progresso,Penarol Montevideo,CA Progreso,Uruguay ‐ Primera Division,5,1.3860,4.7700,7.7500,0.680548,0.197744,0.121708,0.970
2026-10-09T04:27:35+08:00,2026-10-09T04:00:00+08:00,FB6493,2026-10-11 01:57,Cobresal,Universidad Concepcion,Cobresal,Universidad de Concepcion,Chile ‐ Primera Division,7,2.1350,3.5650,3.2700,0.444092,0.265957,0.289950,0.968
2026-10-09T04:27:35+08:00,2026-10-09T04:00:00+08:00,FB6494,2026-10-11 04:27,Huachipato,O'Higgins,Huachipato,O'Higgins,Chile ‐ Primera Division,7,3.0600,3.5000,2.2860,0.311248,0.272120,0.416632,1.000
2026-10-09T04:27:35+08:00,2026-10-09T04:00:00+08:00,FB6495,2026-10-11 06:57,Universidad Catolica,Audax Italiano,Universidad Catolica,Audax Italiano,Chile ‐ Primera Division,7,1.5500,4.2200,5.6690,0.609490,0.223865,0.166645,1.000
2026-10-09T04:27:35+08:00,2026-10-09T04:00:00+08:00,FB6500,2026-10-11 03:00,Real Madrid,Villarreal,Real Madrid,Villarreal,Spain ‐ Primera Division,7,1.4000,5.9200,7.7000,0.705067,0.166739,0.128194,1.000
2026-10-09T04:27:35+08:00,2026-10-09T04:00:00+08:00,FB6501,2026-10-11 00:30,Barcelona,Getafe,Barcelona,Getafe,Spain ‐ Primera Division,7,1.1000,15.6600,38.0000,0.909761,0.063904,0.026335,1.000
2026-10-09T04:27:35+08:00,2026-10-09T04:00:00+08:00,FB6502,2026-10-10 21:30,Augsburg,Bayern Munich,Augsburg,Bayern Munchen,Germany ‐ Bundesliga,7,13.8000,9.5000,1.1940,0.071375,0.103682,0.824942,0.944
2026-10-09T04:27:35+08:00,2026-10-09T04:00:00+08:00,FB6503,2026-10-10 21:30,Paderborn,Stuttgart,Paderborn,VfB Stuttgart,Germany ‐ Bundesliga,7,5.0800,4.8300,1.6350,0.193844,0.203877,0.602279,0.970
2026-10-09T04:27:35+08:00,2026-10-09T04:00:00+08:00,FB6504,2026-10-10 21:30,Hoffenheim,Hamburg,TSG Hoffenheim,Hamburger SV,Germany ‐ Bundesliga,7,1.4890,5.3000,6.9800,0.669224,0.188014,0.142761,0.970
2026-10-09T04:27:35+08:00,2026-10-09T04:00:00+08:00,FB6505,2026-10-10 21:30,Mainz,Leverkusen,FSV Mainz 05,Bayer Leverkusen,Germany ‐ Bundesliga,7,3.0700,4.0500,2.3120,0.324057,0.245643,0.430300,0.970
2026-10-09T04:27:35+08:00,2026-10-09T04:00:00+08:00,FB6506,2026-10-11 02:45,Monaco,Toulouse,AS Monaco,Toulouse,France ‐ Ligue 1,7,1.6450,4.5100,5.4400,0.599832,0.218786,0.181383,0.970
2026-10-09T04:27:35+08:00,2026-10-09T04:00:00+08:00,FB6507,2026-10-11 02:45,Paris Saint Germain,Le Mans,Paris Saint Germain,Le Mans,France ‐ Ligue 1,7,1.0880,16.5000,34.0000,0.910797,0.060057,0.029146,1.000
2026-10-09T04:27:35+08:00,2026-10-09T04:00:00+08:00,FB6510,2026-10-11 00:30,RB Leipzig,Frankfurt,RB Leipzig,Eintracht Frankfurt,Germany ‐ Bundesliga,7,1.5940,5.1300,5.2900,0.620330,0.192750,0.186920,1.000
2026-10-09T04:27:35+08:00,2026-10-09T04:00:00+08:00,FB6511,2026-10-10 21:30,Union Berlin,Elversberg,Union Berlin,SV Elversberg,Germany ‐ Bundesliga,7,2.3800,3.9550,2.9290,0.414193,0.249249,0.336558,1.000
2026-10-09T04:27:35+08:00,2026-10-09T04:00:00+08:00,FB6512,2026-10-11 02:45,Lorient,Paris FC,Lorient,Paris FC,France ‐ Ligue 1,7,3.3510,3.4100,2.3640,0.294099,0.289011,0.416890,1.000
2026-10-09T04:27:35+08:00,2026-10-09T04:00:00+08:00,FB6513,2026-10-11 02:45,Brest,Angers SCO,Brest,Angers,France ‐ Ligue 1,7,2.0350,3.8500,3.7800,0.483809,0.255728,0.260463,1.000
2026-10-09T04:27:35+08:00,2026-10-09T04:00:00+08:00,FB6514,2026-10-11 02:45,Napoli,Frosinone,Napoli,Frosinone,Italy ‐ Serie A,7,1.4940,5.1000,6.8500,0.661794,0.193867,0.144339,1.000
2026-10-09T04:27:35+08:00,2026-10-09T04:00:00+08:00,FB6519,2026-10-11 00:00,Inter Milan,Parma,Inter Milan,Parma,Italy ‐ Serie A,7,1.1710,9.7700,18.0000,0.843944,0.101152,0.054903,1.000
2026-10-09T04:27:35+08:00,2026-10-09T04:00:00+08:00,FB6520,2026-10-10 21:00,Genoa,Fiorentina,Genoa,Fiorentina,Italy ‐ Serie A,7,3.3400,3.4800,2.3890,0.297810,0.285829,0.416361,1.000
2026-10-09T04:27:35+08:00,2026-10-09T04:00:00+08:00,FB6524,2026-10-10 23:15,Lille,Le Havre,Lille,Le Havre,France ‐ Ligue 1,7,1.4780,4.9100,7.4900,0.667402,0.200900,0.131698,1.000
2026-10-09T04:27:35+08:00,2026-10-09T04:00:00+08:00,FB6528,2026-10-10 22:00,Rangers,Kilmarnock,Glasgow Rangers,Kilmarnock,Scotland ‐ Premier League,7,1.1640,8.1600,15.0000,0.819506,0.116900,0.063594,0.970
2026-10-09T04:27:35+08:00,2026-10-09T04:00:00+08:00,FB6529,2026-10-10 22:00,Falkirk,Dundee,Falkirk,Dundee FC,Scotland ‐ Premier League,7,2.0600,3.6010,3.6100,0.466701,0.266982,0.266317,1.000
2026-10-09T04:27:35+08:00,2026-10-09T04:00:00+08:00,FB6530,2026-10-10 22:00,Dundee Utd,Hibernian,Dundee United,Hibernian,Scotland ‐ Premier League,7,2.8190,3.7000,2.4200,0.341674,0.260319,0.398008,0.935
2026-10-09T04:27:35+08:00,2026-10-09T04:00:00+08:00,FB6532,2026-10-10 22:15,Alaves,Atletico Madrid,Alaves,Atletico Madrid,Spain ‐ Primera Division,7,4.5650,3.9200,1.8470,0.215698,0.251189,0.533113,1.000
2026-10-09T04:27:35+08:00,2026-10-09T04:00:00+08:00,FB6533,2026-10-10 20:00,Vallecano,Bilbao,Rayo Vallecano,Athletic Bilbao,Spain ‐ Primera Division,7,2.8780,3.5000,2.6580,0.344228,0.283053,0.372719,1.000
2026-10-09T04:27:35+08:00,2026-10-09T04:00:00+08:00,FB6534,2026-10-10 22:30,Go Ahead Eagles,Sparta Rotterdam,Go Ahead Eagles,Sparta Rotterdam,Netherlands ‐ Eredivisie,7,1.7820,4.1000,4.4500,0.544934,0.236847,0.218219,1.000
2026-10-09T04:27:35+08:00,2026-10-09T04:00:00+08:00,FB6536,2026-10-11 00:45,Feyenoord,AZ Alkmaar,Feyenoord Rotterdam,AZ Alkmaar,Netherlands ‐ Eredivisie,7,1.8480,4.2000,4.1890,0.531588,0.233899,0.234513,0.970
2026-10-09T04:27:35+08:00,2026-10-09T04:00:00+08:00,FB6539,2026-10-11 02:00,Fortuna Sittard,Twente,Fortuna Sittard,Twente Enschede,Netherlands ‐ Eredivisie,7,6.6100,5.2000,1.4430,0.145945,0.185519,0.668536,0.970
2026-10-09T04:27:35+08:00,2026-10-09T04:00:00+08:00,FB6540,2026-10-11 03:00,Ajax,NEC Nijmegen,Ajax Amsterdam,NEC Nijmegen,Netherlands ‐ Eredivisie,7,1.3160,6.1000,8.8000,0.732449,0.158017,0.109534,0.970
2026-10-09T04:27:35+08:00,2026-10-09T04:00:00+08:00,FB6550,2026-10-11 00:00,Rosenborg,Sandefjord,Rosenborg,Sandefjord,Norway ‐ Tippeligaen,7,1.3990,5.5300,7.2750,0.691905,0.175041,0.133055,1.000
2026-10-09T04:27:35+08:00,2026-10-09T04:00:00+08:00,FB6554,2026-10-10 22:00,Bodo Glimt,Kristiansund,Bodo-Glimt,Kristiansund BK,Norway ‐ Tippeligaen,7,1.0780,17.5000,30.0000,0.911134,0.056126,0.032740,1.000
2026-10-09T04:27:35+08:00,2026-10-09T04:00:00+08:00,FB6555,2026-10-10 22:30,Casa Pia AC,Santa Clara,Casa Pia,Santa Clara,Portugal ‐ Primeira Liga,7,4.5700,3.5000,1.9380,0.214417,0.279967,0.505616,1.000
2026-10-09T04:27:35+08:00,2026-10-09T04:00:00+08:00,FB6557,2026-10-11 01:00,Maritimo,Porto,Maritimo Funchal,FC Porto,Portugal ‐ Primeira Liga,7,10.3000,5.4900,1.3330,0.094312,0.176943,0.728745,0.970
2026-10-09T04:27:35+08:00,2026-10-09T04:00:00+08:00,FB6558,2026-10-11 03:30,Viseu,Estoril,Academico Viseu,Estoril Praia,Portugal ‐ Primeira Liga,7,2.3160,3.5450,3.1500,0.418664,0.273519,0.307817,0.970
2026-10-09T04:27:35+08:00,2026-10-09T04:00:00+08:00,FB6562,2026-10-10 19:00,Osnabruck,Dresden,VfL Osnabruck,Dynamo Dresden,Germany ‐ Bundesliga 2,7,2.6600,3.8200,2.4670,0.360417,0.250971,0.388613,1.000
2026-10-09T04:27:35+08:00,2026-10-09T04:00:00+08:00,FB6565,2026-10-10 19:00,Darmstadt,Cottbus,SV Darmstadt 98,Energie Cottbus,Germany ‐ Bundesliga 2,7,2.2500,4.0600,2.8700,0.427687,0.237019,0.335295,0.970
2026-10-09T04:27:35+08:00,2026-10-09T04:00:00+08:00,FB6567,2026-10-11 02:30,Nurnberg,Wolfsburg,Nurnberg,VfL Wolfsburg,Germany ‐ Bundesliga 2,7,2.5800,4.0000,2.5940,0.378845,0.244355,0.376800,0.970
2026-10-09T04:27:35+08:00,2026-10-09T04:00:00+08:00,FB6568,2026-10-10 19:00,Magdeburg,Hannover,FC Magdeburg,Hannover 96,Germany ‐ Bundesliga 2,7,2.5900,4.0500,2.4510,0.370890,0.237186,0.391924,1.000
2026-10-09T04:27:35+08:00,2026-10-09T04:00:00+08:00,FB6569,2026-10-10 13:00,FC Seoul,Jeju SK,FC Seoul,Jeju United,South Korea ‐ K-League Classic,7,1.6260,4.1600,5.1500,0.585963,0.229032,0.185005,1.000
2026-10-09T04:27:35+08:00,2026-10-09T04:00:00+08:00,FB6570,2026-10-10 13:00,Paju Frontier,Busan I'Park,Paju Citizen,Busan I Park,South Korea ‐ K-League Challenge,7,3.5520,3.6100,2.0440,0.268694,0.264377,0.466929,1.000
2026-10-09T04:27:35+08:00,2026-10-09T04:00:00+08:00,FB6571,2026-10-10 13:00,Jeonnam Dragons,Yongin FC,Jeonnam Dragons,Yongin City FC,South Korea ‐ K-League Challenge,7,2.6550,3.5000,2.5740,0.358418,0.271886,0.369697,1.000
2026-10-09T04:27:35+08:00,2026-10-09T04:00:00+08:00,FB6572,2026-10-10 13:00,FC Yokohama,Oita Trinita,Yokohama FC,Oita Trinita,Japan ‐ J2 League,7,1.7400,3.6500,5.0600,0.549274,0.261846,0.188881,1.000
2026-10-09T04:27:35+08:00,2026-10-09T04:00:00+08:00,FB6573,2026-10-10 13:00,Sagan Tosu,Fujieda MYFC,Sagan Tosu,Fujieda MYFC,Japan ‐ J2 League,7,1.8600,3.8000,4.3640,0.522006,0.255508,0.222486,1.000
2026-10-09T04:27:35+08:00,2026-10-09T04:00:00+08:00,FB6574,2026-10-10 14:00,Avispa Fukuoka,Fagiano Okayama,Avispa Fukuoka,Fagiano Okayama,Japan ‐ J League,7,3.1800,3.2000,2.5150,0.306921,0.305003,0.388076,1.000
2026-10-09T04:27:35+08:00,2026-10-09T04:00:00+08:00,FB6575,2026-10-10 14:00,FC Tokyo,Urawa Reds,FC Tokyo,Urawa Red Diamonds,Japan ‐ J League,7,1.7190,4.2050,4.6000,0.561011,0.229341,0.209648,1.000
2026-10-09T04:27:35+08:00,2026-10-09T04:00:00+08:00,FB6576,2026-10-10 15:00,Ventforet Kofu,Tochigi City,Ventforet Kofu,Tochigi UVA,Japan ‐ J2 League,7,2.9800,3.7000,2.2160,0.317443,0.255670,0.426886,1.000
2026-10-09T04:27:35+08:00,2026-10-09T04:00:00+08:00,FB6578,2026-10-10 15:30,Cheonan City,Gyeongnam FC,Cheonan City FC,Gyeongnam FC,South Korea ‐ K-League Challenge,7,2.4050,3.4000,2.8890,0.393729,0.278505,0.327766,1.000
2026-10-09T04:27:35+08:00,2026-10-09T04:00:00+08:00,FB6580,2026-10-10 13:00,Tokushima Vortis,FC Imabari,Tokushima Vortis,Imabari,Japan ‐ J2 League,7,2.1200,3.5000,3.5100,0.452550,0.274116,0.273335,1.000
2026-10-09T04:27:35+08:00,2026-10-09T04:00:00+08:00,FB6581,2026-10-10 13:00,RB Omiya Ardija,Vanraure Hachinohe,Omiya Ardija,Vanraure Hachinohe,Japan ‐ J2 League,7,1.6320,4.2000,4.7230,0.576663,0.224075,0.199262,1.000
2026-10-09T04:27:35+08:00,2026-10-09T04:00:00+08:00,FB6582,2026-10-10 17:00,Jubilo Iwata,Hokkaido Consadole Sapporo,Jubilo Iwata,Consadole Sapporo,Japan ‐ J2 League,7,1.8400,4.1200,4.0350,0.525593,0.234731,0.239676,1.000
2026-10-09T04:27:35+08:00,2026-10-09T04:00:00+08:00,FB6592,2026-10-10 18:00,Kyoto Sanga,Machida Zelvia,Kyoto Sanga,Machida Zelvia,Japan ‐ J League,7,3.7200,3.8500,1.9670,0.259239,0.250486,0.490275,1.000
2026-10-09T04:27:35+08:00,2026-10-09T04:00:00+08:00,FB6593,2026-10-10 07:30,Lexington SC,FC Tulsa,Lexington SC,Tulsa Roughnecks,USA ‐ USL League One,6,1.7000,3.8000,5.1040,0.561659,0.251268,0.187073,0.970
2026-10-09T04:27:35+08:00,2026-10-09T04:00:00+08:00,FB6595,2026-10-10 22:55,Al Ettifaq,Al Khaleej,Al Ettifaq Dammam,Al-Khaleej,Saudi Arabia ‐ Pro League,7,1.9870,3.6800,3.5100,0.474824,0.256379,0.268797,0.970
2026-10-09T04:27:35+08:00,2026-10-09T04:00:00+08:00,FB6596,2026-10-11 02:00,Al Hilal,Al Ittihad,Al Hilal Riyadh,Al Ittihad Jeddah,Saudi Arabia ‐ Pro League,7,1.2940,6.5000,9.0000,0.744682,0.148249,0.107069,0.940
2026-10-09T04:27:35+08:00,2026-10-09T04:00:00+08:00,FB6604,2026-10-09 22:00,Moldova Women,Georgia Women,Moldova Women,Georgia Women,International - Friendlies Women,5,2.8400,3.1600,2.3300,0.320758,0.288276,0.390966,1.000
2026-10-09T14:50:25+08:00,2026-10-09T14:30:00+08:00,FB6454,2026-10-09 18:00,Kashima Antlers,Gamba Osaka,Kashima Antlers,Gamba Osaka,Japan ‐ J League,7,1.7000,4.3000,4.8900,0.573724,0.226821,0.199454,1.000
2026-10-09T14:50:25+08:00,2026-10-09T14:30:00+08:00,FB6455,2026-10-09 18:00,Kashiwa Reysol,Vissel Kobe,Kashiwa Reysol,Vissel Kobe,Japan ‐ J League,7,2.3510,3.5000,3.1400,0.413148,0.277517,0.309335,1.000
2026-10-09T14:50:25+08:00,2026-10-09T14:30:00+08:00,FB6456,2026-10-09 15:30,Gimpo FC,Seoul E-Land,Gimpo Citizen FC,Seoul E-Land,South Korea ‐ K-League Challenge,7,3.1840,3.6600,2.2200,0.302647,0.263286,0.434067,1.000
2026-10-09T14:50:25+08:00,2026-10-09T14:30:00+08:00,FB6457,2026-10-09 15:30,Incheon Utd,Pohang Steelers,Incheon United,Pohang Steelers,South Korea ‐ K-League Classic,7,2.7500,3.1000,3.0390,0.358166,0.317728,0.324106,0.940
2026-10-09T14:50:25+08:00,2026-10-09T14:30:00+08:00,FB6485,2026-10-09 15:30,Gangwon FC,Bucheon FC,Gangwon,Bucheon FC 1995,South Korea ‐ K-League Classic,7,1.9300,3.5000,4.4810,0.504506,0.278199,0.217295,1.000
2026-10-09T21:53:16+08:00,2026-10-09T21:30:00+08:00,FB6438,2026-10-10 01:28,Aldosivi,Sarmiento,Aldosivi,Sarmiento Junin,Argentina ‐ Liga Profesional,7,2.6760,3.1000,3.0100,0.363337,0.313642,0.323020,1.000
2026-10-09T21:53:16+08:00,2026-10-09T21:30:00+08:00,FB6442,2026-10-10 01:00,Nordsjaelland,Odense,Nordsjaelland,Odense BK,Denmark ‐ Superliga,7,1.5340,5.0100,5.5700,0.632274,0.193595,0.174131,1.000
2026-10-09T21:53:16+08:00,2026-10-09T21:30:00+08:00,FB6443,2026-10-10 01:00,Brann,Viking,Brann,Viking,Norway ‐ Tippeligaen,7,3.5500,4.3800,1.9490,0.275334,0.223159,0.501507,1.000
2026-10-09T21:53:16+08:00,2026-10-09T21:30:00+08:00,FB6445,2026-10-10 01:45,Moreirense,Gil Vicente,Moreirense,Gil Vicente,Portugal ‐ Primeira Liga,7,3.5200,3.3150,2.3430,0.280569,0.297919,0.421512,1.000
2026-10-09T21:53:16+08:00,2026-10-09T21:30:00+08:00,FB6446,2026-10-10 01:00,Goteborg,Vasteras SK,IFK Goteborg,Vasteras SK,Sweden ‐ Allsvenskan,7,1.7690,4.1600,4.3800,0.546710,0.232483,0.220806,1.000
2026-10-09T21:53:16+08:00,2026-10-09T21:30:00+08:00,FB6447,2026-10-10 00:30,Heidenheim,Kaiserslautern,FC Heidenheim,Kaiserslautern,Germany ‐ Bundesliga 2,7,1.9250,3.8800,4.2400,0.512783,0.254409,0.232808,1.000
2026-10-09T21:53:16+08:00,2026-10-09T21:30:00+08:00,FB6448,2026-10-10 00:30,Braunschweig,Holstein Kiel,Eintracht Braunschweig,Holstein Kiel,Germany ‐ Bundesliga 2,7,2.7300,3.9300,2.4740,0.357381,0.248257,0.394362,0.970
2026-10-09T21:53:16+08:00,2026-10-09T21:30:00+08:00,FB6449,2026-10-09 23:00,SJK Seinajoki,Lahti,Seinajoen JK,Lahti,Finland ‐ Veikkausliiga,7,2.7900,3.6140,2.5420,0.348486,0.269030,0.382484,1.000
2026-10-09T21:53:16+08:00,2026-10-09T21:30:00+08:00,FB6473,2026-10-09 22:45,Qatar SC,Al Rayyan,Qatar SC,Al Rayyan,Qatar ‐ Stars League,7,5.8400,4.8230,1.4910,0.163193,0.197605,0.639201,1.000
2026-10-09T21:53:16+08:00,2026-10-09T21:30:00+08:00,FB6474,2026-10-10 01:00,Al Sadd,Al Arabi Doha,Al Sadd SC,Al Arabi Doha,Qatar ‐ Stars League,7,1.6290,4.9200,4.6100,0.593662,0.196560,0.209778,1.000
2026-10-09T21:53:16+08:00,2026-10-09T21:30:00+08:00,FB6478,2026-10-09 23:45,Sharjah FC,Al Jazira,Al Sharjah,Al Jazira Abu Dhabi,United Arab Emirates ‐ League Cup,7,3.3700,3.8000,1.9900,0.279305,0.247700,0.472995,0.940
2026-10-09T21:53:16+08:00,2026-10-09T21:30:00+08:00,FB6482,2026-10-09 22:55,Al Fateh,Al Ahli Jeddah,Al Fateh,Al Ahli Jeddah,Saudi Arabia ‐ Pro League,7,6.1900,5.2500,1.4510,0.155157,0.182938,0.661905,1.000
2026-10-09T21:53:16+08:00,2026-10-09T21:30:00+08:00,FB6484,2026-10-10 00:30,Rostov,Akron Tolyatti,FK Rostov,FC Akron Tolyatti,Russia ‐ Premier League,6,1.9050,3.7250,4.6430,0.520371,0.266123,0.213506,1.000
2026-10-09T21:53:16+08:00,2026-10-09T21:30:00+08:00,FB6604,2026-10-09 22:00,Moldova Women,Georgia Women,Moldova Women,Georgia Women,International - Friendlies Women,6,3.0820,3.1000,2.4000,0.305031,0.303259,0.391710,1.000
2026-10-09T21:53:16+08:00,2026-10-09T21:30:00+08:00,FB6605,2026-10-09 23:30,Finland Women,Serbia Women,Finland Women,Serbia Women,FIFA - World Cup Women,7,1.3900,4.5000,7.5000,0.669244,0.206722,0.124033,1.000
2026-10-09T21:53:16+08:00,2026-10-09T21:30:00+08:00,FB6606,2026-10-10 00:00,Slovakia Women,Ukraine Women,Slovakia Women,Ukraine Women,FIFA - World Cup Women,7,2.5800,3.3000,2.5000,0.355389,0.277850,0.366761,1.000
2026-10-09T21:53:16+08:00,2026-10-09T21:30:00+08:00,FB6607,2026-10-10 00:00,Turkiye Women,Slovenia Women,Turkey Women,Slovenia Women,FIFA - World Cup Women,7,2.8600,3.4000,2.2700,0.322467,0.271252,0.406281,0.940
2026-10-09T21:53:16+08:00,2026-10-09T21:30:00+08:00,FB6608,2026-10-10 00:15,Belarus Women,Italy Women,Belarus Women,Italy Women,FIFA - World Cup Women,7,23.0000,13.0000,1.0600,0.040871,0.072310,0.886819,1.000
2026-10-09T21:53:16+08:00,2026-10-09T21:30:00+08:00,FB6609,2026-10-10 00:45,Croatia Women,Iceland Women,Croatia Women,Iceland Women,FIFA - World Cup Women,7,12.7500,7.5000,1.2520,0.077617,0.131950,0.790433,1.000
