hkjc_team_id,hkjc_team_name,provider,provider_team_id,player_id,canonical_name,membership,position,date_of_birth,age,nationality,evidence_class,confirmed,confidence,source_url,source_timestamp,fetched_at,raw_context
50000186,Antofagasta,fotmob,6201,424212,Luis Marcoleta,CURRENT_SQUAD,Coach,1959-02-02,67,Chile,FACT,true,1.0,https://www.fotmob.com/api/data/teams?id=6201,2026-09-22T18:30:11.545335+00:00,2026-09-22T18:30:11.545335+00:00,"{""id"":424212,""name"":""Luis Marcoleta"",""role"":{""key"":""coach"",""fallback"":""Coach""},""dateOfBirth"":""1959-02-02"",""age"":67,""cname"":""Chile"",""ccode"":""CHI""}"
50000186,Antofagasta,fotmob,6201,1766077,Cristóbal Marín,CURRENT_SQUAD,Keeper,2004-02-09,22,Chile,FACT,true,1.0,https://www.fotmob.com/api/data/teams?id=6201,2026-09-22T18:30:11.545335+00:00,2026-09-22T18:30:11.545335+00:00,"{""id"":1766077,""name"":""Cristóbal Marín"",""role"":{""key"":""keeper_long"",""fallback"":""Keeper""},""dateOfBirth"":""2004-02-09"",""age"":22,""cname"":""Chile"",""ccode"":""CHI"",""shirtNumber"":1}"
50000186,Antofagasta,fotmob,6201,50628,Fernando Hurtado,CURRENT_SQUAD,Keeper,1983-04-05,43,Chile,FACT,true,1.0,https://www.fotmob.com/api/data/teams?id=6201,2026-09-22T18:30:11.545335+00:00,2026-09-22T18:30:11.545335+00:00,"{""id"":50628,""name"":""Fernando Hurtado"",""role"":{""key"":""keeper_long"",""fallback"":""Keeper""},""dateOfBirth"":""1983-04-05"",""age"":43,""cname"":""Chile"",""ccode"":""CHI"",""shirtNumber"":12}"
50000186,Antofagasta,fotmob,6201,1216377,Juan Cisternas,CURRENT_SQUAD,Keeper,2002-08-25,24,Chile,FACT,true,1.0,https://www.fotmob.com/api/data/teams?id=6201,2026-09-22T18:30:11.545335+00:00,2026-09-22T18:30:11.545335+00:00,"{""id"":1216377,""name"":""Juan Cisternas"",""role"":{""key"":""keeper_long"",""fallback"":""Keeper""},""dateOfBirth"":""2002-08-25"",""age"":24,""cname"":""Chile"",""ccode"":""CHI"",""shirtNumber"":30}"
50000186,Antofagasta,fotmob,6201,2243186,Lucas Zuñiga,CURRENT_SQUAD,Keeper,,,Chile,FACT,true,1.0,https://www.fotmob.com/api/data/teams?id=6201,2026-09-22T18:30:11.545335+00:00,2026-09-22T18:30:11.545335+00:00,"{""id"":2243186,""name"":""Lucas Zuñiga"",""role"":{""key"":""keeper_long"",""fallback"":""Keeper""},""age"":0,""cname"":""Chile"",""ccode"":""CHI"",""shirtNumber"":33}"
50000186,Antofagasta,fotmob,6201,920137,Alex Ibacache,CURRENT_SQUAD,Defender,1999-01-11,27,Chile,FACT,true,1.0,https://www.fotmob.com/api/data/teams?id=6201,2026-09-22T18:30:11.545335+00:00,2026-09-22T18:30:11.545335+00:00,"{""id"":920137,""name"":""Alex Ibacache"",""role"":{""key"":""defender_long"",""fallback"":""Defender""},""dateOfBirth"":""1999-01-11"",""age"":27,""cname"":""Chile"",""ccode"":""CHI""}"
50000186,Antofagasta,fotmob,6201,1639624,Manuel Maluenda,CURRENT_SQUAD,Defender,2002-12-21,23,Chile,FACT,true,1.0,https://www.fotmob.com/api/data/teams?id=6201,2026-09-22T18:30:11.545335+00:00,2026-09-22T18:30:11.545335+00:00,"{""id"":1639624,""name"":""Manuel Maluenda"",""role"":{""key"":""defender_long"",""fallback"":""Defender""},""dateOfBirth"":""2002-12-21"",""age"":23,""cname"":""Chile"",""ccode"":""CHI"",""shirtNumber"":3}"
50000186,Antofagasta,fotmob,6201,1201032,Bastián Tapia,CURRENT_SQUAD,Defender,2002-08-09,24,Chile,FACT,true,1.0,https://www.fotmob.com/api/data/teams?id=6201,2026-09-22T18:30:11.545335+00:00,2026-09-22T18:30:11.545335+00:00,"{""id"":1201032,""name"":""Bastián Tapia"",""role"":{""key"":""defender_long"",""fallback"":""Defender""},""dateOfBirth"":""2002-08-09"",""age"":24,""cname"":""Chile"",""ccode"":""CHI"",""shirtNumber"":4}"
50000186,Antofagasta,fotmob,6201,1766076,Zacarías Abuhabda,CURRENT_SQUAD,Defender,2005-07-20,21,Palestine,FACT,true,1.0,https://www.fotmob.com/api/data/teams?id=6201,2026-09-22T18:30:11.545335+00:00,2026-09-22T18:30:11.545335+00:00,"{""id"":1766076,""name"":""Zacarías Abuhabda"",""role"":{""key"":""defender_long"",""fallback"":""Defender""},""dateOfBirth"":""2005-07-20"",""age"":21,""cname"":""Palestine"",""ccode"":""PLE"",""shirtNumber"":13}"
50000186,Antofagasta,fotmob,6201,1311308,Cristián Díaz,CURRENT_SQUAD,Defender,2002-12-12,23,Chile,FACT,true,1.0,https://www.fotmob.com/api/data/teams?id=6201,2026-09-22T18:30:11.545335+00:00,2026-09-22T18:30:11.545335+00:00,"{""id"":1311308,""name"":""Cristián Díaz"",""role"":{""key"":""defender_long"",""fallback"":""Defender""},""dateOfBirth"":""2002-12-12"",""age"":23,""cname"":""Chile"",""ccode"":""CHI"",""shirtNumber"":18}"
50000186,Antofagasta,fotmob,6201,643586,Mathías Suárez,CURRENT_SQUAD,Defender,1996-06-24,30,Uruguay,FACT,true,1.0,https://www.fotmob.com/api/data/teams?id=6201,2026-09-22T18:30:11.545335+00:00,2026-09-22T18:30:11.545335+00:00,"{""id"":643586,""name"":""Mathías Suárez"",""role"":{""key"":""defender_long"",""fallback"":""Defender""},""dateOfBirth"":""1996-06-24"",""age"":30,""cname"":""Uruguay"",""ccode"":""URU"",""shirtNumber"":22}"
50000186,Antofagasta,fotmob,6201,1766075,Franko Siegler,CURRENT_SQUAD,Defender,2005-12-03,20,Chile,FACT,true,1.0,https://www.fotmob.com/api/data/teams?id=6201,2026-09-22T18:30:11.545335+00:00,2026-09-22T18:30:11.545335+00:00,"{""id"":1766075,""name"":""Franko Siegler"",""role"":{""key"":""defender_long"",""fallback"":""Defender""},""dateOfBirth"":""2005-12-03"",""age"":20,""cname"":""Chile"",""ccode"":""CHI"",""shirtNumber"":23}"
50000186,Antofagasta,fotmob,6201,1910479,Diego Salvia,CURRENT_SQUAD,Defender,2000-04-13,26,Chile,FACT,true,1.0,https://www.fotmob.com/api/data/teams?id=6201,2026-09-22T18:30:11.545335+00:00,2026-09-22T18:30:11.545335+00:00,"{""id"":1910479,""name"":""Diego Salvia"",""role"":{""key"":""defender_long"",""fallback"":""Defender""},""dateOfBirth"":""2000-04-13"",""age"":26,""cname"":""Chile"",""ccode"":""CHI"",""shirtNumber"":28}"
50000186,Antofagasta,fotmob,6201,1792075,Matías Zamorano,CURRENT_SQUAD,Defender,2006-06-08,20,Chile,FACT,true,1.0,https://www.fotmob.com/api/data/teams?id=6201,2026-09-22T18:30:11.545335+00:00,2026-09-22T18:30:11.545335+00:00,"{""id"":1792075,""name"":""Matías Zamorano"",""role"":{""key"":""defender_long"",""fallback"":""Defender""},""dateOfBirth"":""2006-06-08"",""age"":20,""cname"":""Chile"",""ccode"":""CHI"",""shirtNumber"":29}"
50000186,Antofagasta,fotmob,6201,1909635,Michel Calabacero,CURRENT_SQUAD,Midfielder,,,Chile,FACT,true,1.0,https://www.fotmob.com/api/data/teams?id=6201,2026-09-22T18:30:11.545335+00:00,2026-09-22T18:30:11.545335+00:00,"{""id"":1909635,""name"":""Michel Calabacero"",""role"":{""key"":""midfielder_long"",""fallback"":""Midfielder""},""age"":0,""cname"":""Chile"",""ccode"":""CHI""}"
50000186,Antofagasta,fotmob,6201,304558,Nelson Sepúlveda,CURRENT_SQUAD,Midfielder,1992-01-22,34,Chile,FACT,true,1.0,https://www.fotmob.com/api/data/teams?id=6201,2026-09-22T18:30:11.545335+00:00,2026-09-22T18:30:11.545335+00:00,"{""id"":304558,""name"":""Nelson Sepúlveda"",""role"":{""key"":""midfielder_long"",""fallback"":""Midfielder""},""dateOfBirth"":""1992-01-22"",""age"":34,""cname"":""Chile"",""ccode"":""CHI""}"
50000186,Antofagasta,fotmob,6201,244382,Christian Bravo,CURRENT_SQUAD,Midfielder,1993-10-01,32,Chile,FACT,true,1.0,https://www.fotmob.com/api/data/teams?id=6201,2026-09-22T18:30:11.545335+00:00,2026-09-22T18:30:11.545335+00:00,"{""id"":244382,""name"":""Christian Bravo"",""role"":{""key"":""midfielder_long"",""fallback"":""Midfielder""},""dateOfBirth"":""1993-10-01"",""age"":32,""cname"":""Chile"",""ccode"":""CHI"",""shirtNumber"":7}"
50000186,Antofagasta,fotmob,6201,244380,Sebastián Leyton,CURRENT_SQUAD,Midfielder,1993-05-13,33,Chile,FACT,true,1.0,https://www.fotmob.com/api/data/teams?id=6201,2026-09-22T18:30:11.545335+00:00,2026-09-22T18:30:11.545335+00:00,"{""id"":244380,""name"":""Sebastián Leyton"",""role"":{""key"":""midfielder_long"",""fallback"":""Midfielder""},""dateOfBirth"":""1993-05-13"",""age"":33,""cname"":""Chile"",""ccode"":""CHI"",""shirtNumber"":8}"
50000186,Antofagasta,fotmob,6201,492922,Diego Rojas,CURRENT_SQUAD,Midfielder,1995-02-15,31,Chile,FACT,true,1.0,https://www.fotmob.com/api/data/teams?id=6201,2026-09-22T18:30:11.545335+00:00,2026-09-22T18:30:11.545335+00:00,"{""id"":492922,""name"":""Diego Rojas"",""role"":{""key"":""midfielder_long"",""fallback"":""Midfielder""},""dateOfBirth"":""1995-02-15"",""age"":31,""cname"":""Chile"",""ccode"":""CHI"",""shirtNumber"":10}"
50000186,Antofagasta,fotmob,6201,71235,Adrián Cuadra,CURRENT_SQUAD,Midfielder,1997-10-23,28,Chile,FACT,true,1.0,https://www.fotmob.com/api/data/teams?id=6201,2026-09-22T18:30:11.545335+00:00,2026-09-22T18:30:11.545335+00:00,"{""id"":71235,""name"":""Adrián Cuadra"",""role"":{""key"":""midfielder_long"",""fallback"":""Midfielder""},""dateOfBirth"":""1997-10-23"",""age"":28,""cname"":""Chile"",""ccode"":""CHI"",""shirtNumber"":20}"
50000186,Antofagasta,fotmob,6201,465511,Fabián Manzano,CURRENT_SQUAD,Midfielder,1994-01-13,32,Chile,FACT,true,1.0,https://www.fotmob.com/api/data/teams?id=6201,2026-09-22T18:30:11.545335+00:00,2026-09-22T18:30:11.545335+00:00,"{""id"":465511,""name"":""Fabián Manzano"",""role"":{""key"":""midfielder_long"",""fallback"":""Midfielder""},""dateOfBirth"":""1994-01-13"",""age"":32,""cname"":""Chile"",""ccode"":""CHI"",""shirtNumber"":21}"
50000186,Antofagasta,fotmob,6201,1390070,Rodrigo Astorga,CURRENT_SQUAD,Midfielder,2004-03-05,22,Chile,FACT,true,1.0,https://www.fotmob.com/api/data/teams?id=6201,2026-09-22T18:30:11.545335+00:00,2026-09-22T18:30:11.545335+00:00,"{""id"":1390070,""name"":""Rodrigo Astorga"",""role"":{""key"":""midfielder_long"",""fallback"":""Midfielder""},""dateOfBirth"":""2004-03-05"",""age"":22,""cname"":""Chile"",""ccode"":""CHI"",""shirtNumber"":25}"
50000186,Antofagasta,fotmob,6201,1769880,Sergio Hinojosa,CURRENT_SQUAD,Midfielder,2004-11-07,21,Chile,FACT,true,1.0,https://www.fotmob.com/api/data/teams?id=6201,2026-09-22T18:30:11.545335+00:00,2026-09-22T18:30:11.545335+00:00,"{""id"":1769880,""name"":""Sergio Hinojosa"",""role"":{""key"":""midfielder_long"",""fallback"":""Midfielder""},""dateOfBirth"":""2004-11-07"",""age"":21,""cname"":""Chile"",""ccode"":""CHI"",""shirtNumber"":26}"
50000186,Antofagasta,fotmob,6201,1910480,Ignacio Apaz,CURRENT_SQUAD,Midfielder,2008-08-24,18,Chile,FACT,true,1.0,https://www.fotmob.com/api/data/teams?id=6201,2026-09-22T18:30:11.545335+00:00,2026-09-22T18:30:11.545335+00:00,"{""id"":1910480,""name"":""Ignacio Apaz"",""role"":{""key"":""midfielder_long"",""fallback"":""Midfielder""},""dateOfBirth"":""2008-08-24"",""age"":18,""cname"":""Chile"",""ccode"":""CHI"",""shirtNumber"":27}"
50000186,Antofagasta,fotmob,6201,1527339,Vicente Aros,CURRENT_SQUAD,Midfielder,2007-03-11,19,Chile,FACT,true,1.0,https://www.fotmob.com/api/data/teams?id=6201,2026-09-22T18:30:11.545335+00:00,2026-09-22T18:30:11.545335+00:00,"{""id"":1527339,""name"":""Vicente Aros"",""role"":{""key"":""midfielder_long"",""fallback"":""Midfielder""},""dateOfBirth"":""2007-03-11"",""age"":19,""cname"":""Chile"",""ccode"":""CHI"",""shirtNumber"":32}"
50000186,Antofagasta,fotmob,6201,876069,Josepablo Monreal,CURRENT_SQUAD,Attacker,1996-04-01,30,Chile,FACT,true,1.0,https://www.fotmob.com/api/data/teams?id=6201,2026-09-22T18:30:11.545335+00:00,2026-09-22T18:30:11.545335+00:00,"{""id"":876069,""name"":""Josepablo Monreal"",""role"":{""key"":""attacker_long"",""fallback"":""Attacker""},""dateOfBirth"":""1996-04-01"",""age"":30,""cname"":""Chile"",""ccode"":""CHI"",""shirtNumber"":9}"
50000186,Antofagasta,fotmob,6201,725574,José Bandez,CURRENT_SQUAD,Attacker,1999-10-10,26,Venezuela,FACT,true,1.0,https://www.fotmob.com/api/data/teams?id=6201,2026-09-22T18:30:11.545335+00:00,2026-09-22T18:30:11.545335+00:00,"{""id"":725574,""name"":""José Bandez"",""role"":{""key"":""attacker_long"",""fallback"":""Attacker""},""dateOfBirth"":""1999-10-10"",""age"":26,""cname"":""Venezuela"",""ccode"":""VEN"",""shirtNumber"":11}"
50000186,Antofagasta,fotmob,6201,1621124,Kevin Campillay,CURRENT_SQUAD,Attacker,2001-07-31,25,Chile,FACT,true,1.0,https://www.fotmob.com/api/data/teams?id=6201,2026-09-22T18:30:11.545335+00:00,2026-09-22T18:30:11.545335+00:00,"{""id"":1621124,""name"":""Kevin Campillay"",""role"":{""key"":""attacker_long"",""fallback"":""Attacker""},""dateOfBirth"":""2001-07-31"",""age"":25,""cname"":""Chile"",""ccode"":""CHI"",""shirtNumber"":14}"
50000186,Antofagasta,fotmob,6201,877013,Matías Gallegos,CURRENT_SQUAD,Attacker,1997-05-15,29,Argentina,FACT,true,1.0,https://www.fotmob.com/api/data/teams?id=6201,2026-09-22T18:30:11.545335+00:00,2026-09-22T18:30:11.545335+00:00,"{""id"":877013,""name"":""Matías Gallegos"",""role"":{""key"":""attacker_long"",""fallback"":""Attacker""},""dateOfBirth"":""1997-05-15"",""age"":29,""cname"":""Argentina"",""ccode"":""ARG"",""shirtNumber"":16}"
50000186,Antofagasta,fotmob,6201,833469,Brayan Hurtado,CURRENT_SQUAD,Attacker,1999-06-21,27,Venezuela,FACT,true,1.0,https://www.fotmob.com/api/data/teams?id=6201,2026-09-22T18:30:11.545335+00:00,2026-09-22T18:30:11.545335+00:00,"{""id"":833469,""name"":""Brayan Hurtado"",""role"":{""key"":""attacker_long"",""fallback"":""Attacker""},""dateOfBirth"":""1999-06-21"",""age"":27,""cname"":""Venezuela"",""ccode"":""VEN"",""shirtNumber"":17}"
50000186,Antofagasta,fotmob,6201,1910478,Martín Vega,CURRENT_SQUAD,Attacker,2008-04-29,18,Chile,FACT,true,1.0,https://www.fotmob.com/api/data/teams?id=6201,2026-09-22T18:30:11.545335+00:00,2026-09-22T18:30:11.545335+00:00,"{""id"":1910478,""name"":""Martín Vega"",""role"":{""key"":""attacker_long"",""fallback"":""Attacker""},""dateOfBirth"":""2008-04-29"",""age"":18,""cname"":""Chile"",""ccode"":""CHI"",""shirtNumber"":29}"
50000186,Antofagasta,fotmob,6201,18574,Simón Ramírez,CURRENT_SQUAD,Attacker,1998-11-03,27,Chile,FACT,true,1.0,https://www.fotmob.com/api/data/teams?id=6201,2026-09-22T18:30:11.545335+00:00,2026-09-22T18:30:11.545335+00:00,"{""id"":18574,""name"":""Simón Ramírez"",""role"":{""key"":""attacker_long"",""fallback"":""Attacker""},""dateOfBirth"":""1998-11-03"",""age"":27,""cname"":""Chile"",""ccode"":""CHI"",""shirtNumber"":31}"
50000291,Audax Italiano,fotmob,4058,3086,Patricio Graff,CURRENT_SQUAD,Coach,1975-11-18,50,Argentina,FACT,true,1.0,https://www.fotmob.com/api/data/teams?id=4058,2026-09-22T18:30:11.545335+00:00,2026-09-22T18:30:11.545335+00:00,"{""id"":3086,""name"":""Patricio Graff"",""role"":{""key"":""coach"",""fallback"":""Coach""},""dateOfBirth"":""1975-11-18"",""age"":50,""cname"":""Argentina"",""ccode"":""ARG""}"
50000291,Audax Italiano,fotmob,4058,1053188,Tomás Ahumada,CURRENT_SQUAD,Keeper,2001-06-24,25,Chile,FACT,true,1.0,https://www.fotmob.com/api/data/teams?id=4058,2026-09-22T18:30:11.545335+00:00,2026-09-22T18:30:11.545335+00:00,"{""id"":1053188,""name"":""Tomás Ahumada"",""role"":{""key"":""keeper_long"",""fallback"":""Keeper""},""dateOfBirth"":""2001-06-24"",""age"":25,""cname"":""Chile"",""ccode"":""CHI"",""shirtNumber"":1}"
50000291,Audax Italiano,fotmob,4058,1665039,Cristóbal Piña,CURRENT_SQUAD,Keeper,2007-07-08,19,Chile,FACT,true,1.0,https://www.fotmob.com/api/data/teams?id=4058,2026-09-22T18:30:11.545335+00:00,2026-09-22T18:30:11.545335+00:00,"{""id"":1665039,""name"":""Cristóbal Piña"",""role"":{""key"":""keeper_long"",""fallback"":""Keeper""},""dateOfBirth"":""2007-07-08"",""age"":19,""cname"":""Chile"",""ccode"":""CHI"",""shirtNumber"":12}"
50000291,Audax Italiano,fotmob,4058,1282405,Pedro Garrido,CURRENT_SQUAD,Keeper,2003-10-29,22,Chile,FACT,true,1.0,https://www.fotmob.com/api/data/teams?id=4058,2026-09-22T18:30:11.545335+00:00,2026-09-22T18:30:11.545335+00:00,"{""id"":1282405,""name"":""Pedro Garrido"",""role"":{""key"":""keeper_long"",""fallback"":""Keeper""},""dateOfBirth"":""2003-10-29"",""age"":22,""cname"":""Chile"",""ccode"":""CHI"",""shirtNumber"":25}"
50000291,Audax Italiano,fotmob,4058,1292636,Felipe Salomoni,CURRENT_SQUAD,Defender,2003-03-28,23,Argentina,FACT,true,1.0,https://www.fotmob.com/api/data/teams?id=4058,2026-09-22T18:30:11.545335+00:00,2026-09-22T18:30:11.545335+00:00,"{""id"":1292636,""name"":""Felipe Salomoni"",""role"":{""key"":""defender_long"",""fallback"":""Defender""},""dateOfBirth"":""2003-03-28"",""age"":23,""cname"":""Argentina"",""ccode"":""ARG"",""shirtNumber"":3}"
50000291,Audax Italiano,fotmob,4058,1944644,Martín González,CURRENT_SQUAD,Defender,2007-06-13,19,Chile,FACT,true,1.0,https://www.fotmob.com/api/data/teams?id=4058,2026-09-22T18:30:11.545335+00:00,2026-09-22T18:30:11.545335+00:00,"{""id"":1944644,""name"":""Martín González"",""role"":{""key"":""defender_long"",""fallback"":""Defender""},""dateOfBirth"":""2007-06-13"",""age"":19,""cname"":""Chile"",""ccode"":""CHI"",""shirtNumber"":3}"
50000291,Audax Italiano,fotmob,4058,1102959,Cristóbal Muñoz,CURRENT_SQUAD,Defender,1999-10-11,26,Chile,FACT,true,1.0,https://www.fotmob.com/api/data/teams?id=4058,2026-09-22T18:30:11.545335+00:00,2026-09-22T18:30:11.545335+00:00,"{""id"":1102959,""name"":""Cristóbal Muñoz"",""role"":{""key"":""defender_long"",""fallback"":""Defender""},""dateOfBirth"":""1999-10-11"",""age"":26,""cname"":""Chile"",""ccode"":""CHI"",""shirtNumber"":5}"
50000291,Audax Italiano,fotmob,4058,1032869,Enzo Ferrario,CURRENT_SQUAD,Defender,2000-03-03,26,Chile,FACT,true,1.0,https://www.fotmob.com/api/data/teams?id=4058,2026-09-22T18:30:11.545335+00:00,2026-09-22T18:30:11.545335+00:00,"{""id"":1032869,""name"":""Enzo Ferrario"",""role"":{""key"":""defender_long"",""fallback"":""Defender""},""dateOfBirth"":""2000-03-03"",""age"":26,""cname"":""Chile"",""ccode"":""CHI"",""shirtNumber"":13}"
50000291,Audax Italiano,fotmob,4058,1445745,Diego Monreal,CURRENT_SQUAD,Defender,2002-09-05,24,Chile,FACT,true,1.0,https://www.fotmob.com/api/data/teams?id=4058,2026-09-22T18:30:11.545335+00:00,2026-09-22T18:30:11.545335+00:00,"{""id"":1445745,""name"":""Diego Monreal"",""role"":{""key"":""defender_long"",""fallback"":""Defender""},""dateOfBirth"":""2002-09-05"",""age"":24,""cname"":""Chile"",""ccode"":""CHI"",""shirtNumber"":14}"
50000291,Audax Italiano,fotmob,4058,1938886,Tomás Cayuqueo,CURRENT_SQUAD,Defender,2006-05-08,20,Chile,FACT,true,1.0,https://www.fotmob.com/api/data/teams?id=4058,2026-09-22T18:30:11.545335+00:00,2026-09-22T18:30:11.545335+00:00,"{""id"":1938886,""name"":""Tomás Cayuqueo"",""role"":{""key"":""defender_long"",""fallback"":""Defender""},""dateOfBirth"":""2006-05-08"",""age"":20,""cname"":""Chile"",""ccode"":""CHI"",""shirtNumber"":15}"
50000291,Audax Italiano,fotmob,4058,933896,Oliver Rojas,CURRENT_SQUAD,Defender,2000-06-11,26,Chile,FACT,true,1.0,https://www.fotmob.com/api/data/teams?id=4058,2026-09-22T18:30:11.545335+00:00,2026-09-22T18:30:11.545335+00:00,"{""id"":933896,""name"":""Oliver Rojas"",""role"":{""key"":""defender_long"",""fallback"":""Defender""},""dateOfBirth"":""2000-06-11"",""age"":26,""cname"":""Chile"",""ccode"":""CHI"",""shirtNumber"":16}"
50000291,Audax Italiano,fotmob,4058,1713426,Martín Jiménez,CURRENT_SQUAD,Defender,2008-02-06,18,Chile,FACT,true,1.0,https://www.fotmob.com/api/data/teams?id=4058,2026-09-22T18:30:11.545335+00:00,2026-09-22T18:30:11.545335+00:00,"{""id"":1713426,""name"":""Martín Jiménez"",""role"":{""key"":""defender_long"",""fallback"":""Defender""},""dateOfBirth"":""2008-02-06"",""age"":18,""cname"":""Chile"",""ccode"":""CHI"",""shirtNumber"":20}"
50000291,Audax Italiano,fotmob,4058,725579,Marcelo Ortiz,CURRENT_SQUAD,Defender,1994-01-13,32,Argentina,FACT,true,1.0,https://www.fotmob.com/api/data/teams?id=4058,2026-09-22T18:30:11.545335+00:00,2026-09-22T18:30:11.545335+00:00,"{""id"":725579,""name"":""Marcelo Ortiz"",""role"":{""key"":""defender_long"",""fallback"":""Defender""},""dateOfBirth"":""1994-01-13"",""age"":32,""cname"":""Argentina"",""ccode"":""ARG"",""shirtNumber"":29}"
50000291,Audax Italiano,fotmob,4058,636487,Raimundo Rebolledo,CURRENT_SQUAD,Defender,1997-05-14,29,Chile,FACT,true,1.0,https://www.fotmob.com/api/data/teams?id=4058,2026-09-22T18:30:11.545335+00:00,2026-09-22T18:30:11.545335+00:00,"{""id"":636487,""name"":""Raimundo Rebolledo"",""role"":{""key"":""defender_long"",""fallback"":""Defender""},""dateOfBirth"":""1997-05-14"",""age"":29,""cname"":""Chile"",""ccode"":""CHI"",""shirtNumber"":35}"
50000291,Audax Italiano,fotmob,4058,2035348,Tomás González,CURRENT_SQUAD,Defender,2010-01-28,16,Chile,FACT,true,1.0,https://www.fotmob.com/api/data/teams?id=4058,2026-09-22T18:30:11.545335+00:00,2026-09-22T18:30:11.545335+00:00,"{""id"":2035348,""name"":""Tomás González"",""role"":{""key"":""defender_long"",""fallback"":""Defender""},""dateOfBirth"":""2010-01-28"",""age"":16,""cname"":""Chile"",""ccode"":""CHI"",""shirtNumber"":36}"
50000291,Audax Italiano,fotmob,4058,2108061,Ítalo Pastén,CURRENT_SQUAD,Defender,2006-06-27,20,Chile,FACT,true,1.0,https://www.fotmob.com/api/data/teams?id=4058,2026-09-22T18:30:11.545335+00:00,2026-09-22T18:30:11.545335+00:00,"{""id"":2108061,""name"":""Ítalo Pastén"",""role"":{""key"":""defender_long"",""fallback"":""Defender""},""dateOfBirth"":""2006-06-27"",""age"":20,""cname"":""Chile"",""ccode"":""CHI"",""shirtNumber"":37}"
50000291,Audax Italiano,fotmob,4058,1911024,Vicente Zenteno,CURRENT_SQUAD,Midfielder,2007-09-25,18,Chile,FACT,true,1.0,https://www.fotmob.com/api/data/teams?id=4058,2026-09-22T18:30:11.545335+00:00,2026-09-22T18:30:11.545335+00:00,"{""id"":1911024,""name"":""Vicente Zenteno"",""role"":{""key"":""midfielder_long"",""fallback"":""Midfielder""},""dateOfBirth"":""2007-09-25"",""age"":18,""cname"":""Chile"",""ccode"":""CHI"",""shirtNumber"":2}"
50000291,Audax Italiano,fotmob,4058,1713433,Mario Sandoval,CURRENT_SQUAD,Midfielder,2007-08-07,19,Chile,FACT,true,1.0,https://www.fotmob.com/api/data/teams?id=4058,2026-09-22T18:30:11.545335+00:00,2026-09-22T18:30:11.545335+00:00,"{""id"":1713433,""name"":""Mario Sandoval"",""role"":{""key"":""midfielder_long"",""fallback"":""Midfielder""},""dateOfBirth"":""2007-08-07"",""age"":19,""cname"":""Chile"",""ccode"":""CHI"",""shirtNumber"":6}"
50000291,Audax Italiano,fotmob,4058,1246264,Paolo Guajardo,CURRENT_SQUAD,Midfielder,2003-05-27,23,Chile,FACT,true,1.0,https://www.fotmob.com/api/data/teams?id=4058,2026-09-22T18:30:11.545335+00:00,2026-09-22T18:30:11.545335+00:00,"{""id"":1246264,""name"":""Paolo Guajardo"",""role"":{""key"":""midfielder_long"",""fallback"":""Midfielder""},""dateOfBirth"":""2003-05-27"",""age"":23,""cname"":""Chile"",""ccode"":""CHI"",""shirtNumber"":7}"
50000291,Audax Italiano,fotmob,4058,952061,Marco Collao,CURRENT_SQUAD,Midfielder,1998-04-11,28,Chile,FACT,true,1.0,https://www.fotmob.com/api/data/teams?id=4058,2026-09-22T18:30:11.545335+00:00,2026-09-22T18:30:11.545335+00:00,"{""id"":952061,""name"":""Marco Collao"",""role"":{""key"":""midfielder_long"",""fallback"":""Midfielder""},""dateOfBirth"":""1998-04-11"",""age"":28,""cname"":""Chile"",""ccode"":""CHI"",""shirtNumber"":8}"
50000291,Audax Italiano,fotmob,4058,1095186,Rodrigo Cabral,CURRENT_SQUAD,Midfielder,2000-08-08,26,Argentina,FACT,true,1.0,https://www.fotmob.com/api/data/teams?id=4058,2026-09-22T18:30:11.545335+00:00,2026-09-22T18:30:11.545335+00:00,"{""id"":1095186,""name"":""Rodrigo Cabral"",""role"":{""key"":""midfielder_long"",""fallback"":""Midfielder""},""dateOfBirth"":""2000-08-08"",""age"":26,""cname"":""Argentina"",""ccode"":""ARG"",""shirtNumber"":10}"
50000291,Audax Italiano,fotmob,4058,1194636,Nicolás Aedo,CURRENT_SQUAD,Midfielder,2001-04-06,25,Chile,FACT,true,1.0,https://www.fotmob.com/api/data/teams?id=4058,2026-09-22T18:30:11.545335+00:00,2026-09-22T18:30:11.545335+00:00,"{""id"":1194636,""name"":""Nicolás Aedo"",""role"":{""key"":""midfielder_long"",""fallback"":""Midfielder""},""dateOfBirth"":""2001-04-06"",""age"":25,""cname"":""Chile"",""ccode"":""CHI"",""shirtNumber"":18}"
50000291,Audax Italiano,fotmob,4058,177463,César Pinares,CURRENT_SQUAD,Midfielder,1991-05-23,35,Chile,FACT,true,1.0,https://www.fotmob.com/api/data/teams?id=4058,2026-09-22T18:30:11.545335+00:00,2026-09-22T18:30:11.545335+00:00,"{""id"":177463,""name"":""César Pinares"",""role"":{""key"":""midfielder_long"",""fallback"":""Midfielder""},""dateOfBirth"":""1991-05-23"",""age"":35,""cname"":""Chile"",""ccode"":""CHI"",""shirtNumber"":19}"
50000291,Audax Italiano,fotmob,4058,1863771,Tomás Leyton,CURRENT_SQUAD,Midfielder,2006-04-17,20,Chile,FACT,true,1.0,https://www.fotmob.com/api/data/teams?id=4058,2026-09-22T18:30:11.545335+00:00,2026-09-22T18:30:11.545335+00:00,"{""id"":1863771,""name"":""Tomás Leyton"",""role"":{""key"":""midfielder_long"",""fallback"":""Midfielder""},""dateOfBirth"":""2006-04-17"",""age"":20,""cname"":""Chile"",""ccode"":""CHI"",""shirtNumber"":19}"
50000291,Audax Italiano,fotmob,4058,1899622,Martín Valdés,CURRENT_SQUAD,Midfielder,2006-06-27,20,Chile,FACT,true,1.0,https://www.fotmob.com/api/data/teams?id=4058,2026-09-22T18:30:11.545335+00:00,2026-09-22T18:30:11.545335+00:00,"{""id"":1899622,""name"":""Martín Valdés"",""role"":{""key"":""midfielder_long"",""fallback"":""Midfielder""},""dateOfBirth"":""2006-06-27"",""age"":20,""cname"":""Chile"",""ccode"":""CHI"",""shirtNumber"":22}"
50000291,Audax Italiano,fotmob,4058,517873,Nicolás Orellana,CURRENT_SQUAD,Midfielder,1995-09-03,31,Chile,FACT,true,1.0,https://www.fotmob.com/api/data/teams?id=4058,2026-09-22T18:30:11.545335+00:00,2026-09-22T18:30:11.545335+00:00,"{""id"":517873,""name"":""Nicolás Orellana"",""role"":{""key"":""midfielder_long"",""fallback"":""Midfielder""},""dateOfBirth"":""1995-09-03"",""age"":31,""cname"":""Chile"",""ccode"":""CHI"",""shirtNumber"":24}"
50000291,Audax Italiano,fotmob,4058,1944530,Byron Torres,CURRENT_SQUAD,Midfielder,2005-07-28,21,Chile,FACT,true,1.0,https://www.fotmob.com/api/data/teams?id=4058,2026-09-22T18:30:11.545335+00:00,2026-09-22T18:30:11.545335+00:00,"{""id"":1944530,""name"":""Byron Torres"",""role"":{""key"":""midfielder_long"",""fallback"":""Midfielder""},""dateOfBirth"":""2005-07-28"",""age"":21,""cname"":""Chile"",""ccode"":""CHI"",""shirtNumber"":26}"
50000291,Audax Italiano,fotmob,4058,923522,Michael Fuentes,CURRENT_SQUAD,Midfielder,1998-05-27,28,Chile,FACT,true,1.0,https://www.fotmob.com/api/data/teams?id=4058,2026-09-22T18:30:11.545335+00:00,2026-09-22T18:30:11.545335+00:00,"{""id"":923522,""name"":""Michael Fuentes"",""role"":{""key"":""midfielder_long"",""fallback"":""Midfielder""},""dateOfBirth"":""1998-05-27"",""age"":28,""cname"":""Chile"",""ccode"":""CHI"",""shirtNumber"":27}"
50000291,Audax Italiano,fotmob,4058,906902,Federico Mateos,CURRENT_SQUAD,Midfielder,1993-03-28,33,Argentina,FACT,true,1.0,https://www.fotmob.com/api/data/teams?id=4058,2026-09-22T18:30:11.545335+00:00,2026-09-22T18:30:11.545335+00:00,"{""id"":906902,""name"":""Federico Mateos"",""role"":{""key"":""midfielder_long"",""fallback"":""Midfielder""},""dateOfBirth"":""1993-03-28"",""age"":33,""cname"":""Argentina"",""ccode"":""ARG"",""shirtNumber"":28}"
50000291,Audax Italiano,fotmob,4058,1183187,Bryan Soto,CURRENT_SQUAD,Midfielder,2001-06-01,25,Chile,FACT,true,1.0,https://www.fotmob.com/api/data/teams?id=4058,2026-09-22T18:30:11.545335+00:00,2026-09-22T18:30:11.545335+00:00,"{""id"":1183187,""name"":""Bryan Soto"",""role"":{""key"":""midfielder_long"",""fallback"":""Midfielder""},""dateOfBirth"":""2001-06-01"",""age"":25,""cname"":""Chile"",""ccode"":""CHI"",""shirtNumber"":32}"
50000291,Audax Italiano,fotmob,4058,840185,Diego Coelho,CURRENT_SQUAD,Attacker,1995-01-28,31,Uruguay,FACT,true,1.0,https://www.fotmob.com/api/data/teams?id=4058,2026-09-22T18:30:11.545335+00:00,2026-09-22T18:30:11.545335+00:00,"{""id"":840185,""name"":""Diego Coelho"",""role"":{""key"":""attacker_long"",""fallback"":""Attacker""},""dateOfBirth"":""1995-01-28"",""age"":31,""cname"":""Uruguay"",""ccode"":""URU"",""shirtNumber"":9}"
50000291,Audax Italiano,fotmob,4058,726261,Franco Troyansky,CURRENT_SQUAD,Attacker,1997-03-06,29,Argentina,FACT,true,1.0,https://www.fotmob.com/api/data/teams?id=4058,2026-09-22T18:30:11.545335+00:00,2026-09-22T18:30:11.545335+00:00,"{""id"":726261,""name"":""Franco Troyansky"",""role"":{""key"":""attacker_long"",""fallback"":""Attacker""},""dateOfBirth"":""1997-03-06"",""age"":29,""cname"":""Argentina"",""ccode"":""ARG"",""shirtNumber"":11}"
50000291,Audax Italiano,fotmob,4058,1386359,Favian Loyola,CURRENT_SQUAD,Attacker,2005-05-18,21,Chile,FACT,true,1.0,https://www.fotmob.com/api/data/teams?id=4058,2026-09-22T18:30:11.545335+00:00,2026-09-22T18:30:11.545335+00:00,"{""id"":1386359,""name"":""Favian Loyola"",""role"":{""key"":""attacker_long"",""fallback"":""Attacker""},""dateOfBirth"":""2005-05-18"",""age"":21,""cname"":""Chile"",""ccode"":""CHI"",""shirtNumber"":17}"
50000291,Audax Italiano,fotmob,4058,1562427,Giovani Chiaverano,CURRENT_SQUAD,Attacker,2005-05-21,21,Argentina,FACT,true,1.0,https://www.fotmob.com/api/data/teams?id=4058,2026-09-22T18:30:11.545335+00:00,2026-09-22T18:30:11.545335+00:00,"{""id"":1562427,""name"":""Giovani Chiaverano"",""role"":{""key"":""attacker_long"",""fallback"":""Attacker""},""dateOfBirth"":""2005-05-21"",""age"":21,""cname"":""Argentina"",""ccode"":""ARG"",""shirtNumber"":21}"
50000291,Audax Italiano,fotmob,4058,1335154,Damián Pizarro,CURRENT_SQUAD,Attacker,2005-03-28,21,Chile,FACT,true,1.0,https://www.fotmob.com/api/data/teams?id=4058,2026-09-22T18:30:11.545335+00:00,2026-09-22T18:30:11.545335+00:00,"{""id"":1335154,""name"":""Damián Pizarro"",""role"":{""key"":""attacker_long"",""fallback"":""Attacker""},""dateOfBirth"":""2005-03-28"",""age"":21,""cname"":""Chile"",""ccode"":""CHI"",""shirtNumber"":22}"
50000291,Audax Italiano,fotmob,4058,1044632,Ariel Uribe,CURRENT_SQUAD,Attacker,1999-02-14,27,Chile,FACT,true,1.0,https://www.fotmob.com/api/data/teams?id=4058,2026-09-22T18:30:11.545335+00:00,2026-09-22T18:30:11.545335+00:00,"{""id"":1044632,""name"":""Ariel Uribe"",""role"":{""key"":""attacker_long"",""fallback"":""Attacker""},""dateOfBirth"":""1999-02-14"",""age"":27,""cname"":""Chile"",""ccode"":""CHI"",""shirtNumber"":30}"
50000291,Audax Italiano,fotmob,4058,1938884,Damian Jara,CURRENT_SQUAD,Attacker,2008-04-08,18,Chile,FACT,true,1.0,https://www.fotmob.com/api/data/teams?id=4058,2026-09-22T18:30:11.545335+00:00,2026-09-22T18:30:11.545335+00:00,"{""id"":1938884,""name"":""Damian Jara"",""role"":{""key"":""attacker_long"",""fallback"":""Attacker""},""dateOfBirth"":""2008-04-08"",""age"":18,""cname"":""Chile"",""ccode"":""CHI"",""shirtNumber"":34}"
50000337,Azerbaijan,fotmob,8566,169840,Aykhan Abbasov,CURRENT_SQUAD,Coach,1981-08-25,45,Azerbaijan,FACT,true,1.0,https://www.fotmob.com/api/data/teams?id=8566,2026-09-22T18:30:11.545335+00:00,2026-09-22T18:30:11.545335+00:00,"{""id"":169840,""name"":""Aykhan Abbasov"",""role"":{""key"":""coach"",""fallback"":""Coach""},""dateOfBirth"":""1981-08-25"",""age"":45,""cname"":""Azerbaijan"",""ccode"":""AZE""}"
50000337,Azerbaijan,fotmob,8566,168556,Səlahət Ağayev,CURRENT_SQUAD,Keeper,1991-01-04,35,Azerbaijan,FACT,true,1.0,https://www.fotmob.com/api/data/teams?id=8566,2026-09-22T18:30:11.545335+00:00,2026-09-22T18:30:11.545335+00:00,"{""id"":168556,""name"":""Səlahət Ağayev"",""role"":{""key"":""keeper_long"",""fallback"":""Keeper""},""dateOfBirth"":""1991-01-04"",""age"":35,""cname"":""Azerbaijan"",""ccode"":""AZE"",""shirtNumber"":1}"
50000337,Azerbaijan,fotmob,8566,1178596,Aydın Bayramov,CURRENT_SQUAD,Keeper,1996-02-18,30,Zira,FACT,true,1.0,https://www.fotmob.com/api/data/teams?id=8566,2026-09-22T18:30:11.545335+00:00,2026-09-22T18:30:11.545335+00:00,"{""id"":1178596,""name"":""Aydın Bayramov"",""role"":{""key"":""keeper_long"",""fallback"":""Keeper""},""dateOfBirth"":""1996-02-18"",""age"":30,""cname"":""Zira"",""ccode"":""577619"",""shirtNumber"":12}"
50000337,Azerbaijan,fotmob,8566,686090,Sahruddin Məhəmmədəliyev,CURRENT_SQUAD,Keeper,1994-06-12,32,Qarabağ FK,FACT,true,1.0,https://www.fotmob.com/api/data/teams?id=8566,2026-09-22T18:30:11.545335+00:00,2026-09-22T18:30:11.545335+00:00,"{""id"":686090,""name"":""Sahruddin Məhəmmədəliyev"",""role"":{""key"":""keeper_long"",""fallback"":""Keeper""},""dateOfBirth"":""1994-06-12"",""age"":32,""cname"":""Qarabağ FK"",""ccode"":""7981"",""shirtNumber"":12}"
50000337,Azerbaijan,fotmob,8566,1387407,Rza Cəfərov,CURRENT_SQUAD,Keeper,2003-07-03,23,FK Neftchi,FACT,true,1.0,https://www.fotmob.com/api/data/teams?id=8566,2026-09-22T18:30:11.545335+00:00,2026-09-22T18:30:11.545335+00:00,"{""id"":1387407,""name"":""Rza Cəfərov"",""role"":{""key"":""keeper_long"",""fallback"":""Keeper""},""dateOfBirth"":""2003-07-03"",""age"":23,""cname"":""FK Neftchi"",""ccode"":""4617"",""shirtNumber"":23}"
50000337,Azerbaijan,fotmob,8566,1441450,Rəhman Daşdəmirov,CURRENT_SQUAD,Defender,1999-10-20,26,Sabah FK,FACT,true,1.0,https://www.fotmob.com/api/data/teams?id=8566,2026-09-22T18:30:11.545335+00:00,2026-09-22T18:30:11.545335+00:00,"{""id"":1441450,""name"":""Rəhman Daşdəmirov"",""role"":{""key"":""defender_long"",""fallback"":""Defender""},""dateOfBirth"":""1999-10-20"",""age"":26,""cname"":""Sabah FK"",""ccode"":""951893"",""shirtNumber"":2}"
50000337,Azerbaijan,fotmob,8566,1105448,Elvin Cəfərquliyev,CURRENT_SQUAD,Defender,2000-10-26,25,Qarabağ FK,FACT,true,1.0,https://www.fotmob.com/api/data/teams?id=8566,2026-09-22T18:30:11.545335+00:00,2026-09-22T18:30:11.545335+00:00,"{""id"":1105448,""name"":""Elvin Cəfərquliyev"",""role"":{""key"":""defender_long"",""fallback"":""Defender""},""dateOfBirth"":""2000-10-26"",""age"":25,""cname"":""Qarabağ FK"",""ccode"":""7981"",""shirtNumber"":3}"
50000337,Azerbaijan,fotmob,8566,157040,Emir Jafarguliyev,CURRENT_SQUAD,Defender,1990-06-17,36,Azerbaijan,FACT,true,1.0,https://www.fotmob.com/api/data/teams?id=8566,2026-09-22T18:30:11.545335+00:00,2026-09-22T18:30:11.545335+00:00,"{""id"":157040,""name"":""Emir Jafarguliyev"",""role"":{""key"":""defender_long"",""fallback"":""Defender""},""dateOfBirth"":""1990-06-17"",""age"":36,""cname"":""Azerbaijan"",""ccode"":""AZE"",""shirtNumber"":3}"
50000337,Azerbaijan,fotmob,8566,1387408,Rüfat Abbasov,CURRENT_SQUAD,Defender,2005-01-01,21,FK Neftchi,FACT,true,1.0,https://www.fotmob.com/api/data/teams?id=8566,2026-09-22T18:30:11.545335+00:00,2026-09-22T18:30:11.545335+00:00,"{""id"":1387408,""name"":""Rüfat Abbasov"",""role"":{""key"":""defender_long"",""fallback"":""Defender""},""dateOfBirth"":""2005-01-01"",""age"":21,""cname"":""FK Neftchi"",""ccode"":""4617"",""shirtNumber"":3}"
50000337,Azerbaijan,fotmob,8566,652285,Rahil Məmmədov,CURRENT_SQUAD,Defender,1995-11-24,30,Araz PFK,FACT,true,1.0,https://www.fotmob.com/api/data/teams?id=8566,2026-09-22T18:30:11.545335+00:00,2026-09-22T18:30:11.545335+00:00,"{""id"":652285,""name"":""Rahil Məmmədov"",""role"":{""key"":""defender_long"",""fallback"":""Defender""},""dateOfBirth"":""1995-11-24"",""age"":30,""cname"":""Araz PFK"",""ccode"":""485832"",""shirtNumber"":4}"
50000337,Azerbaijan,fotmob,8566,887135,Anton Krivotsyuk,CURRENT_SQUAD,Defender,1998-08-20,28,Daejeon Hana Citizen,FACT,true,1.0,https://www.fotmob.com/api/data/teams?id=8566,2026-09-22T18:30:11.545335+00:00,2026-09-22T18:30:11.545335+00:00,"{""id"":887135,""name"":""Anton Krivotsyuk"",""role"":{""key"":""defender_long"",""fallback"":""Defender""},""dateOfBirth"":""1998-08-20"",""age"":28,""cname"":""Daejeon Hana Citizen"",""ccode"":""133900"",""shirtNumber"":5}"
50000337,Azerbaijan,fotmob,8566,557588,Elvin Bədəlov,CURRENT_SQUAD,Defender,1995-06-14,31,FK Neftchi,FACT,true,1.0,https://www.fotmob.com/api/data/teams?id=8566,2026-09-22T18:30:11.545335+00:00,2026-09-22T18:30:11.545335+00:00,"{""id"":557588,""name"":""Elvin Bədəlov"",""role"":{""key"":""defender_long"",""fallback"":""Defender""},""dateOfBirth"":""1995-06-14"",""age"":31,""cname"":""FK Neftchi"",""ccode"":""4617"",""shirtNumber"":14}"
50000337,Azerbaijan,fotmob,8566,251855,Bədavi Hüseynov,CURRENT_SQUAD,Defender,1991-07-11,35,Qarabağ FK,FACT,true,1.0,https://www.fotmob.com/api/data/teams?id=8566,2026-09-22T18:30:11.545335+00:00,2026-09-22T18:30:11.545335+00:00,"{""id"":251855,""name"":""Bədavi Hüseynov"",""role"":{""key"":""defender_long"",""fallback"":""Defender""},""dateOfBirth"":""1991-07-11"",""age"":35,""cname"":""Qarabağ FK"",""ccode"":""7981"",""shirtNumber"":15}"
50000337,Azerbaijan,fotmob,8566,1306106,Cəlal Hüseynov,CURRENT_SQUAD,Defender,2003-01-02,23,Petrolul Ploiești,FACT,true,1.0,https://www.fotmob.com/api/data/teams?id=8566,2026-09-22T18:30:11.545335+00:00,2026-09-22T18:30:11.545335+00:00,"{""id"":1306106,""name"":""Cəlal Hüseynov"",""role"":{""key"":""defender_long"",""fallback"":""Defender""},""dateOfBirth"":""2003-01-02"",""age"":23,""cname"":""Petrolul Ploiești"",""ccode"":""188187"",""shirtNumber"":18}"
50000337,Azerbaijan,fotmob,8566,672833,Qismət Alıyev,CURRENT_SQUAD,Defender,1996-10-24,29,Zira,FACT,true,1.0,https://www.fotmob.com/api/data/teams?id=8566,2026-09-22T18:30:11.545335+00:00,2026-09-22T18:30:11.545335+00:00,"{""id"":672833,""name"":""Qismət Alıyev"",""role"":{""key"":""defender_long"",""fallback"":""Defender""},""dateOfBirth"":""1996-10-24"",""age"":29,""cname"":""Zira"",""ccode"":""577619"",""shirtNumber"":21}"
50000337,Azerbaijan,fotmob,8566,1647567,Abdulla Rzayev,CURRENT_SQUAD,Defender,2002-03-12,24,Sabah FK,FACT,true,1.0,https://www.fotmob.com/api/data/teams?id=8566,2026-09-22T18:30:11.545335+00:00,2026-09-22T18:30:11.545335+00:00,"{""id"":1647567,""name"":""Abdulla Rzayev"",""role"":{""key"":""defender_long"",""fallback"":""Defender""},""dateOfBirth"":""2002-03-12"",""age"":24,""cname"":""Sabah FK"",""ccode"":""951893"",""shirtNumber"":25}"
50000337,Azerbaijan,fotmob,8566,1351085,Abdulakh Khaybulaev,CURRENT_SQUAD,Midfielder,2001-08-19,25,Sabah FK,FACT,true,1.0,https://www.fotmob.com/api/data/teams?id=8566,2026-09-22T18:30:11.545335+00:00,2026-09-22T18:30:11.545335+00:00,"{""id"":1351085,""name"":""Abdulakh Khaybulaev"",""role"":{""key"":""midfielder_long"",""fallback"":""Midfielder""},""dateOfBirth"":""2001-08-19"",""age"":25,""cname"":""Sabah FK"",""ccode"":""951893"",""shirtNumber"":6}"
50000337,Azerbaijan,fotmob,8566,1178599,Səbuhi Abdullazadə,CURRENT_SQUAD,Midfielder,2001-12-18,24,Sumqayıt,FACT,true,1.0,https://www.fotmob.com/api/data/teams?id=8566,2026-09-22T18:30:11.545335+00:00,2026-09-22T18:30:11.545335+00:00,"{""id"":1178599,""name"":""Səbuhi Abdullazadə"",""role"":{""key"":""midfielder_long"",""fallback"":""Midfielder""},""dateOfBirth"":""2001-12-18"",""age"":24,""cname"":""Sumqayıt"",""ccode"":""213987"",""shirtNumber"":6}"
50000337,Azerbaijan,fotmob,8566,1119168,Tural Bayramov,CURRENT_SQUAD,Midfielder,2001-02-23,25,Qarabağ FK,FACT,true,1.0,https://www.fotmob.com/api/data/teams?id=8566,2026-09-22T18:30:11.545335+00:00,2026-09-22T18:30:11.545335+00:00,"{""id"":1119168,""name"":""Tural Bayramov"",""role"":{""key"":""midfielder_long"",""fallback"":""Midfielder""},""dateOfBirth"":""2001-02-23"",""age"":25,""cname"":""Qarabağ FK"",""ccode"":""7981"",""shirtNumber"":7}"
50000337,Azerbaijan,fotmob,8566,177436,Emin Makhmudov,CURRENT_SQUAD,Midfielder,1992-04-27,34,FK Neftchi,FACT,true,1.0,https://www.fotmob.com/api/data/teams?id=8566,2026-09-22T18:30:11.545335+00:00,2026-09-22T18:30:11.545335+00:00,"{""id"":177436,""name"":""Emin Makhmudov"",""role"":{""key"":""midfielder_long"",""fallback"":""Midfielder""},""dateOfBirth"":""1992-04-27"",""age"":34,""cname"":""FK Neftchi"",""ccode"":""4617"",""shirtNumber"":8}"
50000337,Azerbaijan,fotmob,8566,1177956,Rüstam Əhmədzadə,CURRENT_SQUAD,Midfielder,2000-12-25,25,Sumqayıt,FACT,true,1.0,https://www.fotmob.com/api/data/teams?id=8566,2026-09-22T18:30:11.545335+00:00,2026-09-22T18:30:11.545335+00:00,"{""id"":1177956,""name"":""Rüstam Əhmədzadə"",""role"":{""key"":""midfielder_long"",""fallback"":""Midfielder""},""dateOfBirth"":""2000-12-25"",""age"":25,""cname"":""Sumqayıt"",""ccode"":""213987"",""shirtNumber"":11}"
50000337,Azerbaijan,fotmob,8566,1661503,Xayal Əliyev,CURRENT_SQUAD,Midfielder,2004-02-18,22,Sabah FK,FACT,true,1.0,https://www.fotmob.com/api/data/teams?id=8566,2026-09-22T18:30:11.545335+00:00,2026-09-22T18:30:11.545335+00:00,"{""id"":1661503,""name"":""Xayal Əliyev"",""role"":{""key"":""midfielder_long"",""fallback"":""Midfielder""},""dateOfBirth"":""2004-02-18"",""age"":22,""cname"":""Sabah FK"",""ccode"":""951893"",""shirtNumber"":11}"
50000337,Azerbaijan,fotmob,8566,1312262,Emil Səfərov,CURRENT_SQUAD,Midfielder,2002-10-30,23,FK Neftchi,FACT,true,1.0,https://www.fotmob.com/api/data/teams?id=8566,2026-09-22T18:30:11.545335+00:00,2026-09-22T18:30:11.545335+00:00,"{""id"":1312262,""name"":""Emil Səfərov"",""role"":{""key"":""midfielder_long"",""fallback"":""Midfielder""},""dateOfBirth"":""2002-10-30"",""age"":23,""cname"":""FK Neftchi"",""ccode"":""4617"",""shirtNumber"":13}"
50000337,Azerbaijan,fotmob,8566,1308425,Ceyhun Nuriyev,CURRENT_SQUAD,Midfielder,2001-03-30,25,Azerbaijan,FACT,true,1.0,https://www.fotmob.com/api/data/teams?id=8566,2026-09-22T18:30:11.545335+00:00,2026-09-22T18:30:11.545335+00:00,"{""id"":1308425,""name"":""Ceyhun Nuriyev"",""role"":{""key"":""midfielder_long"",""fallback"":""Midfielder""},""dateOfBirth"":""2001-03-30"",""age"":25,""cname"":""Azerbaijan"",""ccode"":""AZE"",""shirtNumber"":16}"
50000337,Azerbaijan,fotmob,8566,1392225,Nəriman Akhundzada,CURRENT_SQUAD,Midfielder,2004-04-23,22,Erzurumspor FK,FACT,true,1.0,https://www.fotmob.com/api/data/teams?id=8566,2026-09-22T18:30:11.545335+00:00,2026-09-22T18:30:11.545335+00:00,"{""id"":1392225,""name"":""Nəriman Akhundzada"",""role"":{""key"":""midfielder_long"",""fallback"":""Midfielder""},""dateOfBirth"":""2004-04-23"",""age"":22,""cname"":""Erzurumspor FK"",""ccode"":""281467"",""shirtNumber"":19}"
50000337,Azerbaijan,fotmob,8566,688887,Aleksey Isaev,CURRENT_SQUAD,Midfielder,1995-11-09,30,Sabah FK,FACT,true,1.0,https://www.fotmob.com/api/data/teams?id=8566,2026-09-22T18:30:11.545335+00:00,2026-09-22T18:30:11.545335+00:00,"{""id"":688887,""name"":""Aleksey Isaev"",""role"":{""key"":""midfielder_long"",""fallback"":""Midfielder""},""dateOfBirth"":""1995-11-09"",""age"":30,""cname"":""Sabah FK"",""ccode"":""951893"",""shirtNumber"":20}"
50000337,Azerbaijan,fotmob,8566,1110726,Ali Sadikov,CURRENT_SQUAD,Midfielder,1999-08-13,27,Sabail,FACT,true,1.0,https://www.fotmob.com/api/data/teams?id=8566,2026-09-22T18:30:11.545335+00:00,2026-09-22T18:30:11.545335+00:00,"{""id"":1110726,""name"":""Ali Sadikov"",""role"":{""key"":""midfielder_long"",""fallback"":""Midfielder""},""dateOfBirth"":""1999-08-13"",""age"":27,""cname"":""Sabail"",""ccode"":""787209"",""shirtNumber"":20}"
50000337,Azerbaijan,fotmob,8566,809188,Rahim Sadıxov,CURRENT_SQUAD,Midfielder,1996-07-18,30,Turan Tovuz,FACT,true,1.0,https://www.fotmob.com/api/data/teams?id=8566,2026-09-22T18:30:11.545335+00:00,2026-09-22T18:30:11.545335+00:00,"{""id"":809188,""name"":""Rahim Sadıxov"",""role"":{""key"":""midfielder_long"",""fallback"":""Midfielder""},""dateOfBirth"":""1996-07-18"",""age"":30,""cname"":""Turan Tovuz"",""ccode"":""4674"",""shirtNumber"":22}"
50000337,Azerbaijan,fotmob,8566,1693899,Mustafa Əhmədzadə,CURRENT_SQUAD,Midfielder,2003-08-12,23,Araz PFK,FACT,true,1.0,https://www.fotmob.com/api/data/teams?id=8566,2026-09-22T18:30:11.545335+00:00,2026-09-22T18:30:11.545335+00:00,"{""id"":1693899,""name"":""Mustafa Əhmədzadə"",""role"":{""key"":""midfielder_long"",""fallback"":""Midfielder""},""dateOfBirth"":""2003-08-12"",""age"":23,""cname"":""Araz PFK"",""ccode"":""485832"",""shirtNumber"":24}"
50000337,Azerbaijan,fotmob,8566,1042552,Ayxan Hüseynov,CURRENT_SQUAD,Midfielder,1999-09-03,27,Zira,FACT,true,1.0,https://www.fotmob.com/api/data/teams?id=8566,2026-09-22T18:30:11.545335+00:00,2026-09-22T18:30:11.545335+00:00,"{""id"":1042552,""name"":""Ayxan Hüseynov"",""role"":{""key"":""midfielder_long"",""fallback"":""Midfielder""},""dateOfBirth"":""1999-09-03"",""age"":27,""cname"":""Zira"",""ccode"":""577619"",""shirtNumber"":26}"
50000337,Azerbaijan,fotmob,8566,749737,Renat Dadashov,CURRENT_SQUAD,Attacker,1999-05-17,27,Bukovyna Chernivtsi,FACT,true,1.0,https://www.fotmob.com/api/data/teams?id=8566,2026-09-22T18:30:11.545335+00:00,2026-09-22T18:30:11.545335+00:00,"{""id"":749737,""name"":""Renat Dadashov"",""role"":{""key"":""attacker_long"",""fallback"":""Attacker""},""dateOfBirth"":""1999-05-17"",""age"":27,""cname"":""Bukovyna Chernivtsi"",""ccode"":""205684"",""shirtNumber"":9}"
50000337,Azerbaijan,fotmob,8566,464251,Mahir Emreli,CURRENT_SQUAD,Attacker,1997-07-01,29,Raków Częstochowa,FACT,true,1.0,https://www.fotmob.com/api/data/teams?id=8566,2026-09-22T18:30:11.545335+00:00,2026-09-22T18:30:11.545335+00:00,"{""id"":464251,""name"":""Mahir Emreli"",""role"":{""key"":""attacker_long"",""fallback"":""Attacker""},""dateOfBirth"":""1997-07-01"",""age"":29,""cname"":""Raków Częstochowa"",""ccode"":""4024"",""shirtNumber"":10}"
50000337,Azerbaijan,fotmob,8566,763300,Tellur Mütallimov,CURRENT_SQUAD,Attacker,1995-04-08,31,Sabah FK,FACT,true,1.0,https://www.fotmob.com/api/data/teams?id=8566,2026-09-22T18:30:11.545335+00:00,2026-09-22T18:30:11.545335+00:00,"{""id"":763300,""name"":""Tellur Mütallimov"",""role"":{""key"":""attacker_long"",""fallback"":""Attacker""},""dateOfBirth"":""1995-04-08"",""age"":31,""cname"":""Sabah FK"",""ccode"":""951893"",""shirtNumber"":16}"
50000337,Azerbaijan,fotmob,8566,857642,Vüsal İsgəndərli,CURRENT_SQUAD,Attacker,1995-11-03,30,Malisheva,FACT,true,1.0,https://www.fotmob.com/api/data/teams?id=8566,2026-09-22T18:30:11.545335+00:00,2026-09-22T18:30:11.545335+00:00,"{""id"":857642,""name"":""Vüsal İsgəndərli"",""role"":{""key"":""attacker_long"",""fallback"":""Attacker""},""dateOfBirth"":""1995-11-03"",""age"":30,""cname"":""Malisheva"",""ccode"":""1273410"",""shirtNumber"":17}"
50000337,Azerbaijan,fotmob,8566,1179484,Musa Qurbanlı,CURRENT_SQUAD,Attacker,2002-04-13,24,Qarabağ FK,FACT,true,1.0,https://www.fotmob.com/api/data/teams?id=8566,2026-09-22T18:30:11.545335+00:00,2026-09-22T18:30:11.545335+00:00,"{""id"":1179484,""name"":""Musa Qurbanlı"",""role"":{""key"":""attacker_long"",""fallback"":""Attacker""},""dateOfBirth"":""2002-04-13"",""age"":24,""cname"":""Qarabağ FK"",""ccode"":""7981"",""shirtNumber"":22}"
50000760,China,fotmob,5822,36093,Jiayi Shao,CURRENT_SQUAD,Coach,1980-04-10,46,China,FACT,true,1.0,https://www.fotmob.com/api/data/teams?id=5822,2026-09-22T18:30:11.545335+00:00,2026-09-22T18:30:11.545335+00:00,"{""id"":36093,""name"":""Jiayi Shao"",""role"":{""key"":""coach"",""fallback"":""Coach""},""dateOfBirth"":""1980-04-10"",""age"":46,""cname"":""China"",""ccode"":""CHN""}"
50000760,China,fotmob,5822,432795,Junling Yan,CURRENT_SQUAD,Keeper,1991-01-28,35,Shanghai Port,FACT,true,1.0,https://www.fotmob.com/api/data/teams?id=5822,2026-09-22T18:30:11.545335+00:00,2026-09-22T18:30:11.545335+00:00,"{""id"":432795,""name"":""Junling Yan"",""role"":{""key"":""keeper_long"",""fallback"":""Keeper""},""dateOfBirth"":""1991-01-28"",""age"":35,""cname"":""Shanghai Port"",""ccode"":""198616"",""shirtNumber"":1}"
50000760,China,fotmob,5822,1168703,Qinghao Xue,CURRENT_SQUAD,Keeper,2000-09-26,25,Shanghai Shenhua,FACT,true,1.0,https://www.fotmob.com/api/data/teams?id=5822,2026-09-22T18:30:11.545335+00:00,2026-09-22T18:30:11.545335+00:00,"{""id"":1168703,""name"":""Qinghao Xue"",""role"":{""key"":""keeper_long"",""fallback"":""Keeper""},""dateOfBirth"":""2000-09-26"",""age"":25,""cname"":""Shanghai Shenhua"",""ccode"":""6628"",""shirtNumber"":12}"
50000760,China,fotmob,5822,1248507,Jinyong Yu,CURRENT_SQUAD,Keeper,2004-07-06,22,Shandong Taishan,FACT,true,1.0,https://www.fotmob.com/api/data/teams?id=5822,2026-09-22T18:30:11.545335+00:00,2026-09-22T18:30:11.545335+00:00,"{""id"":1248507,""name"":""Jinyong Yu"",""role"":{""key"":""keeper_long"",""fallback"":""Keeper""},""dateOfBirth"":""2004-07-06"",""age"":22,""cname"":""Shandong Taishan"",""ccode"":""8623"",""shirtNumber"":26}"
50000760,China,fotmob,5822,955361,Shaocong Wu,CURRENT_SQUAD,Defender,2000-03-20,26,Beijing Guoan,FACT,true,1.0,https://www.fotmob.com/api/data/teams?id=5822,2026-09-22T18:30:11.545335+00:00,2026-09-22T18:30:11.545335+00:00,"{""id"":955361,""name"":""Shaocong Wu"",""role"":{""key"":""defender_long"",""fallback"":""Defender""},""dateOfBirth"":""2000-03-20"",""age"":26,""cname"":""Beijing Guoan"",""ccode"":""4177""}"
50000760,China,fotmob,5822,1366784,Haofan Liu,CURRENT_SQUAD,Defender,2003-10-23,22,Zhejiang Professional,FACT,true,1.0,https://www.fotmob.com/api/data/teams?id=5822,2026-09-22T18:30:11.545335+00:00,2026-09-22T18:30:11.545335+00:00,"{""id"":1366784,""name"":""Haofan Liu"",""role"":{""key"":""defender_long"",""fallback"":""Defender""},""dateOfBirth"":""2003-10-23"",""age"":22,""cname"":""Zhejiang Professional"",""ccode"":""51443"",""shirtNumber"":2}"
50000760,China,fotmob,5822,648366,Zhunyi Gao,CURRENT_SQUAD,Defender,1995-08-21,31,Shandong Taishan,FACT,true,1.0,https://www.fotmob.com/api/data/teams?id=5822,2026-09-22T18:30:11.545335+00:00,2026-09-22T18:30:11.545335+00:00,"{""id"":648366,""name"":""Zhunyi Gao"",""role"":{""key"":""defender_long"",""fallback"":""Defender""},""dateOfBirth"":""1995-08-21"",""age"":31,""cname"":""Shandong Taishan"",""ccode"":""8623"",""shirtNumber"":3}"
50000760,China,fotmob,5822,950962,Shenglong Jiang,CURRENT_SQUAD,Defender,2000-12-24,25,Shanghai Shenhua,FACT,true,1.0,https://www.fotmob.com/api/data/teams?id=5822,2026-09-22T18:30:11.545335+00:00,2026-09-22T18:30:11.545335+00:00,"{""id"":950962,""name"":""Shenglong Jiang"",""role"":{""key"":""defender_long"",""fallback"":""Defender""},""dateOfBirth"":""2000-12-24"",""age"":25,""cname"":""Shanghai Shenhua"",""ccode"":""6628"",""shirtNumber"":4}"
50000760,China,fotmob,5822,950198,Chenjie Zhu,CURRENT_SQUAD,Defender,2000-08-23,26,Shanghai Shenhua,FACT,true,1.0,https://www.fotmob.com/api/data/teams?id=5822,2026-09-22T18:30:11.545335+00:00,2026-09-22T18:30:11.545335+00:00,"{""id"":950198,""name"":""Chenjie Zhu"",""role"":{""key"":""defender_long"",""fallback"":""Defender""},""dateOfBirth"":""2000-08-23"",""age"":26,""cname"":""Shanghai Shenhua"",""ccode"":""6628"",""shirtNumber"":5}"
50000760,China,fotmob,5822,768631,Zhen Wei,CURRENT_SQUAD,Defender,1997-02-12,29,Shanghai Port,FACT,true,1.0,https://www.fotmob.com/api/data/teams?id=5822,2026-09-22T18:30:11.545335+00:00,2026-09-22T18:30:11.545335+00:00,"{""id"":768631,""name"":""Zhen Wei"",""role"":{""key"":""defender_long"",""fallback"":""Defender""},""dateOfBirth"":""1997-02-12"",""age"":29,""cname"":""Shanghai Port"",""ccode"":""198616"",""shirtNumber"":13}"
50000760,China,fotmob,5822,538505,Dun Ba,CURRENT_SQUAD,Defender,1995-09-16,31,Tianjin Jinmen Tiger,FACT,true,1.0,https://www.fotmob.com/api/data/teams?id=5822,2026-09-22T18:30:11.545335+00:00,2026-09-22T18:30:11.545335+00:00,"{""id"":538505,""name"":""Dun Ba"",""role"":{""key"":""defender_long"",""fallback"":""Defender""},""dateOfBirth"":""1995-09-16"",""age"":31,""cname"":""Tianjin Jinmen Tiger"",""ccode"":""4189"",""shirtNumber"":16}"
50000760,China,fotmob,5822,1624751,Shiqin Wang,CURRENT_SQUAD,Defender,2003-06-24,23,Zhejiang Professional,FACT,true,1.0,https://www.fotmob.com/api/data/teams?id=5822,2026-09-22T18:30:11.545335+00:00,2026-09-22T18:30:11.545335+00:00,"{""id"":1624751,""name"":""Shiqin Wang"",""role"":{""key"":""defender_long"",""fallback"":""Defender""},""dateOfBirth"":""2003-06-24"",""age"":23,""cname"":""Zhejiang Professional"",""ccode"":""51443"",""shirtNumber"":24}"
50000760,China,fotmob,5822,1616162,Umidjan Yusup,CURRENT_SQUAD,Defender,2004-02-28,22,Shanghai Port,FACT,true,1.0,https://www.fotmob.com/api/data/teams?id=5822,2026-09-22T18:30:11.545335+00:00,2026-09-22T18:30:11.545335+00:00,"{""id"":1616162,""name"":""Umidjan Yusup"",""role"":{""key"":""defender_long"",""fallback"":""Defender""},""dateOfBirth"":""2004-02-28"",""age"":22,""cname"":""Shanghai Port"",""ccode"":""198616"",""shirtNumber"":25}"
50000760,China,fotmob,5822,730989,Zhengyu Huang,CURRENT_SQUAD,Midfielder,1997-01-24,29,Shandong Taishan,FACT,true,1.0,https://www.fotmob.com/api/data/teams?id=5822,2026-09-22T18:30:11.545335+00:00,2026-09-22T18:30:11.545335+00:00,"{""id"":730989,""name"":""Zhengyu Huang"",""role"":{""key"":""midfielder_long"",""fallback"":""Midfielder""},""dateOfBirth"":""1997-01-24"",""age"":29,""cname"":""Shandong Taishan"",""ccode"":""8623"",""shirtNumber"":6}"
50000760,China,fotmob,5822,962294,Haoyang Xu,CURRENT_SQUAD,Midfielder,1999-01-15,27,Shanghai Shenhua,FACT,true,1.0,https://www.fotmob.com/api/data/teams?id=5822,2026-09-22T18:30:11.545335+00:00,2026-09-22T18:30:11.545335+00:00,"{""id"":962294,""name"":""Haoyang Xu"",""role"":{""key"":""midfielder_long"",""fallback"":""Midfielder""},""dateOfBirth"":""1999-01-15"",""age"":27,""cname"":""Shanghai Shenhua"",""ccode"":""6628"",""shirtNumber"":7}"
50000760,China,fotmob,5822,674469,Xin Xu,CURRENT_SQUAD,Midfielder,1994-04-19,32,Yunnan Yukun,FACT,true,1.0,https://www.fotmob.com/api/data/teams?id=5822,2026-09-22T18:30:11.545335+00:00,2026-09-22T18:30:11.545335+00:00,"{""id"":674469,""name"":""Xin Xu"",""role"":{""key"":""midfielder_long"",""fallback"":""Midfielder""},""dateOfBirth"":""1994-04-19"",""age"":32,""cname"":""Yunnan Yukun"",""ccode"":""1477056"",""shirtNumber"":8}"
50000760,China,fotmob,5822,535906,Sai Erjini'ao,CURRENT_SQUAD,Midfielder,1995-03-15,31,Beijing Guoan,FACT,true,1.0,https://www.fotmob.com/api/data/teams?id=5822,2026-09-22T18:30:11.545335+00:00,2026-09-22T18:30:11.545335+00:00,"{""id"":535906,""name"":""Sai Erjini'ao"",""role"":{""key"":""midfielder_long"",""fallback"":""Midfielder""},""dateOfBirth"":""1995-03-15"",""age"":31,""cname"":""Beijing Guoan"",""ccode"":""4177"",""shirtNumber"":11}"
50000760,China,fotmob,5822,825224,Tianyi Gao,CURRENT_SQUAD,Midfielder,1998-07-01,28,Shanghai Shenhua,FACT,true,1.0,https://www.fotmob.com/api/data/teams?id=5822,2026-09-22T18:30:11.545335+00:00,2026-09-22T18:30:11.545335+00:00,"{""id"":825224,""name"":""Tianyi Gao"",""role"":{""key"":""midfielder_long"",""fallback"":""Midfielder""},""dateOfBirth"":""1998-07-01"",""age"":28,""cname"":""Shanghai Shenhua"",""ccode"":""6628"",""shirtNumber"":14}"
50000760,China,fotmob,5822,1719401,Jiwen Kuai,CURRENT_SQUAD,Midfielder,2006-02-28,20,Shanghai Port,FACT,true,1.0,https://www.fotmob.com/api/data/teams?id=5822,2026-09-22T18:30:11.545335+00:00,2026-09-22T18:30:11.545335+00:00,"{""id"":1719401,""name"":""Jiwen Kuai"",""role"":{""key"":""midfielder_long"",""fallback"":""Midfielder""},""dateOfBirth"":""2006-02-28"",""age"":20,""cname"":""Shanghai Port"",""ccode"":""198616"",""shirtNumber"":17}"
50000760,China,fotmob,5822,1266929,Jintao Liao,CURRENT_SQUAD,Midfielder,2000-02-24,26,Dalian Yingbo,FACT,true,1.0,https://www.fotmob.com/api/data/teams?id=5822,2026-09-22T18:30:11.545335+00:00,2026-09-22T18:30:11.545335+00:00,"{""id"":1266929,""name"":""Jintao Liao"",""role"":{""key"":""midfielder_long"",""fallback"":""Midfielder""},""dateOfBirth"":""2000-02-24"",""age"":26,""cname"":""Dalian Yingbo"",""ccode"":""1477043"",""shirtNumber"":18}"
50000760,China,fotmob,5822,623080,Yongjing Cao,CURRENT_SQUAD,Midfielder,1997-02-15,29,Beijing Guoan,FACT,true,1.0,https://www.fotmob.com/api/data/teams?id=5822,2026-09-22T18:30:11.545335+00:00,2026-09-22T18:30:11.545335+00:00,"{""id"":623080,""name"":""Yongjing Cao"",""role"":{""key"":""midfielder_long"",""fallback"":""Midfielder""},""dateOfBirth"":""1997-02-15"",""age"":29,""cname"":""Beijing Guoan"",""ccode"":""4177"",""shirtNumber"":19}"
50000760,China,fotmob,5822,1248506,Wenneng Xie,CURRENT_SQUAD,Midfielder,2001-02-06,25,Shandong Taishan,FACT,true,1.0,https://www.fotmob.com/api/data/teams?id=5822,2026-09-22T18:30:11.545335+00:00,2026-09-22T18:30:11.545335+00:00,"{""id"":1248506,""name"":""Wenneng Xie"",""role"":{""key"":""midfielder_long"",""fallback"":""Midfielder""},""dateOfBirth"":""2001-02-06"",""age"":25,""cname"":""Shandong Taishan"",""ccode"":""8623"",""shirtNumber"":23}"
50000760,China,fotmob,5822,623091,Yuning Zhang,CURRENT_SQUAD,Attacker,1997-01-05,29,Beijing Guoan,FACT,true,1.0,https://www.fotmob.com/api/data/teams?id=5822,2026-09-22T18:30:11.545335+00:00,2026-09-22T18:30:11.545335+00:00,"{""id"":623091,""name"":""Yuning Zhang"",""role"":{""key"":""attacker_long"",""fallback"":""Attacker""},""dateOfBirth"":""1997-01-05"",""age"":29,""cname"":""Beijing Guoan"",""ccode"":""4177"",""shirtNumber"":9}"
50000760,China,fotmob,5822,570357,Shihao Wei,CURRENT_SQUAD,Attacker,1995-04-08,31,Chengdu Rongcheng FC,FACT,true,1.0,https://www.fotmob.com/api/data/teams?id=5822,2026-09-22T18:30:11.545335+00:00,2026-09-22T18:30:11.545335+00:00,"{""id"":570357,""name"":""Shihao Wei"",""role"":{""key"":""attacker_long"",""fallback"":""Attacker""},""dateOfBirth"":""1995-04-08"",""age"":31,""cname"":""Chengdu Rongcheng FC"",""ccode"":""737052"",""shirtNumber"":10}"
50000760,China,fotmob,5822,1515735,Yudong Wang,CURRENT_SQUAD,Attacker,2006-11-23,19,Zhejiang Professional,FACT,true,1.0,https://www.fotmob.com/api/data/teams?id=5822,2026-09-22T18:30:11.545335+00:00,2026-09-22T18:30:11.545335+00:00,"{""id"":1515735,""name"":""Yudong Wang"",""role"":{""key"":""attacker_long"",""fallback"":""Attacker""},""dateOfBirth"":""2006-11-23"",""age"":19,""cname"":""Zhejiang Professional"",""ccode"":""51443"",""shirtNumber"":15}"
50000760,China,fotmob,5822,915251,Ziming Wang,CURRENT_SQUAD,Attacker,1996-08-05,30,Chengdu Rongcheng FC,FACT,true,1.0,https://www.fotmob.com/api/data/teams?id=5822,2026-09-22T18:30:11.545335+00:00,2026-09-22T18:30:11.545335+00:00,"{""id"":915251,""name"":""Ziming Wang"",""role"":{""key"":""attacker_long"",""fallback"":""Attacker""},""dateOfBirth"":""1996-08-05"",""age"":30,""cname"":""Chengdu Rongcheng FC"",""ccode"":""737052"",""shirtNumber"":20}"
50000760,China,fotmob,5822,1027306,Qianglong Tao,CURRENT_SQUAD,Attacker,2001-11-20,24,Zhejiang Professional,FACT,true,1.0,https://www.fotmob.com/api/data/teams?id=5822,2026-09-22T18:30:11.545335+00:00,2026-09-22T18:30:11.545335+00:00,"{""id"":1027306,""name"":""Qianglong Tao"",""role"":{""key"":""attacker_long"",""fallback"":""Attacker""},""dateOfBirth"":""2001-11-20"",""age"":24,""cname"":""Zhejiang Professional"",""ccode"":""51443"",""shirtNumber"":21}"
50000760,China,fotmob,5822,1616191,Chengyu Liu,CURRENT_SQUAD,Attacker,2006-07-02,20,Shanghai Shenhua,FACT,true,1.0,https://www.fotmob.com/api/data/teams?id=5822,2026-09-22T18:30:11.545335+00:00,2026-09-22T18:30:11.545335+00:00,"{""id"":1616191,""name"":""Chengyu Liu"",""role"":{""key"":""attacker_long"",""fallback"":""Attacker""},""dateOfBirth"":""2006-07-02"",""age"":20,""cname"":""Shanghai Shenhua"",""ccode"":""6628"",""shirtNumber"":22}"
50000790,Cobreloa,fotmob,1843,558242,Mario Salas,CURRENT_SQUAD,Coach,1967-10-11,58,Chile,FACT,true,1.0,https://www.fotmob.com/api/data/teams?id=1843,2026-09-22T18:30:11.545335+00:00,2026-09-22T18:30:11.545335+00:00,"{""id"":558242,""name"":""Mario Salas"",""role"":{""key"":""coach"",""fallback"":""Coach""},""dateOfBirth"":""1967-10-11"",""age"":58,""cname"":""Chile"",""ccode"":""CHI""}"
50000790,Cobreloa,fotmob,1843,1504596,Hugo Araya,CURRENT_SQUAD,Keeper,2000-12-26,25,Chile,FACT,true,1.0,https://www.fotmob.com/api/data/teams?id=1843,2026-09-22T18:30:11.545335+00:00,2026-09-22T18:30:11.545335+00:00,"{""id"":1504596,""name"":""Hugo Araya"",""role"":{""key"":""keeper_long"",""fallback"":""Keeper""},""dateOfBirth"":""2000-12-26"",""age"":25,""cname"":""Chile"",""ccode"":""CHI"",""shirtNumber"":1}"
50000790,Cobreloa,fotmob,1843,1910472,Matías Pérez,CURRENT_SQUAD,Keeper,,,Chile,FACT,true,1.0,https://www.fotmob.com/api/data/teams?id=1843,2026-09-22T18:30:11.545335+00:00,2026-09-22T18:30:11.545335+00:00,"{""id"":1910472,""name"":""Matías Pérez"",""role"":{""key"":""keeper_long"",""fallback"":""Keeper""},""age"":0,""cname"":""Chile"",""ccode"":""CHI"",""shirtNumber"":23}"
50000790,Cobreloa,fotmob,1843,601371,Diego Tapia,CURRENT_SQUAD,Keeper,1995-05-07,31,Chile,FACT,true,1.0,https://www.fotmob.com/api/data/teams?id=1843,2026-09-22T18:30:11.545335+00:00,2026-09-22T18:30:11.545335+00:00,"{""id"":601371,""name"":""Diego Tapia"",""role"":{""key"":""keeper_long"",""fallback"":""Keeper""},""dateOfBirth"":""1995-05-07"",""age"":31,""cname"":""Chile"",""ccode"":""CHI"",""shirtNumber"":30}"
50000790,Cobreloa,fotmob,1843,1817578,Cristián Alarcón,CURRENT_SQUAD,Keeper,2006-10-14,19,Chile,FACT,true,1.0,https://www.fotmob.com/api/data/teams?id=1843,2026-09-22T18:30:11.545335+00:00,2026-09-22T18:30:11.545335+00:00,"{""id"":1817578,""name"":""Cristián Alarcón"",""role"":{""key"":""keeper_long"",""fallback"":""Keeper""},""dateOfBirth"":""2006-10-14"",""age"":19,""cname"":""Chile"",""ccode"":""CHI"",""shirtNumber"":36}"
50000790,Cobreloa,fotmob,1843,1769959,Max Fajardo,CURRENT_SQUAD,Defender,2005-05-05,21,Chile,FACT,true,1.0,https://www.fotmob.com/api/data/teams?id=1843,2026-09-22T18:30:11.545335+00:00,2026-09-22T18:30:11.545335+00:00,"{""id"":1769959,""name"":""Max Fajardo"",""role"":{""key"":""defender_long"",""fallback"":""Defender""},""dateOfBirth"":""2005-05-05"",""age"":21,""cname"":""Chile"",""ccode"":""CHI"",""shirtNumber"":2}"
50000790,Cobreloa,fotmob,1843,1910471,Youssef González,CURRENT_SQUAD,Defender,2007-08-26,19,Chile,FACT,true,1.0,https://www.fotmob.com/api/data/teams?id=1843,2026-09-22T18:30:11.545335+00:00,2026-09-22T18:30:11.545335+00:00,"{""id"":1910471,""name"":""Youssef González"",""role"":{""key"":""defender_long"",""fallback"":""Defender""},""dateOfBirth"":""2007-08-26"",""age"":19,""cname"":""Chile"",""ccode"":""CHI"",""shirtNumber"":3}"
50000790,Cobreloa,fotmob,1843,465999,Bastián San Juan,CURRENT_SQUAD,Defender,1994-04-27,32,Chile,FACT,true,1.0,https://www.fotmob.com/api/data/teams?id=1843,2026-09-22T18:30:11.545335+00:00,2026-09-22T18:30:11.545335+00:00,"{""id"":465999,""name"":""Bastián San Juan"",""role"":{""key"":""defender_long"",""fallback"":""Defender""},""dateOfBirth"":""1994-04-27"",""age"":32,""cname"":""Chile"",""ccode"":""CHI"",""shirtNumber"":4}"
50000790,Cobreloa,fotmob,1843,51702,Rodolfo González,CURRENT_SQUAD,Defender,1989-02-28,37,Chile,FACT,true,1.0,https://www.fotmob.com/api/data/teams?id=1843,2026-09-22T18:30:11.545335+00:00,2026-09-22T18:30:11.545335+00:00,"{""id"":51702,""name"":""Rodolfo González"",""role"":{""key"":""defender_long"",""fallback"":""Defender""},""dateOfBirth"":""1989-02-28"",""age"":37,""cname"":""Chile"",""ccode"":""CHI"",""shirtNumber"":5}"
50000790,Cobreloa,fotmob,1843,1779888,Matías Tapia,CURRENT_SQUAD,Defender,,,Chile,FACT,true,1.0,https://www.fotmob.com/api/data/teams?id=1843,2026-09-22T18:30:11.545335+00:00,2026-09-22T18:30:11.545335+00:00,"{""id"":1779888,""name"":""Matías Tapia"",""role"":{""key"":""defender_long"",""fallback"":""Defender""},""age"":0,""cname"":""Chile"",""ccode"":""CHI"",""shirtNumber"":6}"
50000790,Cobreloa,fotmob,1843,538539,Diego García,CURRENT_SQUAD,Defender,1996-12-19,29,Chile,FACT,true,1.0,https://www.fotmob.com/api/data/teams?id=1843,2026-09-22T18:30:11.545335+00:00,2026-09-22T18:30:11.545335+00:00,"{""id"":538539,""name"":""Diego García"",""role"":{""key"":""defender_long"",""fallback"":""Defender""},""dateOfBirth"":""1996-12-19"",""age"":29,""cname"":""Chile"",""ccode"":""CHI"",""shirtNumber"":15}"
50000790,Cobreloa,fotmob,1843,1312030,David Tapia,CURRENT_SQUAD,Defender,1998-02-21,28,Chile,FACT,true,1.0,https://www.fotmob.com/api/data/teams?id=1843,2026-09-22T18:30:11.545335+00:00,2026-09-22T18:30:11.545335+00:00,"{""id"":1312030,""name"":""David Tapia"",""role"":{""key"":""defender_long"",""fallback"":""Defender""},""dateOfBirth"":""1998-02-21"",""age"":28,""cname"":""Chile"",""ccode"":""CHI"",""shirtNumber"":17}"
50000790,Cobreloa,fotmob,1843,1817579,Joaquín Méndez,CURRENT_SQUAD,Defender,2005-10-17,20,Chile,FACT,true,1.0,https://www.fotmob.com/api/data/teams?id=1843,2026-09-22T18:30:11.545335+00:00,2026-09-22T18:30:11.545335+00:00,"{""id"":1817579,""name"":""Joaquín Méndez"",""role"":{""key"":""defender_long"",""fallback"":""Defender""},""dateOfBirth"":""2005-10-17"",""age"":20,""cname"":""Chile"",""ccode"":""CHI"",""shirtNumber"":18}"
50000790,Cobreloa,fotmob,1843,659797,Felipe Fritz,CURRENT_SQUAD,Defender,1997-09-23,28,Chile,FACT,true,1.0,https://www.fotmob.com/api/data/teams?id=1843,2026-09-22T18:30:11.545335+00:00,2026-09-22T18:30:11.545335+00:00,"{""id"":659797,""name"":""Felipe Fritz"",""role"":{""key"":""defender_long"",""fallback"":""Defender""},""dateOfBirth"":""1997-09-23"",""age"":28,""cname"":""Chile"",""ccode"":""CHI"",""shirtNumber"":28}"
50000790,Cobreloa,fotmob,1843,684777,Felipe Saavedra,CURRENT_SQUAD,Midfielder,1996-09-26,29,Chile,FACT,true,1.0,https://www.fotmob.com/api/data/teams?id=1843,2026-09-22T18:30:11.545335+00:00,2026-09-22T18:30:11.545335+00:00,"{""id"":684777,""name"":""Felipe Saavedra"",""role"":{""key"":""midfielder_long"",""fallback"":""Midfielder""},""dateOfBirth"":""1996-09-26"",""age"":29,""cname"":""Chile"",""ccode"":""CHI""}"
50000790,Cobreloa,fotmob,1843,164306,Sebastián Zúñiga,CURRENT_SQUAD,Midfielder,1990-06-21,36,Chile,FACT,true,1.0,https://www.fotmob.com/api/data/teams?id=1843,2026-09-22T18:30:11.545335+00:00,2026-09-22T18:30:11.545335+00:00,"{""id"":164306,""name"":""Sebastián Zúñiga"",""role"":{""key"":""midfielder_long"",""fallback"":""Midfielder""},""dateOfBirth"":""1990-06-21"",""age"":36,""cname"":""Chile"",""ccode"":""CHI"",""shirtNumber"":7}"
50000790,Cobreloa,fotmob,1843,1645700,Lucas Cornejo,CURRENT_SQUAD,Midfielder,2006-05-17,20,Chile,FACT,true,1.0,https://www.fotmob.com/api/data/teams?id=1843,2026-09-22T18:30:11.545335+00:00,2026-09-22T18:30:11.545335+00:00,"{""id"":1645700,""name"":""Lucas Cornejo"",""role"":{""key"":""midfielder_long"",""fallback"":""Midfielder""},""dateOfBirth"":""2006-05-17"",""age"":20,""cname"":""Chile"",""ccode"":""CHI"",""shirtNumber"":8}"
50000790,Cobreloa,fotmob,1843,364208,Cristian Insaurralde,CURRENT_SQUAD,Midfielder,1991-07-20,35,Argentina,FACT,true,1.0,https://www.fotmob.com/api/data/teams?id=1843,2026-09-22T18:30:11.545335+00:00,2026-09-22T18:30:11.545335+00:00,"{""id"":364208,""name"":""Cristian Insaurralde"",""role"":{""key"":""midfielder_long"",""fallback"":""Midfielder""},""dateOfBirth"":""1991-07-20"",""age"":35,""cname"":""Argentina"",""ccode"":""ARG"",""shirtNumber"":10}"
50000790,Cobreloa,fotmob,1843,1357721,Tomás Aránguiz,CURRENT_SQUAD,Midfielder,1997-04-15,29,Chile,FACT,true,1.0,https://www.fotmob.com/api/data/teams?id=1843,2026-09-22T18:30:11.545335+00:00,2026-09-22T18:30:11.545335+00:00,"{""id"":1357721,""name"":""Tomás Aránguiz"",""role"":{""key"":""midfielder_long"",""fallback"":""Midfielder""},""dateOfBirth"":""1997-04-15"",""age"":29,""cname"":""Chile"",""ccode"":""CHI"",""shirtNumber"":14}"
50000790,Cobreloa,fotmob,1843,1779887,Francisco Matamoros,CURRENT_SQUAD,Midfielder,2004-08-26,22,Chile,FACT,true,1.0,https://www.fotmob.com/api/data/teams?id=1843,2026-09-22T18:30:11.545335+00:00,2026-09-22T18:30:11.545335+00:00,"{""id"":1779887,""name"":""Francisco Matamoros"",""role"":{""key"":""midfielder_long"",""fallback"":""Midfielder""},""dateOfBirth"":""2004-08-26"",""age"":22,""cname"":""Chile"",""ccode"":""CHI"",""shirtNumber"":20}"
50000790,Cobreloa,fotmob,1843,1369191,Cristian Muga,CURRENT_SQUAD,Midfielder,1996-01-02,30,Uruguay,FACT,true,1.0,https://www.fotmob.com/api/data/teams?id=1843,2026-09-22T18:30:11.545335+00:00,2026-09-22T18:30:11.545335+00:00,"{""id"":1369191,""name"":""Cristian Muga"",""role"":{""key"":""midfielder_long"",""fallback"":""Midfielder""},""dateOfBirth"":""1996-01-02"",""age"":30,""cname"":""Uruguay"",""ccode"":""URU"",""shirtNumber"":21}"
50000790,Cobreloa,fotmob,1843,1817575,Robinson Porras,CURRENT_SQUAD,Midfielder,2006-10-11,19,Chile,FACT,true,1.0,https://www.fotmob.com/api/data/teams?id=1843,2026-09-22T18:30:11.545335+00:00,2026-09-22T18:30:11.545335+00:00,"{""id"":1817575,""name"":""Robinson Porras"",""role"":{""key"":""midfielder_long"",""fallback"":""Midfielder""},""dateOfBirth"":""2006-10-11"",""age"":19,""cname"":""Chile"",""ccode"":""CHI"",""shirtNumber"":24}"
50000790,Cobreloa,fotmob,1843,1910469,Vicente Roco,CURRENT_SQUAD,Midfielder,,,Chile,FACT,true,1.0,https://www.fotmob.com/api/data/teams?id=1843,2026-09-22T18:30:11.545335+00:00,2026-09-22T18:30:11.545335+00:00,"{""id"":1910469,""name"":""Vicente Roco"",""role"":{""key"":""midfielder_long"",""fallback"":""Midfielder""},""age"":0,""cname"":""Chile"",""ccode"":""CHI"",""shirtNumber"":25}"
50000790,Cobreloa,fotmob,1843,863083,Jorge Gatica,CURRENT_SQUAD,Midfielder,1996-06-17,30,Chile,FACT,true,1.0,https://www.fotmob.com/api/data/teams?id=1843,2026-09-22T18:30:11.545335+00:00,2026-09-22T18:30:11.545335+00:00,"{""id"":863083,""name"":""Jorge Gatica"",""role"":{""key"":""midfielder_long"",""fallback"":""Midfielder""},""dateOfBirth"":""1996-06-17"",""age"":30,""cname"":""Chile"",""ccode"":""CHI"",""shirtNumber"":29}"
50000790,Cobreloa,fotmob,1843,1213772,Facundo Velazco,CURRENT_SQUAD,Midfielder,1999-03-19,27,Argentina,FACT,true,1.0,https://www.fotmob.com/api/data/teams?id=1843,2026-09-22T18:30:11.545335+00:00,2026-09-22T18:30:11.545335+00:00,"{""id"":1213772,""name"":""Facundo Velazco"",""role"":{""key"":""midfielder_long"",""fallback"":""Midfielder""},""dateOfBirth"":""1999-03-19"",""age"":27,""cname"":""Argentina"",""ccode"":""ARG"",""shirtNumber"":32}"
50000790,Cobreloa,fotmob,1843,1227662,Vicente Conelli,CURRENT_SQUAD,Attacker,2003-01-07,23,Chile,FACT,true,1.0,https://www.fotmob.com/api/data/teams?id=1843,2026-09-22T18:30:11.545335+00:00,2026-09-22T18:30:11.545335+00:00,"{""id"":1227662,""name"":""Vicente Conelli"",""role"":{""key"":""attacker_long"",""fallback"":""Attacker""},""dateOfBirth"":""2003-01-07"",""age"":23,""cname"":""Chile"",""ccode"":""CHI"",""shirtNumber"":9}"
50000790,Cobreloa,fotmob,1843,570775,Gustavo Gotti,CURRENT_SQUAD,Attacker,1993-10-20,32,Argentina,FACT,true,1.0,https://www.fotmob.com/api/data/teams?id=1843,2026-09-22T18:30:11.545335+00:00,2026-09-22T18:30:11.545335+00:00,"{""id"":570775,""name"":""Gustavo Gotti"",""role"":{""key"":""attacker_long"",""fallback"":""Attacker""},""dateOfBirth"":""1993-10-20"",""age"":32,""cname"":""Argentina"",""ccode"":""ARG"",""shirtNumber"":11}"
50000790,Cobreloa,fotmob,1843,1910473,Agustín Quezada,CURRENT_SQUAD,Attacker,2007-06-07,19,Chile,FACT,true,1.0,https://www.fotmob.com/api/data/teams?id=1843,2026-09-22T18:30:11.545335+00:00,2026-09-22T18:30:11.545335+00:00,"{""id"":1910473,""name"":""Agustín Quezada"",""role"":{""key"":""attacker_long"",""fallback"":""Attacker""},""dateOfBirth"":""2007-06-07"",""age"":19,""cname"":""Chile"",""ccode"":""CHI"",""shirtNumber"":13}"
50000790,Cobreloa,fotmob,1843,1910474,Bastián Garrido,CURRENT_SQUAD,Attacker,,,Chile,FACT,true,1.0,https://www.fotmob.com/api/data/teams?id=1843,2026-09-22T18:30:11.545335+00:00,2026-09-22T18:30:11.545335+00:00,"{""id"":1910474,""name"":""Bastián Garrido"",""role"":{""key"":""attacker_long"",""fallback"":""Attacker""},""age"":0,""cname"":""Chile"",""ccode"":""CHI"",""shirtNumber"":16}"
50000790,Cobreloa,fotmob,1843,1769958,Yastin Navarro,CURRENT_SQUAD,Attacker,2008-01-26,18,Chile,FACT,true,1.0,https://www.fotmob.com/api/data/teams?id=1843,2026-09-22T18:30:11.545335+00:00,2026-09-22T18:30:11.545335+00:00,"{""id"":1769958,""name"":""Yastin Navarro"",""role"":{""key"":""attacker_long"",""fallback"":""Attacker""},""dateOfBirth"":""2008-01-26"",""age"":18,""cname"":""Chile"",""ccode"":""CHI"",""shirtNumber"":19}"
50000790,Cobreloa,fotmob,1843,424156,Álvaro Delgado,CURRENT_SQUAD,Attacker,1995-05-13,31,Chile,FACT,true,1.0,https://www.fotmob.com/api/data/teams?id=1843,2026-09-22T18:30:11.545335+00:00,2026-09-22T18:30:11.545335+00:00,"{""id"":424156,""name"":""Álvaro Delgado"",""role"":{""key"":""attacker_long"",""fallback"":""Attacker""},""dateOfBirth"":""1995-05-13"",""age"":31,""cname"":""Chile"",""ccode"":""CHI"",""shirtNumber"":22}"
50000790,Cobreloa,fotmob,1843,1779889,Alberto Tejerina,CURRENT_SQUAD,Attacker,2005-06-26,21,Chile,FACT,true,1.0,https://www.fotmob.com/api/data/teams?id=1843,2026-09-22T18:30:11.545335+00:00,2026-09-22T18:30:11.545335+00:00,"{""id"":1779889,""name"":""Alberto Tejerina"",""role"":{""key"":""attacker_long"",""fallback"":""Attacker""},""dateOfBirth"":""2005-06-26"",""age"":21,""cname"":""Chile"",""ccode"":""CHI"",""shirtNumber"":26}"
50000790,Cobreloa,fotmob,1843,898310,Matías Sandoval,CURRENT_SQUAD,Attacker,1997-04-09,29,Argentina,FACT,true,1.0,https://www.fotmob.com/api/data/teams?id=1843,2026-09-22T18:30:11.545335+00:00,2026-09-22T18:30:11.545335+00:00,"{""id"":898310,""name"":""Matías Sandoval"",""role"":{""key"":""attacker_long"",""fallback"":""Attacker""},""dateOfBirth"":""1997-04-09"",""age"":29,""cname"":""Argentina"",""ccode"":""ARG"",""shirtNumber"":27}"
50000790,Cobreloa,fotmob,1843,1962154,Esteban Gallardo,CURRENT_SQUAD,Attacker,2007-04-02,19,Chile,FACT,true,1.0,https://www.fotmob.com/api/data/teams?id=1843,2026-09-22T18:30:11.545335+00:00,2026-09-22T18:30:11.545335+00:00,"{""id"":1962154,""name"":""Esteban Gallardo"",""role"":{""key"":""attacker_long"",""fallback"":""Attacker""},""dateOfBirth"":""2007-04-02"",""age"":19,""cname"":""Chile"",""ccode"":""CHI"",""shirtNumber"":31}"
50000790,Cobreloa,fotmob,1843,1994764,Camilo Orellana,CURRENT_SQUAD,Attacker,2009-06-15,17,Chile,FACT,true,1.0,https://www.fotmob.com/api/data/teams?id=1843,2026-09-22T18:30:11.545335+00:00,2026-09-22T18:30:11.545335+00:00,"{""id"":1994764,""name"":""Camilo Orellana"",""role"":{""key"":""attacker_long"",""fallback"":""Attacker""},""dateOfBirth"":""2009-06-15"",""age"":17,""cname"":""Chile"",""ccode"":""CHI"",""shirtNumber"":34}"
50000790,Cobreloa,fotmob,1843,395139,Juan Duma,CURRENT_SQUAD,Attacker,1993-12-08,32,Argentina,FACT,true,1.0,https://www.fotmob.com/api/data/teams?id=1843,2026-09-22T18:30:11.545335+00:00,2026-09-22T18:30:11.545335+00:00,"{""id"":395139,""name"":""Juan Duma"",""role"":{""key"":""attacker_long"",""fallback"":""Attacker""},""dateOfBirth"":""1993-12-08"",""age"":32,""cname"":""Argentina"",""ccode"":""ARG"",""shirtNumber"":37}"
50000796,Colo Colo,fotmob,7815,18524,Fernando Ortíz,CURRENT_SQUAD,Coach,1977-12-25,48,Argentina,FACT,true,1.0,https://www.fotmob.com/api/data/teams?id=7815,2026-09-22T18:30:11.545335+00:00,2026-09-22T18:30:11.545335+00:00,"{""id"":18524,""name"":""Fernando Ortíz"",""role"":{""key"":""coach"",""fallback"":""Coach""},""dateOfBirth"":""1977-12-25"",""age"":48,""cname"":""Argentina"",""ccode"":""ARG""}"
50000796,Colo Colo,fotmob,7815,209804,Fernando De Paul,CURRENT_SQUAD,Keeper,1991-04-25,35,Chile,FACT,true,1.0,https://www.fotmob.com/api/data/teams?id=7815,2026-09-22T18:30:11.545335+00:00,2026-09-22T18:30:11.545335+00:00,"{""id"":209804,""name"":""Fernando De Paul"",""role"":{""key"":""keeper_long"",""fallback"":""Keeper""},""dateOfBirth"":""1991-04-25"",""age"":35,""cname"":""Chile"",""ccode"":""CHI"",""shirtNumber"":1}"
50000796,Colo Colo,fotmob,7815,1370732,Eduardo Villanueva,CURRENT_SQUAD,Keeper,2004-10-11,21,Chile,FACT,true,1.0,https://www.fotmob.com/api/data/teams?id=7815,2026-09-22T18:30:11.545335+00:00,2026-09-22T18:30:11.545335+00:00,"{""id"":1370732,""name"":""Eduardo Villanueva"",""role"":{""key"":""keeper_long"",""fallback"":""Keeper""},""dateOfBirth"":""2004-10-11"",""age"":21,""cname"":""Chile"",""ccode"":""CHI"",""shirtNumber"":12}"
50000796,Colo Colo,fotmob,7815,1816784,Gabriel Maureira,CURRENT_SQUAD,Keeper,2007-02-07,19,Chile,FACT,true,1.0,https://www.fotmob.com/api/data/teams?id=7815,2026-09-22T18:30:11.545335+00:00,2026-09-22T18:30:11.545335+00:00,"{""id"":1816784,""name"":""Gabriel Maureira"",""role"":{""key"":""keeper_long"",""fallback"":""Keeper""},""dateOfBirth"":""2007-02-07"",""age"":19,""cname"":""Chile"",""ccode"":""CHI"",""shirtNumber"":25}"
50000796,Colo Colo,fotmob,7815,422149,Vozinha,CURRENT_SQUAD,Keeper,1986-06-03,40,Cabo Verde,FACT,true,1.0,https://www.fotmob.com/api/data/teams?id=7815,2026-09-22T18:30:11.545335+00:00,2026-09-22T18:30:11.545335+00:00,"{""id"":422149,""name"":""Vozinha"",""role"":{""key"":""keeper_long"",""fallback"":""Keeper""},""dateOfBirth"":""1986-06-03"",""age"":40,""cname"":""Cabo Verde"",""ccode"":""CPV"",""shirtNumber"":29}"
50000796,Colo Colo,fotmob,7815,1944673,Santiago Tapia,CURRENT_SQUAD,Keeper,2008-06-12,18,Chile,FACT,true,1.0,https://www.fotmob.com/api/data/teams?id=7815,2026-09-22T18:30:11.545335+00:00,2026-09-22T18:30:11.545335+00:00,"{""id"":1944673,""name"":""Santiago Tapia"",""role"":{""key"":""keeper_long"",""fallback"":""Keeper""},""dateOfBirth"":""2008-06-12"",""age"":18,""cname"":""Chile"",""ccode"":""CHI"",""shirtNumber"":40}"
50000796,Colo Colo,fotmob,7815,1720645,Bastián Silva,CURRENT_SQUAD,Defender,2004-01-05,22,Chile,FACT,true,1.0,https://www.fotmob.com/api/data/teams?id=7815,2026-09-22T18:30:11.545335+00:00,2026-09-22T18:30:11.545335+00:00,"{""id"":1720645,""name"":""Bastián Silva"",""role"":{""key"":""defender_long"",""fallback"":""Defender""},""dateOfBirth"":""2004-01-05"",""age"":22,""cname"":""Chile"",""ccode"":""CHI""}"
50000796,Colo Colo,fotmob,7815,1129024,Jonathan Villagra,CURRENT_SQUAD,Defender,2001-03-28,25,Chile,FACT,true,1.0,https://www.fotmob.com/api/data/teams?id=7815,2026-09-22T18:30:11.545335+00:00,2026-09-22T18:30:11.545335+00:00,"{""id"":1129024,""name"":""Jonathan Villagra"",""role"":{""key"":""defender_long"",""fallback"":""Defender""},""dateOfBirth"":""2001-03-28"",""age"":25,""cname"":""Chile"",""ccode"":""CHI"",""shirtNumber"":2}"
50000796,Colo Colo,fotmob,7815,2099284,Alonso Olguín,CURRENT_SQUAD,Defender,2008-02-08,18,Chile,FACT,true,1.0,https://www.fotmob.com/api/data/teams?id=7815,2026-09-22T18:30:11.545335+00:00,2026-09-22T18:30:11.545335+00:00,"{""id"":2099284,""name"":""Alonso Olguín"",""role"":{""key"":""defender_long"",""fallback"":""Defender""},""dateOfBirth"":""2008-02-08"",""age"":18,""cname"":""Chile"",""ccode"":""CHI"",""shirtNumber"":3}"
50000796,Colo Colo,fotmob,7815,1209586,Joaquín Sosa,CURRENT_SQUAD,Defender,2002-01-10,24,Uruguay,FACT,true,1.0,https://www.fotmob.com/api/data/teams?id=7815,2026-09-22T18:30:11.545335+00:00,2026-09-22T18:30:11.545335+00:00,"{""id"":1209586,""name"":""Joaquín Sosa"",""role"":{""key"":""defender_long"",""fallback"":""Defender""},""dateOfBirth"":""2002-01-10"",""age"":24,""cname"":""Uruguay"",""ccode"":""URU"",""shirtNumber"":4}"
50000796,Colo Colo,fotmob,7815,660835,Matías Fernández,CURRENT_SQUAD,Defender,1995-08-14,31,Chile,FACT,true,1.0,https://www.fotmob.com/api/data/teams?id=7815,2026-09-22T18:30:11.545335+00:00,2026-09-22T18:30:11.545335+00:00,"{""id"":660835,""name"":""Matías Fernández"",""role"":{""key"":""defender_long"",""fallback"":""Defender""},""dateOfBirth"":""1995-08-14"",""age"":31,""cname"":""Chile"",""ccode"":""CHI"",""shirtNumber"":13}"
50000796,Colo Colo,fotmob,7815,1434500,Iván Román,CURRENT_SQUAD,Defender,2006-07-12,20,Chile,FACT,true,1.0,https://www.fotmob.com/api/data/teams?id=7815,2026-09-22T18:30:11.545335+00:00,2026-09-22T18:30:11.545335+00:00,"{""id"":1434500,""name"":""Iván Román"",""role"":{""key"":""defender_long"",""fallback"":""Defender""},""dateOfBirth"":""2006-07-12"",""age"":20,""cname"":""Chile"",""ccode"":""CHI"",""shirtNumber"":17}"
50000796,Colo Colo,fotmob,7815,812758,Javier Méndez,CURRENT_SQUAD,Defender,1994-12-05,31,Uruguay,FACT,true,1.0,https://www.fotmob.com/api/data/teams?id=7815,2026-09-22T18:30:11.545335+00:00,2026-09-22T18:30:11.545335+00:00,"{""id"":812758,""name"":""Javier Méndez"",""role"":{""key"":""defender_long"",""fallback"":""Defender""},""dateOfBirth"":""1994-12-05"",""age"":31,""cname"":""Uruguay"",""ccode"":""URU"",""shirtNumber"":20}"
50000796,Colo Colo,fotmob,7815,1019675,Erick Wiemberg,CURRENT_SQUAD,Defender,1994-06-20,32,Chile,FACT,true,1.0,https://www.fotmob.com/api/data/teams?id=7815,2026-09-22T18:30:11.545335+00:00,2026-09-22T18:30:11.545335+00:00,"{""id"":1019675,""name"":""Erick Wiemberg"",""role"":{""key"":""defender_long"",""fallback"":""Defender""},""dateOfBirth"":""1994-06-20"",""age"":32,""cname"":""Chile"",""ccode"":""CHI"",""shirtNumber"":21}"
50000796,Colo Colo,fotmob,7815,49939,Arturo Vidal,CURRENT_SQUAD,Defender,1987-05-22,39,Chile,FACT,true,1.0,https://www.fotmob.com/api/data/teams?id=7815,2026-09-22T18:30:11.545335+00:00,2026-09-22T18:30:11.545335+00:00,"{""id"":49939,""name"":""Arturo Vidal"",""role"":{""key"":""defender_long"",""fallback"":""Defender""},""dateOfBirth"":""1987-05-22"",""age"":39,""cname"":""Chile"",""ccode"":""CHI"",""shirtNumber"":23}"
50000796,Colo Colo,fotmob,7815,1334617,Diego Ulloa,CURRENT_SQUAD,Defender,2003-06-16,23,Chile,FACT,true,1.0,https://www.fotmob.com/api/data/teams?id=7815,2026-09-22T18:30:11.545335+00:00,2026-09-22T18:30:11.545335+00:00,"{""id"":1334617,""name"":""Diego Ulloa"",""role"":{""key"":""defender_long"",""fallback"":""Defender""},""dateOfBirth"":""2003-06-16"",""age"":23,""cname"":""Chile"",""ccode"":""CHI"",""shirtNumber"":26}"
50000796,Colo Colo,fotmob,7815,1844047,Bruno Torres,CURRENT_SQUAD,Defender,2008-01-28,18,Chile,FACT,true,1.0,https://www.fotmob.com/api/data/teams?id=7815,2026-09-22T18:30:11.545335+00:00,2026-09-22T18:30:11.545335+00:00,"{""id"":1844047,""name"":""Bruno Torres"",""role"":{""key"":""defender_long"",""fallback"":""Defender""},""dateOfBirth"":""2008-01-28"",""age"":18,""cname"":""Chile"",""ccode"":""CHI"",""shirtNumber"":31}"
50000796,Colo Colo,fotmob,7815,1899753,Matías Moya,CURRENT_SQUAD,Defender,2007-01-13,19,Chile,FACT,true,1.0,https://www.fotmob.com/api/data/teams?id=7815,2026-09-22T18:30:11.545335+00:00,2026-09-22T18:30:11.545335+00:00,"{""id"":1899753,""name"":""Matías Moya"",""role"":{""key"":""defender_long"",""fallback"":""Defender""},""dateOfBirth"":""2007-01-13"",""age"":19,""cname"":""Chile"",""ccode"":""CHI"",""shirtNumber"":36}"
50000796,Colo Colo,fotmob,7815,2032864,Ángel Díaz,CURRENT_SQUAD,Midfielder,2007-02-18,19,Chile,FACT,true,1.0,https://www.fotmob.com/api/data/teams?id=7815,2026-09-22T18:30:11.545335+00:00,2026-09-22T18:30:11.545335+00:00,"{""id"":2032864,""name"":""Ángel Díaz"",""role"":{""key"":""midfielder_long"",""fallback"":""Midfielder""},""dateOfBirth"":""2007-02-18"",""age"":19,""cname"":""Chile"",""ccode"":""CHI""}"
50000796,Colo Colo,fotmob,7815,848123,Felipe Méndez,CURRENT_SQUAD,Midfielder,1999-09-23,26,Chile,FACT,true,1.0,https://www.fotmob.com/api/data/teams?id=7815,2026-09-22T18:30:11.545335+00:00,2026-09-22T18:30:11.545335+00:00,"{""id"":848123,""name"":""Felipe Méndez"",""role"":{""key"":""midfielder_long"",""fallback"":""Midfielder""},""dateOfBirth"":""1999-09-23"",""age"":26,""cname"":""Chile"",""ccode"":""CHI"",""shirtNumber"":5}"
50000796,Colo Colo,fotmob,7815,772080,Tomás Alarcón,CURRENT_SQUAD,Midfielder,1999-01-19,27,Chile,FACT,true,1.0,https://www.fotmob.com/api/data/teams?id=7815,2026-09-22T18:30:11.545335+00:00,2026-09-22T18:30:11.545335+00:00,"{""id"":772080,""name"":""Tomás Alarcón"",""role"":{""key"":""midfielder_long"",""fallback"":""Midfielder""},""dateOfBirth"":""1999-01-19"",""age"":27,""cname"":""Chile"",""ccode"":""CHI"",""shirtNumber"":6}"
50000796,Colo Colo,fotmob,7815,466223,Álvaro Madrid,CURRENT_SQUAD,Midfielder,1995-04-05,31,Chile,FACT,true,1.0,https://www.fotmob.com/api/data/teams?id=7815,2026-09-22T18:30:11.545335+00:00,2026-09-22T18:30:11.545335+00:00,"{""id"":466223,""name"":""Álvaro Madrid"",""role"":{""key"":""midfielder_long"",""fallback"":""Midfielder""},""dateOfBirth"":""1995-04-05"",""age"":31,""cname"":""Chile"",""ccode"":""CHI"",""shirtNumber"":8}"
50000796,Colo Colo,fotmob,7815,1137702,Jeyson Rojas,CURRENT_SQUAD,Midfielder,2002-01-23,24,Chile,FACT,true,1.0,https://www.fotmob.com/api/data/teams?id=7815,2026-09-22T18:30:11.545335+00:00,2026-09-22T18:30:11.545335+00:00,"{""id"":1137702,""name"":""Jeyson Rojas"",""role"":{""key"":""midfielder_long"",""fallback"":""Midfielder""},""dateOfBirth"":""2002-01-23"",""age"":24,""cname"":""Chile"",""ccode"":""CHI"",""shirtNumber"":28}"
50000796,Colo Colo,fotmob,7815,2032866,Cristian Díaz,CURRENT_SQUAD,Midfielder,2008-05-15,18,Chile,FACT,true,1.0,https://www.fotmob.com/api/data/teams?id=7815,2026-09-22T18:30:11.545335+00:00,2026-09-22T18:30:11.545335+00:00,"{""id"":2032866,""name"":""Cristian Díaz"",""role"":{""key"":""midfielder_long"",""fallback"":""Midfielder""},""dateOfBirth"":""2008-05-15"",""age"":18,""cname"":""Chile"",""ccode"":""CHI"",""shirtNumber"":42}"
50000796,Colo Colo,fotmob,7815,1678291,Francisco Marchant,CURRENT_SQUAD,Attacker,2006-07-31,20,Chile,FACT,true,1.0,https://www.fotmob.com/api/data/teams?id=7815,2026-09-22T18:30:11.545335+00:00,2026-09-22T18:30:11.545335+00:00,"{""id"":1678291,""name"":""Francisco Marchant"",""role"":{""key"":""attacker_long"",""fallback"":""Attacker""},""dateOfBirth"":""2006-07-31"",""age"":20,""cname"":""Chile"",""ccode"":""CHI"",""shirtNumber"":7}"
50000796,Colo Colo,fotmob,7815,564613,Javier Correa,CURRENT_SQUAD,Attacker,1992-10-23,33,Argentina,FACT,true,1.0,https://www.fotmob.com/api/data/teams?id=7815,2026-09-22T18:30:11.545335+00:00,2026-09-22T18:30:11.545335+00:00,"{""id"":564613,""name"":""Javier Correa"",""role"":{""key"":""attacker_long"",""fallback"":""Attacker""},""dateOfBirth"":""1992-10-23"",""age"":33,""cname"":""Argentina"",""ccode"":""ARG"",""shirtNumber"":9}"
50000796,Colo Colo,fotmob,7815,1360311,Lautaro Pastrán,CURRENT_SQUAD,Attacker,2002-06-27,24,Chile,FACT,true,1.0,https://www.fotmob.com/api/data/teams?id=7815,2026-09-22T18:30:11.545335+00:00,2026-09-22T18:30:11.545335+00:00,"{""id"":1360311,""name"":""Lautaro Pastrán"",""role"":{""key"":""attacker_long"",""fallback"":""Attacker""},""dateOfBirth"":""2002-06-27"",""age"":24,""cname"":""Chile"",""ccode"":""CHI"",""shirtNumber"":10}"
50000796,Colo Colo,fotmob,7815,424700,Marcos Bolados,CURRENT_SQUAD,Attacker,1996-02-28,30,Chile,FACT,true,1.0,https://www.fotmob.com/api/data/teams?id=7815,2026-09-22T18:30:11.545335+00:00,2026-09-22T18:30:11.545335+00:00,"{""id"":424700,""name"":""Marcos Bolados"",""role"":{""key"":""attacker_long"",""fallback"":""Attacker""},""dateOfBirth"":""1996-02-28"",""age"":30,""cname"":""Chile"",""ccode"":""CHI"",""shirtNumber"":11}"
50000796,Colo Colo,fotmob,7815,1941697,Danilo Saavedra,CURRENT_SQUAD,Attacker,2007-02-10,19,Chile,FACT,true,1.0,https://www.fotmob.com/api/data/teams?id=7815,2026-09-22T18:30:11.545335+00:00,2026-09-22T18:30:11.545335+00:00,"{""id"":1941697,""name"":""Danilo Saavedra"",""role"":{""key"":""attacker_long"",""fallback"":""Attacker""},""dateOfBirth"":""2007-02-10"",""age"":19,""cname"":""Chile"",""ccode"":""CHI"",""shirtNumber"":14}"
50000796,Colo Colo,fotmob,7815,613299,Maximiliano Romero,CURRENT_SQUAD,Attacker,1999-01-09,27,Argentina,FACT,true,1.0,https://www.fotmob.com/api/data/teams?id=7815,2026-09-22T18:30:11.545335+00:00,2026-09-22T18:30:11.545335+00:00,"{""id"":613299,""name"":""Maximiliano Romero"",""role"":{""key"":""attacker_long"",""fallback"":""Attacker""},""dateOfBirth"":""1999-01-09"",""age"":27,""cname"":""Argentina"",""ccode"":""ARG"",""shirtNumber"":19}"
50000796,Colo Colo,fotmob,7815,492796,Claudio Aquino,CURRENT_SQUAD,Attacker,1991-07-24,35,Argentina,FACT,true,1.0,https://www.fotmob.com/api/data/teams?id=7815,2026-09-22T18:30:11.545335+00:00,2026-09-22T18:30:11.545335+00:00,"{""id"":492796,""name"":""Claudio Aquino"",""role"":{""key"":""attacker_long"",""fallback"":""Attacker""},""dateOfBirth"":""1991-07-24"",""age"":35,""cname"":""Argentina"",""ccode"":""ARG"",""shirtNumber"":22}"
50000796,Colo Colo,fotmob,7815,1578873,Leandro Hernández,CURRENT_SQUAD,Attacker,2005-06-13,21,Chile,FACT,true,1.0,https://www.fotmob.com/api/data/teams?id=7815,2026-09-22T18:30:11.545335+00:00,2026-09-22T18:30:11.545335+00:00,"{""id"":1578873,""name"":""Leandro Hernández"",""role"":{""key"":""attacker_long"",""fallback"":""Attacker""},""dateOfBirth"":""2005-06-13"",""age"":21,""cname"":""Chile"",""ccode"":""CHI"",""shirtNumber"":24}"
50000796,Colo Colo,fotmob,7815,1994753,Garrido Garrido,CURRENT_SQUAD,Attacker,2008-09-13,18,Chile,FACT,true,1.0,https://www.fotmob.com/api/data/teams?id=7815,2026-09-22T18:30:11.545335+00:00,2026-09-22T18:30:11.545335+00:00,"{""id"":1994753,""name"":""Garrido Garrido"",""role"":{""key"":""attacker_long"",""fallback"":""Attacker""},""dateOfBirth"":""2008-09-13"",""age"":18,""cname"":""Chile"",""ccode"":""CHI"",""shirtNumber"":27}"
50000796,Colo Colo,fotmob,7815,1899752,Yastin Cuevas,CURRENT_SQUAD,Attacker,2008-03-29,18,Chile,FACT,true,1.0,https://www.fotmob.com/api/data/teams?id=7815,2026-09-22T18:30:11.545335+00:00,2026-09-22T18:30:11.545335+00:00,"{""id"":1899752,""name"":""Yastin Cuevas"",""role"":{""key"":""attacker_long"",""fallback"":""Attacker""},""dateOfBirth"":""2008-03-29"",""age"":18,""cname"":""Chile"",""ccode"":""CHI"",""shirtNumber"":30}"
50000796,Colo Colo,fotmob,7815,1899754,Vicente Martínez,CURRENT_SQUAD,Attacker,2008-05-16,18,Chile,FACT,true,1.0,https://www.fotmob.com/api/data/teams?id=7815,2026-09-22T18:30:11.545335+00:00,2026-09-22T18:30:11.545335+00:00,"{""id"":1899754,""name"":""Vicente Martínez"",""role"":{""key"":""attacker_long"",""fallback"":""Attacker""},""dateOfBirth"":""2008-05-16"",""age"":18,""cname"":""Chile"",""ccode"":""CHI"",""shirtNumber"":32}"
50000796,Colo Colo,fotmob,7815,1944670,Rodrigo Catalán,CURRENT_SQUAD,Attacker,2009-04-14,17,Chile,FACT,true,1.0,https://www.fotmob.com/api/data/teams?id=7815,2026-09-22T18:30:11.545335+00:00,2026-09-22T18:30:11.545335+00:00,"{""id"":1944670,""name"":""Rodrigo Catalán"",""role"":{""key"":""attacker_long"",""fallback"":""Attacker""},""dateOfBirth"":""2009-04-14"",""age"":17,""cname"":""Chile"",""ccode"":""CHI"",""shirtNumber"":34}"
50000796,Colo Colo,fotmob,7815,1813703,Jerall Astudillo,CURRENT_SQUAD,Attacker,2007-03-13,19,Chile,FACT,true,1.0,https://www.fotmob.com/api/data/teams?id=7815,2026-09-22T18:30:11.545335+00:00,2026-09-22T18:30:11.545335+00:00,"{""id"":1813703,""name"":""Jerall Astudillo"",""role"":{""key"":""attacker_long"",""fallback"":""Attacker""},""dateOfBirth"":""2007-03-13"",""age"":19,""cname"":""Chile"",""ccode"":""CHI"",""shirtNumber"":35}"
50000796,Colo Colo,fotmob,7815,1988967,Felipe Raipán,CURRENT_SQUAD,Attacker,2010-04-26,16,Chile,FACT,true,1.0,https://www.fotmob.com/api/data/teams?id=7815,2026-09-22T18:30:11.545335+00:00,2026-09-22T18:30:11.545335+00:00,"{""id"":1988967,""name"":""Felipe Raipán"",""role"":{""key"":""attacker_long"",""fallback"":""Attacker""},""dateOfBirth"":""2010-04-26"",""age"":16,""cname"":""Chile"",""ccode"":""CHI"",""shirtNumber"":50}"
50000894,Criciuma,fotmob,7729,604564,Eduardo Baptista,CURRENT_SQUAD,Coach,1972-03-30,54,Brazil,FACT,true,1.0,https://www.fotmob.com/api/data/teams?id=7729,2026-09-22T18:30:11.545335+00:00,2026-09-22T18:30:11.545335+00:00,"{""id"":604564,""name"":""Eduardo Baptista"",""role"":{""key"":""coach"",""fallback"":""Coach""},""dateOfBirth"":""1972-03-30"",""age"":54,""cname"":""Brazil"",""ccode"":""BRA""}"
50000894,Criciuma,fotmob,7729,750441,Alisson,CURRENT_SQUAD,Keeper,1995-06-08,31,Brazil,FACT,true,1.0,https://www.fotmob.com/api/data/teams?id=7729,2026-09-22T18:30:11.545335+00:00,2026-09-22T18:30:11.545335+00:00,"{""id"":750441,""name"":""Alisson"",""role"":{""key"":""keeper_long"",""fallback"":""Keeper""},""dateOfBirth"":""1995-06-08"",""age"":31,""cname"":""Brazil"",""ccode"":""BRA"",""shirtNumber"":1}"
50000894,Criciuma,fotmob,7729,1469698,Kauã Moroso,CURRENT_SQUAD,Keeper,2004-03-11,22,Brazil,FACT,true,1.0,https://www.fotmob.com/api/data/teams?id=7729,2026-09-22T18:30:11.545335+00:00,2026-09-22T18:30:11.545335+00:00,"{""id"":1469698,""name"":""Kauã Moroso"",""role"":{""key"":""keeper_long"",""fallback"":""Keeper""},""dateOfBirth"":""2004-03-11"",""age"":22,""cname"":""Brazil"",""ccode"":""BRA"",""shirtNumber"":12}"
50000894,Criciuma,fotmob,7729,658553,Airton,CURRENT_SQUAD,Keeper,1994-05-29,32,Brazil,FACT,true,1.0,https://www.fotmob.com/api/data/teams?id=7729,2026-09-22T18:30:11.545335+00:00,2026-09-22T18:30:11.545335+00:00,"{""id"":658553,""name"":""Airton"",""role"":{""key"":""keeper_long"",""fallback"":""Keeper""},""dateOfBirth"":""1994-05-29"",""age"":32,""cname"":""Brazil"",""ccode"":""BRA"",""shirtNumber"":32}"
50000894,Criciuma,fotmob,7729,1928323,Pedro,CURRENT_SQUAD,Keeper,2005-04-19,21,Brazil,FACT,true,1.0,https://www.fotmob.com/api/data/teams?id=7729,2026-09-22T18:30:11.545335+00:00,2026-09-22T18:30:11.545335+00:00,"{""id"":1928323,""name"":""Pedro"",""role"":{""key"":""keeper_long"",""fallback"":""Keeper""},""dateOfBirth"":""2005-04-19"",""age"":21,""cname"":""Brazil"",""ccode"":""BRA"",""shirtNumber"":70}"
50000894,Criciuma,fotmob,7729,1971349,Lucas Soratto,CURRENT_SQUAD,Keeper,2007-02-14,19,Brazil,FACT,true,1.0,https://www.fotmob.com/api/data/teams?id=7729,2026-09-22T18:30:11.545335+00:00,2026-09-22T18:30:11.545335+00:00,"{""id"":1971349,""name"":""Lucas Soratto"",""role"":{""key"":""keeper_long"",""fallback"":""Keeper""},""dateOfBirth"":""2007-02-14"",""age"":19,""cname"":""Brazil"",""ccode"":""BRA"",""shirtNumber"":93}"
50000894,Criciuma,fotmob,7729,1320957,Rômulo,CURRENT_SQUAD,Defender,2004-01-31,22,Brazil,FACT,true,1.0,https://www.fotmob.com/api/data/teams?id=7729,2026-09-22T18:30:11.545335+00:00,2026-09-22T18:30:11.545335+00:00,"{""id"":1320957,""name"":""Rômulo"",""role"":{""key"":""defender_long"",""fallback"":""Defender""},""dateOfBirth"":""2004-01-31"",""age"":22,""cname"":""Brazil"",""ccode"":""BRA""}"
50000894,Criciuma,fotmob,7729,640410,Rodrigo,CURRENT_SQUAD,Defender,1987-03-10,39,Brazil,FACT,true,1.0,https://www.fotmob.com/api/data/teams?id=7729,2026-09-22T18:30:11.545335+00:00,2026-09-22T18:30:11.545335+00:00,"{""id"":640410,""name"":""Rodrigo"",""role"":{""key"":""defender_long"",""fallback"":""Defender""},""dateOfBirth"":""1987-03-10"",""age"":39,""cname"":""Brazil"",""ccode"":""BRA"",""shirtNumber"":3}"
50000894,Criciuma,fotmob,7729,202332,Luciano Castán,CURRENT_SQUAD,Defender,1989-09-13,37,Brazil,FACT,true,1.0,https://www.fotmob.com/api/data/teams?id=7729,2026-09-22T18:30:11.545335+00:00,2026-09-22T18:30:11.545335+00:00,"{""id"":202332,""name"":""Luciano Castán"",""role"":{""key"":""defender_long"",""fallback"":""Defender""},""dateOfBirth"":""1989-09-13"",""age"":37,""cname"":""Brazil"",""ccode"":""BRA"",""shirtNumber"":4}"
50000894,Criciuma,fotmob,7729,1380776,Léo Mana,CURRENT_SQUAD,Defender,2004-04-06,22,Brazil,FACT,true,1.0,https://www.fotmob.com/api/data/teams?id=7729,2026-09-22T18:30:11.545335+00:00,2026-09-22T18:30:11.545335+00:00,"{""id"":1380776,""name"":""Léo Mana"",""role"":{""key"":""defender_long"",""fallback"":""Defender""},""dateOfBirth"":""2004-04-06"",""age"":22,""cname"":""Brazil"",""ccode"":""BRA"",""shirtNumber"":15}"
50000894,Criciuma,fotmob,7729,1734315,Octávio Henrique,CURRENT_SQUAD,Defender,2005-01-07,21,Brazil,FACT,true,1.0,https://www.fotmob.com/api/data/teams?id=7729,2026-09-22T18:30:11.545335+00:00,2026-09-22T18:30:11.545335+00:00,"{""id"":1734315,""name"":""Octávio Henrique"",""role"":{""key"":""defender_long"",""fallback"":""Defender""},""dateOfBirth"":""2005-01-07"",""age"":21,""cname"":""Brazil"",""ccode"":""BRA"",""shirtNumber"":30}"
50000894,Criciuma,fotmob,7729,263948,Bruno Alves,CURRENT_SQUAD,Defender,1991-04-16,35,Brazil,FACT,true,1.0,https://www.fotmob.com/api/data/teams?id=7729,2026-09-22T18:30:11.545335+00:00,2026-09-22T18:30:11.545335+00:00,"{""id"":263948,""name"":""Bruno Alves"",""role"":{""key"":""defender_long"",""fallback"":""Defender""},""dateOfBirth"":""1991-04-16"",""age"":35,""cname"":""Brazil"",""ccode"":""BRA"",""shirtNumber"":34}"
50000894,Criciuma,fotmob,7729,450293,César Martins,CURRENT_SQUAD,Defender,1992-12-28,33,Brazil,FACT,true,1.0,https://www.fotmob.com/api/data/teams?id=7729,2026-09-22T18:30:11.545335+00:00,2026-09-22T18:30:11.545335+00:00,"{""id"":450293,""name"":""César Martins"",""role"":{""key"":""defender_long"",""fallback"":""Defender""},""dateOfBirth"":""1992-12-28"",""age"":33,""cname"":""Brazil"",""ccode"":""BRA"",""shirtNumber"":37}"
50000894,Criciuma,fotmob,7729,1635655,Erick Garcia,CURRENT_SQUAD,Defender,2005-06-04,21,Brazil,FACT,true,1.0,https://www.fotmob.com/api/data/teams?id=7729,2026-09-22T18:30:11.545335+00:00,2026-09-22T18:30:11.545335+00:00,"{""id"":1635655,""name"":""Erick Garcia"",""role"":{""key"":""defender_long"",""fallback"":""Defender""},""dateOfBirth"":""2005-06-04"",""age"":21,""cname"":""Brazil"",""ccode"":""BRA"",""shirtNumber"":41}"
50000894,Criciuma,fotmob,7729,1734324,Ruan,CURRENT_SQUAD,Defender,2006-10-21,19,Brazil,FACT,true,1.0,https://www.fotmob.com/api/data/teams?id=7729,2026-09-22T18:30:11.545335+00:00,2026-09-22T18:30:11.545335+00:00,"{""id"":1734324,""name"":""Ruan"",""role"":{""key"":""defender_long"",""fallback"":""Defender""},""dateOfBirth"":""2006-10-21"",""age"":19,""cname"":""Brazil"",""ccode"":""BRA"",""shirtNumber"":80}"
50000894,Criciuma,fotmob,7729,942855,Willean Lepo,CURRENT_SQUAD,Midfielder,1997-01-16,29,Brazil,FACT,true,1.0,https://www.fotmob.com/api/data/teams?id=7729,2026-09-22T18:30:11.545335+00:00,2026-09-22T18:30:11.545335+00:00,"{""id"":942855,""name"":""Willean Lepo"",""role"":{""key"":""midfielder_long"",""fallback"":""Midfielder""},""dateOfBirth"":""1997-01-16"",""age"":29,""cname"":""Brazil"",""ccode"":""BRA"",""shirtNumber"":2}"
50000894,Criciuma,fotmob,7729,884063,Eduardo,CURRENT_SQUAD,Midfielder,1997-01-09,29,Brazil,FACT,true,1.0,https://www.fotmob.com/api/data/teams?id=7729,2026-09-22T18:30:11.545335+00:00,2026-09-22T18:30:11.545335+00:00,"{""id"":884063,""name"":""Eduardo"",""role"":{""key"":""midfielder_long"",""fallback"":""Midfielder""},""dateOfBirth"":""1997-01-09"",""age"":29,""cname"":""Brazil"",""ccode"":""BRA"",""shirtNumber"":5}"
50000894,Criciuma,fotmob,7729,749365,Marcinho,CURRENT_SQUAD,Midfielder,1996-05-16,30,Brazil,FACT,true,1.0,https://www.fotmob.com/api/data/teams?id=7729,2026-09-22T18:30:11.545335+00:00,2026-09-22T18:30:11.545335+00:00,"{""id"":749365,""name"":""Marcinho"",""role"":{""key"":""midfielder_long"",""fallback"":""Midfielder""},""dateOfBirth"":""1996-05-16"",""age"":30,""cname"":""Brazil"",""ccode"":""BRA"",""shirtNumber"":6}"
50000894,Criciuma,fotmob,7729,851632,Fellipe Mateus,CURRENT_SQUAD,Midfielder,1991-02-12,35,Brazil,FACT,true,1.0,https://www.fotmob.com/api/data/teams?id=7729,2026-09-22T18:30:11.545335+00:00,2026-09-22T18:30:11.545335+00:00,"{""id"":851632,""name"":""Fellipe Mateus"",""role"":{""key"":""midfielder_long"",""fallback"":""Midfielder""},""dateOfBirth"":""1991-02-12"",""age"":35,""cname"":""Brazil"",""ccode"":""BRA"",""shirtNumber"":7}"
50000894,Criciuma,fotmob,7729,1098099,Jhonata Robert,CURRENT_SQUAD,Midfielder,1999-10-26,26,Brazil,FACT,true,1.0,https://www.fotmob.com/api/data/teams?id=7729,2026-09-22T18:30:11.545335+00:00,2026-09-22T18:30:11.545335+00:00,"{""id"":1098099,""name"":""Jhonata Robert"",""role"":{""key"":""midfielder_long"",""fallback"":""Midfielder""},""dateOfBirth"":""1999-10-26"",""age"":26,""cname"":""Brazil"",""ccode"":""BRA"",""shirtNumber"":10}"
50000894,Criciuma,fotmob,7729,1176041,Ronald,CURRENT_SQUAD,Midfielder,1997-06-18,29,Brazil,FACT,true,1.0,https://www.fotmob.com/api/data/teams?id=7729,2026-09-22T18:30:11.545335+00:00,2026-09-22T18:30:11.545335+00:00,"{""id"":1176041,""name"":""Ronald"",""role"":{""key"":""midfielder_long"",""fallback"":""Midfielder""},""dateOfBirth"":""1997-06-18"",""age"":29,""cname"":""Brazil"",""ccode"":""BRA"",""shirtNumber"":14}"
50000894,Criciuma,fotmob,7729,1764025,Lucas Bugs,CURRENT_SQUAD,Midfielder,2006-05-13,20,Brazil,FACT,true,1.0,https://www.fotmob.com/api/data/teams?id=7729,2026-09-22T18:30:11.545335+00:00,2026-09-22T18:30:11.545335+00:00,"{""id"":1764025,""name"":""Lucas Bugs"",""role"":{""key"":""midfielder_long"",""fallback"":""Midfielder""},""dateOfBirth"":""2006-05-13"",""age"":20,""cname"":""Brazil"",""ccode"":""BRA"",""shirtNumber"":17}"
50000894,Criciuma,fotmob,7729,1635656,Fabrício,CURRENT_SQUAD,Midfielder,2006-02-24,20,Brazil,FACT,true,1.0,https://www.fotmob.com/api/data/teams?id=7729,2026-09-22T18:30:11.545335+00:00,2026-09-22T18:30:11.545335+00:00,"{""id"":1635656,""name"":""Fabrício"",""role"":{""key"":""midfielder_long"",""fallback"":""Midfielder""},""dateOfBirth"":""2006-02-24"",""age"":20,""cname"":""Brazil"",""ccode"":""BRA"",""shirtNumber"":18}"
50000894,Criciuma,fotmob,7729,604563,Marcelo Hermes,CURRENT_SQUAD,Midfielder,1995-02-01,31,Brazil,FACT,true,1.0,https://www.fotmob.com/api/data/teams?id=7729,2026-09-22T18:30:11.545335+00:00,2026-09-22T18:30:11.545335+00:00,"{""id"":604563,""name"":""Marcelo Hermes"",""role"":{""key"":""midfielder_long"",""fallback"":""Midfielder""},""dateOfBirth"":""1995-02-01"",""age"":31,""cname"":""Brazil"",""ccode"":""BRA"",""shirtNumber"":22}"
50000894,Criciuma,fotmob,7729,1734308,Gui Lobo,CURRENT_SQUAD,Midfielder,1999-10-14,26,Brazil,FACT,true,1.0,https://www.fotmob.com/api/data/teams?id=7729,2026-09-22T18:30:11.545335+00:00,2026-09-22T18:30:11.545335+00:00,"{""id"":1734308,""name"":""Gui Lobo"",""role"":{""key"":""midfielder_long"",""fallback"":""Midfielder""},""dateOfBirth"":""1999-10-14"",""age"":26,""cname"":""Brazil"",""ccode"":""BRA"",""shirtNumber"":25}"
50000894,Criciuma,fotmob,7729,1670283,Hiago Alves,CURRENT_SQUAD,Midfielder,2005-09-02,21,Brazil,FACT,true,1.0,https://www.fotmob.com/api/data/teams?id=7729,2026-09-22T18:30:11.545335+00:00,2026-09-22T18:30:11.545335+00:00,"{""id"":1670283,""name"":""Hiago Alves"",""role"":{""key"":""midfielder_long"",""fallback"":""Midfielder""},""dateOfBirth"":""2005-09-02"",""age"":21,""cname"":""Brazil"",""ccode"":""BRA"",""shirtNumber"":31}"
50000894,Criciuma,fotmob,7729,792064,Jean Irmer,CURRENT_SQUAD,Midfielder,1994-09-26,31,Brazil,FACT,true,1.0,https://www.fotmob.com/api/data/teams?id=7729,2026-09-22T18:30:11.545335+00:00,2026-09-22T18:30:11.545335+00:00,"{""id"":792064,""name"":""Jean Irmer"",""role"":{""key"":""midfielder_long"",""fallback"":""Midfielder""},""dateOfBirth"":""1994-09-26"",""age"":31,""cname"":""Brazil"",""ccode"":""BRA"",""shirtNumber"":41}"
50000894,Criciuma,fotmob,7729,1933462,Thiaguinho,CURRENT_SQUAD,Midfielder,2006-02-01,20,Brazil,FACT,true,1.0,https://www.fotmob.com/api/data/teams?id=7729,2026-09-22T18:30:11.545335+00:00,2026-09-22T18:30:11.545335+00:00,"{""id"":1933462,""name"":""Thiaguinho"",""role"":{""key"":""midfielder_long"",""fallback"":""Midfielder""},""dateOfBirth"":""2006-02-01"",""age"":20,""cname"":""Brazil"",""ccode"":""BRA"",""shirtNumber"":50}"
50000894,Criciuma,fotmob,7729,478416,Diego Gonçalves,CURRENT_SQUAD,Midfielder,1994-09-22,32,Brazil,FACT,true,1.0,https://www.fotmob.com/api/data/teams?id=7729,2026-09-22T18:30:11.545335+00:00,2026-09-22T18:30:11.545335+00:00,"{""id"":478416,""name"":""Diego Gonçalves"",""role"":{""key"":""midfielder_long"",""fallback"":""Midfielder""},""dateOfBirth"":""1994-09-22"",""age"":32,""cname"":""Brazil"",""ccode"":""BRA"",""shirtNumber"":77}"
50000894,Criciuma,fotmob,7729,268068,Nicolas,CURRENT_SQUAD,Attacker,1989-10-04,36,Brazil,FACT,true,1.0,https://www.fotmob.com/api/data/teams?id=7729,2026-09-22T18:30:11.545335+00:00,2026-09-22T18:30:11.545335+00:00,"{""id"":268068,""name"":""Nicolas"",""role"":{""key"":""attacker_long"",""fallback"":""Attacker""},""dateOfBirth"":""1989-10-04"",""age"":36,""cname"":""Brazil"",""ccode"":""BRA"",""shirtNumber"":9}"
50000894,Criciuma,fotmob,7729,876272,Romarinho,CURRENT_SQUAD,Attacker,1994-03-01,32,Brazil,FACT,true,1.0,https://www.fotmob.com/api/data/teams?id=7729,2026-09-22T18:30:11.545335+00:00,2026-09-22T18:30:11.545335+00:00,"{""id"":876272,""name"":""Romarinho"",""role"":{""key"":""attacker_long"",""fallback"":""Attacker""},""dateOfBirth"":""1994-03-01"",""age"":32,""cname"":""Brazil"",""ccode"":""BRA"",""shirtNumber"":11}"
50000894,Criciuma,fotmob,7729,641000,Waguininho,CURRENT_SQUAD,Attacker,1990-01-30,36,Brazil,FACT,true,1.0,https://www.fotmob.com/api/data/teams?id=7729,2026-09-22T18:30:11.545335+00:00,2026-09-22T18:30:11.545335+00:00,"{""id"":641000,""name"":""Waguininho"",""role"":{""key"":""attacker_long"",""fallback"":""Attacker""},""dateOfBirth"":""1990-01-30"",""age"":36,""cname"":""Brazil"",""ccode"":""BRA"",""shirtNumber"":13}"
50000894,Criciuma,fotmob,7729,1463464,João Carlos,CURRENT_SQUAD,Attacker,2001-06-21,25,Brazil,FACT,true,1.0,https://www.fotmob.com/api/data/teams?id=7729,2026-09-22T18:30:11.545335+00:00,2026-09-22T18:30:11.545335+00:00,"{""id"":1463464,""name"":""João Carlos"",""role"":{""key"":""attacker_long"",""fallback"":""Attacker""},""dateOfBirth"":""2001-06-21"",""age"":25,""cname"":""Brazil"",""ccode"":""BRA"",""shirtNumber"":21}"
50000894,Criciuma,fotmob,7729,1187271,Cauê,CURRENT_SQUAD,Attacker,2002-11-16,23,Brazil,FACT,true,1.0,https://www.fotmob.com/api/data/teams?id=7729,2026-09-22T18:30:11.545335+00:00,2026-09-22T18:30:11.545335+00:00,"{""id"":1187271,""name"":""Cauê"",""role"":{""key"":""attacker_long"",""fallback"":""Attacker""},""dateOfBirth"":""2002-11-16"",""age"":23,""cname"":""Brazil"",""ccode"":""BRA"",""shirtNumber"":27}"
50000894,Criciuma,fotmob,7729,835355,Yuri Tanque,CURRENT_SQUAD,Attacker,1998-06-12,28,Brazil,FACT,true,1.0,https://www.fotmob.com/api/data/teams?id=7729,2026-09-22T18:30:11.545335+00:00,2026-09-22T18:30:11.545335+00:00,"{""id"":835355,""name"":""Yuri Tanque"",""role"":{""key"":""attacker_long"",""fallback"":""Attacker""},""dateOfBirth"":""1998-06-12"",""age"":28,""cname"":""Brazil"",""ccode"":""BRA"",""shirtNumber"":33}"
50000894,Criciuma,fotmob,7729,1764022,Thales,CURRENT_SQUAD,Attacker,2006-11-04,19,Brazil,FACT,true,1.0,https://www.fotmob.com/api/data/teams?id=7729,2026-09-22T18:30:11.545335+00:00,2026-09-22T18:30:11.545335+00:00,"{""id"":1764022,""name"":""Thales"",""role"":{""key"":""attacker_long"",""fallback"":""Attacker""},""dateOfBirth"":""2006-11-04"",""age"":19,""cname"":""Brazil"",""ccode"":""BRA"",""shirtNumber"":39}"
50000894,Criciuma,fotmob,7729,240371,Rómulo Otero,CURRENT_SQUAD,Attacker,1992-11-09,33,Venezuela,FACT,true,1.0,https://www.fotmob.com/api/data/teams?id=7729,2026-09-22T18:30:11.545335+00:00,2026-09-22T18:30:11.545335+00:00,"{""id"":240371,""name"":""Rómulo Otero"",""role"":{""key"":""attacker_long"",""fallback"":""Attacker""},""dateOfBirth"":""1992-11-09"",""age"":33,""cname"":""Venezuela"",""ccode"":""VEN"",""shirtNumber"":91}"
50000913,Curico Unido,fotmob,162905,1307159,Damián Muñoz,CURRENT_SQUAD,Coach,1984-01-13,42,Chile,FACT,true,1.0,https://www.fotmob.com/api/data/teams?id=162905,2026-09-22T18:30:11.545335+00:00,2026-09-22T18:30:11.545335+00:00,"{""id"":1307159,""name"":""Damián Muñoz"",""role"":{""key"":""coach"",""fallback"":""Coach""},""dateOfBirth"":""1984-01-13"",""age"":42,""cname"":""Chile"",""ccode"":""CHI""}"
50000913,Curico Unido,fotmob,162905,1092486,Thomas Vergara,CURRENT_SQUAD,Keeper,2002-09-24,23,Chile,FACT,true,1.0,https://www.fotmob.com/api/data/teams?id=162905,2026-09-22T18:30:11.545335+00:00,2026-09-22T18:30:11.545335+00:00,"{""id"":1092486,""name"":""Thomas Vergara"",""role"":{""key"":""keeper_long"",""fallback"":""Keeper""},""dateOfBirth"":""2002-09-24"",""age"":23,""cname"":""Chile"",""ccode"":""CHI"",""shirtNumber"":1}"
50000913,Curico Unido,fotmob,162905,1609249,Damián Tello,CURRENT_SQUAD,Keeper,1995-09-23,30,Argentina,FACT,true,1.0,https://www.fotmob.com/api/data/teams?id=162905,2026-09-22T18:30:11.545335+00:00,2026-09-22T18:30:11.545335+00:00,"{""id"":1609249,""name"":""Damián Tello"",""role"":{""key"":""keeper_long"",""fallback"":""Keeper""},""dateOfBirth"":""1995-09-23"",""age"":30,""cname"":""Argentina"",""ccode"":""ARG"",""shirtNumber"":22}"
50000913,Curico Unido,fotmob,162905,1280805,Juan Ruz,CURRENT_SQUAD,Keeper,2004-08-26,22,Chile,FACT,true,1.0,https://www.fotmob.com/api/data/teams?id=162905,2026-09-22T18:30:11.545335+00:00,2026-09-22T18:30:11.545335+00:00,"{""id"":1280805,""name"":""Juan Ruz"",""role"":{""key"":""keeper_long"",""fallback"":""Keeper""},""dateOfBirth"":""2004-08-26"",""age"":22,""cname"":""Chile"",""ccode"":""CHI"",""shirtNumber"":22}"
50000913,Curico Unido,fotmob,162905,1299973,Diego Muñoz,CURRENT_SQUAD,Defender,2002-04-01,24,Chile,FACT,true,1.0,https://www.fotmob.com/api/data/teams?id=162905,2026-09-22T18:30:11.545335+00:00,2026-09-22T18:30:11.545335+00:00,"{""id"":1299973,""name"":""Diego Muñoz"",""role"":{""key"":""defender_long"",""fallback"":""Defender""},""dateOfBirth"":""2002-04-01"",""age"":24,""cname"":""Chile"",""ccode"":""CHI"",""shirtNumber"":2}"
50000913,Curico Unido,fotmob,162905,776463,Gabriel Sarria,CURRENT_SQUAD,Defender,1999-10-16,26,Chile,FACT,true,1.0,https://www.fotmob.com/api/data/teams?id=162905,2026-09-22T18:30:11.545335+00:00,2026-09-22T18:30:11.545335+00:00,"{""id"":776463,""name"":""Gabriel Sarria"",""role"":{""key"":""defender_long"",""fallback"":""Defender""},""dateOfBirth"":""1999-10-16"",""age"":26,""cname"":""Chile"",""ccode"":""CHI"",""shirtNumber"":3}"
50000913,Curico Unido,fotmob,162905,529108,Rodrigo Colombo,CURRENT_SQUAD,Defender,1992-11-19,33,Argentina,FACT,true,1.0,https://www.fotmob.com/api/data/teams?id=162905,2026-09-22T18:30:11.545335+00:00,2026-09-22T18:30:11.545335+00:00,"{""id"":529108,""name"":""Rodrigo Colombo"",""role"":{""key"":""defender_long"",""fallback"":""Defender""},""dateOfBirth"":""1992-11-19"",""age"":33,""cname"":""Argentina"",""ccode"":""ARG"",""shirtNumber"":4}"
50000913,Curico Unido,fotmob,162905,1183476,Cristopher Medina,CURRENT_SQUAD,Defender,2001-02-13,25,Chile,FACT,true,1.0,https://www.fotmob.com/api/data/teams?id=162905,2026-09-22T18:30:11.545335+00:00,2026-09-22T18:30:11.545335+00:00,"{""id"":1183476,""name"":""Cristopher Medina"",""role"":{""key"":""defender_long"",""fallback"":""Defender""},""dateOfBirth"":""2001-02-13"",""age"":25,""cname"":""Chile"",""ccode"":""CHI"",""shirtNumber"":14}"
50000913,Curico Unido,fotmob,162905,276917,Ronald de La Fuente,CURRENT_SQUAD,Defender,1991-01-25,35,Chile,FACT,true,1.0,https://www.fotmob.com/api/data/teams?id=162905,2026-09-22T18:30:11.545335+00:00,2026-09-22T18:30:11.545335+00:00,"{""id"":276917,""name"":""Ronald de La Fuente"",""role"":{""key"":""defender_long"",""fallback"":""Defender""},""dateOfBirth"":""1991-01-25"",""age"":35,""cname"":""Chile"",""ccode"":""CHI"",""shirtNumber"":19}"
50000913,Curico Unido,fotmob,162905,785836,Antonio Ramírez,CURRENT_SQUAD,Defender,1998-11-03,27,Chile,FACT,true,1.0,https://www.fotmob.com/api/data/teams?id=162905,2026-09-22T18:30:11.545335+00:00,2026-09-22T18:30:11.545335+00:00,"{""id"":785836,""name"":""Antonio Ramírez"",""role"":{""key"":""defender_long"",""fallback"":""Defender""},""dateOfBirth"":""1998-11-03"",""age"":27,""cname"":""Chile"",""ccode"":""CHI"",""shirtNumber"":20}"
50000913,Curico Unido,fotmob,162905,1909814,Lucas López,CURRENT_SQUAD,Defender,2009-04-03,17,Chile,FACT,true,1.0,https://www.fotmob.com/api/data/teams?id=162905,2026-09-22T18:30:11.545335+00:00,2026-09-22T18:30:11.545335+00:00,"{""id"":1909814,""name"":""Lucas López"",""role"":{""key"":""defender_long"",""fallback"":""Defender""},""dateOfBirth"":""2009-04-03"",""age"":17,""cname"":""Chile"",""ccode"":""CHI"",""shirtNumber"":23}"
50000913,Curico Unido,fotmob,162905,1676064,Williams Sáez,CURRENT_SQUAD,Defender,2003-12-19,22,Chile,FACT,true,1.0,https://www.fotmob.com/api/data/teams?id=162905,2026-09-22T18:30:11.545335+00:00,2026-09-22T18:30:11.545335+00:00,"{""id"":1676064,""name"":""Williams Sáez"",""role"":{""key"":""defender_long"",""fallback"":""Defender""},""dateOfBirth"":""2003-12-19"",""age"":22,""cname"":""Chile"",""ccode"":""CHI"",""shirtNumber"":24}"
50000913,Curico Unido,fotmob,162905,1909815,Leonel Barrera,CURRENT_SQUAD,Defender,2009-06-28,17,Chile,FACT,true,1.0,https://www.fotmob.com/api/data/teams?id=162905,2026-09-22T18:30:11.545335+00:00,2026-09-22T18:30:11.545335+00:00,"{""id"":1909815,""name"":""Leonel Barrera"",""role"":{""key"":""defender_long"",""fallback"":""Defender""},""dateOfBirth"":""2009-06-28"",""age"":17,""cname"":""Chile"",""ccode"":""CHI"",""shirtNumber"":32}"
50000913,Curico Unido,fotmob,162905,1909816,Benjamín Guzmán,CURRENT_SQUAD,Defender,2008-03-14,18,Chile,FACT,true,1.0,https://www.fotmob.com/api/data/teams?id=162905,2026-09-22T18:30:11.545335+00:00,2026-09-22T18:30:11.545335+00:00,"{""id"":1909816,""name"":""Benjamín Guzmán"",""role"":{""key"":""defender_long"",""fallback"":""Defender""},""dateOfBirth"":""2008-03-14"",""age"":18,""cname"":""Chile"",""ccode"":""CHI"",""shirtNumber"":33}"
50000913,Curico Unido,fotmob,162905,1909819,Martín Gómez,CURRENT_SQUAD,Defender,,,Chile,FACT,true,1.0,https://www.fotmob.com/api/data/teams?id=162905,2026-09-22T18:30:11.545335+00:00,2026-09-22T18:30:11.545335+00:00,"{""id"":1909819,""name"":""Martín Gómez"",""role"":{""key"":""defender_long"",""fallback"":""Defender""},""age"":0,""cname"":""Chile"",""ccode"":""CHI"",""shirtNumber"":34}"
50000913,Curico Unido,fotmob,162905,1241638,Ronald Guzmán,CURRENT_SQUAD,Defender,2001-12-21,24,Chile,FACT,true,1.0,https://www.fotmob.com/api/data/teams?id=162905,2026-09-22T18:30:11.545335+00:00,2026-09-22T18:30:11.545335+00:00,"{""id"":1241638,""name"":""Ronald Guzmán"",""role"":{""key"":""defender_long"",""fallback"":""Defender""},""dateOfBirth"":""2001-12-21"",""age"":24,""cname"":""Chile"",""ccode"":""CHI"",""shirtNumber"":37}"
50000913,Curico Unido,fotmob,162905,278570,Juan Gómez,CURRENT_SQUAD,Defender,1991-05-11,35,Argentina,FACT,true,1.0,https://www.fotmob.com/api/data/teams?id=162905,2026-09-22T18:30:11.545335+00:00,2026-09-22T18:30:11.545335+00:00,"{""id"":278570,""name"":""Juan Gómez"",""role"":{""key"":""defender_long"",""fallback"":""Defender""},""dateOfBirth"":""1991-05-11"",""age"":35,""cname"":""Argentina"",""ccode"":""ARG"",""shirtNumber"":39}"
50000913,Curico Unido,fotmob,162905,1032836,Francisco Oliver,CURRENT_SQUAD,Defender,1995-05-30,31,Argentina,FACT,true,1.0,https://www.fotmob.com/api/data/teams?id=162905,2026-09-22T18:30:11.545335+00:00,2026-09-22T18:30:11.545335+00:00,"{""id"":1032836,""name"":""Francisco Oliver"",""role"":{""key"":""defender_long"",""fallback"":""Defender""},""dateOfBirth"":""1995-05-30"",""age"":31,""cname"":""Argentina"",""ccode"":""ARG"",""shirtNumber"":40}"
50000913,Curico Unido,fotmob,162905,1932165,Felipe Gutiérrez,CURRENT_SQUAD,Defender,2007-02-04,19,Chile,FACT,true,1.0,https://www.fotmob.com/api/data/teams?id=162905,2026-09-22T18:30:11.545335+00:00,2026-09-22T18:30:11.545335+00:00,"{""id"":1932165,""name"":""Felipe Gutiérrez"",""role"":{""key"":""defender_long"",""fallback"":""Defender""},""dateOfBirth"":""2007-02-04"",""age"":19,""cname"":""Chile"",""ccode"":""CHI"",""shirtNumber"":43}"
50000913,Curico Unido,fotmob,162905,1482794,Braulio Guisolfo,CURRENT_SQUAD,Midfielder,2002-05-07,24,Uruguay,FACT,true,1.0,https://www.fotmob.com/api/data/teams?id=162905,2026-09-22T18:30:11.545335+00:00,2026-09-22T18:30:11.545335+00:00,"{""id"":1482794,""name"":""Braulio Guisolfo"",""role"":{""key"":""midfielder_long"",""fallback"":""Midfielder""},""dateOfBirth"":""2002-05-07"",""age"":24,""cname"":""Uruguay"",""ccode"":""URU"",""shirtNumber"":5}"
50000913,Curico Unido,fotmob,162905,1031654,Bruno Veglio,CURRENT_SQUAD,Midfielder,1998-02-12,28,Uruguay,FACT,true,1.0,https://www.fotmob.com/api/data/teams?id=162905,2026-09-22T18:30:11.545335+00:00,2026-09-22T18:30:11.545335+00:00,"{""id"":1031654,""name"":""Bruno Veglio"",""role"":{""key"":""midfielder_long"",""fallback"":""Midfielder""},""dateOfBirth"":""1998-02-12"",""age"":28,""cname"":""Uruguay"",""ccode"":""URU"",""shirtNumber"":5}"
50000913,Curico Unido,fotmob,162905,1580421,Dilan Acevedo,CURRENT_SQUAD,Midfielder,2003-05-23,23,Chile,FACT,true,1.0,https://www.fotmob.com/api/data/teams?id=162905,2026-09-22T18:30:11.545335+00:00,2026-09-22T18:30:11.545335+00:00,"{""id"":1580421,""name"":""Dilan Acevedo"",""role"":{""key"":""midfielder_long"",""fallback"":""Midfielder""},""dateOfBirth"":""2003-05-23"",""age"":23,""cname"":""Chile"",""ccode"":""CHI"",""shirtNumber"":6}"
50000913,Curico Unido,fotmob,162905,825863,Joaquín Romo,CURRENT_SQUAD,Midfielder,1999-11-19,26,Chile,FACT,true,1.0,https://www.fotmob.com/api/data/teams?id=162905,2026-09-22T18:30:11.545335+00:00,2026-09-22T18:30:11.545335+00:00,"{""id"":825863,""name"":""Joaquín Romo"",""role"":{""key"":""midfielder_long"",""fallback"":""Midfielder""},""dateOfBirth"":""1999-11-19"",""age"":26,""cname"":""Chile"",""ccode"":""CHI"",""shirtNumber"":8}"
50000913,Curico Unido,fotmob,162905,813861,Javier Retamales,CURRENT_SQUAD,Midfielder,1997-07-30,29,Chile,FACT,true,1.0,https://www.fotmob.com/api/data/teams?id=162905,2026-09-22T18:30:11.545335+00:00,2026-09-22T18:30:11.545335+00:00,"{""id"":813861,""name"":""Javier Retamales"",""role"":{""key"":""midfielder_long"",""fallback"":""Midfielder""},""dateOfBirth"":""1997-07-30"",""age"":29,""cname"":""Chile"",""ccode"":""CHI"",""shirtNumber"":10}"
50000913,Curico Unido,fotmob,162905,719701,Henry Sanhueza,CURRENT_SQUAD,Midfielder,1996-03-24,30,Chile,FACT,true,1.0,https://www.fotmob.com/api/data/teams?id=162905,2026-09-22T18:30:11.545335+00:00,2026-09-22T18:30:11.545335+00:00,"{""id"":719701,""name"":""Henry Sanhueza"",""role"":{""key"":""midfielder_long"",""fallback"":""Midfielder""},""dateOfBirth"":""1996-03-24"",""age"":30,""cname"":""Chile"",""ccode"":""CHI"",""shirtNumber"":15}"
50000913,Curico Unido,fotmob,162905,1399195,Enzo Ormeño,CURRENT_SQUAD,Midfielder,2000-01-11,26,Chile,FACT,true,1.0,https://www.fotmob.com/api/data/teams?id=162905,2026-09-22T18:30:11.545335+00:00,2026-09-22T18:30:11.545335+00:00,"{""id"":1399195,""name"":""Enzo Ormeño"",""role"":{""key"":""midfielder_long"",""fallback"":""Midfielder""},""dateOfBirth"":""2000-01-11"",""age"":26,""cname"":""Chile"",""ccode"":""CHI"",""shirtNumber"":21}"
50000913,Curico Unido,fotmob,162905,1909813,Jorge Caroca,CURRENT_SQUAD,Midfielder,2007-03-09,19,Chile,FACT,true,1.0,https://www.fotmob.com/api/data/teams?id=162905,2026-09-22T18:30:11.545335+00:00,2026-09-22T18:30:11.545335+00:00,"{""id"":1909813,""name"":""Jorge Caroca"",""role"":{""key"":""midfielder_long"",""fallback"":""Midfielder""},""dateOfBirth"":""2007-03-09"",""age"":19,""cname"":""Chile"",""ccode"":""CHI"",""shirtNumber"":26}"
50000913,Curico Unido,fotmob,162905,1769877,Hans Ibarra,CURRENT_SQUAD,Midfielder,2005-12-01,20,Chile,FACT,true,1.0,https://www.fotmob.com/api/data/teams?id=162905,2026-09-22T18:30:11.545335+00:00,2026-09-22T18:30:11.545335+00:00,"{""id"":1769877,""name"":""Hans Ibarra"",""role"":{""key"":""midfielder_long"",""fallback"":""Midfielder""},""dateOfBirth"":""2005-12-01"",""age"":20,""cname"":""Chile"",""ccode"":""CHI"",""shirtNumber"":28}"
50000913,Curico Unido,fotmob,162905,1815568,Bastián Bustos,CURRENT_SQUAD,Midfielder,2005-07-27,21,Chile,FACT,true,1.0,https://www.fotmob.com/api/data/teams?id=162905,2026-09-22T18:30:11.545335+00:00,2026-09-22T18:30:11.545335+00:00,"{""id"":1815568,""name"":""Bastián Bustos"",""role"":{""key"":""midfielder_long"",""fallback"":""Midfielder""},""dateOfBirth"":""2005-07-27"",""age"":21,""cname"":""Chile"",""ccode"":""CHI"",""shirtNumber"":30}"
50000913,Curico Unido,fotmob,162905,1909817,Lian Vergara,CURRENT_SQUAD,Midfielder,2009-01-14,17,Chile,FACT,true,1.0,https://www.fotmob.com/api/data/teams?id=162905,2026-09-22T18:30:11.545335+00:00,2026-09-22T18:30:11.545335+00:00,"{""id"":1909817,""name"":""Lian Vergara"",""role"":{""key"":""midfielder_long"",""fallback"":""Midfielder""},""dateOfBirth"":""2009-01-14"",""age"":17,""cname"":""Chile"",""ccode"":""CHI"",""shirtNumber"":31}"
50000913,Curico Unido,fotmob,162905,1217216,Nicolás Fernández,CURRENT_SQUAD,Attacker,1999-06-17,27,Argentina,FACT,true,1.0,https://www.fotmob.com/api/data/teams?id=162905,2026-09-22T18:30:11.545335+00:00,2026-09-22T18:30:11.545335+00:00,"{""id"":1217216,""name"":""Nicolás Fernández"",""role"":{""key"":""attacker_long"",""fallback"":""Attacker""},""dateOfBirth"":""1999-06-17"",""age"":27,""cname"":""Argentina"",""ccode"":""ARG"",""shirtNumber"":7}"
50000913,Curico Unido,fotmob,162905,183543,Leandro Benegas,CURRENT_SQUAD,Attacker,1988-11-27,37,Chile,FACT,true,1.0,https://www.fotmob.com/api/data/teams?id=162905,2026-09-22T18:30:11.545335+00:00,2026-09-22T18:30:11.545335+00:00,"{""id"":183543,""name"":""Leandro Benegas"",""role"":{""key"":""attacker_long"",""fallback"":""Attacker""},""dateOfBirth"":""1988-11-27"",""age"":37,""cname"":""Chile"",""ccode"":""CHI"",""shirtNumber"":9}"
50000913,Curico Unido,fotmob,162905,1299972,Ian Aliaga,CURRENT_SQUAD,Attacker,2002-03-27,24,Chile,FACT,true,1.0,https://www.fotmob.com/api/data/teams?id=162905,2026-09-22T18:30:11.545335+00:00,2026-09-22T18:30:11.545335+00:00,"{""id"":1299972,""name"":""Ian Aliaga"",""role"":{""key"":""attacker_long"",""fallback"":""Attacker""},""dateOfBirth"":""2002-03-27"",""age"":24,""cname"":""Chile"",""ccode"":""CHI"",""shirtNumber"":11}"
50000913,Curico Unido,fotmob,162905,395140,Benjamín Inostroza,CURRENT_SQUAD,Attacker,1997-04-25,29,Chile,FACT,true,1.0,https://www.fotmob.com/api/data/teams?id=162905,2026-09-22T18:30:11.545335+00:00,2026-09-22T18:30:11.545335+00:00,"{""id"":395140,""name"":""Benjamín Inostroza"",""role"":{""key"":""attacker_long"",""fallback"":""Attacker""},""dateOfBirth"":""1997-04-25"",""age"":29,""cname"":""Chile"",""ccode"":""CHI"",""shirtNumber"":17}"
50000913,Curico Unido,fotmob,162905,1766078,Francis Pérez,CURRENT_SQUAD,Attacker,2003-02-10,23,Chile,FACT,true,1.0,https://www.fotmob.com/api/data/teams?id=162905,2026-09-22T18:30:11.545335+00:00,2026-09-22T18:30:11.545335+00:00,"{""id"":1766078,""name"":""Francis Pérez"",""role"":{""key"":""attacker_long"",""fallback"":""Attacker""},""dateOfBirth"":""2003-02-10"",""age"":23,""cname"":""Chile"",""ccode"":""CHI"",""shirtNumber"":18}"
50000913,Curico Unido,fotmob,162905,1252596,Mauro Lópes,CURRENT_SQUAD,Attacker,1997-01-23,29,Chile,FACT,true,1.0,https://www.fotmob.com/api/data/teams?id=162905,2026-09-22T18:30:11.545335+00:00,2026-09-22T18:30:11.545335+00:00,"{""id"":1252596,""name"":""Mauro Lópes"",""role"":{""key"":""attacker_long"",""fallback"":""Attacker""},""dateOfBirth"":""1997-01-23"",""age"":29,""cname"":""Chile"",""ccode"":""CHI"",""shirtNumber"":25}"
50000913,Curico Unido,fotmob,162905,1837729,Joaquín Alfaro,CURRENT_SQUAD,Attacker,2005-10-07,20,Chile,FACT,true,1.0,https://www.fotmob.com/api/data/teams?id=162905,2026-09-22T18:30:11.545335+00:00,2026-09-22T18:30:11.545335+00:00,"{""id"":1837729,""name"":""Joaquín Alfaro"",""role"":{""key"":""attacker_long"",""fallback"":""Attacker""},""dateOfBirth"":""2005-10-07"",""age"":20,""cname"":""Chile"",""ccode"":""CHI"",""shirtNumber"":27}"
50000913,Curico Unido,fotmob,162905,1837018,Diego Avendaño,CURRENT_SQUAD,Attacker,2009-05-27,17,Chile,FACT,true,1.0,https://www.fotmob.com/api/data/teams?id=162905,2026-09-22T18:30:11.545335+00:00,2026-09-22T18:30:11.545335+00:00,"{""id"":1837018,""name"":""Diego Avendaño"",""role"":{""key"":""attacker_long"",""fallback"":""Attacker""},""dateOfBirth"":""2009-05-27"",""age"":17,""cname"":""Chile"",""ccode"":""CHI"",""shirtNumber"":29}"
50000913,Curico Unido,fotmob,162905,1246348,Cristián Bustamante,CURRENT_SQUAD,Attacker,2002-05-18,24,Chile,FACT,true,1.0,https://www.fotmob.com/api/data/teams?id=162905,2026-09-22T18:30:11.545335+00:00,2026-09-22T18:30:11.545335+00:00,"{""id"":1246348,""name"":""Cristián Bustamante"",""role"":{""key"":""attacker_long"",""fallback"":""Attacker""},""dateOfBirth"":""2002-05-18"",""age"":24,""cname"":""Chile"",""ccode"":""CHI"",""shirtNumber"":34}"
50000913,Curico Unido,fotmob,162905,1815564,Vicente Saldivia,CURRENT_SQUAD,Attacker,2006-06-05,20,Chile,FACT,true,1.0,https://www.fotmob.com/api/data/teams?id=162905,2026-09-22T18:30:11.545335+00:00,2026-09-22T18:30:11.545335+00:00,"{""id"":1815564,""name"":""Vicente Saldivia"",""role"":{""key"":""attacker_long"",""fallback"":""Attacker""},""dateOfBirth"":""2006-06-05"",""age"":20,""cname"":""Chile"",""ccode"":""CHI"",""shirtNumber"":35}"
50000974,Deportivo Nublense,fotmob,49559,49639,Juan José Ribera,CURRENT_SQUAD,Coach,1980-10-11,45,Chile,FACT,true,1.0,https://www.fotmob.com/api/data/teams?id=49559,2026-09-22T18:30:11.545335+00:00,2026-09-22T18:30:11.545335+00:00,"{""id"":49639,""name"":""Juan José Ribera"",""role"":{""key"":""coach"",""fallback"":""Coach""},""dateOfBirth"":""1980-10-11"",""age"":45,""cname"":""Chile"",""ccode"":""CHI""}"
50000974,Deportivo Nublense,fotmob,49559,206183,Nicola Pérez,CURRENT_SQUAD,Keeper,1990-02-05,36,Uruguay,FACT,true,1.0,https://www.fotmob.com/api/data/teams?id=49559,2026-09-22T18:30:11.545335+00:00,2026-09-22T18:30:11.545335+00:00,"{""id"":206183,""name"":""Nicola Pérez"",""role"":{""key"":""keeper_long"",""fallback"":""Keeper""},""dateOfBirth"":""1990-02-05"",""age"":36,""cname"":""Uruguay"",""ccode"":""URU"",""shirtNumber"":1}"
50000974,Deportivo Nublense,fotmob,49559,1386191,Claudio Chandía,CURRENT_SQUAD,Keeper,2006-11-14,19,Chile,FACT,true,1.0,https://www.fotmob.com/api/data/teams?id=49559,2026-09-22T18:30:11.545335+00:00,2026-09-22T18:30:11.545335+00:00,"{""id"":1386191,""name"":""Claudio Chandía"",""role"":{""key"":""keeper_long"",""fallback"":""Keeper""},""dateOfBirth"":""2006-11-14"",""age"":19,""cname"":""Chile"",""ccode"":""CHI"",""shirtNumber"":12}"
50000974,Deportivo Nublense,fotmob,49559,1242009,Hernán Muñoz,CURRENT_SQUAD,Keeper,1988-08-09,38,Chile,FACT,true,1.0,https://www.fotmob.com/api/data/teams?id=49559,2026-09-22T18:30:11.545335+00:00,2026-09-22T18:30:11.545335+00:00,"{""id"":1242009,""name"":""Hernán Muñoz"",""role"":{""key"":""keeper_long"",""fallback"":""Keeper""},""dateOfBirth"":""1988-08-09"",""age"":38,""cname"":""Chile"",""ccode"":""CHI"",""shirtNumber"":25}"
50000974,Deportivo Nublense,fotmob,49559,1860581,Joaquín Ríos,CURRENT_SQUAD,Keeper,2007-04-06,19,Chile,FACT,true,1.0,https://www.fotmob.com/api/data/teams?id=49559,2026-09-22T18:30:11.545335+00:00,2026-09-22T18:30:11.545335+00:00,"{""id"":1860581,""name"":""Joaquín Ríos"",""role"":{""key"":""keeper_long"",""fallback"":""Keeper""},""dateOfBirth"":""2007-04-06"",""age"":19,""cname"":""Chile"",""ccode"":""CHI"",""shirtNumber"":30}"
50000974,Deportivo Nublense,fotmob,49559,1938887,Felipe Reyes,CURRENT_SQUAD,Defender,,,Chile,FACT,true,1.0,https://www.fotmob.com/api/data/teams?id=49559,2026-09-22T18:30:11.545335+00:00,2026-09-22T18:30:11.545335+00:00,"{""id"":1938887,""name"":""Felipe Reyes"",""role"":{""key"":""defender_long"",""fallback"":""Defender""},""age"":0,""cname"":""Chile"",""ccode"":""CHI"",""shirtNumber"":2}"
50000974,Deportivo Nublense,fotmob,49559,959695,Carlos Salomón,CURRENT_SQUAD,Defender,2000-03-28,26,Chile,FACT,true,1.0,https://www.fotmob.com/api/data/teams?id=49559,2026-09-22T18:30:11.545335+00:00,2026-09-22T18:30:11.545335+00:00,"{""id"":959695,""name"":""Carlos Salomón"",""role"":{""key"":""defender_long"",""fallback"":""Defender""},""dateOfBirth"":""2000-03-28"",""age"":26,""cname"":""Chile"",""ccode"":""CHI"",""shirtNumber"":3}"
50000974,Deportivo Nublense,fotmob,49559,298230,Osvaldo Bosso,CURRENT_SQUAD,Defender,1993-10-14,32,Chile,FACT,true,1.0,https://www.fotmob.com/api/data/teams?id=49559,2026-09-22T18:30:11.545335+00:00,2026-09-22T18:30:11.545335+00:00,"{""id"":298230,""name"":""Osvaldo Bosso"",""role"":{""key"":""defender_long"",""fallback"":""Defender""},""dateOfBirth"":""1993-10-14"",""age"":32,""cname"":""Chile"",""ccode"":""CHI"",""shirtNumber"":4}"
50000974,Deportivo Nublense,fotmob,49559,304363,Felipe Campos,CURRENT_SQUAD,Defender,1993-11-08,32,Chile,FACT,true,1.0,https://www.fotmob.com/api/data/teams?id=49559,2026-09-22T18:30:11.545335+00:00,2026-09-22T18:30:11.545335+00:00,"{""id"":304363,""name"":""Felipe Campos"",""role"":{""key"":""defender_long"",""fallback"":""Defender""},""dateOfBirth"":""1993-11-08"",""age"":32,""cname"":""Chile"",""ccode"":""CHI"",""shirtNumber"":5}"
50000974,Deportivo Nublense,fotmob,49559,1113390,Pablo Calderón,CURRENT_SQUAD,Defender,1998-05-13,28,Argentina,FACT,true,1.0,https://www.fotmob.com/api/data/teams?id=49559,2026-09-22T18:30:11.545335+00:00,2026-09-22T18:30:11.545335+00:00,"{""id"":1113390,""name"":""Pablo Calderón"",""role"":{""key"":""defender_long"",""fallback"":""Defender""},""dateOfBirth"":""1998-05-13"",""age"":28,""cname"":""Argentina"",""ccode"":""ARG"",""shirtNumber"":6}"
50000974,Deportivo Nublense,fotmob,49559,815448,Sebastián Valencia,CURRENT_SQUAD,Defender,2000-02-13,26,Chile,FACT,true,1.0,https://www.fotmob.com/api/data/teams?id=49559,2026-09-22T18:30:11.545335+00:00,2026-09-22T18:30:11.545335+00:00,"{""id"":815448,""name"":""Sebastián Valencia"",""role"":{""key"":""defender_long"",""fallback"":""Defender""},""dateOfBirth"":""2000-02-13"",""age"":26,""cname"":""Chile"",""ccode"":""CHI"",""shirtNumber"":15}"
50000974,Deportivo Nublense,fotmob,49559,1944503,Vicente Guzmán,CURRENT_SQUAD,Defender,2008-04-30,18,Chile,FACT,true,1.0,https://www.fotmob.com/api/data/teams?id=49559,2026-09-22T18:30:11.545335+00:00,2026-09-22T18:30:11.545335+00:00,"{""id"":1944503,""name"":""Vicente Guzmán"",""role"":{""key"":""defender_long"",""fallback"":""Defender""},""dateOfBirth"":""2008-04-30"",""age"":18,""cname"":""Chile"",""ccode"":""CHI"",""shirtNumber"":27}"
50000974,Deportivo Nublense,fotmob,49559,1938885,Martín Muñoz,CURRENT_SQUAD,Defender,,,Chile,FACT,true,1.0,https://www.fotmob.com/api/data/teams?id=49559,2026-09-22T18:30:11.545335+00:00,2026-09-22T18:30:11.545335+00:00,"{""id"":1938885,""name"":""Martín Muñoz"",""role"":{""key"":""defender_long"",""fallback"":""Defender""},""age"":0,""cname"":""Chile"",""ccode"":""CHI"",""shirtNumber"":32}"
50000974,Deportivo Nublense,fotmob,49559,1379001,Matías Plaza,CURRENT_SQUAD,Midfielder,2001-02-22,25,Chile,FACT,true,1.0,https://www.fotmob.com/api/data/teams?id=49559,2026-09-22T18:30:11.545335+00:00,2026-09-22T18:30:11.545335+00:00,"{""id"":1379001,""name"":""Matías Plaza"",""role"":{""key"":""midfielder_long"",""fallback"":""Midfielder""},""dateOfBirth"":""2001-02-22"",""age"":25,""cname"":""Chile"",""ccode"":""CHI"",""shirtNumber"":10}"
50000974,Deportivo Nublense,fotmob,49559,1693547,Daniel Saavedra,CURRENT_SQUAD,Midfielder,2004-02-12,22,Chile,FACT,true,1.0,https://www.fotmob.com/api/data/teams?id=49559,2026-09-22T18:30:11.545335+00:00,2026-09-22T18:30:11.545335+00:00,"{""id"":1693547,""name"":""Daniel Saavedra"",""role"":{""key"":""midfielder_long"",""fallback"":""Midfielder""},""dateOfBirth"":""2004-02-12"",""age"":22,""cname"":""Chile"",""ccode"":""CHI"",""shirtNumber"":13}"
50000974,Deportivo Nublense,fotmob,49559,261662,Jovany Campusano,CURRENT_SQUAD,Midfielder,1993-01-29,33,Chile,FACT,true,1.0,https://www.fotmob.com/api/data/teams?id=49559,2026-09-22T18:30:11.545335+00:00,2026-09-22T18:30:11.545335+00:00,"{""id"":261662,""name"":""Jovany Campusano"",""role"":{""key"":""midfielder_long"",""fallback"":""Midfielder""},""dateOfBirth"":""1993-01-29"",""age"":33,""cname"":""Chile"",""ccode"":""CHI"",""shirtNumber"":14}"
50000974,Deportivo Nublense,fotmob,49559,1446746,Diego Sanhueza,CURRENT_SQUAD,Midfielder,2002-06-30,24,Chile,FACT,true,1.0,https://www.fotmob.com/api/data/teams?id=49559,2026-09-22T18:30:11.545335+00:00,2026-09-22T18:30:11.545335+00:00,"{""id"":1446746,""name"":""Diego Sanhueza"",""role"":{""key"":""midfielder_long"",""fallback"":""Midfielder""},""dateOfBirth"":""2002-06-30"",""age"":24,""cname"":""Chile"",""ccode"":""CHI"",""shirtNumber"":16}"
50000974,Deportivo Nublense,fotmob,49559,1137999,Diego Céspedes,CURRENT_SQUAD,Midfielder,1998-09-25,27,Chile,FACT,true,1.0,https://www.fotmob.com/api/data/teams?id=49559,2026-09-22T18:30:11.545335+00:00,2026-09-22T18:30:11.545335+00:00,"{""id"":1137999,""name"":""Diego Céspedes"",""role"":{""key"":""midfielder_long"",""fallback"":""Midfielder""},""dateOfBirth"":""1998-09-25"",""age"":27,""cname"":""Chile"",""ccode"":""CHI"",""shirtNumber"":18}"
50000974,Deportivo Nublense,fotmob,49559,166702,Lorenzo Reyes,CURRENT_SQUAD,Midfielder,1991-06-13,35,Chile,FACT,true,1.0,https://www.fotmob.com/api/data/teams?id=49559,2026-09-22T18:30:11.545335+00:00,2026-09-22T18:30:11.545335+00:00,"{""id"":166702,""name"":""Lorenzo Reyes"",""role"":{""key"":""midfielder_long"",""fallback"":""Midfielder""},""dateOfBirth"":""1991-06-13"",""age"":35,""cname"":""Chile"",""ccode"":""CHI"",""shirtNumber"":21}"
50000974,Deportivo Nublense,fotmob,49559,1241583,Joaquín González,CURRENT_SQUAD,Midfielder,2001-08-06,25,Chile,FACT,true,1.0,https://www.fotmob.com/api/data/teams?id=49559,2026-09-22T18:30:11.545335+00:00,2026-09-22T18:30:11.545335+00:00,"{""id"":1241583,""name"":""Joaquín González"",""role"":{""key"":""midfielder_long"",""fallback"":""Midfielder""},""dateOfBirth"":""2001-08-06"",""age"":25,""cname"":""Chile"",""ccode"":""CHI"",""shirtNumber"":23}"
50000974,Deportivo Nublense,fotmob,49559,1860950,Crisstofer Montecinos,CURRENT_SQUAD,Midfielder,2006-10-19,19,Chile,FACT,true,1.0,https://www.fotmob.com/api/data/teams?id=49559,2026-09-22T18:30:11.545335+00:00,2026-09-22T18:30:11.545335+00:00,"{""id"":1860950,""name"":""Crisstofer Montecinos"",""role"":{""key"":""midfielder_long"",""fallback"":""Midfielder""},""dateOfBirth"":""2006-10-19"",""age"":19,""cname"":""Chile"",""ccode"":""CHI"",""shirtNumber"":24}"
50000974,Deportivo Nublense,fotmob,49559,635964,Manuel Rivera,CURRENT_SQUAD,Midfielder,1996-02-17,30,Chile,FACT,true,1.0,https://www.fotmob.com/api/data/teams?id=49559,2026-09-22T18:30:11.545335+00:00,2026-09-22T18:30:11.545335+00:00,"{""id"":635964,""name"":""Manuel Rivera"",""role"":{""key"":""midfielder_long"",""fallback"":""Midfielder""},""dateOfBirth"":""1996-02-17"",""age"":30,""cname"":""Chile"",""ccode"":""CHI"",""shirtNumber"":28}"
50000974,Deportivo Nublense,fotmob,49559,1805611,Justin Poblete,CURRENT_SQUAD,Midfielder,2007-12-06,18,Chile,FACT,true,1.0,https://www.fotmob.com/api/data/teams?id=49559,2026-09-22T18:30:11.545335+00:00,2026-09-22T18:30:11.545335+00:00,"{""id"":1805611,""name"":""Justin Poblete"",""role"":{""key"":""midfielder_long"",""fallback"":""Midfielder""},""dateOfBirth"":""2007-12-06"",""age"":18,""cname"":""Chile"",""ccode"":""CHI"",""shirtNumber"":31}"
50000974,Deportivo Nublense,fotmob,49559,2244240,Martín Araneda,CURRENT_SQUAD,Midfielder,2007-09-01,19,Chile,FACT,true,1.0,https://www.fotmob.com/api/data/teams?id=49559,2026-09-22T18:30:11.545335+00:00,2026-09-22T18:30:11.545335+00:00,"{""id"":2244240,""name"":""Martín Araneda"",""role"":{""key"":""midfielder_long"",""fallback"":""Midfielder""},""dateOfBirth"":""2007-09-01"",""age"":19,""cname"":""Chile"",""ccode"":""CHI"",""shirtNumber"":33}"
50000974,Deportivo Nublense,fotmob,49559,1988968,Christian Mansilla,CURRENT_SQUAD,Midfielder,2006-03-18,20,Chile,FACT,true,1.0,https://www.fotmob.com/api/data/teams?id=49559,2026-09-22T18:30:11.545335+00:00,2026-09-22T18:30:11.545335+00:00,"{""id"":1988968,""name"":""Christian Mansilla"",""role"":{""key"":""midfielder_long"",""fallback"":""Midfielder""},""dateOfBirth"":""2006-03-18"",""age"":20,""cname"":""Chile"",""ccode"":""CHI"",""shirtNumber"":35}"
50000974,Deportivo Nublense,fotmob,49559,978389,Fernando Ovelar,CURRENT_SQUAD,Attacker,2004-01-06,22,Paraguay,FACT,true,1.0,https://www.fotmob.com/api/data/teams?id=49559,2026-09-22T18:30:11.545335+00:00,2026-09-22T18:30:11.545335+00:00,"{""id"":978389,""name"":""Fernando Ovelar"",""role"":{""key"":""attacker_long"",""fallback"":""Attacker""},""dateOfBirth"":""2004-01-06"",""age"":22,""cname"":""Paraguay"",""ccode"":""PAR"",""shirtNumber"":7}"
50000974,Deportivo Nublense,fotmob,49559,246350,Gabriel Graciani,CURRENT_SQUAD,Attacker,1993-11-28,32,Argentina,FACT,true,1.0,https://www.fotmob.com/api/data/teams?id=49559,2026-09-22T18:30:11.545335+00:00,2026-09-22T18:30:11.545335+00:00,"{""id"":246350,""name"":""Gabriel Graciani"",""role"":{""key"":""attacker_long"",""fallback"":""Attacker""},""dateOfBirth"":""1993-11-28"",""age"":32,""cname"":""Argentina"",""ccode"":""ARG"",""shirtNumber"":8}"
50000974,Deportivo Nublense,fotmob,49559,1523556,Franco Rami,CURRENT_SQUAD,Attacker,2003-03-31,23,Argentina,FACT,true,1.0,https://www.fotmob.com/api/data/teams?id=49559,2026-09-22T18:30:11.545335+00:00,2026-09-22T18:30:11.545335+00:00,"{""id"":1523556,""name"":""Franco Rami"",""role"":{""key"":""attacker_long"",""fallback"":""Attacker""},""dateOfBirth"":""2003-03-31"",""age"":23,""cname"":""Argentina"",""ccode"":""ARG"",""shirtNumber"":9}"
50000974,Deportivo Nublense,fotmob,49559,1717446,Lucas Molina,CURRENT_SQUAD,Attacker,2006-02-27,20,Chile,FACT,true,1.0,https://www.fotmob.com/api/data/teams?id=49559,2026-09-22T18:30:11.545335+00:00,2026-09-22T18:30:11.545335+00:00,"{""id"":1717446,""name"":""Lucas Molina"",""role"":{""key"":""attacker_long"",""fallback"":""Attacker""},""dateOfBirth"":""2006-02-27"",""age"":20,""cname"":""Chile"",""ccode"":""CHI"",""shirtNumber"":11}"
50000974,Deportivo Nublense,fotmob,49559,1944502,Pablo Toledo,CURRENT_SQUAD,Attacker,2006-07-14,20,Chile,FACT,true,1.0,https://www.fotmob.com/api/data/teams?id=49559,2026-09-22T18:30:11.545335+00:00,2026-09-22T18:30:11.545335+00:00,"{""id"":1944502,""name"":""Pablo Toledo"",""role"":{""key"":""attacker_long"",""fallback"":""Attacker""},""dateOfBirth"":""2006-07-14"",""age"":20,""cname"":""Chile"",""ccode"":""CHI"",""shirtNumber"":17}"
50000974,Deportivo Nublense,fotmob,49559,1435962,Ignacio Tapia,CURRENT_SQUAD,Attacker,2004-09-01,22,Argentina,FACT,true,1.0,https://www.fotmob.com/api/data/teams?id=49559,2026-09-22T18:30:11.545335+00:00,2026-09-22T18:30:11.545335+00:00,"{""id"":1435962,""name"":""Ignacio Tapia"",""role"":{""key"":""attacker_long"",""fallback"":""Attacker""},""dateOfBirth"":""2004-09-01"",""age"":22,""cname"":""Argentina"",""ccode"":""ARG"",""shirtNumber"":19}"
50000974,Deportivo Nublense,fotmob,49559,304520,Ignacio Jeraldino,CURRENT_SQUAD,Attacker,1995-12-06,30,Chile,FACT,true,1.0,https://www.fotmob.com/api/data/teams?id=49559,2026-09-22T18:30:11.545335+00:00,2026-09-22T18:30:11.545335+00:00,"{""id"":304520,""name"":""Ignacio Jeraldino"",""role"":{""key"":""attacker_long"",""fallback"":""Attacker""},""dateOfBirth"":""1995-12-06"",""age"":30,""cname"":""Chile"",""ccode"":""CHI"",""shirtNumber"":20}"
50000974,Deportivo Nublense,fotmob,49559,1435711,Alex Valdés,CURRENT_SQUAD,Attacker,2002-08-08,24,Chile,FACT,true,1.0,https://www.fotmob.com/api/data/teams?id=49559,2026-09-22T18:30:11.545335+00:00,2026-09-22T18:30:11.545335+00:00,"{""id"":1435711,""name"":""Alex Valdés"",""role"":{""key"":""attacker_long"",""fallback"":""Attacker""},""dateOfBirth"":""2002-08-08"",""age"":24,""cname"":""Chile"",""ccode"":""CHI"",""shirtNumber"":22}"
50000974,Deportivo Nublense,fotmob,49559,1612688,Esteban Calderón,CURRENT_SQUAD,Attacker,2004-02-13,22,Chile,FACT,true,1.0,https://www.fotmob.com/api/data/teams?id=49559,2026-09-22T18:30:11.545335+00:00,2026-09-22T18:30:11.545335+00:00,"{""id"":1612688,""name"":""Esteban Calderón"",""role"":{""key"":""attacker_long"",""fallback"":""Attacker""},""dateOfBirth"":""2004-02-13"",""age"":22,""cname"":""Chile"",""ccode"":""CHI"",""shirtNumber"":26}"
50000974,Deportivo Nublense,fotmob,49559,1860579,Guido Segura,CURRENT_SQUAD,Attacker,2009-01-15,17,Chile,FACT,true,1.0,https://www.fotmob.com/api/data/teams?id=49559,2026-09-22T18:30:11.545335+00:00,2026-09-22T18:30:11.545335+00:00,"{""id"":1860579,""name"":""Guido Segura"",""role"":{""key"":""attacker_long"",""fallback"":""Attacker""},""dateOfBirth"":""2009-01-15"",""age"":17,""cname"":""Chile"",""ccode"":""CHI"",""shirtNumber"":26}"
50000974,Deportivo Nublense,fotmob,49559,1783639,Giovanny Ávalos,CURRENT_SQUAD,Attacker,2005-03-30,21,Chile,FACT,true,1.0,https://www.fotmob.com/api/data/teams?id=49559,2026-09-22T18:30:11.545335+00:00,2026-09-22T18:30:11.545335+00:00,"{""id"":1783639,""name"":""Giovanny Ávalos"",""role"":{""key"":""attacker_long"",""fallback"":""Attacker""},""dateOfBirth"":""2005-03-30"",""age"":21,""cname"":""Chile"",""ccode"":""CHI"",""shirtNumber"":29}"
50000974,Deportivo Nublense,fotmob,49559,1941713,Francisco Chavarría,CURRENT_SQUAD,Attacker,,,Chile,FACT,true,1.0,https://www.fotmob.com/api/data/teams?id=49559,2026-09-22T18:30:11.545335+00:00,2026-09-22T18:30:11.545335+00:00,"{""id"":1941713,""name"":""Francisco Chavarría"",""role"":{""key"":""attacker_long"",""fallback"":""Attacker""},""age"":0,""cname"":""Chile"",""ccode"":""CHI"",""shirtNumber"":34}"
50000974,Deportivo Nublense,fotmob,49559,2102118,Bastian Muñoz,CURRENT_SQUAD,Attacker,2008-11-12,17,Chile,FACT,true,1.0,https://www.fotmob.com/api/data/teams?id=49559,2026-09-22T18:30:11.545335+00:00,2026-09-22T18:30:11.545335+00:00,"{""id"":2102118,""name"":""Bastian Muñoz"",""role"":{""key"":""attacker_long"",""fallback"":""Attacker""},""dateOfBirth"":""2008-11-12"",""age"":17,""cname"":""Chile"",""ccode"":""CHI"",""shirtNumber"":36}"
50001042,Ecuador,fotmob,6707,146801,Hernán Galindez,CURRENT_SQUAD,Keeper,1987-03-30,39,Huracán,FACT,true,1.0,https://www.fotmob.com/api/data/teams?id=6707,2026-09-22T18:30:11.545335+00:00,2026-09-22T18:30:11.545335+00:00,"{""id"":146801,""name"":""Hernán Galindez"",""role"":{""key"":""keeper_long"",""fallback"":""Keeper""},""dateOfBirth"":""1987-03-30"",""age"":39,""cname"":""Huracán"",""ccode"":""10081"",""shirtNumber"":1}"
50001042,Ecuador,fotmob,6707,978290,Moisés Ramirez,CURRENT_SQUAD,Keeper,2000-09-09,26,Kifisia FC,FACT,true,1.0,https://www.fotmob.com/api/data/teams?id=6707,2026-09-22T18:30:11.545335+00:00,2026-09-22T18:30:11.545335+00:00,"{""id"":978290,""name"":""Moisés Ramirez"",""role"":{""key"":""keeper_long"",""fallback"":""Keeper""},""dateOfBirth"":""2000-09-09"",""age"":26,""cname"":""Kifisia FC"",""ccode"":""488099"",""shirtNumber"":12}"
50001042,Ecuador,fotmob,6707,1614051,Gonzalo Valle,CURRENT_SQUAD,Keeper,1996-02-28,30,LDU de Quito,FACT,true,1.0,https://www.fotmob.com/api/data/teams?id=6707,2026-09-22T18:30:11.545335+00:00,2026-09-22T18:30:11.545335+00:00,"{""id"":1614051,""name"":""Gonzalo Valle"",""role"":{""key"":""keeper_long"",""fallback"":""Keeper""},""dateOfBirth"":""1996-02-28"",""age"":30,""cname"":""LDU de Quito"",""ccode"":""6721"",""shirtNumber"":22}"
50001042,Ecuador,fotmob,6707,825641,Félix Torres,CURRENT_SQUAD,Defender,1997-01-11,29,Internacional,FACT,true,1.0,https://www.fotmob.com/api/data/teams?id=6707,2026-09-22T18:30:11.545335+00:00,2026-09-22T18:30:11.545335+00:00,"{""id"":825641,""name"":""Félix Torres"",""role"":{""key"":""defender_long"",""fallback"":""Defender""},""dateOfBirth"":""1997-01-11"",""age"":29,""cname"":""Internacional"",""ccode"":""8702"",""shirtNumber"":2}"
50001042,Ecuador,fotmob,6707,1137667,Piero Hincapié,CURRENT_SQUAD,Defender,2002-01-09,24,Arsenal,FACT,true,1.0,https://www.fotmob.com/api/data/teams?id=6707,2026-09-22T18:30:11.545335+00:00,2026-09-22T18:30:11.545335+00:00,"{""id"":1137667,""name"":""Piero Hincapié"",""role"":{""key"":""defender_long"",""fallback"":""Defender""},""dateOfBirth"":""2002-01-09"",""age"":24,""cname"":""Arsenal"",""ccode"":""9825"",""shirtNumber"":3}"
50001042,Ecuador,fotmob,6707,1354085,Joel Ordóñez,CURRENT_SQUAD,Defender,2004-04-21,22,Club Brugge,FACT,true,1.0,https://www.fotmob.com/api/data/teams?id=6707,2026-09-22T18:30:11.545335+00:00,2026-09-22T18:30:11.545335+00:00,"{""id"":1354085,""name"":""Joel Ordóñez"",""role"":{""key"":""defender_long"",""fallback"":""Defender""},""dateOfBirth"":""2004-04-21"",""age"":22,""cname"":""Club Brugge"",""ccode"":""8342"",""shirtNumber"":4}"
50001042,Ecuador,fotmob,6707,1137670,Willian Pacho,CURRENT_SQUAD,Defender,2001-10-16,24,Paris Saint-Germain,FACT,true,1.0,https://www.fotmob.com/api/data/teams?id=6707,2026-09-22T18:30:11.545335+00:00,2026-09-22T18:30:11.545335+00:00,"{""id"":1137670,""name"":""Willian Pacho"",""role"":{""key"":""defender_long"",""fallback"":""Defender""},""dateOfBirth"":""2001-10-16"",""age"":24,""cname"":""Paris Saint-Germain"",""ccode"":""9847"",""shirtNumber"":6}"
50001042,Ecuador,fotmob,6707,1032039,Jackson Porozo,CURRENT_SQUAD,Defender,2000-08-04,26,Tijuana,FACT,true,1.0,https://www.fotmob.com/api/data/teams?id=6707,2026-09-22T18:30:11.545335+00:00,2026-09-22T18:30:11.545335+00:00,"{""id"":1032039,""name"":""Jackson Porozo"",""role"":{""key"":""defender_long"",""fallback"":""Defender""},""dateOfBirth"":""2000-08-04"",""age"":26,""cname"":""Tijuana"",""ccode"":""162418"",""shirtNumber"":25}"
50001042,Ecuador,fotmob,6707,1391753,Yaimar Medina,CURRENT_SQUAD,Defender,2004-11-05,21,Genk,FACT,true,1.0,https://www.fotmob.com/api/data/teams?id=6707,2026-09-22T18:30:11.545335+00:00,2026-09-22T18:30:11.545335+00:00,"{""id"":1391753,""name"":""Yaimar Medina"",""role"":{""key"":""defender_long"",""fallback"":""Defender""},""dateOfBirth"":""2004-11-05"",""age"":21,""cname"":""Genk"",""ccode"":""9987"",""shirtNumber"":26}"
50001042,Ecuador,fotmob,6707,950396,Jordy Alcívar,CURRENT_SQUAD,Midfielder,1999-08-05,27,Independiente del Valle,FACT,true,1.0,https://www.fotmob.com/api/data/teams?id=6707,2026-09-22T18:30:11.545335+00:00,2026-09-22T18:30:11.545335+00:00,"{""id"":950396,""name"":""Jordy Alcívar"",""role"":{""key"":""midfielder_long"",""fallback"":""Midfielder""},""dateOfBirth"":""1999-08-05"",""age"":27,""cname"":""Independiente del Valle"",""ccode"":""192875"",""shirtNumber"":5}"
50001042,Ecuador,fotmob,6707,688278,Pervis Estupinán,CURRENT_SQUAD,Midfielder,1998-01-21,28,Milan,FACT,true,1.0,https://www.fotmob.com/api/data/teams?id=6707,2026-09-22T18:30:11.545335+00:00,2026-09-22T18:30:11.545335+00:00,"{""id"":688278,""name"":""Pervis Estupinán"",""role"":{""key"":""midfielder_long"",""fallback"":""Midfielder""},""dateOfBirth"":""1998-01-21"",""age"":28,""cname"":""Milan"",""ccode"":""8564"",""shirtNumber"":7}"
50001042,Ecuador,fotmob,6707,1353364,Anthony Valencia,CURRENT_SQUAD,Midfielder,2003-07-21,23,Flamengo,FACT,true,1.0,https://www.fotmob.com/api/data/teams?id=6707,2026-09-22T18:30:11.545335+00:00,2026-09-22T18:30:11.545335+00:00,"{""id"":1353364,""name"":""Anthony Valencia"",""role"":{""key"":""midfielder_long"",""fallback"":""Midfielder""},""dateOfBirth"":""2003-07-21"",""age"":23,""cname"":""Flamengo"",""ccode"":""9770"",""shirtNumber"":8}"
50001042,Ecuador,fotmob,6707,1274400,Alan Minda,CURRENT_SQUAD,Midfielder,2003-05-14,23,Atlético-MG,FACT,true,1.0,https://www.fotmob.com/api/data/teams?id=6707,2026-09-22T18:30:11.545335+00:00,2026-09-22T18:30:11.545335+00:00,"{""id"":1274400,""name"":""Alan Minda"",""role"":{""key"":""midfielder_long"",""fallback"":""Midfielder""},""dateOfBirth"":""2003-05-14"",""age"":23,""cname"":""Atlético-MG"",""ccode"":""10272"",""shirtNumber"":14}"
50001042,Ecuador,fotmob,6707,1108611,Pedro Vite,CURRENT_SQUAD,Midfielder,2002-03-09,24,Pumas,FACT,true,1.0,https://www.fotmob.com/api/data/teams?id=6707,2026-09-22T18:30:11.545335+00:00,2026-09-22T18:30:11.545335+00:00,"{""id"":1108611,""name"":""Pedro Vite"",""role"":{""key"":""midfielder_long"",""fallback"":""Midfielder""},""dateOfBirth"":""2002-03-09"",""age"":24,""cname"":""Pumas"",""ccode"":""1946"",""shirtNumber"":15}"
50001042,Ecuador,fotmob,6707,848593,Ángelo Preciado,CURRENT_SQUAD,Midfielder,1998-02-18,28,Atlético-MG,FACT,true,1.0,https://www.fotmob.com/api/data/teams?id=6707,2026-09-22T18:30:11.545335+00:00,2026-09-22T18:30:11.545335+00:00,"{""id"":848593,""name"":""Ángelo Preciado"",""role"":{""key"":""midfielder_long"",""fallback"":""Midfielder""},""dateOfBirth"":""1998-02-18"",""age"":28,""cname"":""Atlético-MG"",""ccode"":""10272"",""shirtNumber"":17}"
50001042,Ecuador,fotmob,6707,1477417,Denil Castillo,CURRENT_SQUAD,Midfielder,2004-03-24,22,FC Midtjylland,FACT,true,1.0,https://www.fotmob.com/api/data/teams?id=6707,2026-09-22T18:30:11.545335+00:00,2026-09-22T18:30:11.545335+00:00,"{""id"":1477417,""name"":""Denil Castillo"",""role"":{""key"":""midfielder_long"",""fallback"":""Midfielder""},""dateOfBirth"":""2004-03-24"",""age"":22,""cname"":""FC Midtjylland"",""ccode"":""8113"",""shirtNumber"":18}"
50001042,Ecuador,fotmob,6707,832171,Alan Franco,CURRENT_SQUAD,Midfielder,1998-08-21,28,Atlético-MG,FACT,true,1.0,https://www.fotmob.com/api/data/teams?id=6707,2026-09-22T18:30:11.545335+00:00,2026-09-22T18:30:11.545335+00:00,"{""id"":832171,""name"":""Alan Franco"",""role"":{""key"":""midfielder_long"",""fallback"":""Midfielder""},""dateOfBirth"":""1998-08-21"",""age"":28,""cname"":""Atlético-MG"",""ccode"":""10272"",""shirtNumber"":21}"
50001042,Ecuador,fotmob,6707,1137668,Moisés Caicedo,CURRENT_SQUAD,Midfielder,2001-11-02,24,Chelsea,FACT,true,1.0,https://www.fotmob.com/api/data/teams?id=6707,2026-09-22T18:30:11.545335+00:00,2026-09-22T18:30:11.545335+00:00,"{""id"":1137668,""name"":""Moisés Caicedo"",""role"":{""key"":""midfielder_long"",""fallback"":""Midfielder""},""dateOfBirth"":""2001-11-02"",""age"":24,""cname"":""Chelsea"",""ccode"":""8455"",""shirtNumber"":23}"
50001042,Ecuador,fotmob,6707,845368,John Yeboah,CURRENT_SQUAD,Attacker,2000-06-23,26,Venezia,FACT,true,1.0,https://www.fotmob.com/api/data/teams?id=6707,2026-09-22T18:30:11.545335+00:00,2026-09-22T18:30:11.545335+00:00,"{""id"":845368,""name"":""John Yeboah"",""role"":{""key"":""attacker_long"",""fallback"":""Attacker""},""dateOfBirth"":""2000-06-23"",""age"":26,""cname"":""Venezia"",""ccode"":""7881"",""shirtNumber"":9}"
50001042,Ecuador,fotmob,6707,1443464,Kendry Páez,CURRENT_SQUAD,Attacker,2007-05-04,19,River Plate,FACT,true,1.0,https://www.fotmob.com/api/data/teams?id=6707,2026-09-22T18:30:11.545335+00:00,2026-09-22T18:30:11.545335+00:00,"{""id"":1443464,""name"":""Kendry Páez"",""role"":{""key"":""attacker_long"",""fallback"":""Attacker""},""dateOfBirth"":""2007-05-04"",""age"":19,""cname"":""River Plate"",""ccode"":""10076"",""shirtNumber"":10}"
50001042,Ecuador,fotmob,6707,1421270,Kevin Rodríguez,CURRENT_SQUAD,Attacker,2000-03-04,26,Union St.Gilloise,FACT,true,1.0,https://www.fotmob.com/api/data/teams?id=6707,2026-09-22T18:30:11.545335+00:00,2026-09-22T18:30:11.545335+00:00,"{""id"":1421270,""name"":""Kevin Rodríguez"",""role"":{""key"":""attacker_long"",""fallback"":""Attacker""},""dateOfBirth"":""2000-03-04"",""age"":26,""cname"":""Union St.Gilloise"",""ccode"":""7978"",""shirtNumber"":11}"
50001042,Ecuador,fotmob,6707,195927,Enner Valencia,CURRENT_SQUAD,Attacker,1989-11-04,36,Boca Juniors,FACT,true,1.0,https://www.fotmob.com/api/data/teams?id=6707,2026-09-22T18:30:11.545335+00:00,2026-09-22T18:30:11.545335+00:00,"{""id"":195927,""name"":""Enner Valencia"",""role"":{""key"":""attacker_long"",""fallback"":""Attacker""},""dateOfBirth"":""1989-11-04"",""age"":36,""cname"":""Boca Juniors"",""ccode"":""10077"",""shirtNumber"":13}"
50001042,Ecuador,fotmob,6707,766159,Jordy Caicedo,CURRENT_SQUAD,Attacker,1997-11-18,28,Huracán,FACT,true,1.0,https://www.fotmob.com/api/data/teams?id=6707,2026-09-22T18:30:11.545335+00:00,2026-09-22T18:30:11.545335+00:00,"{""id"":766159,""name"":""Jordy Caicedo"",""role"":{""key"":""attacker_long"",""fallback"":""Attacker""},""dateOfBirth"":""1997-11-18"",""age"":28,""cname"":""Huracán"",""ccode"":""10081"",""shirtNumber"":16}"
50001042,Ecuador,fotmob,6707,980311,Gonzalo Plata,CURRENT_SQUAD,Attacker,2000-11-01,25,Flamengo,FACT,true,1.0,https://www.fotmob.com/api/data/teams?id=6707,2026-09-22T18:30:11.545335+00:00,2026-09-22T18:30:11.545335+00:00,"{""id"":980311,""name"":""Gonzalo Plata"",""role"":{""key"":""attacker_long"",""fallback"":""Attacker""},""dateOfBirth"":""2000-11-01"",""age"":25,""cname"":""Flamengo"",""ccode"":""9770"",""shirtNumber"":19}"
50001042,Ecuador,fotmob,6707,1287010,Nilson Angulo,CURRENT_SQUAD,Attacker,2003-06-19,23,Sunderland,FACT,true,1.0,https://www.fotmob.com/api/data/teams?id=6707,2026-09-22T18:30:11.545335+00:00,2026-09-22T18:30:11.545335+00:00,"{""id"":1287010,""name"":""Nilson Angulo"",""role"":{""key"":""attacker_long"",""fallback"":""Attacker""},""dateOfBirth"":""2003-06-19"",""age"":23,""cname"":""Sunderland"",""ccode"":""8472"",""shirtNumber"":20}"
50001042,Ecuador,fotmob,6707,1418122,Jeremy Arévalo,CURRENT_SQUAD,Attacker,2005-03-19,21,Estrela da Amadora,FACT,true,1.0,https://www.fotmob.com/api/data/teams?id=6707,2026-09-22T18:30:11.545335+00:00,2026-09-22T18:30:11.545335+00:00,"{""id"":1418122,""name"":""Jeremy Arévalo"",""role"":{""key"":""attacker_long"",""fallback"":""Attacker""},""dateOfBirth"":""2005-03-19"",""age"":21,""cname"":""Estrela da Amadora"",""ccode"":""1074320"",""shirtNumber"":24}"
50001338,Gamba Osaka,fotmob,6582,29192,Tomokazu Myojin,CURRENT_SQUAD,Coach,1978-01-24,48,Japan,FACT,true,1.0,https://www.fotmob.com/api/data/teams?id=6582,2026-09-22T18:30:11.545335+00:00,2026-09-22T18:30:11.545335+00:00,"{""id"":29192,""name"":""Tomokazu Myojin"",""role"":{""key"":""coach"",""fallback"":""Coach""},""dateOfBirth"":""1978-01-24"",""age"":48,""cname"":""Japan"",""ccode"":""JPN""}"
50001338,Gamba Osaka,fotmob,6582,157253,Masaaki Higashiguchi,CURRENT_SQUAD,Keeper,1986-05-12,40,Japan,FACT,true,1.0,https://www.fotmob.com/api/data/teams?id=6582,2026-09-22T18:30:11.545335+00:00,2026-09-22T18:30:11.545335+00:00,"{""id"":157253,""name"":""Masaaki Higashiguchi"",""role"":{""key"":""keeper_long"",""fallback"":""Keeper""},""dateOfBirth"":""1986-05-12"",""age"":40,""cname"":""Japan"",""ccode"":""JPN"",""shirtNumber"":1}"
50001338,Gamba Osaka,fotmob,6582,1766080,Rui Araki,CURRENT_SQUAD,Keeper,2007-10-14,18,Japan,FACT,true,1.0,https://www.fotmob.com/api/data/teams?id=6582,2026-09-22T18:30:11.545335+00:00,2026-09-22T18:30:11.545335+00:00,"{""id"":1766080,""name"":""Rui Araki"",""role"":{""key"":""keeper_long"",""fallback"":""Keeper""},""dateOfBirth"":""2007-10-14"",""age"":18,""cname"":""Japan"",""ccode"":""JPN"",""shirtNumber"":18}"
50001338,Gamba Osaka,fotmob,6582,728441,Jun Ichimori,CURRENT_SQUAD,Keeper,1991-07-02,35,Japan,FACT,true,1.0,https://www.fotmob.com/api/data/teams?id=6582,2026-09-22T18:30:11.545335+00:00,2026-09-22T18:30:11.545335+00:00,"{""id"":728441,""name"":""Jun Ichimori"",""role"":{""key"":""keeper_long"",""fallback"":""Keeper""},""dateOfBirth"":""1991-07-02"",""age"":35,""cname"":""Japan"",""ccode"":""JPN"",""shirtNumber"":22}"
50001338,Gamba Osaka,fotmob,6582,1611154,Aolin Zhang,CURRENT_SQUAD,Keeper,2005-04-25,21,Japan,FACT,true,1.0,https://www.fotmob.com/api/data/teams?id=6582,2026-09-22T18:30:11.545335+00:00,2026-09-22T18:30:11.545335+00:00,"{""id"":1611154,""name"":""Aolin Zhang"",""role"":{""key"":""keeper_long"",""fallback"":""Keeper""},""dateOfBirth"":""2005-04-25"",""age"":21,""cname"":""Japan"",""ccode"":""JPN"",""shirtNumber"":31}"
50001338,Gamba Osaka,fotmob,6582,924121,Shota Fukuoka,CURRENT_SQUAD,Defender,1995-10-24,30,Japan,FACT,true,1.0,https://www.fotmob.com/api/data/teams?id=6582,2026-09-22T18:30:11.545335+00:00,2026-09-22T18:30:11.545335+00:00,"{""id"":924121,""name"":""Shota Fukuoka"",""role"":{""key"":""defender_long"",""fallback"":""Defender""},""dateOfBirth"":""1995-10-24"",""age"":30,""cname"":""Japan"",""ccode"":""JPN"",""shirtNumber"":2}"
50001338,Gamba Osaka,fotmob,6582,1050630,Riku Handa,CURRENT_SQUAD,Defender,2002-01-01,24,Japan,FACT,true,1.0,https://www.fotmob.com/api/data/teams?id=6582,2026-09-22T18:30:11.545335+00:00,2026-09-22T18:30:11.545335+00:00,"{""id"":1050630,""name"":""Riku Handa"",""role"":{""key"":""defender_long"",""fallback"":""Defender""},""dateOfBirth"":""2002-01-01"",""age"":24,""cname"":""Japan"",""ccode"":""JPN"",""shirtNumber"":3}"
50001338,Gamba Osaka,fotmob,6582,511758,Shinnosuke Nakatani,CURRENT_SQUAD,Defender,1996-03-24,30,Japan,FACT,true,1.0,https://www.fotmob.com/api/data/teams?id=6582,2026-09-22T18:30:11.545335+00:00,2026-09-22T18:30:11.545335+00:00,"{""id"":511758,""name"":""Shinnosuke Nakatani"",""role"":{""key"":""defender_long"",""fallback"":""Defender""},""dateOfBirth"":""1996-03-24"",""age"":30,""cname"":""Japan"",""ccode"":""JPN"",""shirtNumber"":4}"
50001338,Gamba Osaka,fotmob,6582,430861,Genta Miura,CURRENT_SQUAD,Defender,1995-03-01,31,Japan,FACT,true,1.0,https://www.fotmob.com/api/data/teams?id=6582,2026-09-22T18:30:11.545335+00:00,2026-09-22T18:30:11.545335+00:00,"{""id"":430861,""name"":""Genta Miura"",""role"":{""key"":""defender_long"",""fallback"":""Defender""},""dateOfBirth"":""1995-03-01"",""age"":31,""cname"":""Japan"",""ccode"":""JPN"",""shirtNumber"":5}"
50001338,Gamba Osaka,fotmob,6582,735816,Takeru Kishimoto,CURRENT_SQUAD,Defender,1997-07-16,29,Japan,FACT,true,1.0,https://www.fotmob.com/api/data/teams?id=6582,2026-09-22T18:30:11.545335+00:00,2026-09-22T18:30:11.545335+00:00,"{""id"":735816,""name"":""Takeru Kishimoto"",""role"":{""key"":""defender_long"",""fallback"":""Defender""},""dateOfBirth"":""1997-07-16"",""age"":29,""cname"":""Japan"",""ccode"":""JPN"",""shirtNumber"":15}"
50001338,Gamba Osaka,fotmob,6582,1900448,Ginjiro Ikegaya,CURRENT_SQUAD,Defender,2004-06-19,22,Japan,FACT,true,1.0,https://www.fotmob.com/api/data/teams?id=6582,2026-09-22T18:30:11.545335+00:00,2026-09-22T18:30:11.545335+00:00,"{""id"":1900448,""name"":""Ginjiro Ikegaya"",""role"":{""key"":""defender_long"",""fallback"":""Defender""},""dateOfBirth"":""2004-06-19"",""age"":22,""cname"":""Japan"",""ccode"":""JPN"",""shirtNumber"":19}"
50001338,Gamba Osaka,fotmob,6582,712170,Ryo Hatsuse,CURRENT_SQUAD,Defender,1997-07-10,29,Japan,FACT,true,1.0,https://www.fotmob.com/api/data/teams?id=6582,2026-09-22T18:30:11.545335+00:00,2026-09-22T18:30:11.545335+00:00,"{""id"":712170,""name"":""Ryo Hatsuse"",""role"":{""key"":""defender_long"",""fallback"":""Defender""},""dateOfBirth"":""1997-07-10"",""age"":29,""cname"":""Japan"",""ccode"":""JPN"",""shirtNumber"":21}"
50001338,Gamba Osaka,fotmob,6582,1134741,Soya Fujiwara,CURRENT_SQUAD,Defender,1995-09-09,31,Japan,FACT,true,1.0,https://www.fotmob.com/api/data/teams?id=6582,2026-09-22T18:30:11.545335+00:00,2026-09-22T18:30:11.545335+00:00,"{""id"":1134741,""name"":""Soya Fujiwara"",""role"":{""key"":""defender_long"",""fallback"":""Defender""},""dateOfBirth"":""1995-09-09"",""age"":31,""cname"":""Japan"",""ccode"":""JPN"",""shirtNumber"":28}"
50001338,Gamba Osaka,fotmob,6582,2196506,Haruki Ozawa,CURRENT_SQUAD,Defender,2004-04-18,22,Japan,FACT,true,1.0,https://www.fotmob.com/api/data/teams?id=6582,2026-09-22T18:30:11.545335+00:00,2026-09-22T18:30:11.545335+00:00,"{""id"":2196506,""name"":""Haruki Ozawa"",""role"":{""key"":""defender_long"",""fallback"":""Defender""},""dateOfBirth"":""2004-04-18"",""age"":22,""cname"":""Japan"",""ccode"":""JPN"",""shirtNumber"":33}"
50001338,Gamba Osaka,fotmob,6582,1900451,Yuya Yokoi,CURRENT_SQUAD,Defender,2008-04-15,18,Japan,FACT,true,1.0,https://www.fotmob.com/api/data/teams?id=6582,2026-09-22T18:30:11.545335+00:00,2026-09-22T18:30:11.545335+00:00,"{""id"":1900451,""name"":""Yuya Yokoi"",""role"":{""key"":""defender_long"",""fallback"":""Defender""},""dateOfBirth"":""2008-04-15"",""age"":18,""cname"":""Japan"",""ccode"":""JPN"",""shirtNumber"":34}"
50001338,Gamba Osaka,fotmob,6582,1172705,Shinya Nakano,CURRENT_SQUAD,Defender,2003-08-17,23,Japan,FACT,true,1.0,https://www.fotmob.com/api/data/teams?id=6582,2026-09-22T18:30:11.545335+00:00,2026-09-22T18:30:11.545335+00:00,"{""id"":1172705,""name"":""Shinya Nakano"",""role"":{""key"":""defender_long"",""fallback"":""Defender""},""dateOfBirth"":""2003-08-17"",""age"":23,""cname"":""Japan"",""ccode"":""JPN"",""shirtNumber"":47}"
50001338,Gamba Osaka,fotmob,6582,1023965,Shogo Sasaki,CURRENT_SQUAD,Defender,2000-07-25,26,Japan,FACT,true,1.0,https://www.fotmob.com/api/data/teams?id=6582,2026-09-22T18:30:11.545335+00:00,2026-09-22T18:30:11.545335+00:00,"{""id"":1023965,""name"":""Shogo Sasaki"",""role"":{""key"":""defender_long"",""fallback"":""Defender""},""dateOfBirth"":""2000-07-25"",""age"":26,""cname"":""Japan"",""ccode"":""JPN"",""shirtNumber"":67}"
50001338,Gamba Osaka,fotmob,6582,166653,Takashi Usami,CURRENT_SQUAD,Midfielder,1992-05-06,34,Japan,FACT,true,1.0,https://www.fotmob.com/api/data/teams?id=6582,2026-09-22T18:30:11.545335+00:00,2026-09-22T18:30:11.545335+00:00,"{""id"":166653,""name"":""Takashi Usami"",""role"":{""key"":""midfielder_long"",""fallback"":""Midfielder""},""dateOfBirth"":""1992-05-06"",""age"":34,""cname"":""Japan"",""ccode"":""JPN"",""shirtNumber"":7}"
50001338,Gamba Osaka,fotmob,6582,79902,Shu Kurata,CURRENT_SQUAD,Midfielder,1988-11-26,37,Japan,FACT,true,1.0,https://www.fotmob.com/api/data/teams?id=6582,2026-09-22T18:30:11.545335+00:00,2026-09-22T18:30:11.545335+00:00,"{""id"":79902,""name"":""Shu Kurata"",""role"":{""key"":""midfielder_long"",""fallback"":""Midfielder""},""dateOfBirth"":""1988-11-26"",""age"":37,""cname"":""Japan"",""ccode"":""JPN"",""shirtNumber"":10}"
50001338,Gamba Osaka,fotmob,6582,615767,Issam Jebali,CURRENT_SQUAD,Midfielder,1991-12-25,34,Tunisia,FACT,true,1.0,https://www.fotmob.com/api/data/teams?id=6582,2026-09-22T18:30:11.545335+00:00,2026-09-22T18:30:11.545335+00:00,"{""id"":615767,""name"":""Issam Jebali"",""role"":{""key"":""midfielder_long"",""fallback"":""Midfielder""},""dateOfBirth"":""1991-12-25"",""age"":34,""cname"":""Tunisia"",""ccode"":""TUN"",""shirtNumber"":11}"
50001338,Gamba Osaka,fotmob,6582,1061133,Shuto Abe,CURRENT_SQUAD,Midfielder,1997-12-05,28,Japan,FACT,true,1.0,https://www.fotmob.com/api/data/teams?id=6582,2026-09-22T18:30:11.545335+00:00,2026-09-22T18:30:11.545335+00:00,"{""id"":1061133,""name"":""Shuto Abe"",""role"":{""key"":""midfielder_long"",""fallback"":""Midfielder""},""dateOfBirth"":""1997-12-05"",""age"":28,""cname"":""Japan"",""ccode"":""JPN"",""shirtNumber"":13}"
50001338,Gamba Osaka,fotmob,6582,1134721,Asahi Uenaka,CURRENT_SQUAD,Midfielder,2001-11-01,24,Japan,FACT,true,1.0,https://www.fotmob.com/api/data/teams?id=6582,2026-09-22T18:30:11.545335+00:00,2026-09-22T18:30:11.545335+00:00,"{""id"":1134721,""name"":""Asahi Uenaka"",""role"":{""key"":""midfielder_long"",""fallback"":""Midfielder""},""dateOfBirth"":""2001-11-01"",""age"":24,""cname"":""Japan"",""ccode"":""JPN"",""shirtNumber"":14}"
50001338,Gamba Osaka,fotmob,6582,1010266,Tokuma Suzuki,CURRENT_SQUAD,Midfielder,1997-03-12,29,Japan,FACT,true,1.0,https://www.fotmob.com/api/data/teams?id=6582,2026-09-22T18:30:11.545335+00:00,2026-09-22T18:30:11.545335+00:00,"{""id"":1010266,""name"":""Tokuma Suzuki"",""role"":{""key"":""midfielder_long"",""fallback"":""Midfielder""},""dateOfBirth"":""1997-03-12"",""age"":29,""cname"":""Japan"",""ccode"":""JPN"",""shirtNumber"":16}"
50001338,Gamba Osaka,fotmob,6582,1611156,Rin Mito,CURRENT_SQUAD,Midfielder,2002-02-12,24,Japan,FACT,true,1.0,https://www.fotmob.com/api/data/teams?id=6582,2026-09-22T18:30:11.545335+00:00,2026-09-22T18:30:11.545335+00:00,"{""id"":1611156,""name"":""Rin Mito"",""role"":{""key"":""midfielder_long"",""fallback"":""Midfielder""},""dateOfBirth"":""2002-02-12"",""age"":24,""cname"":""Japan"",""ccode"":""JPN"",""shirtNumber"":27}"
50001338,Gamba Osaka,fotmob,6582,1900449,Yuki Yoshihara,CURRENT_SQUAD,Midfielder,2004-07-19,22,Japan,FACT,true,1.0,https://www.fotmob.com/api/data/teams?id=6582,2026-09-22T18:30:11.545335+00:00,2026-09-22T18:30:11.545335+00:00,"{""id"":1900449,""name"":""Yuki Yoshihara"",""role"":{""key"":""midfielder_long"",""fallback"":""Midfielder""},""dateOfBirth"":""2004-07-19"",""age"":22,""cname"":""Japan"",""ccode"":""JPN"",""shirtNumber"":32}"
50001338,Gamba Osaka,fotmob,6582,1544872,Koshiro Sumi,CURRENT_SQUAD,Midfielder,2002-08-13,24,Japan,FACT,true,1.0,https://www.fotmob.com/api/data/teams?id=6582,2026-09-22T18:30:11.545335+00:00,2026-09-22T18:30:11.545335+00:00,"{""id"":1544872,""name"":""Koshiro Sumi"",""role"":{""key"":""midfielder_long"",""fallback"":""Midfielder""},""dateOfBirth"":""2002-08-13"",""age"":24,""cname"":""Japan"",""ccode"":""JPN"",""shirtNumber"":39}"
50001338,Gamba Osaka,fotmob,6582,2019792,Fujimoto Yoshiki,CURRENT_SQUAD,Midfielder,2009-04-02,17,Japan,FACT,true,1.0,https://www.fotmob.com/api/data/teams?id=6582,2026-09-22T18:30:11.545335+00:00,2026-09-22T18:30:11.545335+00:00,"{""id"":2019792,""name"":""Fujimoto Yoshiki"",""role"":{""key"":""midfielder_long"",""fallback"":""Midfielder""},""dateOfBirth"":""2009-04-02"",""age"":17,""cname"":""Japan"",""ccode"":""JPN"",""shirtNumber"":48}"
50001338,Gamba Osaka,fotmob,6582,2183116,Arata Okamoto,CURRENT_SQUAD,Midfielder,2009-12-16,16,Japan,FACT,true,1.0,https://www.fotmob.com/api/data/teams?id=6582,2026-09-22T18:30:11.545335+00:00,2026-09-22T18:30:11.545335+00:00,"{""id"":2183116,""name"":""Arata Okamoto"",""role"":{""key"":""midfielder_long"",""fallback"":""Midfielder""},""dateOfBirth"":""2009-12-16"",""age"":16,""cname"":""Japan"",""ccode"":""JPN"",""shirtNumber"":60}"
50001338,Gamba Osaka,fotmob,6582,714418,Juanpe,CURRENT_SQUAD,Midfielder,1996-03-31,30,Spain,FACT,true,1.0,https://www.fotmob.com/api/data/teams?id=6582,2026-09-22T18:30:11.545335+00:00,2026-09-22T18:30:11.545335+00:00,"{""id"":714418,""name"":""Juanpe"",""role"":{""key"":""midfielder_long"",""fallback"":""Midfielder""},""dateOfBirth"":""1996-03-31"",""age"":30,""cname"":""Spain"",""ccode"":""ESP"",""shirtNumber"":78}"
50001338,Gamba Osaka,fotmob,6582,824619,Ryotaro Meshino,CURRENT_SQUAD,Attacker,1998-06-18,28,Japan,FACT,true,1.0,https://www.fotmob.com/api/data/teams?id=6582,2026-09-22T18:30:11.545335+00:00,2026-09-22T18:30:11.545335+00:00,"{""id"":824619,""name"":""Ryotaro Meshino"",""role"":{""key"":""attacker_long"",""fallback"":""Attacker""},""dateOfBirth"":""1998-06-18"",""age"":28,""cname"":""Japan"",""ccode"":""JPN"",""shirtNumber"":8}"
50001338,Gamba Osaka,fotmob,6582,1080028,Daichi Hayashi,CURRENT_SQUAD,Attacker,1997-05-23,29,Japan,FACT,true,1.0,https://www.fotmob.com/api/data/teams?id=6582,2026-09-22T18:30:11.545335+00:00,2026-09-22T18:30:11.545335+00:00,"{""id"":1080028,""name"":""Daichi Hayashi"",""role"":{""key"":""attacker_long"",""fallback"":""Attacker""},""dateOfBirth"":""1997-05-23"",""age"":29,""cname"":""Japan"",""ccode"":""JPN"",""shirtNumber"":9}"
50001338,Gamba Osaka,fotmob,6582,1135557,Ryoya Yamashita,CURRENT_SQUAD,Attacker,1997-10-19,28,Japan,FACT,true,1.0,https://www.fotmob.com/api/data/teams?id=6582,2026-09-22T18:30:11.545335+00:00,2026-09-22T18:30:11.545335+00:00,"{""id"":1135557,""name"":""Ryoya Yamashita"",""role"":{""key"":""attacker_long"",""fallback"":""Attacker""},""dateOfBirth"":""1997-10-19"",""age"":28,""cname"":""Japan"",""ccode"":""JPN"",""shirtNumber"":17}"
50001338,Gamba Osaka,fotmob,6582,1261617,Eli Adams,CURRENT_SQUAD,Attacker,2002-03-12,24,Australia,FACT,true,1.0,https://www.fotmob.com/api/data/teams?id=6582,2026-09-22T18:30:11.545335+00:00,2026-09-22T18:30:11.545335+00:00,"{""id"":1261617,""name"":""Eli Adams"",""role"":{""key"":""attacker_long"",""fallback"":""Attacker""},""dateOfBirth"":""2002-03-12"",""age"":24,""cname"":""Australia"",""ccode"":""AUS"",""shirtNumber"":20}"
50001338,Gamba Osaka,fotmob,6582,614163,Deniz Hümmet,CURRENT_SQUAD,Attacker,1996-09-13,30,Turkiye,FACT,true,1.0,https://www.fotmob.com/api/data/teams?id=6582,2026-09-22T18:30:11.545335+00:00,2026-09-22T18:30:11.545335+00:00,"{""id"":614163,""name"":""Deniz Hümmet"",""role"":{""key"":""attacker_long"",""fallback"":""Attacker""},""dateOfBirth"":""1996-09-13"",""age"":30,""cname"":""Turkiye"",""ccode"":""TUR"",""shirtNumber"":23}"
50001338,Gamba Osaka,fotmob,6582,1900450,Taiki Tono,CURRENT_SQUAD,Attacker,2007-06-02,19,Japan,FACT,true,1.0,https://www.fotmob.com/api/data/teams?id=6582,2026-09-22T18:30:11.545335+00:00,2026-09-22T18:30:11.545335+00:00,"{""id"":1900450,""name"":""Taiki Tono"",""role"":{""key"":""attacker_long"",""fallback"":""Attacker""},""dateOfBirth"":""2007-06-02"",""age"":19,""cname"":""Japan"",""ccode"":""JPN"",""shirtNumber"":35}"
50001338,Gamba Osaka,fotmob,6582,1862331,Naru Nakatsumi,CURRENT_SQUAD,Attacker,2007-12-19,18,Japan,FACT,true,1.0,https://www.fotmob.com/api/data/teams?id=6582,2026-09-22T18:30:11.545335+00:00,2026-09-22T18:30:11.545335+00:00,"{""id"":1862331,""name"":""Naru Nakatsumi"",""role"":{""key"":""attacker_long"",""fallback"":""Attacker""},""dateOfBirth"":""2007-12-19"",""age"":18,""cname"":""Japan"",""ccode"":""JPN"",""shirtNumber"":37}"
50001338,Gamba Osaka,fotmob,6582,1337816,Yusei Toshida,CURRENT_SQUAD,Attacker,1999-07-23,27,Japan,FACT,true,1.0,https://www.fotmob.com/api/data/teams?id=6582,2026-09-22T18:30:11.545335+00:00,2026-09-22T18:30:11.545335+00:00,"{""id"":1337816,""name"":""Yusei Toshida"",""role"":{""key"":""attacker_long"",""fallback"":""Attacker""},""dateOfBirth"":""1999-07-23"",""age"":27,""cname"":""Japan"",""ccode"":""JPN"",""shirtNumber"":41}"
50001338,Gamba Osaka,fotmob,6582,934833,Kanji Okunuki,CURRENT_SQUAD,Attacker,1999-08-11,27,Japan,FACT,true,1.0,https://www.fotmob.com/api/data/teams?id=6582,2026-09-22T18:30:11.545335+00:00,2026-09-22T18:30:11.545335+00:00,"{""id"":934833,""name"":""Kanji Okunuki"",""role"":{""key"":""attacker_long"",""fallback"":""Attacker""},""dateOfBirth"":""1999-08-11"",""age"":27,""cname"":""Japan"",""ccode"":""JPN"",""shirtNumber"":44}"
50001338,Gamba Osaka,fotmob,6582,1327375,Welton,CURRENT_SQUAD,Attacker,1997-08-06,29,Brazil,FACT,true,1.0,https://www.fotmob.com/api/data/teams?id=6582,2026-09-22T18:30:11.545335+00:00,2026-09-22T18:30:11.545335+00:00,"{""id"":1327375,""name"":""Welton"",""role"":{""key"":""attacker_long"",""fallback"":""Attacker""},""dateOfBirth"":""1997-08-06"",""age"":29,""cname"":""Brazil"",""ccode"":""BRA"",""shirtNumber"":97}"
50001621,Iquique,fotmob,162904,1766074,Hernán Peña,CURRENT_SQUAD,Coach,1969-10-18,56,Chile,FACT,true,1.0,https://www.fotmob.com/api/data/teams?id=162904,2026-09-22T18:30:11.545335+00:00,2026-09-22T18:30:11.545335+00:00,"{""id"":1766074,""name"":""Hernán Peña"",""role"":{""key"":""coach"",""fallback"":""Coach""},""dateOfBirth"":""1969-10-18"",""age"":56,""cname"":""Chile"",""ccode"":""CHI""}"
50001621,Iquique,fotmob,162904,493125,Daniel Castillo,CURRENT_SQUAD,Keeper,1990-10-23,35,Chile,FACT,true,1.0,https://www.fotmob.com/api/data/teams?id=162904,2026-09-22T18:30:11.545335+00:00,2026-09-22T18:30:11.545335+00:00,"{""id"":493125,""name"":""Daniel Castillo"",""role"":{""key"":""keeper_long"",""fallback"":""Keeper""},""dateOfBirth"":""1990-10-23"",""age"":35,""cname"":""Chile"",""ccode"":""CHI"",""shirtNumber"":12}"
50001621,Iquique,fotmob,162904,591850,Zacarías López,CURRENT_SQUAD,Keeper,1998-06-30,28,Chile,FACT,true,1.0,https://www.fotmob.com/api/data/teams?id=162904,2026-09-22T18:30:11.545335+00:00,2026-09-22T18:30:11.545335+00:00,"{""id"":591850,""name"":""Zacarías López"",""role"":{""key"":""keeper_long"",""fallback"":""Keeper""},""dateOfBirth"":""1998-06-30"",""age"":28,""cname"":""Chile"",""ccode"":""CHI"",""shirtNumber"":25}"
50001621,Iquique,fotmob,162904,1747379,Henry Binimelis,CURRENT_SQUAD,Keeper,2006-08-09,20,Chile,FACT,true,1.0,https://www.fotmob.com/api/data/teams?id=162904,2026-09-22T18:30:11.545335+00:00,2026-09-22T18:30:11.545335+00:00,"{""id"":1747379,""name"":""Henry Binimelis"",""role"":{""key"":""keeper_long"",""fallback"":""Keeper""},""dateOfBirth"":""2006-08-09"",""age"":20,""cname"":""Chile"",""ccode"":""CHI"",""shirtNumber"":53}"
50001621,Iquique,fotmob,162904,1609469,Dilan Rojas,CURRENT_SQUAD,Defender,2004-06-04,22,Chile,FACT,true,1.0,https://www.fotmob.com/api/data/teams?id=162904,2026-09-22T18:30:11.545335+00:00,2026-09-22T18:30:11.545335+00:00,"{""id"":1609469,""name"":""Dilan Rojas"",""role"":{""key"":""defender_long"",""fallback"":""Defender""},""dateOfBirth"":""2004-06-04"",""age"":22,""cname"":""Chile"",""ccode"":""CHI"",""shirtNumber"":4}"
50001621,Iquique,fotmob,162904,1356169,Vicente Concha,CURRENT_SQUAD,Defender,2002-03-11,24,Chile,FACT,true,1.0,https://www.fotmob.com/api/data/teams?id=162904,2026-09-22T18:30:11.545335+00:00,2026-09-22T18:30:11.545335+00:00,"{""id"":1356169,""name"":""Vicente Concha"",""role"":{""key"":""defender_long"",""fallback"":""Defender""},""dateOfBirth"":""2002-03-11"",""age"":24,""cname"":""Chile"",""ccode"":""CHI"",""shirtNumber"":5}"
50001621,Iquique,fotmob,162904,592917,Mario López,CURRENT_SQUAD,Defender,1995-07-06,31,Paraguay,FACT,true,1.0,https://www.fotmob.com/api/data/teams?id=162904,2026-09-22T18:30:11.545335+00:00,2026-09-22T18:30:11.545335+00:00,"{""id"":592917,""name"":""Mario López"",""role"":{""key"":""defender_long"",""fallback"":""Defender""},""dateOfBirth"":""1995-07-06"",""age"":31,""cname"":""Paraguay"",""ccode"":""PAR"",""shirtNumber"":6}"
50001621,Iquique,fotmob,162904,1333166,Nicolás Ayala,CURRENT_SQUAD,Defender,1995-08-15,31,Uruguay,FACT,true,1.0,https://www.fotmob.com/api/data/teams?id=162904,2026-09-22T18:30:11.545335+00:00,2026-09-22T18:30:11.545335+00:00,"{""id"":1333166,""name"":""Nicolás Ayala"",""role"":{""key"":""defender_long"",""fallback"":""Defender""},""dateOfBirth"":""1995-08-15"",""age"":31,""cname"":""Uruguay"",""ccode"":""URU"",""shirtNumber"":15}"
50001621,Iquique,fotmob,162904,1129026,Simón Contreras,CURRENT_SQUAD,Defender,2002-03-29,24,Chile,FACT,true,1.0,https://www.fotmob.com/api/data/teams?id=162904,2026-09-22T18:30:11.545335+00:00,2026-09-22T18:30:11.545335+00:00,"{""id"":1129026,""name"":""Simón Contreras"",""role"":{""key"":""defender_long"",""fallback"":""Defender""},""dateOfBirth"":""2002-03-29"",""age"":24,""cname"":""Chile"",""ccode"":""CHI"",""shirtNumber"":16}"
50001621,Iquique,fotmob,162904,1357726,Felipe Espinoza,CURRENT_SQUAD,Defender,1999-09-20,27,Chile,FACT,true,1.0,https://www.fotmob.com/api/data/teams?id=162904,2026-09-22T18:30:11.545335+00:00,2026-09-22T18:30:11.545335+00:00,"{""id"":1357726,""name"":""Felipe Espinoza"",""role"":{""key"":""defender_long"",""fallback"":""Defender""},""dateOfBirth"":""1999-09-20"",""age"":27,""cname"":""Chile"",""ccode"":""CHI"",""shirtNumber"":21}"
50001621,Iquique,fotmob,162904,1238116,Franco Ledesma,CURRENT_SQUAD,Defender,1992-10-03,33,Argentina,FACT,true,1.0,https://www.fotmob.com/api/data/teams?id=162904,2026-09-22T18:30:11.545335+00:00,2026-09-22T18:30:11.545335+00:00,"{""id"":1238116,""name"":""Franco Ledesma"",""role"":{""key"":""defender_long"",""fallback"":""Defender""},""dateOfBirth"":""1992-10-03"",""age"":33,""cname"":""Argentina"",""ccode"":""ARG"",""shirtNumber"":26}"
50001621,Iquique,fotmob,162904,193247,Matías Blázquez,CURRENT_SQUAD,Defender,1991-05-08,35,Chile,FACT,true,1.0,https://www.fotmob.com/api/data/teams?id=162904,2026-09-22T18:30:11.545335+00:00,2026-09-22T18:30:11.545335+00:00,"{""id"":193247,""name"":""Matías Blázquez"",""role"":{""key"":""defender_long"",""fallback"":""Defender""},""dateOfBirth"":""1991-05-08"",""age"":35,""cname"":""Chile"",""ccode"":""CHI"",""shirtNumber"":30}"
50001621,Iquique,fotmob,162904,1609466,Alonso López,CURRENT_SQUAD,Midfielder,2005-04-15,21,Chile,FACT,true,1.0,https://www.fotmob.com/api/data/teams?id=162904,2026-09-22T18:30:11.545335+00:00,2026-09-22T18:30:11.545335+00:00,"{""id"":1609466,""name"":""Alonso López"",""role"":{""key"":""midfielder_long"",""fallback"":""Midfielder""},""dateOfBirth"":""2005-04-15"",""age"":21,""cname"":""Chile"",""ccode"":""CHI""}"
50001621,Iquique,fotmob,162904,1092017,Pablo Palacio,CURRENT_SQUAD,Midfielder,2000-05-18,26,Argentina,FACT,true,1.0,https://www.fotmob.com/api/data/teams?id=162904,2026-09-22T18:30:11.545335+00:00,2026-09-22T18:30:11.545335+00:00,"{""id"":1092017,""name"":""Pablo Palacio"",""role"":{""key"":""midfielder_long"",""fallback"":""Midfielder""},""dateOfBirth"":""2000-05-18"",""age"":26,""cname"":""Argentina"",""ccode"":""ARG""}"
50001621,Iquique,fotmob,162904,660807,Thomas Jones,CURRENT_SQUAD,Midfielder,1997-09-25,28,Chile,FACT,true,1.0,https://www.fotmob.com/api/data/teams?id=162904,2026-09-22T18:30:11.545335+00:00,2026-09-22T18:30:11.545335+00:00,"{""id"":660807,""name"":""Thomas Jones"",""role"":{""key"":""midfielder_long"",""fallback"":""Midfielder""},""dateOfBirth"":""1997-09-25"",""age"":28,""cname"":""Chile"",""ccode"":""CHI"",""shirtNumber"":7}"
50001621,Iquique,fotmob,162904,1909790,Agustín Olguín,CURRENT_SQUAD,Midfielder,2010-01-27,16,Chile,FACT,true,1.0,https://www.fotmob.com/api/data/teams?id=162904,2026-09-22T18:30:11.545335+00:00,2026-09-22T18:30:11.545335+00:00,"{""id"":1909790,""name"":""Agustín Olguín"",""role"":{""key"":""midfielder_long"",""fallback"":""Midfielder""},""dateOfBirth"":""2010-01-27"",""age"":16,""cname"":""Chile"",""ccode"":""CHI"",""shirtNumber"":9}"
50001621,Iquique,fotmob,162904,936262,Brayan Garrido,CURRENT_SQUAD,Midfielder,1999-01-22,27,Chile,FACT,true,1.0,https://www.fotmob.com/api/data/teams?id=162904,2026-09-22T18:30:11.545335+00:00,2026-09-22T18:30:11.545335+00:00,"{""id"":936262,""name"":""Brayan Garrido"",""role"":{""key"":""midfielder_long"",""fallback"":""Midfielder""},""dateOfBirth"":""1999-01-22"",""age"":27,""cname"":""Chile"",""ccode"":""CHI"",""shirtNumber"":18}"
50001621,Iquique,fotmob,162904,424176,Diego Orellana,CURRENT_SQUAD,Midfielder,1993-05-16,33,Chile,FACT,true,1.0,https://www.fotmob.com/api/data/teams?id=162904,2026-09-22T18:30:11.545335+00:00,2026-09-22T18:30:11.545335+00:00,"{""id"":424176,""name"":""Diego Orellana"",""role"":{""key"":""midfielder_long"",""fallback"":""Midfielder""},""dateOfBirth"":""1993-05-16"",""age"":33,""cname"":""Chile"",""ccode"":""CHI"",""shirtNumber"":20}"
50001621,Iquique,fotmob,162904,847132,Joaquín Pereyra,CURRENT_SQUAD,Midfielder,1994-09-05,32,Uruguay,FACT,true,1.0,https://www.fotmob.com/api/data/teams?id=162904,2026-09-22T18:30:11.545335+00:00,2026-09-22T18:30:11.545335+00:00,"{""id"":847132,""name"":""Joaquín Pereyra"",""role"":{""key"":""midfielder_long"",""fallback"":""Midfielder""},""dateOfBirth"":""1994-09-05"",""age"":32,""cname"":""Uruguay"",""ccode"":""URU"",""shirtNumber"":23}"
50001621,Iquique,fotmob,162904,1717115,Bayron Barrera,CURRENT_SQUAD,Midfielder,2009-01-05,17,Chile,FACT,true,1.0,https://www.fotmob.com/api/data/teams?id=162904,2026-09-22T18:30:11.545335+00:00,2026-09-22T18:30:11.545335+00:00,"{""id"":1717115,""name"":""Bayron Barrera"",""role"":{""key"":""midfielder_long"",""fallback"":""Midfielder""},""dateOfBirth"":""2009-01-05"",""age"":17,""cname"":""Chile"",""ccode"":""CHI"",""shirtNumber"":24}"
50001621,Iquique,fotmob,162904,1623593,Renato Gajardo,CURRENT_SQUAD,Midfielder,2005-08-06,21,Chile,FACT,true,1.0,https://www.fotmob.com/api/data/teams?id=162904,2026-09-22T18:30:11.545335+00:00,2026-09-22T18:30:11.545335+00:00,"{""id"":1623593,""name"":""Renato Gajardo"",""role"":{""key"":""midfielder_long"",""fallback"":""Midfielder""},""dateOfBirth"":""2005-08-06"",""age"":21,""cname"":""Chile"",""ccode"":""CHI"",""shirtNumber"":25}"
50001621,Iquique,fotmob,162904,1276520,Agustín Venezia,CURRENT_SQUAD,Midfielder,2003-07-05,23,Argentina,FACT,true,1.0,https://www.fotmob.com/api/data/teams?id=162904,2026-09-22T18:30:11.545335+00:00,2026-09-22T18:30:11.545335+00:00,"{""id"":1276520,""name"":""Agustín Venezia"",""role"":{""key"":""midfielder_long"",""fallback"":""Midfielder""},""dateOfBirth"":""2003-07-05"",""age"":23,""cname"":""Argentina"",""ccode"":""ARG"",""shirtNumber"":28}"
50001621,Iquique,fotmob,162904,1909794,David Tello,CURRENT_SQUAD,Midfielder,2004-07-20,22,Colombia,FACT,true,1.0,https://www.fotmob.com/api/data/teams?id=162904,2026-09-22T18:30:11.545335+00:00,2026-09-22T18:30:11.545335+00:00,"{""id"":1909794,""name"":""David Tello"",""role"":{""key"":""midfielder_long"",""fallback"":""Midfielder""},""dateOfBirth"":""2004-07-20"",""age"":22,""cname"":""Colombia"",""ccode"":""COL"",""shirtNumber"":33}"
50001621,Iquique,fotmob,162904,1592128,Leonardo Troncoso,CURRENT_SQUAD,Midfielder,2005-04-07,21,Chile,FACT,true,1.0,https://www.fotmob.com/api/data/teams?id=162904,2026-09-22T18:30:11.545335+00:00,2026-09-22T18:30:11.545335+00:00,"{""id"":1592128,""name"":""Leonardo Troncoso"",""role"":{""key"":""midfielder_long"",""fallback"":""Midfielder""},""dateOfBirth"":""2005-04-07"",""age"":21,""cname"":""Chile"",""ccode"":""CHI"",""shirtNumber"":51}"
50001621,Iquique,fotmob,162904,1658740,Dylan Arias,CURRENT_SQUAD,Attacker,2007-03-21,19,Chile,FACT,true,1.0,https://www.fotmob.com/api/data/teams?id=162904,2026-09-22T18:30:11.545335+00:00,2026-09-22T18:30:11.545335+00:00,"{""id"":1658740,""name"":""Dylan Arias"",""role"":{""key"":""attacker_long"",""fallback"":""Attacker""},""dateOfBirth"":""2007-03-21"",""age"":19,""cname"":""Chile"",""ccode"":""CHI"",""shirtNumber"":2}"
50001621,Iquique,fotmob,162904,164288,Álvaro Ramos,CURRENT_SQUAD,Attacker,1992-04-14,34,Chile,FACT,true,1.0,https://www.fotmob.com/api/data/teams?id=162904,2026-09-22T18:30:11.545335+00:00,2026-09-22T18:30:11.545335+00:00,"{""id"":164288,""name"":""Álvaro Ramos"",""role"":{""key"":""attacker_long"",""fallback"":""Attacker""},""dateOfBirth"":""1992-04-14"",""age"":34,""cname"":""Chile"",""ccode"":""CHI"",""shirtNumber"":11}"
50001621,Iquique,fotmob,162904,609366,César González,CURRENT_SQUAD,Attacker,1997-01-11,29,Chile,FACT,true,1.0,https://www.fotmob.com/api/data/teams?id=162904,2026-09-22T18:30:11.545335+00:00,2026-09-22T18:30:11.545335+00:00,"{""id"":609366,""name"":""César González"",""role"":{""key"":""attacker_long"",""fallback"":""Attacker""},""dateOfBirth"":""1997-01-11"",""age"":29,""cname"":""Chile"",""ccode"":""CHI"",""shirtNumber"":17}"
50001621,Iquique,fotmob,162904,1739948,Antony Henríquez,CURRENT_SQUAD,Attacker,2006-10-16,19,Chile,FACT,true,1.0,https://www.fotmob.com/api/data/teams?id=162904,2026-09-22T18:30:11.545335+00:00,2026-09-22T18:30:11.545335+00:00,"{""id"":1739948,""name"":""Antony Henríquez"",""role"":{""key"":""attacker_long"",""fallback"":""Attacker""},""dateOfBirth"":""2006-10-16"",""age"":19,""cname"":""Chile"",""ccode"":""CHI"",""shirtNumber"":27}"
50001621,Iquique,fotmob,162904,167700,Isaac Díaz,CURRENT_SQUAD,Attacker,1990-03-24,36,Chile,FACT,true,1.0,https://www.fotmob.com/api/data/teams?id=162904,2026-09-22T18:30:11.545335+00:00,2026-09-22T18:30:11.545335+00:00,"{""id"":167700,""name"":""Isaac Díaz"",""role"":{""key"":""attacker_long"",""fallback"":""Attacker""},""dateOfBirth"":""1990-03-24"",""age"":36,""cname"":""Chile"",""ccode"":""CHI"",""shirtNumber"":31}"
50001624,Iran AM,fotmob,622101,1793770,Adib Zarei,CURRENT_SQUAD,Keeper,2003-04-16,23,Shams Azar Qazvin,FACT,true,1.0,https://www.fotmob.com/api/data/teams?id=622101,2026-09-22T18:30:11.545335+00:00,2026-09-22T18:30:11.545335+00:00,"{""id"":1793770,""name"":""Adib Zarei"",""role"":{""key"":""keeper_long"",""fallback"":""Keeper""},""dateOfBirth"":""2003-04-16"",""age"":23,""cname"":""Shams Azar Qazvin"",""ccode"":""1303998""}"
50001624,Iran AM,fotmob,622101,1840195,Armin Abasi,CURRENT_SQUAD,Keeper,2006-05-20,20,Paykan,FACT,true,1.0,https://www.fotmob.com/api/data/teams?id=622101,2026-09-22T18:30:11.545335+00:00,2026-09-22T18:30:11.545335+00:00,"{""id"":1840195,""name"":""Armin Abasi"",""role"":{""key"":""keeper_long"",""fallback"":""Keeper""},""dateOfBirth"":""2006-05-20"",""age"":20,""cname"":""Paykan"",""ccode"":""101619""}"
50001624,Iran AM,fotmob,622101,1729679,Mohammad Khalifeh,CURRENT_SQUAD,Keeper,2004-08-19,22,Aluminium Arak,FACT,true,1.0,https://www.fotmob.com/api/data/teams?id=622101,2026-09-22T18:30:11.545335+00:00,2026-09-22T18:30:11.545335+00:00,"{""id"":1729679,""name"":""Mohammad Khalifeh"",""role"":{""key"":""keeper_long"",""fallback"":""Keeper""},""dateOfBirth"":""2004-08-19"",""age"":22,""cname"":""Aluminium Arak"",""ccode"":""664861"",""shirtNumber"":1}"
50001624,Iran AM,fotmob,622101,1794327,Abolfazl Koohi,CURRENT_SQUAD,Defender,2005-01-30,21,Nassaji Mazandaran FC,FACT,true,1.0,https://www.fotmob.com/api/data/teams?id=622101,2026-09-22T18:30:11.545335+00:00,2026-09-22T18:30:11.545335+00:00,"{""id"":1794327,""name"":""Abolfazl Koohi"",""role"":{""key"":""defender_long"",""fallback"":""Defender""},""dateOfBirth"":""2005-01-30"",""age"":21,""cname"":""Nassaji Mazandaran FC"",""ccode"":""392200""}"
50001624,Iran AM,fotmob,622101,1678470,Soheil Sahraei,CURRENT_SQUAD,Defender,2003-05-29,23,Gol Gohar,FACT,true,1.0,https://www.fotmob.com/api/data/teams?id=622101,2026-09-22T18:30:11.545335+00:00,2026-09-22T18:30:11.545335+00:00,"{""id"":1678470,""name"":""Soheil Sahraei"",""role"":{""key"":""defender_long"",""fallback"":""Defender""},""dateOfBirth"":""2003-05-29"",""age"":23,""cname"":""Gol Gohar"",""ccode"":""389880""}"
50001624,Iran AM,fotmob,622101,1651423,Yasin Jorjani,CURRENT_SQUAD,Defender,2003-09-20,23,Sepahan,FACT,true,1.0,https://www.fotmob.com/api/data/teams?id=622101,2026-09-22T18:30:11.545335+00:00,2026-09-22T18:30:11.545335+00:00,"{""id"":1651423,""name"":""Yasin Jorjani"",""role"":{""key"":""defender_long"",""fallback"":""Defender""},""dateOfBirth"":""2003-09-20"",""age"":23,""cname"":""Sepahan"",""ccode"":""101611""}"
50001624,Iran AM,fotmob,622101,1729681,Danial Eiri,CURRENT_SQUAD,Defender,2003-10-26,22,Persepolis,FACT,true,1.0,https://www.fotmob.com/api/data/teams?id=622101,2026-09-22T18:30:11.545335+00:00,2026-09-22T18:30:11.545335+00:00,"{""id"":1729681,""name"":""Danial Eiri"",""role"":{""key"":""defender_long"",""fallback"":""Defender""},""dateOfBirth"":""2003-10-26"",""age"":22,""cname"":""Persepolis"",""ccode"":""101610"",""shirtNumber"":4}"
50001624,Iran AM,fotmob,622101,1350062,Amin Hazbavi,CURRENT_SQUAD,Defender,2003-05-06,23,Sepahan,FACT,true,1.0,https://www.fotmob.com/api/data/teams?id=622101,2026-09-22T18:30:11.545335+00:00,2026-09-22T18:30:11.545335+00:00,"{""id"":1350062,""name"":""Amin Hazbavi"",""role"":{""key"":""defender_long"",""fallback"":""Defender""},""dateOfBirth"":""2003-05-06"",""age"":23,""cname"":""Sepahan"",""ccode"":""101611"",""shirtNumber"":5}"
50001624,Iran AM,fotmob,622101,1624533,Masoud Mohebi,CURRENT_SQUAD,Defender,2005-02-06,21,Kheybar Khorramabad,FACT,true,1.0,https://www.fotmob.com/api/data/teams?id=622101,2026-09-22T18:30:11.545335+00:00,2026-09-22T18:30:11.545335+00:00,"{""id"":1624533,""name"":""Masoud Mohebi"",""role"":{""key"":""defender_long"",""fallback"":""Defender""},""dateOfBirth"":""2005-02-06"",""age"":21,""cname"":""Kheybar Khorramabad"",""ccode"":""664862"",""shirtNumber"":15}"
50001624,Iran AM,fotmob,622101,1793823,Farzin Moamelehgari,CURRENT_SQUAD,Defender,2004-01-14,22,Malavan,FACT,true,1.0,https://www.fotmob.com/api/data/teams?id=622101,2026-09-22T18:30:11.545335+00:00,2026-09-22T18:30:11.545335+00:00,"{""id"":1793823,""name"":""Farzin Moamelehgari"",""role"":{""key"":""defender_long"",""fallback"":""Defender""},""dateOfBirth"":""2004-01-14"",""age"":22,""cname"":""Malavan"",""ccode"":""101612"",""shirtNumber"":16}"
50001624,Iran AM,fotmob,622101,1794296,Abbas Kahrizi,CURRENT_SQUAD,Midfielder,2005-01-31,21,Aluminium Arak,FACT,true,1.0,https://www.fotmob.com/api/data/teams?id=622101,2026-09-22T18:30:11.545335+00:00,2026-09-22T18:30:11.545335+00:00,"{""id"":1794296,""name"":""Abbas Kahrizi"",""role"":{""key"":""midfielder_long"",""fallback"":""Midfielder""},""dateOfBirth"":""2005-01-31"",""age"":21,""cname"":""Aluminium Arak"",""ccode"":""664861""}"
50001624,Iran AM,fotmob,622101,1826661,Ghasem Latifi,CURRENT_SQUAD,Midfielder,2004-03-27,22,Foolad Khuzestan,FACT,true,1.0,https://www.fotmob.com/api/data/teams?id=622101,2026-09-22T18:30:11.545335+00:00,2026-09-22T18:30:11.545335+00:00,"{""id"":1826661,""name"":""Ghasem Latifi"",""role"":{""key"":""midfielder_long"",""fallback"":""Midfielder""},""dateOfBirth"":""2004-03-27"",""age"":22,""cname"":""Foolad Khuzestan"",""ccode"":""139914""}"
50001624,Iran AM,fotmob,622101,1580548,Kasra Taheri,CURRENT_SQUAD,Midfielder,2006-08-06,20,Sepahan,FACT,true,1.0,https://www.fotmob.com/api/data/teams?id=622101,2026-09-22T18:30:11.545335+00:00,2026-09-22T18:30:11.545335+00:00,"{""id"":1580548,""name"":""Kasra Taheri"",""role"":{""key"":""midfielder_long"",""fallback"":""Midfielder""},""dateOfBirth"":""2006-08-06"",""age"":20,""cname"":""Sepahan"",""ccode"":""101611""}"
50001624,Iran AM,fotmob,622101,1782788,Mobin Dehghan,CURRENT_SQUAD,Midfielder,2005-09-11,21,Al-Wahda,FACT,true,1.0,https://www.fotmob.com/api/data/teams?id=622101,2026-09-22T18:30:11.545335+00:00,2026-09-22T18:30:11.545335+00:00,"{""id"":1782788,""name"":""Mobin Dehghan"",""role"":{""key"":""midfielder_long"",""fallback"":""Midfielder""},""dateOfBirth"":""2005-09-11"",""age"":21,""cname"":""Al-Wahda"",""ccode"":""102122""}"
50001624,Iran AM,fotmob,622101,1583232,Amir Mohammad Razzaghinia,CURRENT_SQUAD,Midfielder,2006-04-11,20,Esteghlal,FACT,true,1.0,https://www.fotmob.com/api/data/teams?id=622101,2026-09-22T18:30:11.545335+00:00,2026-09-22T18:30:11.545335+00:00,"{""id"":1583232,""name"":""Amir Mohammad Razzaghinia"",""role"":{""key"":""midfielder_long"",""fallback"":""Midfielder""},""dateOfBirth"":""2006-04-11"",""age"":20,""cname"":""Esteghlal"",""ccode"":""101614"",""shirtNumber"":6}"
50001624,Iran AM,fotmob,622101,1793789,Pouria Latififar,CURRENT_SQUAD,Midfielder,2003-08-16,23,Persepolis,FACT,true,1.0,https://www.fotmob.com/api/data/teams?id=622101,2026-09-22T18:30:11.545335+00:00,2026-09-22T18:30:11.545335+00:00,"{""id"":1793789,""name"":""Pouria Latififar"",""role"":{""key"":""midfielder_long"",""fallback"":""Midfielder""},""dateOfBirth"":""2003-08-16"",""age"":23,""cname"":""Persepolis"",""ccode"":""101610"",""shirtNumber"":8}"
50001624,Iran AM,fotmob,622101,1793952,Farhan Jafari,CURRENT_SQUAD,Midfielder,2005-12-02,20,Malavan,FACT,true,1.0,https://www.fotmob.com/api/data/teams?id=622101,2026-09-22T18:30:11.545335+00:00,2026-09-22T18:30:11.545335+00:00,"{""id"":1793952,""name"":""Farhan Jafari"",""role"":{""key"":""midfielder_long"",""fallback"":""Midfielder""},""dateOfBirth"":""2005-12-02"",""age"":20,""cname"":""Malavan"",""ccode"":""101612"",""shirtNumber"":14}"
50001624,Iran AM,fotmob,622101,1580560,Esmaeil Gholizadeh,CURRENT_SQUAD,Attacker,2006-02-18,20,Esteghlal,FACT,true,1.0,https://www.fotmob.com/api/data/teams?id=622101,2026-09-22T18:30:11.545335+00:00,2026-09-22T18:30:11.545335+00:00,"{""id"":1580560,""name"":""Esmaeil Gholizadeh"",""role"":{""key"":""attacker_long"",""fallback"":""Attacker""},""dateOfBirth"":""2006-02-18"",""age"":20,""cname"":""Esteghlal"",""ccode"":""101614""}"
50001624,Iran AM,fotmob,622101,1793792,Pouria Shahrabadi,CURRENT_SQUAD,Attacker,2006-06-15,20,Persepolis,FACT,true,1.0,https://www.fotmob.com/api/data/teams?id=622101,2026-09-22T18:30:11.545335+00:00,2026-09-22T18:30:11.545335+00:00,"{""id"":1793792,""name"":""Pouria Shahrabadi"",""role"":{""key"":""attacker_long"",""fallback"":""Attacker""},""dateOfBirth"":""2006-06-15"",""age"":20,""cname"":""Persepolis"",""ccode"":""101610""}"
50001624,Iran AM,fotmob,622101,1480706,Saeid Saharkhizan,CURRENT_SQUAD,Attacker,2003-06-26,23,Esteghlal,FACT,true,1.0,https://www.fotmob.com/api/data/teams?id=622101,2026-09-22T18:30:11.545335+00:00,2026-09-22T18:30:11.545335+00:00,"{""id"":1480706,""name"":""Saeid Saharkhizan"",""role"":{""key"":""attacker_long"",""fallback"":""Attacker""},""dateOfBirth"":""2003-06-26"",""age"":23,""cname"":""Esteghlal"",""ccode"":""101614""}"
50001624,Iran AM,fotmob,622101,1826662,Yousef Mazraeh,CURRENT_SQUAD,Attacker,2005-06-13,21,Foolad Khuzestan,FACT,true,1.0,https://www.fotmob.com/api/data/teams?id=622101,2026-09-22T18:30:11.545335+00:00,2026-09-22T18:30:11.545335+00:00,"{""id"":1826662,""name"":""Yousef Mazraeh"",""role"":{""key"":""attacker_long"",""fallback"":""Attacker""},""dateOfBirth"":""2005-06-13"",""age"":21,""cname"":""Foolad Khuzestan"",""ccode"":""139914""}"
50001624,Iran AM,fotmob,622101,1533785,Reza Ghandipour,CURRENT_SQUAD,Attacker,2006-01-13,20,Shabab Al-Ahli Dubai FC,FACT,true,1.0,https://www.fotmob.com/api/data/teams?id=622101,2026-09-22T18:30:11.545335+00:00,2026-09-22T18:30:11.545335+00:00,"{""id"":1533785,""name"":""Reza Ghandipour"",""role"":{""key"":""attacker_long"",""fallback"":""Attacker""},""dateOfBirth"":""2006-01-13"",""age"":20,""cname"":""Shabab Al-Ahli Dubai FC"",""ccode"":""102119"",""shirtNumber"":7}"
50001624,Iran AM,fotmob,622101,1031319,Amirhossein Hosseinzadeh,CURRENT_SQUAD,Attacker,2000-10-30,25,Tractor,FACT,true,1.0,https://www.fotmob.com/api/data/teams?id=622101,2026-09-22T18:30:11.545335+00:00,2026-09-22T18:30:11.545335+00:00,"{""id"":1031319,""name"":""Amirhossein Hosseinzadeh"",""role"":{""key"":""attacker_long"",""fallback"":""Attacker""},""dateOfBirth"":""2000-10-30"",""age"":25,""cname"":""Tractor"",""ccode"":""176352"",""shirtNumber"":13}"
50001639,Iraq,fotmob,5819,147315,Graham Arnold,CURRENT_SQUAD,Coach,1963-08-03,63,Australia,FACT,true,1.0,https://www.fotmob.com/api/data/teams?id=5819,2026-09-22T18:30:11.545335+00:00,2026-09-22T18:30:11.545335+00:00,"{""id"":147315,""name"":""Graham Arnold"",""role"":{""key"":""coach"",""fallback"":""Coach""},""dateOfBirth"":""1963-08-03"",""age"":63,""cname"":""Australia"",""ccode"":""AUS""}"
50001639,Iraq,fotmob,5819,1478204,Hussein Hasan,CURRENT_SQUAD,Keeper,2003-10-05,22,Al Zawraa,FACT,true,1.0,https://www.fotmob.com/api/data/teams?id=5819,2026-09-22T18:30:11.545335+00:00,2026-09-22T18:30:11.545335+00:00,"{""id"":1478204,""name"":""Hussein Hasan"",""role"":{""key"":""keeper_long"",""fallback"":""Keeper""},""dateOfBirth"":""2003-10-05"",""age"":22,""cname"":""Al Zawraa"",""ccode"":""101659""}"
50001639,Iraq,fotmob,5819,1033089,Mohammad Saleh,CURRENT_SQUAD,Keeper,1995-06-12,31,Al Quwa Al Jawiya,FACT,true,1.0,https://www.fotmob.com/api/data/teams?id=5819,2026-09-22T18:30:11.545335+00:00,2026-09-22T18:30:11.545335+00:00,"{""id"":1033089,""name"":""Mohammad Saleh"",""role"":{""key"":""keeper_long"",""fallback"":""Keeper""},""dateOfBirth"":""1995-06-12"",""age"":31,""cname"":""Al Quwa Al Jawiya"",""ccode"":""101656"",""shirtNumber"":12}"
50001639,Iraq,fotmob,5819,1132570,Ahmed Basil,CURRENT_SQUAD,Keeper,1996-08-19,30,Iraq,FACT,true,1.0,https://www.fotmob.com/api/data/teams?id=5819,2026-09-22T18:30:11.545335+00:00,2026-09-22T18:30:11.545335+00:00,"{""id"":1132570,""name"":""Ahmed Basil"",""role"":{""key"":""keeper_long"",""fallback"":""Keeper""},""dateOfBirth"":""1996-08-19"",""age"":30,""cname"":""Iraq"",""ccode"":""IRQ"",""shirtNumber"":22}"
50001639,Iraq,fotmob,5819,1429382,Josef Al Imam,CURRENT_SQUAD,Defender,2004-07-27,22,Iraq,FACT,true,1.0,https://www.fotmob.com/api/data/teams?id=5819,2026-09-22T18:30:11.545335+00:00,2026-09-22T18:30:11.545335+00:00,"{""id"":1429382,""name"":""Josef Al Imam"",""role"":{""key"":""defender_long"",""fallback"":""Defender""},""dateOfBirth"":""2004-07-27"",""age"":22,""cname"":""Iraq"",""ccode"":""IRQ""}"
50001639,Iraq,fotmob,5819,1033086,Maytham Jabbar,CURRENT_SQUAD,Defender,2000-11-10,25,Al Shorta,FACT,true,1.0,https://www.fotmob.com/api/data/teams?id=5819,2026-09-22T18:30:11.545335+00:00,2026-09-22T18:30:11.545335+00:00,"{""id"":1033086,""name"":""Maytham Jabbar"",""role"":{""key"":""defender_long"",""fallback"":""Defender""},""dateOfBirth"":""2000-11-10"",""age"":25,""cname"":""Al Shorta"",""ccode"":""101655"",""shirtNumber"":2}"
50001639,Iraq,fotmob,5819,1420369,Zaid Tahseen,CURRENT_SQUAD,Defender,2001-01-29,25,Pakhtakor Tashkent,FACT,true,1.0,https://www.fotmob.com/api/data/teams?id=5819,2026-09-22T18:30:11.545335+00:00,2026-09-22T18:30:11.545335+00:00,"{""id"":1420369,""name"":""Zaid Tahseen"",""role"":{""key"":""defender_long"",""fallback"":""Defender""},""dateOfBirth"":""2001-01-29"",""age"":25,""cname"":""Pakhtakor Tashkent"",""ccode"":""102141"",""shirtNumber"":4}"
50001639,Iraq,fotmob,5819,1606279,Akam Hashim,CURRENT_SQUAD,Defender,1998-08-16,28,Al Zawraa,FACT,true,1.0,https://www.fotmob.com/api/data/teams?id=5819,2026-09-22T18:30:11.545335+00:00,2026-09-22T18:30:11.545335+00:00,"{""id"":1606279,""name"":""Akam Hashim"",""role"":{""key"":""defender_long"",""fallback"":""Defender""},""dateOfBirth"":""1998-08-16"",""age"":28,""cname"":""Al Zawraa"",""ccode"":""101659"",""shirtNumber"":5}"
50001639,Iraq,fotmob,5819,1554123,Mustafa Saadoon,CURRENT_SQUAD,Defender,2001-05-25,25,Iraq,FACT,true,1.0,https://www.fotmob.com/api/data/teams?id=5819,2026-09-22T18:30:11.545335+00:00,2026-09-22T18:30:11.545335+00:00,"{""id"":1554123,""name"":""Mustafa Saadoon"",""role"":{""key"":""defender_long"",""fallback"":""Defender""},""dateOfBirth"":""2001-05-25"",""age"":25,""cname"":""Iraq"",""ccode"":""IRQ"",""shirtNumber"":15}"
50001639,Iraq,fotmob,5819,1199113,Merchas Doski,CURRENT_SQUAD,Defender,1999-12-07,26,Viktoria Plzeň,FACT,true,1.0,https://www.fotmob.com/api/data/teams?id=5819,2026-09-22T18:30:11.545335+00:00,2026-09-22T18:30:11.545335+00:00,"{""id"":1199113,""name"":""Merchas Doski"",""role"":{""key"":""defender_long"",""fallback"":""Defender""},""dateOfBirth"":""1999-12-07"",""age"":26,""cname"":""Viktoria Plzeň"",""ccode"":""6033"",""shirtNumber"":23}"
50001639,Iraq,fotmob,5819,1478213,Abdulrazzaq Qasim,CURRENT_SQUAD,Midfielder,2003-02-19,23,Iraq,FACT,true,1.0,https://www.fotmob.com/api/data/teams?id=5819,2026-09-22T18:30:11.545335+00:00,2026-09-22T18:30:11.545335+00:00,"{""id"":1478213,""name"":""Abdulrazzaq Qasim"",""role"":{""key"":""midfielder_long"",""fallback"":""Midfielder""},""dateOfBirth"":""2003-02-19"",""age"":23,""cname"":""Iraq"",""ccode"":""IRQ""}"
50001639,Iraq,fotmob,5819,1680584,Jussef Nasrawe,CURRENT_SQUAD,Midfielder,2007-03-22,19,Ried,FACT,true,1.0,https://www.fotmob.com/api/data/teams?id=5819,2026-09-22T18:30:11.545335+00:00,2026-09-22T18:30:11.545335+00:00,"{""id"":1680584,""name"":""Jussef Nasrawe"",""role"":{""key"":""midfielder_long"",""fallback"":""Midfielder""},""dateOfBirth"":""2007-03-22"",""age"":19,""cname"":""Ried"",""ccode"":""10017""}"
50001639,Iraq,fotmob,5819,942834,Ibrahim Bayesh,CURRENT_SQUAD,Midfielder,2000-05-01,26,Iraq,FACT,true,1.0,https://www.fotmob.com/api/data/teams?id=5819,2026-09-22T18:30:11.545335+00:00,2026-09-22T18:30:11.545335+00:00,"{""id"":942834,""name"":""Ibrahim Bayesh"",""role"":{""key"":""midfielder_long"",""fallback"":""Midfielder""},""dateOfBirth"":""2000-05-01"",""age"":26,""cname"":""Iraq"",""ccode"":""IRQ"",""shirtNumber"":8}"
50001639,Iraq,fotmob,5819,1138592,Zidane Iqbal,CURRENT_SQUAD,Midfielder,2003-04-27,23,Dundee United,FACT,true,1.0,https://www.fotmob.com/api/data/teams?id=5819,2026-09-22T18:30:11.545335+00:00,2026-09-22T18:30:11.545335+00:00,"{""id"":1138592,""name"":""Zidane Iqbal"",""role"":{""key"":""midfielder_long"",""fallback"":""Midfielder""},""dateOfBirth"":""2003-04-27"",""age"":23,""cname"":""Dundee United"",""ccode"":""9938"",""shirtNumber"":11}"
50001639,Iraq,fotmob,5819,858340,Amir Al Ammari,CURRENT_SQUAD,Midfielder,1997-07-27,29,Cracovia,FACT,true,1.0,https://www.fotmob.com/api/data/teams?id=5819,2026-09-22T18:30:11.545335+00:00,2026-09-22T18:30:11.545335+00:00,"{""id"":858340,""name"":""Amir Al Ammari"",""role"":{""key"":""midfielder_long"",""fallback"":""Midfielder""},""dateOfBirth"":""1997-07-27"",""age"":29,""cname"":""Cracovia"",""ccode"":""2186"",""shirtNumber"":16}"
50001639,Iraq,fotmob,5819,1033091,Karar Nabeel,CURRENT_SQUAD,Midfielder,1998-01-16,28,Al Zawraa,FACT,true,1.0,https://www.fotmob.com/api/data/teams?id=5819,2026-09-22T18:30:11.545335+00:00,2026-09-22T18:30:11.545335+00:00,"{""id"":1033091,""name"":""Karar Nabeel"",""role"":{""key"":""midfielder_long"",""fallback"":""Midfielder""},""dateOfBirth"":""1998-01-16"",""age"":28,""cname"":""Al Zawraa"",""ccode"":""101659"",""shirtNumber"":19}"
50001639,Iraq,fotmob,5819,1012200,Mohammed Qasim,CURRENT_SQUAD,Midfielder,1996-12-06,29,Al Zawraa,FACT,true,1.0,https://www.fotmob.com/api/data/teams?id=5819,2026-09-22T18:30:11.545335+00:00,2026-09-22T18:30:11.545335+00:00,"{""id"":1012200,""name"":""Mohammed Qasim"",""role"":{""key"":""midfielder_long"",""fallback"":""Midfielder""},""dateOfBirth"":""1996-12-06"",""age"":29,""cname"":""Al Zawraa"",""ccode"":""101659"",""shirtNumber"":19}"
50001639,Iraq,fotmob,5819,1642820,Zaid Ismail Al Dulaimi,CURRENT_SQUAD,Midfielder,2002-01-03,24,Iraq,FACT,true,1.0,https://www.fotmob.com/api/data/teams?id=5819,2026-09-22T18:30:11.545335+00:00,2026-09-22T18:30:11.545335+00:00,"{""id"":1642820,""name"":""Zaid Ismail Al Dulaimi"",""role"":{""key"":""midfielder_long"",""fallback"":""Midfielder""},""dateOfBirth"":""2002-01-03"",""age"":24,""cname"":""Iraq"",""ccode"":""IRQ"",""shirtNumber"":20}"
50001639,Iraq,fotmob,5819,1248049,Saif Rashid,CURRENT_SQUAD,Attacker,2000-03-02,26,Al-Qasim SC,FACT,true,1.0,https://www.fotmob.com/api/data/teams?id=5819,2026-09-22T18:30:11.545335+00:00,2026-09-22T18:30:11.545335+00:00,"{""id"":1248049,""name"":""Saif Rashid"",""role"":{""key"":""attacker_long"",""fallback"":""Attacker""},""dateOfBirth"":""2000-03-02"",""age"":26,""cname"":""Al-Qasim SC"",""ccode"":""0""}"
50001639,Iraq,fotmob,5819,1113688,Ali Al-Hamadi,CURRENT_SQUAD,Attacker,2002-03-01,24,Sheffield Wednesday,FACT,true,1.0,https://www.fotmob.com/api/data/teams?id=5819,2026-09-22T18:30:11.545335+00:00,2026-09-22T18:30:11.545335+00:00,"{""id"":1113688,""name"":""Ali Al-Hamadi"",""role"":{""key"":""attacker_long"",""fallback"":""Attacker""},""dateOfBirth"":""2002-03-01"",""age"":24,""cname"":""Sheffield Wednesday"",""ccode"":""10163"",""shirtNumber"":9}"
50001639,Iraq,fotmob,5819,1224691,Ahmed Qasem,CURRENT_SQUAD,Attacker,2003-07-12,23,Nashville SC,FACT,true,1.0,https://www.fotmob.com/api/data/teams?id=5819,2026-09-22T18:30:11.545335+00:00,2026-09-22T18:30:11.545335+00:00,"{""id"":1224691,""name"":""Ahmed Qasem"",""role"":{""key"":""attacker_long"",""fallback"":""Attacker""},""dateOfBirth"":""2003-07-12"",""age"":23,""cname"":""Nashville SC"",""ccode"":""915807"",""shirtNumber"":11}"
50001639,Iraq,fotmob,5819,1312362,Hasan Abdulkareem,CURRENT_SQUAD,Attacker,1999-01-01,27,Al Zawraa,FACT,true,1.0,https://www.fotmob.com/api/data/teams?id=5819,2026-09-22T18:30:11.545335+00:00,2026-09-22T18:30:11.545335+00:00,"{""id"":1312362,""name"":""Hasan Abdulkareem"",""role"":{""key"":""attacker_long"",""fallback"":""Attacker""},""dateOfBirth"":""1999-01-01"",""age"":27,""cname"":""Al Zawraa"",""ccode"":""101659"",""shirtNumber"":11}"
50001639,Iraq,fotmob,5819,1478238,Ali Jasim,CURRENT_SQUAD,Attacker,2004-01-20,22,Zakho,FACT,true,1.0,https://www.fotmob.com/api/data/teams?id=5819,2026-09-22T18:30:11.545335+00:00,2026-09-22T18:30:11.545335+00:00,"{""id"":1478238,""name"":""Ali Jasim"",""role"":{""key"":""attacker_long"",""fallback"":""Attacker""},""dateOfBirth"":""2004-01-20"",""age"":22,""cname"":""Zakho"",""ccode"":""191814"",""shirtNumber"":17}"
50001639,Iraq,fotmob,5819,674332,Aymen Hussein,CURRENT_SQUAD,Attacker,1996-03-22,30,Pakhtakor Tashkent,FACT,true,1.0,https://www.fotmob.com/api/data/teams?id=5819,2026-09-22T18:30:11.545335+00:00,2026-09-22T18:30:11.545335+00:00,"{""id"":674332,""name"":""Aymen Hussein"",""role"":{""key"":""attacker_long"",""fallback"":""Attacker""},""dateOfBirth"":""1996-03-22"",""age"":30,""cname"":""Pakhtakor Tashkent"",""ccode"":""102141"",""shirtNumber"":18}"
50001684,Japan,fotmob,6715,431269,Hajime Moriyasu,CURRENT_SQUAD,Coach,1968-08-23,58,Japan,FACT,true,1.0,https://www.fotmob.com/api/data/teams?id=6715,2026-09-22T18:30:11.545335+00:00,2026-09-22T18:30:11.545335+00:00,"{""id"":431269,""name"":""Hajime Moriyasu"",""role"":{""key"":""coach"",""fallback"":""Coach""},""dateOfBirth"":""1968-08-23"",""age"":58,""cname"":""Japan"",""ccode"":""JPN""}"
50001684,Japan,fotmob,6715,1053679,Zion Suzuki,CURRENT_SQUAD,Keeper,2002-08-21,24,Aston Villa,FACT,true,1.0,https://www.fotmob.com/api/data/teams?id=6715,2026-09-22T18:30:11.545335+00:00,2026-09-22T18:30:11.545335+00:00,"{""id"":1053679,""name"":""Zion Suzuki"",""role"":{""key"":""keeper_long"",""fallback"":""Keeper""},""dateOfBirth"":""2002-08-21"",""age"":24,""cname"":""Aston Villa"",""ccode"":""10252"",""shirtNumber"":1}"
50001684,Japan,fotmob,6715,922808,Keisuke Osako,CURRENT_SQUAD,Keeper,1999-07-28,27,Sanfrecce Hiroshima,FACT,true,1.0,https://www.fotmob.com/api/data/teams?id=6715,2026-09-22T18:30:11.545335+00:00,2026-09-22T18:30:11.545335+00:00,"{""id"":922808,""name"":""Keisuke Osako"",""role"":{""key"":""keeper_long"",""fallback"":""Keeper""},""dateOfBirth"":""1999-07-28"",""age"":27,""cname"":""Sanfrecce Hiroshima"",""ccode"":""6224"",""shirtNumber"":12}"
50001684,Japan,fotmob,6715,1232143,Tomoki Hayakawa,CURRENT_SQUAD,Keeper,1999-03-03,27,Kashima Antlers,FACT,true,1.0,https://www.fotmob.com/api/data/teams?id=6715,2026-09-22T18:30:11.545335+00:00,2026-09-22T18:30:11.545335+00:00,"{""id"":1232143,""name"":""Tomoki Hayakawa"",""role"":{""key"":""keeper_long"",""fallback"":""Keeper""},""dateOfBirth"":""1999-03-03"",""age"":27,""cname"":""Kashima Antlers"",""ccode"":""4397"",""shirtNumber"":23}"
50001684,Japan,fotmob,6715,924610,Yukinari Sugawara,CURRENT_SQUAD,Defender,2000-06-28,26,Cagliari,FACT,true,1.0,https://www.fotmob.com/api/data/teams?id=6715,2026-09-22T18:30:11.545335+00:00,2026-09-22T18:30:11.545335+00:00,"{""id"":924610,""name"":""Yukinari Sugawara"",""role"":{""key"":""defender_long"",""fallback"":""Defender""},""dateOfBirth"":""2000-06-28"",""age"":26,""cname"":""Cagliari"",""ccode"":""8529"",""shirtNumber"":2}"
50001684,Japan,fotmob,6715,523731,Shogo Taniguchi,CURRENT_SQUAD,Defender,1991-07-15,35,St.Truiden,FACT,true,1.0,https://www.fotmob.com/api/data/teams?id=6715,2026-09-22T18:30:11.545335+00:00,2026-09-22T18:30:11.545335+00:00,"{""id"":523731,""name"":""Shogo Taniguchi"",""role"":{""key"":""defender_long"",""fallback"":""Defender""},""dateOfBirth"":""1991-07-15"",""age"":35,""cname"":""St.Truiden"",""ccode"":""9997"",""shirtNumber"":3}"
50001684,Japan,fotmob,6715,620917,Ko Itakura,CURRENT_SQUAD,Defender,1997-01-27,29,Borussia Mönchengladbach,FACT,true,1.0,https://www.fotmob.com/api/data/teams?id=6715,2026-09-22T18:30:11.545335+00:00,2026-09-22T18:30:11.545335+00:00,"{""id"":620917,""name"":""Ko Itakura"",""role"":{""key"":""defender_long"",""fallback"":""Defender""},""dateOfBirth"":""1997-01-27"",""age"":29,""cname"":""Borussia Mönchengladbach"",""ccode"":""9788"",""shirtNumber"":4}"
50001684,Japan,fotmob,6715,98254,Yuto Nagatomo,CURRENT_SQUAD,Defender,1986-09-12,40,FC Tokyo,FACT,true,1.0,https://www.fotmob.com/api/data/teams?id=6715,2026-09-22T18:30:11.545335+00:00,2026-09-22T18:30:11.545335+00:00,"{""id"":98254,""name"":""Yuto Nagatomo"",""role"":{""key"":""defender_long"",""fallback"":""Defender""},""dateOfBirth"":""1986-09-12"",""age"":40,""cname"":""FC Tokyo"",""ccode"":""4399"",""shirtNumber"":5}"
50001684,Japan,fotmob,6715,1023887,Tsuyoshi Watanabe,CURRENT_SQUAD,Defender,1997-02-05,29,Feyenoord,FACT,true,1.0,https://www.fotmob.com/api/data/teams?id=6715,2026-09-22T18:30:11.545335+00:00,2026-09-22T18:30:11.545335+00:00,"{""id"":1023887,""name"":""Tsuyoshi Watanabe"",""role"":{""key"":""defender_long"",""fallback"":""Defender""},""dateOfBirth"":""1997-02-05"",""age"":29,""cname"":""Feyenoord"",""ccode"":""10235"",""shirtNumber"":16}"
50001684,Japan,fotmob,6715,857120,Ayumu Seko,CURRENT_SQUAD,Defender,2000-06-07,26,Le Havre,FACT,true,1.0,https://www.fotmob.com/api/data/teams?id=6715,2026-09-22T18:30:11.545335+00:00,2026-09-22T18:30:11.545335+00:00,"{""id"":857120,""name"":""Ayumu Seko"",""role"":{""key"":""defender_long"",""fallback"":""Defender""},""dateOfBirth"":""2000-06-07"",""age"":26,""cname"":""Le Havre"",""ccode"":""9746"",""shirtNumber"":20}"
50001684,Japan,fotmob,6715,851626,Hiroki Ito,CURRENT_SQUAD,Defender,1999-05-12,27,Bayern München,FACT,true,1.0,https://www.fotmob.com/api/data/teams?id=6715,2026-09-22T18:30:11.545335+00:00,2026-09-22T18:30:11.545335+00:00,"{""id"":851626,""name"":""Hiroki Ito"",""role"":{""key"":""defender_long"",""fallback"":""Defender""},""dateOfBirth"":""1999-05-12"",""age"":27,""cname"":""Bayern München"",""ccode"":""9823"",""shirtNumber"":21}"
50001684,Japan,fotmob,6715,664444,Takehiro Tomiyasu,CURRENT_SQUAD,Defender,1998-11-05,27,Crystal Palace,FACT,true,1.0,https://www.fotmob.com/api/data/teams?id=6715,2026-09-22T18:30:11.545335+00:00,2026-09-22T18:30:11.545335+00:00,"{""id"":664444,""name"":""Takehiro Tomiyasu"",""role"":{""key"":""defender_long"",""fallback"":""Defender""},""dateOfBirth"":""1998-11-05"",""age"":27,""cname"":""Crystal Palace"",""ccode"":""9826"",""shirtNumber"":22}"
50001684,Japan,fotmob,6715,1337765,Junnosuke Suzuki,CURRENT_SQUAD,Defender,2003-07-12,23,FC København,FACT,true,1.0,https://www.fotmob.com/api/data/teams?id=6715,2026-09-22T18:30:11.545335+00:00,2026-09-22T18:30:11.545335+00:00,"{""id"":1337765,""name"":""Junnosuke Suzuki"",""role"":{""key"":""defender_long"",""fallback"":""Defender""},""dateOfBirth"":""2003-07-12"",""age"":23,""cname"":""FC København"",""ccode"":""8391"",""shirtNumber"":25}"
50001684,Japan,fotmob,6715,935728,Ao Tanaka,CURRENT_SQUAD,Midfielder,1998-09-10,28,Leeds United,FACT,true,1.0,https://www.fotmob.com/api/data/teams?id=6715,2026-09-22T18:30:11.545335+00:00,2026-09-22T18:30:11.545335+00:00,"{""id"":935728,""name"":""Ao Tanaka"",""role"":{""key"":""midfielder_long"",""fallback"":""Midfielder""},""dateOfBirth"":""1998-09-10"",""age"":28,""cname"":""Leeds United"",""ccode"":""8463"",""shirtNumber"":7}"
50001684,Japan,fotmob,6715,629805,Ritsu Doan,CURRENT_SQUAD,Midfielder,1998-06-16,28,Eintracht Frankfurt,FACT,true,1.0,https://www.fotmob.com/api/data/teams?id=6715,2026-09-22T18:30:11.545335+00:00,2026-09-22T18:30:11.545335+00:00,"{""id"":629805,""name"":""Ritsu Doan"",""role"":{""key"":""midfielder_long"",""fallback"":""Midfielder""},""dateOfBirth"":""1998-06-16"",""age"":28,""cname"":""Eintracht Frankfurt"",""ccode"":""9810"",""shirtNumber"":10}"
50001684,Japan,fotmob,6715,621515,Daichi Kamada,CURRENT_SQUAD,Midfielder,1996-08-05,30,Crystal Palace,FACT,true,1.0,https://www.fotmob.com/api/data/teams?id=6715,2026-09-22T18:30:11.545335+00:00,2026-09-22T18:30:11.545335+00:00,"{""id"":621515,""name"":""Daichi Kamada"",""role"":{""key"":""midfielder_long"",""fallback"":""Midfielder""},""dateOfBirth"":""1996-08-05"",""age"":30,""cname"":""Crystal Palace"",""ccode"":""9826"",""shirtNumber"":15}"
50001684,Japan,fotmob,6715,1134467,Yuito Suzuki,CURRENT_SQUAD,Midfielder,2001-10-25,24,Freiburg,FACT,true,1.0,https://www.fotmob.com/api/data/teams?id=6715,2026-09-22T18:30:11.545335+00:00,2026-09-22T18:30:11.545335+00:00,"{""id"":1134467,""name"":""Yuito Suzuki"",""role"":{""key"":""midfielder_long"",""fallback"":""Midfielder""},""dateOfBirth"":""2001-10-25"",""age"":24,""cname"":""Freiburg"",""ccode"":""8358"",""shirtNumber"":17}"
50001684,Japan,fotmob,6715,1033111,Kaishu Sano,CURRENT_SQUAD,Midfielder,2000-12-30,25,Mainz 05,FACT,true,1.0,https://www.fotmob.com/api/data/teams?id=6715,2026-09-22T18:30:11.545335+00:00,2026-09-22T18:30:11.545335+00:00,"{""id"":1033111,""name"":""Kaishu Sano"",""role"":{""key"":""midfielder_long"",""fallback"":""Midfielder""},""dateOfBirth"":""2000-12-30"",""age"":25,""cname"":""Mainz 05"",""ccode"":""9905"",""shirtNumber"":24}"
50001684,Japan,fotmob,6715,915111,Shuto Machino,CURRENT_SQUAD,Attacker,1999-09-30,26,Borussia Mönchengladbach,FACT,true,1.0,https://www.fotmob.com/api/data/teams?id=6715,2026-09-22T18:30:11.545335+00:00,2026-09-22T18:30:11.545335+00:00,"{""id"":915111,""name"":""Shuto Machino"",""role"":{""key"":""attacker_long"",""fallback"":""Attacker""},""dateOfBirth"":""1999-09-30"",""age"":26,""cname"":""Borussia Mönchengladbach"",""ccode"":""9788"",""shirtNumber"":6}"
50001684,Japan,fotmob,6715,848289,Takefusa Kubo,CURRENT_SQUAD,Attacker,2001-06-04,25,Real Sociedad,FACT,true,1.0,https://www.fotmob.com/api/data/teams?id=6715,2026-09-22T18:30:11.545335+00:00,2026-09-22T18:30:11.545335+00:00,"{""id"":848289,""name"":""Takefusa Kubo"",""role"":{""key"":""attacker_long"",""fallback"":""Attacker""},""dateOfBirth"":""2001-06-04"",""age"":25,""cname"":""Real Sociedad"",""ccode"":""8560"",""shirtNumber"":8}"
50001684,Japan,fotmob,6715,1436730,Keisuke Goto,CURRENT_SQUAD,Attacker,2005-06-03,21,Freiburg,FACT,true,1.0,https://www.fotmob.com/api/data/teams?id=6715,2026-09-22T18:30:11.545335+00:00,2026-09-22T18:30:11.545335+00:00,"{""id"":1436730,""name"":""Keisuke Goto"",""role"":{""key"":""attacker_long"",""fallback"":""Attacker""},""dateOfBirth"":""2005-06-03"",""age"":21,""cname"":""Freiburg"",""ccode"":""8358"",""shirtNumber"":9}"
50001684,Japan,fotmob,6715,728765,Daizen Maeda,CURRENT_SQUAD,Attacker,1997-10-20,28,Ipswich Town,FACT,true,1.0,https://www.fotmob.com/api/data/teams?id=6715,2026-09-22T18:30:11.545335+00:00,2026-09-22T18:30:11.545335+00:00,"{""id"":728765,""name"":""Daizen Maeda"",""role"":{""key"":""attacker_long"",""fallback"":""Attacker""},""dateOfBirth"":""1997-10-20"",""age"":28,""cname"":""Ipswich Town"",""ccode"":""9902"",""shirtNumber"":11}"
50001684,Japan,fotmob,6715,887704,Keito Nakamura,CURRENT_SQUAD,Attacker,2000-07-28,26,Lyon,FACT,true,1.0,https://www.fotmob.com/api/data/teams?id=6715,2026-09-22T18:30:11.545335+00:00,2026-09-22T18:30:11.545335+00:00,"{""id"":887704,""name"":""Keito Nakamura"",""role"":{""key"":""attacker_long"",""fallback"":""Attacker""},""dateOfBirth"":""2000-07-28"",""age"":26,""cname"":""Lyon"",""ccode"":""9748"",""shirtNumber"":13}"
50001684,Japan,fotmob,6715,604044,Junya Ito,CURRENT_SQUAD,Attacker,1993-03-09,33,Genk,FACT,true,1.0,https://www.fotmob.com/api/data/teams?id=6715,2026-09-22T18:30:11.545335+00:00,2026-09-22T18:30:11.545335+00:00,"{""id"":604044,""name"":""Junya Ito"",""role"":{""key"":""attacker_long"",""fallback"":""Attacker""},""dateOfBirth"":""1993-03-09"",""age"":33,""cname"":""Genk"",""ccode"":""9987"",""shirtNumber"":14}"
50001684,Japan,fotmob,6715,942393,Ayase Ueda,CURRENT_SQUAD,Attacker,1998-08-28,28,Lille,FACT,true,1.0,https://www.fotmob.com/api/data/teams?id=6715,2026-09-22T18:30:11.545335+00:00,2026-09-22T18:30:11.545335+00:00,"{""id"":942393,""name"":""Ayase Ueda"",""role"":{""key"":""attacker_long"",""fallback"":""Attacker""},""dateOfBirth"":""1998-08-28"",""age"":28,""cname"":""Lille"",""ccode"":""8639"",""shirtNumber"":18}"
50001684,Japan,fotmob,6715,727837,Koki Ogawa,CURRENT_SQUAD,Attacker,1997-08-08,29,Machida Zelvia,FACT,true,1.0,https://www.fotmob.com/api/data/teams?id=6715,2026-09-22T18:30:11.545335+00:00,2026-09-22T18:30:11.545335+00:00,"{""id"":727837,""name"":""Koki Ogawa"",""role"":{""key"":""attacker_long"",""fallback"":""Attacker""},""dateOfBirth"":""1997-08-08"",""age"":29,""cname"":""Machida Zelvia"",""ccode"":""194011"",""shirtNumber"":19}"
50001684,Japan,fotmob,6715,1611223,Kento Shiogai,CURRENT_SQUAD,Attacker,2005-03-26,21,Wolfsburg,FACT,true,1.0,https://www.fotmob.com/api/data/teams?id=6715,2026-09-22T18:30:11.545335+00:00,2026-09-22T18:30:11.545335+00:00,"{""id"":1611223,""name"":""Kento Shiogai"",""role"":{""key"":""attacker_long"",""fallback"":""Attacker""},""dateOfBirth"":""2005-03-26"",""age"":21,""cname"":""Wolfsburg"",""ccode"":""8721"",""shirtNumber"":26}"
50001685,Japan AM,fotmob,298067,20026,Go Oiwa,CURRENT_SQUAD,Coach,1972-06-23,54,Japan,FACT,true,1.0,https://www.fotmob.com/api/data/teams?id=298067,2026-09-22T18:30:11.545335+00:00,2026-09-22T18:30:11.545335+00:00,"{""id"":20026,""name"":""Go Oiwa"",""role"":{""key"":""coach"",""fallback"":""Coach""},""dateOfBirth"":""1972-06-23"",""age"":54,""cname"":""Japan"",""ccode"":""JPN""}"
50001685,Japan AM,fotmob,298067,1611208,Alexandre Pisano,CURRENT_SQUAD,Keeper,2006-01-10,20,Nagoya Grampus,FACT,true,1.0,https://www.fotmob.com/api/data/teams?id=298067,2026-09-22T18:30:11.545335+00:00,2026-09-22T18:30:11.545335+00:00,"{""id"":1611208,""name"":""Alexandre Pisano"",""role"":{""key"":""keeper_long"",""fallback"":""Keeper""},""dateOfBirth"":""2006-01-10"",""age"":20,""cname"":""Nagoya Grampus"",""ccode"":""8006""}"
50001685,Japan AM,fotmob,298067,1611152,Masataka Kobayashi,CURRENT_SQUAD,Keeper,2005-09-20,21,Matsumoto Yamaga,FACT,true,1.0,https://www.fotmob.com/api/data/teams?id=298067,2026-09-22T18:30:11.545335+00:00,2026-09-22T18:30:11.545335+00:00,"{""id"":1611152,""name"":""Masataka Kobayashi"",""role"":{""key"":""keeper_long"",""fallback"":""Keeper""},""dateOfBirth"":""2005-09-20"",""age"":21,""cname"":""Matsumoto Yamaga"",""ccode"":""194022"",""shirtNumber"":1}"
50001685,Japan AM,fotmob,298067,1766080,Rui Araki,CURRENT_SQUAD,Keeper,2007-10-14,18,Gamba Osaka,FACT,true,1.0,https://www.fotmob.com/api/data/teams?id=298067,2026-09-22T18:30:11.545335+00:00,2026-09-22T18:30:11.545335+00:00,"{""id"":1766080,""name"":""Rui Araki"",""role"":{""key"":""keeper_long"",""fallback"":""Keeper""},""dateOfBirth"":""2007-10-14"",""age"":18,""cname"":""Gamba Osaka"",""ccode"":""6582"",""shirtNumber"":23}"
50001685,Japan AM,fotmob,298067,1627706,Keita Kosugi,CURRENT_SQUAD,Defender,2006-03-18,20,Eintracht Frankfurt,FACT,true,1.0,https://www.fotmob.com/api/data/teams?id=298067,2026-09-22T18:30:11.545335+00:00,2026-09-22T18:30:11.545335+00:00,"{""id"":1627706,""name"":""Keita Kosugi"",""role"":{""key"":""defender_long"",""fallback"":""Defender""},""dateOfBirth"":""2006-03-18"",""age"":20,""cname"":""Eintracht Frankfurt"",""ccode"":""9810""}"
50001685,Japan AM,fotmob,298067,1719932,Mihiro Sato,CURRENT_SQUAD,Defender,2007-02-26,19,Albirex Niigata,FACT,true,1.0,https://www.fotmob.com/api/data/teams?id=298067,2026-09-22T18:30:11.545335+00:00,2026-09-22T18:30:11.545335+00:00,"{""id"":1719932,""name"":""Mihiro Sato"",""role"":{""key"":""defender_long"",""fallback"":""Defender""},""dateOfBirth"":""2007-02-26"",""age"":19,""cname"":""Albirex Niigata"",""ccode"":""4425""}"
50001685,Japan AM,fotmob,298067,1692351,Rei Umeki,CURRENT_SQUAD,Defender,2005-08-25,21,FC Imabari,FACT,true,1.0,https://www.fotmob.com/api/data/teams?id=298067,2026-09-22T18:30:11.545335+00:00,2026-09-22T18:30:11.545335+00:00,"{""id"":1692351,""name"":""Rei Umeki"",""role"":{""key"":""defender_long"",""fallback"":""Defender""},""dateOfBirth"":""2005-08-25"",""age"":21,""cname"":""FC Imabari"",""ccode"":""820969"",""shirtNumber"":2}"
50001685,Japan AM,fotmob,298067,1520233,Kaito Tsuchiya,CURRENT_SQUAD,Defender,2006-05-12,20,Fukushima United,FACT,true,1.0,https://www.fotmob.com/api/data/teams?id=298067,2026-09-22T18:30:11.545335+00:00,2026-09-22T18:30:11.545335+00:00,"{""id"":1520233,""name"":""Kaito Tsuchiya"",""role"":{""key"":""defender_long"",""fallback"":""Defender""},""dateOfBirth"":""2006-05-12"",""age"":20,""cname"":""Fukushima United"",""ccode"":""408082"",""shirtNumber"":3}"
50001685,Japan AM,fotmob,298067,1838730,Shuto Nagano,CURRENT_SQUAD,Defender,2006-04-15,20,FC Tokyo,FACT,true,1.0,https://www.fotmob.com/api/data/teams?id=298067,2026-09-22T18:30:11.545335+00:00,2026-09-22T18:30:11.545335+00:00,"{""id"":1838730,""name"":""Shuto Nagano"",""role"":{""key"":""defender_long"",""fallback"":""Defender""},""dateOfBirth"":""2006-04-15"",""age"":20,""cname"":""FC Tokyo"",""ccode"":""4399"",""shirtNumber"":4}"
50001685,Japan AM,fotmob,298067,1513227,Rion Ichihara,CURRENT_SQUAD,Defender,2005-07-07,21,Jong AZ Alkmaar,FACT,true,1.0,https://www.fotmob.com/api/data/teams?id=298067,2026-09-22T18:30:11.545335+00:00,2026-09-22T18:30:11.545335+00:00,"{""id"":1513227,""name"":""Rion Ichihara"",""role"":{""key"":""defender_long"",""fallback"":""Defender""},""dateOfBirth"":""2005-07-07"",""age"":21,""cname"":""Jong AZ Alkmaar"",""ccode"":""681217"",""shirtNumber"":5}"
50001685,Japan AM,fotmob,298067,1902725,Tariqkani Okabe,CURRENT_SQUAD,Defender,2006-07-05,20,Toyo University SC,FACT,true,1.0,https://www.fotmob.com/api/data/teams?id=298067,2026-09-22T18:30:11.545335+00:00,2026-09-22T18:30:11.545335+00:00,"{""id"":1902725,""name"":""Tariqkani Okabe"",""role"":{""key"":""defender_long"",""fallback"":""Defender""},""dateOfBirth"":""2006-07-05"",""age"":20,""cname"":""Toyo University SC"",""ccode"":""0"",""shirtNumber"":22}"
50001685,Japan AM,fotmob,298067,1481160,Hisatsugu Ishii,CURRENT_SQUAD,Midfielder,2005-07-07,21,Shonan Bellmare,FACT,true,1.0,https://www.fotmob.com/api/data/teams?id=298067,2026-09-22T18:30:11.545335+00:00,2026-09-22T18:30:11.545335+00:00,"{""id"":1481160,""name"":""Hisatsugu Ishii"",""role"":{""key"":""midfielder_long"",""fallback"":""Midfielder""},""dateOfBirth"":""2005-07-07"",""age"":21,""cname"":""Shonan Bellmare"",""ccode"":""6180""}"
50001685,Japan AM,fotmob,298067,1372205,Kenshin Yasuda,CURRENT_SQUAD,Midfielder,2005-03-05,21,V-Varen Nagasaki,FACT,true,1.0,https://www.fotmob.com/api/data/teams?id=298067,2026-09-22T18:30:11.545335+00:00,2026-09-22T18:30:11.545335+00:00,"{""id"":1372205,""name"":""Kenshin Yasuda"",""role"":{""key"":""midfielder_long"",""fallback"":""Midfielder""},""dateOfBirth"":""2005-03-05"",""age"":21,""cname"":""V-Varen Nagasaki"",""ccode"":""194016""}"
50001685,Japan AM,fotmob,298067,1508589,Yotaro Nakajima,CURRENT_SQUAD,Midfielder,2006-04-22,20,Sanfrecce Hiroshima,FACT,true,1.0,https://www.fotmob.com/api/data/teams?id=298067,2026-09-22T18:30:11.545335+00:00,2026-09-22T18:30:11.545335+00:00,"{""id"":1508589,""name"":""Yotaro Nakajima"",""role"":{""key"":""midfielder_long"",""fallback"":""Midfielder""},""dateOfBirth"":""2006-04-22"",""age"":20,""cname"":""Sanfrecce Hiroshima"",""ccode"":""6224""}"
50001685,Japan AM,fotmob,298067,1381856,Nelson Ishiwatari,CURRENT_SQUAD,Midfielder,2005-05-10,21,St.Truiden,FACT,true,1.0,https://www.fotmob.com/api/data/teams?id=298067,2026-09-22T18:30:11.545335+00:00,2026-09-22T18:30:11.545335+00:00,"{""id"":1381856,""name"":""Nelson Ishiwatari"",""role"":{""key"":""midfielder_long"",""fallback"":""Midfielder""},""dateOfBirth"":""2005-05-10"",""age"":21,""cname"":""St.Truiden"",""ccode"":""9997"",""shirtNumber"":7}"
50001685,Japan AM,fotmob,298067,1436716,Yuto Ozeki,CURRENT_SQUAD,Midfielder,2005-02-06,21,Kawasaki Frontale,FACT,true,1.0,https://www.fotmob.com/api/data/teams?id=298067,2026-09-22T18:30:11.545335+00:00,2026-09-22T18:30:11.545335+00:00,"{""id"":1436716,""name"":""Yuto Ozeki"",""role"":{""key"":""midfielder_long"",""fallback"":""Midfielder""},""dateOfBirth"":""2005-02-06"",""age"":21,""cname"":""Kawasaki Frontale"",""ccode"":""6304"",""shirtNumber"":8}"
50001685,Japan AM,fotmob,298067,1763082,Sena Ishibashi,CURRENT_SQUAD,Midfielder,2006-04-22,20,Shonan Bellmare,FACT,true,1.0,https://www.fotmob.com/api/data/teams?id=298067,2026-09-22T18:30:11.545335+00:00,2026-09-22T18:30:11.545335+00:00,"{""id"":1763082,""name"":""Sena Ishibashi"",""role"":{""key"":""midfielder_long"",""fallback"":""Midfielder""},""dateOfBirth"":""2006-04-22"",""age"":20,""cname"":""Shonan Bellmare"",""ccode"":""6180"",""shirtNumber"":13}"
50001685,Japan AM,fotmob,298067,1735106,Soichiro Mori,CURRENT_SQUAD,Midfielder,2007-06-29,19,Fagiano Okayama FC,FACT,true,1.0,https://www.fotmob.com/api/data/teams?id=298067,2026-09-22T18:30:11.545335+00:00,2026-09-22T18:30:11.545335+00:00,"{""id"":1735106,""name"":""Soichiro Mori"",""role"":{""key"":""midfielder_long"",""fallback"":""Midfielder""},""dateOfBirth"":""2007-06-29"",""age"":19,""cname"":""Fagiano Okayama FC"",""ccode"":""164739"",""shirtNumber"":15}"
50001685,Japan AM,fotmob,298067,1717480,Yudai Shimamoto,CURRENT_SQUAD,Midfielder,2006-10-26,19,Shimizu S-Pulse,FACT,true,1.0,https://www.fotmob.com/api/data/teams?id=298067,2026-09-22T18:30:11.545335+00:00,2026-09-22T18:30:11.545335+00:00,"{""id"":1717480,""name"":""Yudai Shimamoto"",""role"":{""key"":""midfielder_long"",""fallback"":""Midfielder""},""dateOfBirth"":""2006-10-26"",""age"":19,""cname"":""Shimizu S-Pulse"",""ccode"":""4426"",""shirtNumber"":17}"
50001685,Japan AM,fotmob,298067,1902727,Shusuke Furuya,CURRENT_SQUAD,Midfielder,2005-01-26,21,Kashiwa Reysol,FACT,true,1.0,https://www.fotmob.com/api/data/teams?id=298067,2026-09-22T18:30:11.545335+00:00,2026-09-22T18:30:11.545335+00:00,"{""id"":1902727,""name"":""Shusuke Furuya"",""role"":{""key"":""midfielder_long"",""fallback"":""Midfielder""},""dateOfBirth"":""2005-01-26"",""age"":21,""cname"":""Kashiwa Reysol"",""ccode"":""8699"",""shirtNumber"":20}"
50001685,Japan AM,fotmob,298067,1902726,Brian Nwadik,CURRENT_SQUAD,Attacker,2005-07-07,21,AaB,FACT,true,1.0,https://www.fotmob.com/api/data/teams?id=298067,2026-09-22T18:30:11.545335+00:00,2026-09-22T18:30:11.545335+00:00,"{""id"":1902726,""name"":""Brian Nwadik"",""role"":{""key"":""attacker_long"",""fallback"":""Attacker""},""dateOfBirth"":""2005-07-07"",""age"":21,""cname"":""AaB"",""ccode"":""8470"",""shirtNumber"":9}"
50001685,Japan AM,fotmob,298067,1624071,Yumeki Yokoyama,CURRENT_SQUAD,Attacker,2005-09-23,20,Cerezo Osaka,FACT,true,1.0,https://www.fotmob.com/api/data/teams?id=298067,2026-09-22T18:30:11.545335+00:00,2026-09-22T18:30:11.545335+00:00,"{""id"":1624071,""name"":""Yumeki Yokoyama"",""role"":{""key"":""attacker_long"",""fallback"":""Attacker""},""dateOfBirth"":""2005-09-23"",""age"":20,""cname"":""Cerezo Osaka"",""ccode"":""4692"",""shirtNumber"":11}"
50001685,Japan AM,fotmob,298067,1347916,Yutaka Michiwaki,CURRENT_SQUAD,Attacker,2006-04-05,20,Iwaki FC,FACT,true,1.0,https://www.fotmob.com/api/data/teams?id=298067,2026-09-22T18:30:11.545335+00:00,2026-09-22T18:30:11.545335+00:00,"{""id"":1347916,""name"":""Yutaka Michiwaki"",""role"":{""key"":""attacker_long"",""fallback"":""Attacker""},""dateOfBirth"":""2006-04-05"",""age"":20,""cname"":""Iwaki FC"",""ccode"":""860934"",""shirtNumber"":19}"
50001774,Kashima Antlers,fotmob,4397,20266,Toru Oniki,CURRENT_SQUAD,Coach,1974-04-20,52,Japan,FACT,true,1.0,https://www.fotmob.com/api/data/teams?id=4397,2026-09-22T18:30:11.545335+00:00,2026-09-22T18:30:11.545335+00:00,"{""id"":20266,""name"":""Toru Oniki"",""role"":{""key"":""coach"",""fallback"":""Coach""},""dateOfBirth"":""1974-04-20"",""age"":52,""cname"":""Japan"",""ccode"":""JPN""}"
50001774,Kashima Antlers,fotmob,4397,1232143,Tomoki Hayakawa,CURRENT_SQUAD,Keeper,1999-03-03,27,Japan,FACT,true,1.0,https://www.fotmob.com/api/data/teams?id=4397,2026-09-22T18:30:11.545335+00:00,2026-09-22T18:30:11.545335+00:00,"{""id"":1232143,""name"":""Tomoki Hayakawa"",""role"":{""key"":""keeper_long"",""fallback"":""Keeper""},""dateOfBirth"":""1999-03-03"",""age"":27,""cname"":""Japan"",""ccode"":""JPN"",""shirtNumber"":1}"
50001774,Kashima Antlers,fotmob,4397,1134528,Taiki Yamada,CURRENT_SQUAD,Keeper,2002-01-08,24,Japan,FACT,true,1.0,https://www.fotmob.com/api/data/teams?id=4397,2026-09-22T18:30:11.545335+00:00,2026-09-22T18:30:11.545335+00:00,"{""id"":1134528,""name"":""Taiki Yamada"",""role"":{""key"":""keeper_long"",""fallback"":""Keeper""},""dateOfBirth"":""2002-01-08"",""age"":24,""cname"":""Japan"",""ccode"":""JPN"",""shirtNumber"":21}"
50001774,Kashima Antlers,fotmob,4397,621528,Yuji Kajikawa,CURRENT_SQUAD,Keeper,1991-07-26,35,Japan,FACT,true,1.0,https://www.fotmob.com/api/data/teams?id=4397,2026-09-22T18:30:11.545335+00:00,2026-09-22T18:30:11.545335+00:00,"{""id"":621528,""name"":""Yuji Kajikawa"",""role"":{""key"":""keeper_long"",""fallback"":""Keeper""},""dateOfBirth"":""1991-07-26"",""age"":35,""cname"":""Japan"",""ccode"":""JPN"",""shirtNumber"":29}"
50001774,Kashima Antlers,fotmob,4397,1899993,Haruto Fujii,CURRENT_SQUAD,Keeper,2003-06-05,23,Japan,FACT,true,1.0,https://www.fotmob.com/api/data/teams?id=4397,2026-09-22T18:30:11.545335+00:00,2026-09-22T18:30:11.545335+00:00,"{""id"":1899993,""name"":""Haruto Fujii"",""role"":{""key"":""keeper_long"",""fallback"":""Keeper""},""dateOfBirth"":""2003-06-05"",""age"":23,""cname"":""Japan"",""ccode"":""JPN"",""shirtNumber"":31}"
50001774,Kashima Antlers,fotmob,4397,648365,Koki Anzai,CURRENT_SQUAD,Defender,1995-05-31,31,Japan,FACT,true,1.0,https://www.fotmob.com/api/data/teams?id=4397,2026-09-22T18:30:11.545335+00:00,2026-09-22T18:30:11.545335+00:00,"{""id"":648365,""name"":""Koki Anzai"",""role"":{""key"":""defender_long"",""fallback"":""Defender""},""dateOfBirth"":""1995-05-31"",""age"":31,""cname"":""Japan"",""ccode"":""JPN"",""shirtNumber"":2}"
50001774,Kashima Antlers,fotmob,4397,1053477,Tae-Hyeon Kim,CURRENT_SQUAD,Defender,2000-09-17,26,South Korea,FACT,true,1.0,https://www.fotmob.com/api/data/teams?id=4397,2026-09-22T18:30:11.545335+00:00,2026-09-22T18:30:11.545335+00:00,"{""id"":1053477,""name"":""Tae-Hyeon Kim"",""role"":{""key"":""defender_long"",""fallback"":""Defender""},""dateOfBirth"":""2000-09-17"",""age"":26,""cname"":""South Korea"",""ccode"":""KOR"",""shirtNumber"":3}"
50001774,Kashima Antlers,fotmob,4397,1218919,Kaito Chida,CURRENT_SQUAD,Defender,1994-10-17,31,Japan,FACT,true,1.0,https://www.fotmob.com/api/data/teams?id=4397,2026-09-22T18:30:11.545335+00:00,2026-09-22T18:30:11.545335+00:00,"{""id"":1218919,""name"":""Kaito Chida"",""role"":{""key"":""defender_long"",""fallback"":""Defender""},""dateOfBirth"":""1994-10-17"",""age"":31,""cname"":""Japan"",""ccode"":""JPN"",""shirtNumber"":4}"
50001774,Kashima Antlers,fotmob,4397,1028353,Ikuma Sekigawa,CURRENT_SQUAD,Defender,2000-09-13,26,Japan,FACT,true,1.0,https://www.fotmob.com/api/data/teams?id=4397,2026-09-22T18:30:11.545335+00:00,2026-09-22T18:30:11.545335+00:00,"{""id"":1028353,""name"":""Ikuma Sekigawa"",""role"":{""key"":""defender_long"",""fallback"":""Defender""},""dateOfBirth"":""2000-09-13"",""age"":26,""cname"":""Japan"",""ccode"":""JPN"",""shirtNumber"":5}"
50001774,Kashima Antlers,fotmob,4397,727419,Ryoya Ogawa,CURRENT_SQUAD,Defender,1996-11-24,29,Japan,FACT,true,1.0,https://www.fotmob.com/api/data/teams?id=4397,2026-09-22T18:30:11.545335+00:00,2026-09-22T18:30:11.545335+00:00,"{""id"":727419,""name"":""Ryoya Ogawa"",""role"":{""key"":""defender_long"",""fallback"":""Defender""},""dateOfBirth"":""1996-11-24"",""age"":29,""cname"":""Japan"",""ccode"":""JPN"",""shirtNumber"":7}"
50001774,Kashima Antlers,fotmob,4397,1337560,Sho Omori,CURRENT_SQUAD,Defender,1999-08-19,27,Japan,FACT,true,1.0,https://www.fotmob.com/api/data/teams?id=4397,2026-09-22T18:30:11.545335+00:00,2026-09-22T18:30:11.545335+00:00,"{""id"":1337560,""name"":""Sho Omori"",""role"":{""key"":""defender_long"",""fallback"":""Defender""},""dateOfBirth"":""1999-08-19"",""age"":27,""cname"":""Japan"",""ccode"":""JPN"",""shirtNumber"":19}"
50001774,Kashima Antlers,fotmob,4397,1437167,Keisuke Tsukui,CURRENT_SQUAD,Defender,2004-05-21,22,Japan,FACT,true,1.0,https://www.fotmob.com/api/data/teams?id=4397,2026-09-22T18:30:11.545335+00:00,2026-09-22T18:30:11.545335+00:00,"{""id"":1437167,""name"":""Keisuke Tsukui"",""role"":{""key"":""defender_long"",""fallback"":""Defender""},""dateOfBirth"":""2004-05-21"",""age"":22,""cname"":""Japan"",""ccode"":""JPN"",""shirtNumber"":23}"
50001774,Kashima Antlers,fotmob,4397,728445,Ryuta Koike,CURRENT_SQUAD,Defender,1995-08-29,31,Japan,FACT,true,1.0,https://www.fotmob.com/api/data/teams?id=4397,2026-09-22T18:30:11.545335+00:00,2026-09-22T18:30:11.545335+00:00,"{""id"":728445,""name"":""Ryuta Koike"",""role"":{""key"":""defender_long"",""fallback"":""Defender""},""dateOfBirth"":""1995-08-29"",""age"":31,""cname"":""Japan"",""ccode"":""JPN"",""shirtNumber"":25}"
50001774,Kashima Antlers,fotmob,4397,1818880,Anthony Motosuna,CURRENT_SQUAD,Defender,2009-03-10,17,Japan,FACT,true,1.0,https://www.fotmob.com/api/data/teams?id=4397,2026-09-22T18:30:11.545335+00:00,2026-09-22T18:30:11.545335+00:00,"{""id"":1818880,""name"":""Anthony Motosuna"",""role"":{""key"":""defender_long"",""fallback"":""Defender""},""dateOfBirth"":""2009-03-10"",""age"":17,""cname"":""Japan"",""ccode"":""JPN"",""shirtNumber"":35}"
50001774,Kashima Antlers,fotmob,4397,648262,Rikuto Hirose,CURRENT_SQUAD,Defender,1995-09-23,30,Japan,FACT,true,1.0,https://www.fotmob.com/api/data/teams?id=4397,2026-09-22T18:30:11.545335+00:00,2026-09-22T18:30:11.545335+00:00,"{""id"":648262,""name"":""Rikuto Hirose"",""role"":{""key"":""defender_long"",""fallback"":""Defender""},""dateOfBirth"":""1995-09-23"",""age"":30,""cname"":""Japan"",""ccode"":""JPN"",""shirtNumber"":37}"
50001774,Kashima Antlers,fotmob,4397,430831,Naomichi Ueda,CURRENT_SQUAD,Defender,1994-10-24,31,Japan,FACT,true,1.0,https://www.fotmob.com/api/data/teams?id=4397,2026-09-22T18:30:11.545335+00:00,2026-09-22T18:30:11.545335+00:00,"{""id"":430831,""name"":""Naomichi Ueda"",""role"":{""key"":""defender_long"",""fallback"":""Defender""},""dateOfBirth"":""1994-10-24"",""age"":31,""cname"":""Japan"",""ccode"":""JPN"",""shirtNumber"":55}"
50001774,Kashima Antlers,fotmob,4397,648364,Kento Misao,CURRENT_SQUAD,Midfielder,1996-04-16,30,Japan,FACT,true,1.0,https://www.fotmob.com/api/data/teams?id=4397,2026-09-22T18:30:11.545335+00:00,2026-09-22T18:30:11.545335+00:00,"{""id"":648364,""name"":""Kento Misao"",""role"":{""key"":""midfielder_long"",""fallback"":""Midfielder""},""dateOfBirth"":""1996-04-16"",""age"":30,""cname"":""Japan"",""ccode"":""JPN"",""shirtNumber"":6}"
50001774,Kashima Antlers,fotmob,4397,1173576,Matheus Bueno,CURRENT_SQUAD,Midfielder,1998-07-30,28,Brazil,FACT,true,1.0,https://www.fotmob.com/api/data/teams?id=4397,2026-09-22T18:30:11.545335+00:00,2026-09-22T18:30:11.545335+00:00,"{""id"":1173576,""name"":""Matheus Bueno"",""role"":{""key"":""midfielder_long"",""fallback"":""Midfielder""},""dateOfBirth"":""1998-07-30"",""age"":28,""cname"":""Brazil"",""ccode"":""BRA"",""shirtNumber"":8}"
50001774,Kashima Antlers,fotmob,4397,262394,Gaku Shibasaki,CURRENT_SQUAD,Midfielder,1992-05-28,34,Japan,FACT,true,1.0,https://www.fotmob.com/api/data/teams?id=4397,2026-09-22T18:30:11.545335+00:00,2026-09-22T18:30:11.545335+00:00,"{""id"":262394,""name"":""Gaku Shibasaki"",""role"":{""key"":""midfielder_long"",""fallback"":""Midfielder""},""dateOfBirth"":""1992-05-28"",""age"":34,""cname"":""Japan"",""ccode"":""JPN"",""shirtNumber"":10}"
50001774,Kashima Antlers,fotmob,4397,1011554,Yuta Higuchi,CURRENT_SQUAD,Midfielder,1996-10-30,29,Japan,FACT,true,1.0,https://www.fotmob.com/api/data/teams?id=4397,2026-09-22T18:30:11.545335+00:00,2026-09-22T18:30:11.545335+00:00,"{""id"":1011554,""name"":""Yuta Higuchi"",""role"":{""key"":""midfielder_long"",""fallback"":""Midfielder""},""dateOfBirth"":""1996-10-30"",""age"":29,""cname"":""Japan"",""ccode"":""JPN"",""shirtNumber"":14}"
50001774,Kashima Antlers,fotmob,4397,290120,José Elber,CURRENT_SQUAD,Midfielder,1992-05-27,34,Brazil,FACT,true,1.0,https://www.fotmob.com/api/data/teams?id=4397,2026-09-22T18:30:11.545335+00:00,2026-09-22T18:30:11.545335+00:00,"{""id"":290120,""name"":""José Elber"",""role"":{""key"":""midfielder_long"",""fallback"":""Midfielder""},""dateOfBirth"":""1992-05-27"",""age"":34,""cname"":""Brazil"",""ccode"":""BRA"",""shirtNumber"":17}"
50001774,Kashima Antlers,fotmob,4397,1899991,Haruki Hayashi,CURRENT_SQUAD,Midfielder,2003-12-05,22,Japan,FACT,true,1.0,https://www.fotmob.com/api/data/teams?id=4397,2026-09-22T18:30:11.545335+00:00,2026-09-22T18:30:11.545335+00:00,"{""id"":1899991,""name"":""Haruki Hayashi"",""role"":{""key"":""midfielder_long"",""fallback"":""Midfielder""},""dateOfBirth"":""2003-12-05"",""age"":22,""cname"":""Japan"",""ccode"":""JPN"",""shirtNumber"":24}"
50001774,Kashima Antlers,fotmob,4397,1133794,Yuta Matsumura,CURRENT_SQUAD,Midfielder,2001-04-13,25,Japan,FACT,true,1.0,https://www.fotmob.com/api/data/teams?id=4397,2026-09-22T18:30:11.545335+00:00,2026-09-22T18:30:11.545335+00:00,"{""id"":1133794,""name"":""Yuta Matsumura"",""role"":{""key"":""midfielder_long"",""fallback"":""Midfielder""},""dateOfBirth"":""2001-04-13"",""age"":25,""cname"":""Japan"",""ccode"":""JPN"",""shirtNumber"":27}"
50001774,Kashima Antlers,fotmob,4397,1899992,Yugo Okawa,CURRENT_SQUAD,Midfielder,2007-07-14,19,Japan,FACT,true,1.0,https://www.fotmob.com/api/data/teams?id=4397,2026-09-22T18:30:11.545335+00:00,2026-09-22T18:30:11.545335+00:00,"{""id"":1899992,""name"":""Yugo Okawa"",""role"":{""key"":""midfielder_long"",""fallback"":""Midfielder""},""dateOfBirth"":""2007-07-14"",""age"":19,""cname"":""Japan"",""ccode"":""JPN"",""shirtNumber"":28}"
50001774,Kashima Antlers,fotmob,4397,364496,Aleksandar Čavrić,CURRENT_SQUAD,Midfielder,1994-05-18,32,Serbia,FACT,true,1.0,https://www.fotmob.com/api/data/teams?id=4397,2026-09-22T18:30:11.545335+00:00,2026-09-22T18:30:11.545335+00:00,"{""id"":364496,""name"":""Aleksandar Čavrić"",""role"":{""key"":""midfielder_long"",""fallback"":""Midfielder""},""dateOfBirth"":""1994-05-18"",""age"":32,""cname"":""Serbia"",""ccode"":""SRB"",""shirtNumber"":77}"
50001774,Kashima Antlers,fotmob,4397,558007,Léo,CURRENT_SQUAD,Attacker,1995-02-03,31,Brazil,FACT,true,1.0,https://www.fotmob.com/api/data/teams?id=4397,2026-09-22T18:30:11.545335+00:00,2026-09-22T18:30:11.545335+00:00,"{""id"":558007,""name"":""Léo"",""role"":{""key"":""attacker_long"",""fallback"":""Attacker""},""dateOfBirth"":""1995-02-03"",""age"":31,""cname"":""Brazil"",""ccode"":""BRA"",""shirtNumber"":9}"
50001774,Kashima Antlers,fotmob,4397,802134,Kyosuke Tagawa,CURRENT_SQUAD,Attacker,1999-02-11,27,Japan,FACT,true,1.0,https://www.fotmob.com/api/data/teams?id=4397,2026-09-22T18:30:11.545335+00:00,2026-09-22T18:30:11.545335+00:00,"{""id"":802134,""name"":""Kyosuke Tagawa"",""role"":{""key"":""attacker_long"",""fallback"":""Attacker""},""dateOfBirth"":""1999-02-11"",""age"":27,""cname"":""Japan"",""ccode"":""JPN"",""shirtNumber"":11}"
50001774,Kashima Antlers,fotmob,4397,758460,Yan,CURRENT_SQUAD,Attacker,1998-09-04,28,Brazil,FACT,true,1.0,https://www.fotmob.com/api/data/teams?id=4397,2026-09-22T18:30:11.545335+00:00,2026-09-22T18:30:11.545335+00:00,"{""id"":758460,""name"":""Yan"",""role"":{""key"":""attacker_long"",""fallback"":""Attacker""},""dateOfBirth"":""1998-09-04"",""age"":28,""cname"":""Brazil"",""ccode"":""BRA"",""shirtNumber"":18}"
50001774,Kashima Antlers,fotmob,4397,1748953,Minato Yoshida,CURRENT_SQUAD,Attacker,2008-07-15,18,Japan,FACT,true,1.0,https://www.fotmob.com/api/data/teams?id=4397,2026-09-22T18:30:11.545335+00:00,2026-09-22T18:30:11.545335+00:00,"{""id"":1748953,""name"":""Minato Yoshida"",""role"":{""key"":""attacker_long"",""fallback"":""Attacker""},""dateOfBirth"":""2008-07-15"",""age"":18,""cname"":""Japan"",""ccode"":""JPN"",""shirtNumber"":30}"
50001774,Kashima Antlers,fotmob,4397,1652441,Homare Tokuda,CURRENT_SQUAD,Attacker,2007-02-18,19,Japan,FACT,true,1.0,https://www.fotmob.com/api/data/teams?id=4397,2026-09-22T18:30:11.545335+00:00,2026-09-22T18:30:11.545335+00:00,"{""id"":1652441,""name"":""Homare Tokuda"",""role"":{""key"":""attacker_long"",""fallback"":""Attacker""},""dateOfBirth"":""2007-02-18"",""age"":19,""cname"":""Japan"",""ccode"":""JPN"",""shirtNumber"":34}"
50001774,Kashima Antlers,fotmob,4397,619621,Yuma Suzuki,CURRENT_SQUAD,Attacker,1996-04-26,30,Japan,FACT,true,1.0,https://www.fotmob.com/api/data/teams?id=4397,2026-09-22T18:30:11.545335+00:00,2026-09-22T18:30:11.545335+00:00,"{""id"":619621,""name"":""Yuma Suzuki"",""role"":{""key"":""attacker_long"",""fallback"":""Attacker""},""dateOfBirth"":""1996-04-26"",""age"":30,""cname"":""Japan"",""ccode"":""JPN"",""shirtNumber"":40}"
50001775,Kashiwa Reysol,fotmob,8699,1134762,Ricardo Rodríguez,CURRENT_SQUAD,Coach,1974-04-03,52,Spain,FACT,true,1.0,https://www.fotmob.com/api/data/teams?id=8699,2026-09-22T18:30:11.545335+00:00,2026-09-22T18:30:11.545335+00:00,"{""id"":1134762,""name"":""Ricardo Rodríguez"",""role"":{""key"":""coach"",""fallback"":""Coach""},""dateOfBirth"":""1974-04-03"",""age"":52,""cname"":""Spain"",""ccode"":""ESP""}"
50001775,Kashiwa Reysol,fotmob,8699,824629,Haruki Saruta,CURRENT_SQUAD,Keeper,1999-04-23,27,Japan,FACT,true,1.0,https://www.fotmob.com/api/data/teams?id=8699,2026-09-22T18:30:11.545335+00:00,2026-09-22T18:30:11.545335+00:00,"{""id"":824629,""name"":""Haruki Saruta"",""role"":{""key"":""keeper_long"",""fallback"":""Keeper""},""dateOfBirth"":""1999-04-23"",""age"":27,""cname"":""Japan"",""ccode"":""JPN"",""shirtNumber"":1}"
50001775,Kashiwa Reysol,fotmob,8699,848282,Ryosuke Kojima,CURRENT_SQUAD,Keeper,1997-01-30,29,Japan,FACT,true,1.0,https://www.fotmob.com/api/data/teams?id=8699,2026-09-22T18:30:11.545335+00:00,2026-09-22T18:30:11.545335+00:00,"{""id"":848282,""name"":""Ryosuke Kojima"",""role"":{""key"":""keeper_long"",""fallback"":""Keeper""},""dateOfBirth"":""1997-01-30"",""age"":29,""cname"":""Japan"",""ccode"":""JPN"",""shirtNumber"":25}"
50001775,Kashiwa Reysol,fotmob,8699,431791,Kengo Nagai,CURRENT_SQUAD,Keeper,1994-11-06,31,Japan,FACT,true,1.0,https://www.fotmob.com/api/data/teams?id=8699,2026-09-22T18:30:11.545335+00:00,2026-09-22T18:30:11.545335+00:00,"{""id"":431791,""name"":""Kengo Nagai"",""role"":{""key"":""keeper_long"",""fallback"":""Keeper""},""dateOfBirth"":""1994-11-06"",""age"":31,""cname"":""Japan"",""ccode"":""JPN"",""shirtNumber"":29}"
50001775,Kashiwa Reysol,fotmob,8699,1431470,Daiki Sakata,CURRENT_SQUAD,Keeper,1994-09-11,32,Japan,FACT,true,1.0,https://www.fotmob.com/api/data/teams?id=8699,2026-09-22T18:30:11.545335+00:00,2026-09-22T18:30:11.545335+00:00,"{""id"":1431470,""name"":""Daiki Sakata"",""role"":{""key"":""keeper_long"",""fallback"":""Keeper""},""dateOfBirth"":""1994-09-11"",""age"":32,""cname"":""Japan"",""ccode"":""JPN"",""shirtNumber"":41}"
50001775,Kashiwa Reysol,fotmob,8699,1134480,Kenta Matsumoto,CURRENT_SQUAD,Keeper,1997-05-04,29,Japan,FACT,true,1.0,https://www.fotmob.com/api/data/teams?id=8699,2026-09-22T18:30:11.545335+00:00,2026-09-22T18:30:11.545335+00:00,"{""id"":1134480,""name"":""Kenta Matsumoto"",""role"":{""key"":""keeper_long"",""fallback"":""Keeper""},""dateOfBirth"":""1997-05-04"",""age"":29,""cname"":""Japan"",""ccode"":""JPN"",""shirtNumber"":46}"
50001775,Kashiwa Reysol,fotmob,8699,834306,Tomoya Wakahara,CURRENT_SQUAD,Keeper,1999-12-28,26,Japan,FACT,true,1.0,https://www.fotmob.com/api/data/teams?id=8699,2026-09-22T18:30:11.545335+00:00,2026-09-22T18:30:11.545335+00:00,"{""id"":834306,""name"":""Tomoya Wakahara"",""role"":{""key"":""keeper_long"",""fallback"":""Keeper""},""dateOfBirth"":""1999-12-28"",""age"":26,""cname"":""Japan"",""ccode"":""JPN"",""shirtNumber"":77}"
50001775,Kashiwa Reysol,fotmob,8699,727829,Hiromu Mitsumaru,CURRENT_SQUAD,Defender,1993-07-06,33,Japan,FACT,true,1.0,https://www.fotmob.com/api/data/teams?id=8699,2026-09-22T18:30:11.545335+00:00,2026-09-22T18:30:11.545335+00:00,"{""id"":727829,""name"":""Hiromu Mitsumaru"",""role"":{""key"":""defender_long"",""fallback"":""Defender""},""dateOfBirth"":""1993-07-06"",""age"":33,""cname"":""Japan"",""ccode"":""JPN"",""shirtNumber"":2}"
50001775,Kashiwa Reysol,fotmob,8699,758052,Taiyo Koga,CURRENT_SQUAD,Defender,1998-10-28,27,Japan,FACT,true,1.0,https://www.fotmob.com/api/data/teams?id=8699,2026-09-22T18:30:11.545335+00:00,2026-09-22T18:30:11.545335+00:00,"{""id"":758052,""name"":""Taiyo Koga"",""role"":{""key"":""defender_long"",""fallback"":""Defender""},""dateOfBirth"":""1998-10-28"",""age"":27,""cname"":""Japan"",""ccode"":""JPN"",""shirtNumber"":4}"
50001775,Kashiwa Reysol,fotmob,8699,309488,Tomoya Inukai,CURRENT_SQUAD,Defender,1993-05-12,33,Japan,FACT,true,1.0,https://www.fotmob.com/api/data/teams?id=8699,2026-09-22T18:30:11.545335+00:00,2026-09-22T18:30:11.545335+00:00,"{""id"":309488,""name"":""Tomoya Inukai"",""role"":{""key"":""defender_long"",""fallback"":""Defender""},""dateOfBirth"":""1993-05-12"",""age"":33,""cname"":""Japan"",""ccode"":""JPN"",""shirtNumber"":13}"
50001775,Kashiwa Reysol,fotmob,8699,826020,Daiki Sugioka,CURRENT_SQUAD,Defender,1998-09-08,28,Japan,FACT,true,1.0,https://www.fotmob.com/api/data/teams?id=8699,2026-09-22T18:30:11.545335+00:00,2026-09-22T18:30:11.545335+00:00,"{""id"":826020,""name"":""Daiki Sugioka"",""role"":{""key"":""defender_long"",""fallback"":""Defender""},""dateOfBirth"":""1998-09-08"",""age"":28,""cname"":""Japan"",""ccode"":""JPN"",""shirtNumber"":26}"
50001775,Kashiwa Reysol,fotmob,8699,1336956,Takumi Tsuchiya,CURRENT_SQUAD,Defender,2003-10-25,22,Japan,FACT,true,1.0,https://www.fotmob.com/api/data/teams?id=8699,2026-09-22T18:30:11.545335+00:00,2026-09-22T18:30:11.545335+00:00,"{""id"":1336956,""name"":""Takumi Tsuchiya"",""role"":{""key"":""defender_long"",""fallback"":""Defender""},""dateOfBirth"":""2003-10-25"",""age"":22,""cname"":""Japan"",""ccode"":""JPN"",""shirtNumber"":34}"
50001775,Kashiwa Reysol,fotmob,8699,1267663,Wataru Harada,CURRENT_SQUAD,Defender,1996-07-22,30,Japan,FACT,true,1.0,https://www.fotmob.com/api/data/teams?id=8699,2026-09-22T18:30:11.545335+00:00,2026-09-22T18:30:11.545335+00:00,"{""id"":1267663,""name"":""Wataru Harada"",""role"":{""key"":""defender_long"",""fallback"":""Defender""},""dateOfBirth"":""1996-07-22"",""age"":30,""cname"":""Japan"",""ccode"":""JPN"",""shirtNumber"":42}"
50001775,Kashiwa Reysol,fotmob,8699,1134756,Seiya Baba,CURRENT_SQUAD,Defender,2001-10-24,24,Japan,FACT,true,1.0,https://www.fotmob.com/api/data/teams?id=8699,2026-09-22T18:30:11.545335+00:00,2026-09-22T18:30:11.545335+00:00,"{""id"":1134756,""name"":""Seiya Baba"",""role"":{""key"":""defender_long"",""fallback"":""Defender""},""dateOfBirth"":""2001-10-24"",""age"":24,""cname"":""Japan"",""ccode"":""JPN"",""shirtNumber"":88}"
50001775,Kashiwa Reysol,fotmob,8699,727873,Keita Endo,CURRENT_SQUAD,Midfielder,1997-11-22,28,Japan,FACT,true,1.0,https://www.fotmob.com/api/data/teams?id=8699,2026-09-22T18:30:11.545335+00:00,2026-09-22T18:30:11.545335+00:00,"{""id"":727873,""name"":""Keita Endo"",""role"":{""key"":""midfielder_long"",""fallback"":""Midfielder""},""dateOfBirth"":""1997-11-22"",""age"":28,""cname"":""Japan"",""ccode"":""JPN"",""shirtNumber"":5}"
50001775,Kashiwa Reysol,fotmob,8699,1134477,Yuto Yamada,CURRENT_SQUAD,Midfielder,2000-05-17,26,Japan,FACT,true,1.0,https://www.fotmob.com/api/data/teams?id=8699,2026-09-22T18:30:11.545335+00:00,2026-09-22T18:30:11.545335+00:00,"{""id"":1134477,""name"":""Yuto Yamada"",""role"":{""key"":""midfielder_long"",""fallback"":""Midfielder""},""dateOfBirth"":""2000-05-17"",""age"":26,""cname"":""Japan"",""ccode"":""JPN"",""shirtNumber"":6}"
50001775,Kashiwa Reysol,fotmob,8699,1012227,Yoshio Koizumi,CURRENT_SQUAD,Midfielder,1996-10-05,29,Japan,FACT,true,1.0,https://www.fotmob.com/api/data/teams?id=8699,2026-09-22T18:30:11.545335+00:00,2026-09-22T18:30:11.545335+00:00,"{""id"":1012227,""name"":""Yoshio Koizumi"",""role"":{""key"":""midfielder_long"",""fallback"":""Midfielder""},""dateOfBirth"":""1996-10-05"",""age"":29,""cname"":""Japan"",""ccode"":""JPN"",""shirtNumber"":8}"
50001775,Kashiwa Reysol,fotmob,8699,924305,Masaki Watai,CURRENT_SQUAD,Midfielder,1999-07-18,27,Japan,FACT,true,1.0,https://www.fotmob.com/api/data/teams?id=8699,2026-09-22T18:30:11.545335+00:00,2026-09-22T18:30:11.545335+00:00,"{""id"":924305,""name"":""Masaki Watai"",""role"":{""key"":""midfielder_long"",""fallback"":""Midfielder""},""dateOfBirth"":""1999-07-18"",""age"":27,""cname"":""Japan"",""ccode"":""JPN"",""shirtNumber"":11}"
50001775,Kashiwa Reysol,fotmob,8699,459495,Koya Yuruki,CURRENT_SQUAD,Midfielder,1995-07-03,31,Japan,FACT,true,1.0,https://www.fotmob.com/api/data/teams?id=8699,2026-09-22T18:30:11.545335+00:00,2026-09-22T18:30:11.545335+00:00,"{""id"":459495,""name"":""Koya Yuruki"",""role"":{""key"":""midfielder_long"",""fallback"":""Midfielder""},""dateOfBirth"":""1995-07-03"",""age"":31,""cname"":""Japan"",""ccode"":""JPN"",""shirtNumber"":16}"
50001775,Kashiwa Reysol,fotmob,8699,727963,Kohei Tezuka,CURRENT_SQUAD,Midfielder,1996-04-06,30,Japan,FACT,true,1.0,https://www.fotmob.com/api/data/teams?id=8699,2026-09-22T18:30:11.545335+00:00,2026-09-22T18:30:11.545335+00:00,"{""id"":727963,""name"":""Kohei Tezuka"",""role"":{""key"":""midfielder_long"",""fallback"":""Midfielder""},""dateOfBirth"":""1996-04-06"",""age"":30,""cname"":""Japan"",""ccode"":""JPN"",""shirtNumber"":17}"
50001775,Kashiwa Reysol,fotmob,8699,310180,Hayato Nakama,CURRENT_SQUAD,Midfielder,1992-05-16,34,Japan,FACT,true,1.0,https://www.fotmob.com/api/data/teams?id=8699,2026-09-22T18:30:11.545335+00:00,2026-09-22T18:30:11.545335+00:00,"{""id"":310180,""name"":""Hayato Nakama"",""role"":{""key"":""midfielder_long"",""fallback"":""Midfielder""},""dateOfBirth"":""1992-05-16"",""age"":34,""cname"":""Japan"",""ccode"":""JPN"",""shirtNumber"":19}"
50001775,Kashiwa Reysol,fotmob,8699,728766,Yusuke Segawa,CURRENT_SQUAD,Midfielder,1994-02-07,32,Japan,FACT,true,1.0,https://www.fotmob.com/api/data/teams?id=8699,2026-09-22T18:30:11.545335+00:00,2026-09-22T18:30:11.545335+00:00,"{""id"":728766,""name"":""Yusuke Segawa"",""role"":{""key"":""midfielder_long"",""fallback"":""Midfielder""},""dateOfBirth"":""1994-02-07"",""age"":32,""cname"":""Japan"",""ccode"":""JPN"",""shirtNumber"":20}"
50001775,Kashiwa Reysol,fotmob,8699,833021,Yudai Konishi,CURRENT_SQUAD,Midfielder,1998-04-18,28,Japan,FACT,true,1.0,https://www.fotmob.com/api/data/teams?id=8699,2026-09-22T18:30:11.545335+00:00,2026-09-22T18:30:11.545335+00:00,"{""id"":833021,""name"":""Yudai Konishi"",""role"":{""key"":""midfielder_long"",""fallback"":""Midfielder""},""dateOfBirth"":""1998-04-18"",""age"":28,""cname"":""Japan"",""ccode"":""JPN"",""shirtNumber"":21}"
50001775,Kashiwa Reysol,fotmob,8699,1844322,Kaiji Chonan,CURRENT_SQUAD,Midfielder,2009-04-07,17,Japan,FACT,true,1.0,https://www.fotmob.com/api/data/teams?id=8699,2026-09-22T18:30:11.545335+00:00,2026-09-22T18:30:11.545335+00:00,"{""id"":1844322,""name"":""Kaiji Chonan"",""role"":{""key"":""midfielder_long"",""fallback"":""Midfielder""},""dateOfBirth"":""2009-04-07"",""age"":17,""cname"":""Japan"",""ccode"":""JPN"",""shirtNumber"":23}"
50001775,Kashiwa Reysol,fotmob,8699,1299353,Tojiro Kubo,CURRENT_SQUAD,Midfielder,1999-04-05,27,Japan,FACT,true,1.0,https://www.fotmob.com/api/data/teams?id=8699,2026-09-22T18:30:11.545335+00:00,2026-09-22T18:30:11.545335+00:00,"{""id"":1299353,""name"":""Tojiro Kubo"",""role"":{""key"":""midfielder_long"",""fallback"":""Midfielder""},""dateOfBirth"":""1999-04-05"",""age"":27,""cname"":""Japan"",""ccode"":""JPN"",""shirtNumber"":24}"
50001775,Kashiwa Reysol,fotmob,8699,1611173,Koki Kumasaka,CURRENT_SQUAD,Midfielder,2001-04-15,25,Japan,FACT,true,1.0,https://www.fotmob.com/api/data/teams?id=8699,2026-09-22T18:30:11.545335+00:00,2026-09-22T18:30:11.545335+00:00,"{""id"":1611173,""name"":""Koki Kumasaka"",""role"":{""key"":""midfielder_long"",""fallback"":""Midfielder""},""dateOfBirth"":""2001-04-15"",""age"":25,""cname"":""Japan"",""ccode"":""JPN"",""shirtNumber"":27}"
50001775,Kashiwa Reysol,fotmob,8699,928684,Sachiro Toshima,CURRENT_SQUAD,Midfielder,1995-09-26,30,Japan,FACT,true,1.0,https://www.fotmob.com/api/data/teams?id=8699,2026-09-22T18:30:11.545335+00:00,2026-09-22T18:30:11.545335+00:00,"{""id"":928684,""name"":""Sachiro Toshima"",""role"":{""key"":""midfielder_long"",""fallback"":""Midfielder""},""dateOfBirth"":""1995-09-26"",""age"":30,""cname"":""Japan"",""ccode"":""JPN"",""shirtNumber"":28}"
50001775,Kashiwa Reysol,fotmob,8699,928662,Shumpei Naruse,CURRENT_SQUAD,Midfielder,2001-01-17,25,Japan,FACT,true,1.0,https://www.fotmob.com/api/data/teams?id=8699,2026-09-22T18:30:11.545335+00:00,2026-09-22T18:30:11.545335+00:00,"{""id"":928662,""name"":""Shumpei Naruse"",""role"":{""key"":""midfielder_long"",""fallback"":""Midfielder""},""dateOfBirth"":""2001-01-17"",""age"":25,""cname"":""Japan"",""ccode"":""JPN"",""shirtNumber"":31}"
50001775,Kashiwa Reysol,fotmob,8699,1770890,Yusei Yamanouchi,CURRENT_SQUAD,Midfielder,2003-09-01,23,Japan,FACT,true,1.0,https://www.fotmob.com/api/data/teams?id=8699,2026-09-22T18:30:11.545335+00:00,2026-09-22T18:30:11.545335+00:00,"{""id"":1770890,""name"":""Yusei Yamanouchi"",""role"":{""key"":""midfielder_long"",""fallback"":""Midfielder""},""dateOfBirth"":""2003-09-01"",""age"":23,""cname"":""Japan"",""ccode"":""JPN"",""shirtNumber"":32}"
50001775,Kashiwa Reysol,fotmob,8699,1716158,Nobuteru Nakagawa,CURRENT_SQUAD,Midfielder,2002-05-15,24,Japan,FACT,true,1.0,https://www.fotmob.com/api/data/teams?id=8699,2026-09-22T18:30:11.545335+00:00,2026-09-22T18:30:11.545335+00:00,"{""id"":1716158,""name"":""Nobuteru Nakagawa"",""role"":{""key"":""midfielder_long"",""fallback"":""Midfielder""},""dateOfBirth"":""2002-05-15"",""age"":24,""cname"":""Japan"",""ccode"":""JPN"",""shirtNumber"":39}"
50001775,Kashiwa Reysol,fotmob,8699,431525,Riki Harakawa,CURRENT_SQUAD,Midfielder,1993-08-18,33,Japan,FACT,true,1.0,https://www.fotmob.com/api/data/teams?id=8699,2026-09-22T18:30:11.545335+00:00,2026-09-22T18:30:11.545335+00:00,"{""id"":431525,""name"":""Riki Harakawa"",""role"":{""key"":""midfielder_long"",""fallback"":""Midfielder""},""dateOfBirth"":""1993-08-18"",""age"":33,""cname"":""Japan"",""ccode"":""JPN"",""shirtNumber"":40}"
50001775,Kashiwa Reysol,fotmob,8699,2241885,Yuito Kamo,CURRENT_SQUAD,Midfielder,2008-10-18,17,Japan,FACT,true,1.0,https://www.fotmob.com/api/data/teams?id=8699,2026-09-22T18:30:11.545335+00:00,2026-09-22T18:30:11.545335+00:00,"{""id"":2241885,""name"":""Yuito Kamo"",""role"":{""key"":""midfielder_long"",""fallback"":""Midfielder""},""dateOfBirth"":""2008-10-18"",""age"":17,""cname"":""Japan"",""ccode"":""JPN"",""shirtNumber"":43}"
50001775,Kashiwa Reysol,fotmob,8699,1642583,Kenshin Yuba,CURRENT_SQUAD,Midfielder,2000-10-12,25,Japan,FACT,true,1.0,https://www.fotmob.com/api/data/teams?id=8699,2026-09-22T18:30:11.545335+00:00,2026-09-22T18:30:11.545335+00:00,"{""id"":1642583,""name"":""Kenshin Yuba"",""role"":{""key"":""midfielder_long"",""fallback"":""Midfielder""},""dateOfBirth"":""2000-10-12"",""age"":25,""cname"":""Japan"",""ccode"":""JPN"",""shirtNumber"":44}"
50001775,Kashiwa Reysol,fotmob,8699,1611176,Hinata Yamauchi,CURRENT_SQUAD,Midfielder,2001-05-30,25,Japan,FACT,true,1.0,https://www.fotmob.com/api/data/teams?id=8699,2026-09-22T18:30:11.545335+00:00,2026-09-22T18:30:11.545335+00:00,"{""id"":1611176,""name"":""Hinata Yamauchi"",""role"":{""key"":""midfielder_long"",""fallback"":""Midfielder""},""dateOfBirth"":""2001-05-30"",""age"":25,""cname"":""Japan"",""ccode"":""JPN"",""shirtNumber"":87}"
50001775,Kashiwa Reysol,fotmob,8699,1900124,Mohamad Sadiki Wade,CURRENT_SQUAD,Attacker,2006-05-29,20,Japan,FACT,true,1.0,https://www.fotmob.com/api/data/teams?id=8699,2026-09-22T18:30:11.545335+00:00,2026-09-22T18:30:11.545335+00:00,"{""id"":1900124,""name"":""Mohamad Sadiki Wade"",""role"":{""key"":""attacker_long"",""fallback"":""Attacker""},""dateOfBirth"":""2006-05-29"",""age"":20,""cname"":""Japan"",""ccode"":""JPN""}"
50001775,Kashiwa Reysol,fotmob,8699,1035013,Mao Hosoya,CURRENT_SQUAD,Attacker,2001-09-07,25,Japan,FACT,true,1.0,https://www.fotmob.com/api/data/teams?id=8699,2026-09-22T18:30:11.545335+00:00,2026-09-22T18:30:11.545335+00:00,"{""id"":1035013,""name"":""Mao Hosoya"",""role"":{""key"":""attacker_long"",""fallback"":""Attacker""},""dateOfBirth"":""2001-09-07"",""age"":25,""cname"":""Japan"",""ccode"":""JPN"",""shirtNumber"":9}"
50001775,Kashiwa Reysol,fotmob,8699,1089573,Tomoaki Okubo,CURRENT_SQUAD,Attacker,1998-07-23,28,Japan,FACT,true,1.0,https://www.fotmob.com/api/data/teams?id=8699,2026-09-22T18:30:11.545335+00:00,2026-09-22T18:30:11.545335+00:00,"{""id"":1089573,""name"":""Tomoaki Okubo"",""role"":{""key"":""attacker_long"",""fallback"":""Attacker""},""dateOfBirth"":""1998-07-23"",""age"":28,""cname"":""Japan"",""ccode"":""JPN"",""shirtNumber"":14}"
50001775,Kashiwa Reysol,fotmob,8699,1134268,Shota Fujio,CURRENT_SQUAD,Attacker,2001-05-02,25,Japan,FACT,true,1.0,https://www.fotmob.com/api/data/teams?id=8699,2026-09-22T18:30:11.545335+00:00,2026-09-22T18:30:11.545335+00:00,"{""id"":1134268,""name"":""Shota Fujio"",""role"":{""key"":""attacker_long"",""fallback"":""Attacker""},""dateOfBirth"":""2001-05-02"",""age"":25,""cname"":""Japan"",""ccode"":""JPN"",""shirtNumber"":15}"
50001775,Kashiwa Reysol,fotmob,8699,727819,Yuki Kakita,CURRENT_SQUAD,Attacker,1997-07-14,29,Japan,FACT,true,1.0,https://www.fotmob.com/api/data/teams?id=8699,2026-09-22T18:30:11.545335+00:00,2026-09-22T18:30:11.545335+00:00,"{""id"":727819,""name"":""Yuki Kakita"",""role"":{""key"":""attacker_long"",""fallback"":""Attacker""},""dateOfBirth"":""1997-07-14"",""age"":29,""cname"":""Japan"",""ccode"":""JPN"",""shirtNumber"":18}"
50001775,Kashiwa Reysol,fotmob,8699,1823206,Naberuyoshitaka Furusawa,CURRENT_SQUAD,Attacker,2003-03-28,23,Japan,FACT,true,1.0,https://www.fotmob.com/api/data/teams?id=8699,2026-09-22T18:30:11.545335+00:00,2026-09-22T18:30:11.545335+00:00,"{""id"":1823206,""name"":""Naberuyoshitaka Furusawa"",""role"":{""key"":""attacker_long"",""fallback"":""Attacker""},""dateOfBirth"":""2003-03-28"",""age"":23,""cname"":""Japan"",""ccode"":""JPN"",""shirtNumber"":36}"
50001808,Korea Republic,fotmob,7804,167247,Seung-Gyu Kim,CURRENT_SQUAD,Keeper,1990-09-30,35,FC Tokyo,FACT,true,1.0,https://www.fotmob.com/api/data/teams?id=7804,2026-09-22T18:30:11.545335+00:00,2026-09-22T18:30:11.545335+00:00,"{""id"":167247,""name"":""Seung-Gyu Kim"",""role"":{""key"":""keeper_long"",""fallback"":""Keeper""},""dateOfBirth"":""1990-09-30"",""age"":35,""cname"":""FC Tokyo"",""ccode"":""4399"",""shirtNumber"":1}"
50001808,Korea Republic,fotmob,7804,848068,Bum-Keun Song,CURRENT_SQUAD,Keeper,1997-10-15,28,Jeonbuk Hyundai Motors FC,FACT,true,1.0,https://www.fotmob.com/api/data/teams?id=7804,2026-09-22T18:30:11.545335+00:00,2026-09-22T18:30:11.545335+00:00,"{""id"":848068,""name"":""Bum-Keun Song"",""role"":{""key"":""keeper_long"",""fallback"":""Keeper""},""dateOfBirth"":""1997-10-15"",""age"":28,""cname"":""Jeonbuk Hyundai Motors FC"",""ccode"":""46038"",""shirtNumber"":12}"
50001808,Korea Republic,fotmob,7804,433265,Hyeon-Woo Jo,CURRENT_SQUAD,Keeper,1991-09-25,34,Ulsan HD FC,FACT,true,1.0,https://www.fotmob.com/api/data/teams?id=7804,2026-09-22T18:30:11.545335+00:00,2026-09-22T18:30:11.545335+00:00,"{""id"":433265,""name"":""Hyeon-Woo Jo"",""role"":{""key"":""keeper_long"",""fallback"":""Keeper""},""dateOfBirth"":""1991-09-25"",""age"":34,""cname"":""Ulsan HD FC"",""ccode"":""133896"",""shirtNumber"":21}"
50001808,Korea Republic,fotmob,7804,1232253,Han-Beom Lee,CURRENT_SQUAD,Defender,2002-06-17,24,Club Brugge,FACT,true,1.0,https://www.fotmob.com/api/data/teams?id=7804,2026-09-22T18:30:11.545335+00:00,2026-09-22T18:30:11.545335+00:00,"{""id"":1232253,""name"":""Han-Beom Lee"",""role"":{""key"":""defender_long"",""fallback"":""Defender""},""dateOfBirth"":""2002-06-17"",""age"":24,""cname"":""Club Brugge"",""ccode"":""8342"",""shirtNumber"":2}"
50001808,Korea Republic,fotmob,7804,1232264,Gi-Hyuk Lee,CURRENT_SQUAD,Defender,2000-07-07,26,Gangwon FC,FACT,true,1.0,https://www.fotmob.com/api/data/teams?id=7804,2026-09-22T18:30:11.545335+00:00,2026-09-22T18:30:11.545335+00:00,"{""id"":1232264,""name"":""Gi-Hyuk Lee"",""role"":{""key"":""defender_long"",""fallback"":""Defender""},""dateOfBirth"":""2000-07-07"",""age"":26,""cname"":""Gangwon FC"",""ccode"":""164734"",""shirtNumber"":3}"
50001808,Korea Republic,fotmob,7804,828159,Min-Jae Kim,CURRENT_SQUAD,Defender,1996-11-15,29,Bayern München,FACT,true,1.0,https://www.fotmob.com/api/data/teams?id=7804,2026-09-22T18:30:11.545335+00:00,2026-09-22T18:30:11.545335+00:00,"{""id"":828159,""name"":""Min-Jae Kim"",""role"":{""key"":""defender_long"",""fallback"":""Defender""},""dateOfBirth"":""1996-11-15"",""age"":29,""cname"":""Bayern München"",""ccode"":""9823"",""shirtNumber"":4}"
50001808,Korea Republic,fotmob,7804,1053477,Tae-Hyeon Kim,CURRENT_SQUAD,Defender,2000-09-17,26,Kashima Antlers,FACT,true,1.0,https://www.fotmob.com/api/data/teams?id=7804,2026-09-22T18:30:11.545335+00:00,2026-09-22T18:30:11.545335+00:00,"{""id"":1053477,""name"":""Tae-Hyeon Kim"",""role"":{""key"":""defender_long"",""fallback"":""Defender""},""dateOfBirth"":""2000-09-17"",""age"":26,""cname"":""Kashima Antlers"",""ccode"":""4397"",""shirtNumber"":5}"
50001808,Korea Republic,fotmob,7804,1326507,Wi-Je Cho,CURRENT_SQUAD,Defender,2001-08-25,25,Jeonbuk Hyundai Motors FC,FACT,true,1.0,https://www.fotmob.com/api/data/teams?id=7804,2026-09-22T18:30:11.545335+00:00,2026-09-22T18:30:11.545335+00:00,"{""id"":1326507,""name"":""Wi-Je Cho"",""role"":{""key"":""defender_long"",""fallback"":""Defender""},""dateOfBirth"":""2001-08-25"",""age"":25,""cname"":""Jeonbuk Hyundai Motors FC"",""ccode"":""46038"",""shirtNumber"":14}"
50001808,Korea Republic,fotmob,7804,828273,Moon-Hwan Kim,CURRENT_SQUAD,Defender,1995-08-01,31,Daejeon Hana Citizen,FACT,true,1.0,https://www.fotmob.com/api/data/teams?id=7804,2026-09-22T18:30:11.545335+00:00,2026-09-22T18:30:11.545335+00:00,"{""id"":828273,""name"":""Moon-Hwan Kim"",""role"":{""key"":""defender_long"",""fallback"":""Defender""},""dateOfBirth"":""1995-08-01"",""age"":31,""cname"":""Daejeon Hana Citizen"",""ccode"":""133900"",""shirtNumber"":15}"
50001808,Korea Republic,fotmob,7804,1132818,Young-Woo Seol,CURRENT_SQUAD,Defender,1998-12-05,27,Augsburg,FACT,true,1.0,https://www.fotmob.com/api/data/teams?id=7804,2026-09-22T18:30:11.545335+00:00,2026-09-22T18:30:11.545335+00:00,"{""id"":1132818,""name"":""Young-Woo Seol"",""role"":{""key"":""defender_long"",""fallback"":""Defender""},""dateOfBirth"":""1998-12-05"",""age"":27,""cname"":""Augsburg"",""ccode"":""8406"",""shirtNumber"":22}"
50001808,Korea Republic,fotmob,7804,623698,In-Beom Hwang,CURRENT_SQUAD,Midfielder,1996-09-20,30,FC Porto,FACT,true,1.0,https://www.fotmob.com/api/data/teams?id=7804,2026-09-22T18:30:11.545335+00:00,2026-09-22T18:30:11.545335+00:00,"{""id"":623698,""name"":""In-Beom Hwang"",""role"":{""key"":""midfielder_long"",""fallback"":""Midfielder""},""dateOfBirth"":""1996-09-20"",""age"":30,""cname"":""FC Porto"",""ccode"":""9773"",""shirtNumber"":6}"
50001808,Korea Republic,fotmob,7804,848102,Seung-Ho Paik,CURRENT_SQUAD,Midfielder,1997-03-17,29,Birmingham City,FACT,true,1.0,https://www.fotmob.com/api/data/teams?id=7804,2026-09-22T18:30:11.545335+00:00,2026-09-22T18:30:11.545335+00:00,"{""id"":848102,""name"":""Seung-Ho Paik"",""role"":{""key"":""midfielder_long"",""fallback"":""Midfielder""},""dateOfBirth"":""1997-03-17"",""age"":29,""cname"":""Birmingham City"",""ccode"":""8658"",""shirtNumber"":8}"
50001808,Korea Republic,fotmob,7804,523749,Jae-Sung Lee,CURRENT_SQUAD,Midfielder,1992-08-10,34,Mainz 05,FACT,true,1.0,https://www.fotmob.com/api/data/teams?id=7804,2026-09-22T18:30:11.545335+00:00,2026-09-22T18:30:11.545335+00:00,"{""id"":523749,""name"":""Jae-Sung Lee"",""role"":{""key"":""midfielder_long"",""fallback"":""Midfielder""},""dateOfBirth"":""1992-08-10"",""age"":34,""cname"":""Mainz 05"",""ccode"":""9905"",""shirtNumber"":10}"
50001808,Korea Republic,fotmob,7804,1107251,Tae-Seok Lee,CURRENT_SQUAD,Midfielder,2002-07-28,24,Austria Wien,FACT,true,1.0,https://www.fotmob.com/api/data/teams?id=7804,2026-09-22T18:30:11.545335+00:00,2026-09-22T18:30:11.545335+00:00,"{""id"":1107251,""name"":""Tae-Seok Lee"",""role"":{""key"":""midfielder_long"",""fallback"":""Midfielder""},""dateOfBirth"":""2002-07-28"",""age"":24,""cname"":""Austria Wien"",""ccode"":""10011"",""shirtNumber"":13}"
50001808,Korea Republic,fotmob,7804,925647,Jin-Seob Park,CURRENT_SQUAD,Midfielder,1995-10-23,30,Zhejiang Professional,FACT,true,1.0,https://www.fotmob.com/api/data/teams?id=7804,2026-09-22T18:30:11.545335+00:00,2026-09-22T18:30:11.545335+00:00,"{""id"":925647,""name"":""Jin-Seob Park"",""role"":{""key"":""midfielder_long"",""fallback"":""Midfielder""},""dateOfBirth"":""1995-10-23"",""age"":30,""cname"":""Zhejiang Professional"",""ccode"":""51443"",""shirtNumber"":16}"
50001808,Korea Republic,fotmob,7804,1386482,Jun-Ho Bae,CURRENT_SQUAD,Midfielder,2003-08-21,23,Stoke City,FACT,true,1.0,https://www.fotmob.com/api/data/teams?id=7804,2026-09-22T18:30:11.545335+00:00,2026-09-22T18:30:11.545335+00:00,"{""id"":1386482,""name"":""Jun-Ho Bae"",""role"":{""key"":""midfielder_long"",""fallback"":""Midfielder""},""dateOfBirth"":""2003-08-21"",""age"":23,""cname"":""Stoke City"",""ccode"":""10194"",""shirtNumber"":17}"
50001808,Korea Republic,fotmob,7804,1185902,Jens Castrop,CURRENT_SQUAD,Midfielder,2003-07-29,23,Borussia Mönchengladbach,FACT,true,1.0,https://www.fotmob.com/api/data/teams?id=7804,2026-09-22T18:30:11.545335+00:00,2026-09-22T18:30:11.545335+00:00,"{""id"":1185902,""name"":""Jens Castrop"",""role"":{""key"":""midfielder_long"",""fallback"":""Midfielder""},""dateOfBirth"":""2003-07-29"",""age"":23,""cname"":""Borussia Mönchengladbach"",""ccode"":""9788"",""shirtNumber"":23}"
50001808,Korea Republic,fotmob,7804,622980,Jin-Gyu Kim,CURRENT_SQUAD,Midfielder,1997-02-24,29,Jeonbuk Hyundai Motors FC,FACT,true,1.0,https://www.fotmob.com/api/data/teams?id=7804,2026-09-22T18:30:11.545335+00:00,2026-09-22T18:30:11.545335+00:00,"{""id"":622980,""name"":""Jin-Gyu Kim"",""role"":{""key"":""midfielder_long"",""fallback"":""Midfielder""},""dateOfBirth"":""1997-02-24"",""age"":29,""cname"":""Jeonbuk Hyundai Motors FC"",""ccode"":""46038"",""shirtNumber"":24}"
50001808,Korea Republic,fotmob,7804,212867,Heung-Min Son,CURRENT_SQUAD,Attacker,1992-07-08,34,Los Angeles FC,FACT,true,1.0,https://www.fotmob.com/api/data/teams?id=7804,2026-09-22T18:30:11.545335+00:00,2026-09-22T18:30:11.545335+00:00,"{""id"":212867,""name"":""Heung-Min Son"",""role"":{""key"":""attacker_long"",""fallback"":""Attacker""},""dateOfBirth"":""1992-07-08"",""age"":34,""cname"":""Los Angeles FC"",""ccode"":""867280"",""shirtNumber"":7}"
50001808,Korea Republic,fotmob,7804,1026781,Gue-Sung Cho,CURRENT_SQUAD,Attacker,1998-01-25,28,FC Midtjylland,FACT,true,1.0,https://www.fotmob.com/api/data/teams?id=7804,2026-09-22T18:30:11.545335+00:00,2026-09-22T18:30:11.545335+00:00,"{""id"":1026781,""name"":""Gue-Sung Cho"",""role"":{""key"":""attacker_long"",""fallback"":""Attacker""},""dateOfBirth"":""1998-01-25"",""age"":28,""cname"":""FC Midtjylland"",""ccode"":""8113"",""shirtNumber"":9}"
50001808,Korea Republic,fotmob,7804,620026,Hee-Chan Hwang,CURRENT_SQUAD,Attacker,1996-01-26,30,Schalke 04,FACT,true,1.0,https://www.fotmob.com/api/data/teams?id=7804,2026-09-22T18:30:11.545335+00:00,2026-09-22T18:30:11.545335+00:00,"{""id"":620026,""name"":""Hee-Chan Hwang"",""role"":{""key"":""attacker_long"",""fallback"":""Attacker""},""dateOfBirth"":""1996-01-26"",""age"":30,""cname"":""Schalke 04"",""ccode"":""10189"",""shirtNumber"":11}"
50001808,Korea Republic,fotmob,7804,1044299,Hyeon-Gyu Oh,CURRENT_SQUAD,Attacker,2001-04-12,25,Beşiktaş,FACT,true,1.0,https://www.fotmob.com/api/data/teams?id=7804,2026-09-22T18:30:11.545335+00:00,2026-09-22T18:30:11.545335+00:00,"{""id"":1044299,""name"":""Hyeon-Gyu Oh"",""role"":{""key"":""attacker_long"",""fallback"":""Attacker""},""dateOfBirth"":""2001-04-12"",""age"":25,""cname"":""Beşiktaş"",""ccode"":""10188"",""shirtNumber"":18}"
50001808,Korea Republic,fotmob,7804,940976,Kang-In Lee,CURRENT_SQUAD,Attacker,2001-02-19,25,Atlético Madrid,FACT,true,1.0,https://www.fotmob.com/api/data/teams?id=7804,2026-09-22T18:30:11.545335+00:00,2026-09-22T18:30:11.545335+00:00,"{""id"":940976,""name"":""Kang-In Lee"",""role"":{""key"":""attacker_long"",""fallback"":""Attacker""},""dateOfBirth"":""2001-02-19"",""age"":25,""cname"":""Atlético Madrid"",""ccode"":""9906"",""shirtNumber"":19}"
50001808,Korea Republic,fotmob,7804,1232560,Hyun-Jun Yang,CURRENT_SQUAD,Attacker,2002-05-25,24,Celtic,FACT,true,1.0,https://www.fotmob.com/api/data/teams?id=7804,2026-09-22T18:30:11.545335+00:00,2026-09-22T18:30:11.545335+00:00,"{""id"":1232560,""name"":""Hyun-Jun Yang"",""role"":{""key"":""attacker_long"",""fallback"":""Attacker""},""dateOfBirth"":""2002-05-25"",""age"":24,""cname"":""Celtic"",""ccode"":""9925"",""shirtNumber"":20}"
50001808,Korea Republic,fotmob,7804,1107283,Ji-Sung Eom,CURRENT_SQUAD,Attacker,2002-05-09,24,Swansea City,FACT,true,1.0,https://www.fotmob.com/api/data/teams?id=7804,2026-09-22T18:30:11.545335+00:00,2026-09-22T18:30:11.545335+00:00,"{""id"":1107283,""name"":""Ji-Sung Eom"",""role"":{""key"":""attacker_long"",""fallback"":""Attacker""},""dateOfBirth"":""2002-05-09"",""age"":24,""cname"":""Swansea City"",""ccode"":""10003"",""shirtNumber"":25}"
50001808,Korea Republic,fotmob,7804,954131,Dong-Gyeong Lee,CURRENT_SQUAD,Attacker,1997-09-20,29,Ulsan HD FC,FACT,true,1.0,https://www.fotmob.com/api/data/teams?id=7804,2026-09-22T18:30:11.545335+00:00,2026-09-22T18:30:11.545335+00:00,"{""id"":954131,""name"":""Dong-Gyeong Lee"",""role"":{""key"":""attacker_long"",""fallback"":""Attacker""},""dateOfBirth"":""1997-09-20"",""age"":29,""cname"":""Ulsan HD FC"",""ccode"":""133896"",""shirtNumber"":26}"
50001841,Kuwait,fotmob,5821,11905,Hélio Sousa,CURRENT_SQUAD,Coach,1969-08-12,57,Portugal,FACT,true,1.0,https://www.fotmob.com/api/data/teams?id=5821,2026-09-22T18:30:11.545335+00:00,2026-09-22T18:30:11.545335+00:00,"{""id"":11905,""name"":""Hélio Sousa"",""role"":{""key"":""coach"",""fallback"":""Coach""},""dateOfBirth"":""1969-08-12"",""age"":57,""cname"":""Portugal"",""ccode"":""POR""}"
50001841,Kuwait,fotmob,5821,169182,Khaled Al Rashidi,CURRENT_SQUAD,Keeper,1987-04-20,39,Kuwait SC,FACT,true,1.0,https://www.fotmob.com/api/data/teams?id=5821,2026-09-22T18:30:11.545335+00:00,2026-09-22T18:30:11.545335+00:00,"{""id"":169182,""name"":""Khaled Al Rashidi"",""role"":{""key"":""keeper_long"",""fallback"":""Keeper""},""dateOfBirth"":""1987-04-20"",""age"":39,""cname"":""Kuwait SC"",""ccode"":""101713"",""shirtNumber"":1}"
50001841,Kuwait,fotmob,5821,1553785,Abdulrahman Al Fadhli,CURRENT_SQUAD,Keeper,2001-03-23,25,Al Salmiyah SC,FACT,true,1.0,https://www.fotmob.com/api/data/teams?id=5821,2026-09-22T18:30:11.545335+00:00,2026-09-22T18:30:11.545335+00:00,"{""id"":1553785,""name"":""Abdulrahman Al Fadhli"",""role"":{""key"":""keeper_long"",""fallback"":""Keeper""},""dateOfBirth"":""2001-03-23"",""age"":25,""cname"":""Al Salmiyah SC"",""ccode"":""0"",""shirtNumber"":23}"
50001841,Kuwait,fotmob,5821,1624604,Saud Al Hoshan,CURRENT_SQUAD,Keeper,2000-03-18,26,Kuwait SC,FACT,true,1.0,https://www.fotmob.com/api/data/teams?id=5821,2026-09-22T18:30:11.545335+00:00,2026-09-22T18:30:11.545335+00:00,"{""id"":1624604,""name"":""Saud Al Hoshan"",""role"":{""key"":""keeper_long"",""fallback"":""Keeper""},""dateOfBirth"":""2000-03-18"",""age"":26,""cname"":""Kuwait SC"",""ccode"":""101713"",""shirtNumber"":23}"
50001841,Kuwait,fotmob,5821,609258,Fahad Al Hajeri,CURRENT_SQUAD,Defender,1991-11-10,34,Kuwait,FACT,true,1.0,https://www.fotmob.com/api/data/teams?id=5821,2026-09-22T18:30:11.545335+00:00,2026-09-22T18:30:11.545335+00:00,"{""id"":609258,""name"":""Fahad Al Hajeri"",""role"":{""key"":""defender_long"",""fallback"":""Defender""},""dateOfBirth"":""1991-11-10"",""age"":34,""cname"":""Kuwait"",""ccode"":""KUW"",""shirtNumber"":5}"
50001841,Kuwait,fotmob,5821,1691403,Abd Al Wahab Awadi,CURRENT_SQUAD,Defender,2002-06-02,24,Al-Arabi,FACT,true,1.0,https://www.fotmob.com/api/data/teams?id=5821,2026-09-22T18:30:11.545335+00:00,2026-09-22T18:30:11.545335+00:00,"{""id"":1691403,""name"":""Abd Al Wahab Awadi"",""role"":{""key"":""defender_long"",""fallback"":""Defender""},""dateOfBirth"":""2002-06-02"",""age"":24,""cname"":""Al-Arabi"",""ccode"":""101711"",""shirtNumber"":12}"
50001841,Kuwait,fotmob,5821,117305,Khaled Al Fadhli,CURRENT_SQUAD,Defender,2002-02-23,24,Al-Qadsia,FACT,true,1.0,https://www.fotmob.com/api/data/teams?id=5821,2026-09-22T18:30:11.545335+00:00,2026-09-22T18:30:11.545335+00:00,"{""id"":117305,""name"":""Khaled Al Fadhli"",""role"":{""key"":""defender_long"",""fallback"":""Defender""},""dateOfBirth"":""2002-02-23"",""age"":24,""cname"":""Al-Qadsia"",""ccode"":""101714"",""shirtNumber"":13}"
50001841,Kuwait,fotmob,5821,1293953,Rashed Al Dosary,CURRENT_SQUAD,Defender,2000-07-18,26,Al-Qadsia,FACT,true,1.0,https://www.fotmob.com/api/data/teams?id=5821,2026-09-22T18:30:11.545335+00:00,2026-09-22T18:30:11.545335+00:00,"{""id"":1293953,""name"":""Rashed Al Dosary"",""role"":{""key"":""defender_long"",""fallback"":""Defender""},""dateOfBirth"":""2000-07-18"",""age"":26,""cname"":""Al-Qadsia"",""ccode"":""101714"",""shirtNumber"":13}"
50001841,Kuwait,fotmob,5821,1261198,Mahdi Dashti,CURRENT_SQUAD,Defender,2001-10-26,24,Al Salmiyah SC,FACT,true,1.0,https://www.fotmob.com/api/data/teams?id=5821,2026-09-22T18:30:11.545335+00:00,2026-09-22T18:30:11.545335+00:00,"{""id"":1261198,""name"":""Mahdi Dashti"",""role"":{""key"":""defender_long"",""fallback"":""Defender""},""dateOfBirth"":""2001-10-26"",""age"":24,""cname"":""Al Salmiyah SC"",""ccode"":""0"",""shirtNumber"":19}"
50001841,Kuwait,fotmob,5821,1261122,Moaath Al Dhafiri,CURRENT_SQUAD,Defender,1997-05-20,29,Al-Qadsia,FACT,true,1.0,https://www.fotmob.com/api/data/teams?id=5821,2026-09-22T18:30:11.545335+00:00,2026-09-22T18:30:11.545335+00:00,"{""id"":1261122,""name"":""Moaath Al Dhafiri"",""role"":{""key"":""defender_long"",""fallback"":""Defender""},""dateOfBirth"":""1997-05-20"",""age"":29,""cname"":""Al-Qadsia"",""ccode"":""101714"",""shirtNumber"":25}"
50001841,Kuwait,fotmob,5821,1838378,Abdullah Al Qarzaei,CURRENT_SQUAD,Midfielder,2008-09-18,18,Kuwait SC,FACT,true,1.0,https://www.fotmob.com/api/data/teams?id=5821,2026-09-22T18:30:11.545335+00:00,2026-09-22T18:30:11.545335+00:00,"{""id"":1838378,""name"":""Abdullah Al Qarzaei"",""role"":{""key"":""midfielder_long"",""fallback"":""Midfielder""},""dateOfBirth"":""2008-09-18"",""age"":18,""cname"":""Kuwait SC"",""ccode"":""101713""}"
50001841,Kuwait,fotmob,5821,1642848,Hussain Ashkanani,CURRENT_SQUAD,Midfielder,2002-01-26,24,Kuwait,FACT,true,1.0,https://www.fotmob.com/api/data/teams?id=5821,2026-09-22T18:30:11.545335+00:00,2026-09-22T18:30:11.545335+00:00,"{""id"":1642848,""name"":""Hussain Ashkanani"",""role"":{""key"":""midfielder_long"",""fallback"":""Midfielder""},""dateOfBirth"":""2002-01-26"",""age"":24,""cname"":""Kuwait"",""ccode"":""KUW""}"
50001841,Kuwait,fotmob,5821,1729809,Jasem Al Mutar,CURRENT_SQUAD,Midfielder,2006-04-17,20,Al-Qadsia,FACT,true,1.0,https://www.fotmob.com/api/data/teams?id=5821,2026-09-22T18:30:11.545335+00:00,2026-09-22T18:30:11.545335+00:00,"{""id"":1729809,""name"":""Jasem Al Mutar"",""role"":{""key"":""midfielder_long"",""fallback"":""Midfielder""},""dateOfBirth"":""2006-04-17"",""age"":20,""cname"":""Al-Qadsia"",""ccode"":""101714""}"
50001841,Kuwait,fotmob,5821,1689839,Khaled Al Mershed,CURRENT_SQUAD,Midfielder,1999-04-06,27,Al-Arabi,FACT,true,1.0,https://www.fotmob.com/api/data/teams?id=5821,2026-09-22T18:30:11.545335+00:00,2026-09-22T18:30:11.545335+00:00,"{""id"":1689839,""name"":""Khaled Al Mershed"",""role"":{""key"":""midfielder_long"",""fallback"":""Midfielder""},""dateOfBirth"":""1999-04-06"",""age"":27,""cname"":""Al-Arabi"",""ccode"":""101711""}"
50001841,Kuwait,fotmob,5821,1293973,Yousef Al Haqan,CURRENT_SQUAD,Midfielder,2002-03-05,24,Al-Qadsia,FACT,true,1.0,https://www.fotmob.com/api/data/teams?id=5821,2026-09-22T18:30:11.545335+00:00,2026-09-22T18:30:11.545335+00:00,"{""id"":1293973,""name"":""Yousef Al Haqan"",""role"":{""key"":""midfielder_long"",""fallback"":""Midfielder""},""dateOfBirth"":""2002-03-05"",""age"":24,""cname"":""Al-Qadsia"",""ccode"":""101714""}"
50001841,Kuwait,fotmob,5821,821724,Ahmad Al Dhefiri,CURRENT_SQUAD,Midfielder,1992-01-09,34,Kuwait SC,FACT,true,1.0,https://www.fotmob.com/api/data/teams?id=5821,2026-09-22T18:30:11.545335+00:00,2026-09-22T18:30:11.545335+00:00,"{""id"":821724,""name"":""Ahmad Al Dhefiri"",""role"":{""key"":""midfielder_long"",""fallback"":""Midfielder""},""dateOfBirth"":""1992-01-09"",""age"":34,""cname"":""Kuwait SC"",""ccode"":""101713"",""shirtNumber"":8}"
50001841,Kuwait,fotmob,5821,1261123,Naser Faleh,CURRENT_SQUAD,Midfielder,1999-12-04,26,Kazma,FACT,true,1.0,https://www.fotmob.com/api/data/teams?id=5821,2026-09-22T18:30:11.545335+00:00,2026-09-22T18:30:11.545335+00:00,"{""id"":1261123,""name"":""Naser Faleh"",""role"":{""key"":""midfielder_long"",""fallback"":""Midfielder""},""dateOfBirth"":""1999-12-04"",""age"":26,""cname"":""Kazma"",""ccode"":""101718"",""shirtNumber"":9}"
50001841,Kuwait,fotmob,5821,1101469,Eid Al Rashedi,CURRENT_SQUAD,Midfielder,1999-12-17,26,Al-Qadsia,FACT,true,1.0,https://www.fotmob.com/api/data/teams?id=5821,2026-09-22T18:30:11.545335+00:00,2026-09-22T18:30:11.545335+00:00,"{""id"":1101469,""name"":""Eid Al Rashedi"",""role"":{""key"":""midfielder_long"",""fallback"":""Midfielder""},""dateOfBirth"":""1999-12-17"",""age"":26,""cname"":""Al-Qadsia"",""ccode"":""101714"",""shirtNumber"":11}"
50001841,Kuwait,fotmob,5821,915136,Redha Hani,CURRENT_SQUAD,Midfielder,1996-10-27,29,Kuwait SC,FACT,true,1.0,https://www.fotmob.com/api/data/teams?id=5821,2026-09-22T18:30:11.545335+00:00,2026-09-22T18:30:11.545335+00:00,"{""id"":915136,""name"":""Redha Hani"",""role"":{""key"":""midfielder_long"",""fallback"":""Midfielder""},""dateOfBirth"":""1996-10-27"",""age"":29,""cname"":""Kuwait SC"",""ccode"":""101713"",""shirtNumber"":14}"
50001841,Kuwait,fotmob,5821,1677906,Youssef Majed,CURRENT_SQUAD,Midfielder,2005-01-14,21,Al-Arabi,FACT,true,1.0,https://www.fotmob.com/api/data/teams?id=5821,2026-09-22T18:30:11.545335+00:00,2026-09-22T18:30:11.545335+00:00,"{""id"":1677906,""name"":""Youssef Majed"",""role"":{""key"":""midfielder_long"",""fallback"":""Midfielder""},""dateOfBirth"":""2005-01-14"",""age"":21,""cname"":""Al-Arabi"",""ccode"":""101711"",""shirtNumber"":15}"
50001841,Kuwait,fotmob,5821,1503399,Athbi Shehab,CURRENT_SQUAD,Midfielder,1993-10-14,32,Al-Qadsia,FACT,true,1.0,https://www.fotmob.com/api/data/teams?id=5821,2026-09-22T18:30:11.545335+00:00,2026-09-22T18:30:11.545335+00:00,"{""id"":1503399,""name"":""Athbi Shehab"",""role"":{""key"":""midfielder_long"",""fallback"":""Midfielder""},""dateOfBirth"":""1993-10-14"",""age"":32,""cname"":""Al-Qadsia"",""ccode"":""101714"",""shirtNumber"":18}"
50001841,Kuwait,fotmob,5821,1501369,Mohammad Daham,CURRENT_SQUAD,Attacker,2000-02-17,26,Kuwait SC,FACT,true,1.0,https://www.fotmob.com/api/data/teams?id=5821,2026-09-22T18:30:11.545335+00:00,2026-09-22T18:30:11.545335+00:00,"{""id"":1501369,""name"":""Mohammad Daham"",""role"":{""key"":""attacker_long"",""fallback"":""Attacker""},""dateOfBirth"":""2000-02-17"",""age"":26,""cname"":""Kuwait SC"",""ccode"":""101713"",""shirtNumber"":7}"
50001841,Kuwait,fotmob,5821,1089450,Mubarak Al Faneni,CURRENT_SQUAD,Attacker,2000-01-21,26,Al-Qadsia,FACT,true,1.0,https://www.fotmob.com/api/data/teams?id=5821,2026-09-22T18:30:11.545335+00:00,2026-09-22T18:30:11.545335+00:00,"{""id"":1089450,""name"":""Mubarak Al Faneni"",""role"":{""key"":""attacker_long"",""fallback"":""Attacker""},""dateOfBirth"":""2000-01-21"",""age"":26,""cname"":""Al-Qadsia"",""ccode"":""101714"",""shirtNumber"":16}"
50001841,Kuwait,fotmob,5821,1111845,Shabaib Al Khaldi,CURRENT_SQUAD,Attacker,1998-08-11,28,Kazma,FACT,true,1.0,https://www.fotmob.com/api/data/teams?id=5821,2026-09-22T18:30:11.545335+00:00,2026-09-22T18:30:11.545335+00:00,"{""id"":1111845,""name"":""Shabaib Al Khaldi"",""role"":{""key"":""attacker_long"",""fallback"":""Attacker""},""dateOfBirth"":""1998-08-11"",""age"":28,""cname"":""Kazma"",""ccode"":""101718"",""shirtNumber"":17}"
50001841,Kuwait,fotmob,5821,186549,Yousef Al Sulaiman,CURRENT_SQUAD,Attacker,1990-10-09,35,Kuwait SC,FACT,true,1.0,https://www.fotmob.com/api/data/teams?id=5821,2026-09-22T18:30:11.545335+00:00,2026-09-22T18:30:11.545335+00:00,"{""id"":186549,""name"":""Yousef Al Sulaiman"",""role"":{""key"":""attacker_long"",""fallback"":""Attacker""},""dateOfBirth"":""1990-10-09"",""age"":35,""cname"":""Kuwait SC"",""ccode"":""101713"",""shirtNumber"":20}"
50001992,Machida Zelvia,fotmob,194011,1441854,Go Kuroda,CURRENT_SQUAD,Coach,1970-05-26,56,Japan,FACT,true,1.0,https://www.fotmob.com/api/data/teams?id=194011,2026-09-22T18:30:11.545335+00:00,2026-09-22T18:30:11.545335+00:00,"{""id"":1441854,""name"":""Go Kuroda"",""role"":{""key"":""coach"",""fallback"":""Coach""},""dateOfBirth"":""1970-05-26"",""age"":56,""cname"":""Japan"",""ccode"":""JPN""}"
50001992,Machida Zelvia,fotmob,194011,878285,Kosei Tani,CURRENT_SQUAD,Keeper,2000-11-22,25,Japan,FACT,true,1.0,https://www.fotmob.com/api/data/teams?id=194011,2026-09-22T18:30:11.545335+00:00,2026-09-22T18:30:11.545335+00:00,"{""id"":878285,""name"":""Kosei Tani"",""role"":{""key"":""keeper_long"",""fallback"":""Keeper""},""dateOfBirth"":""2000-11-22"",""age"":25,""cname"":""Japan"",""ccode"":""JPN"",""shirtNumber"":1}"
50001992,Machida Zelvia,fotmob,194011,166876,Tatsuya Morita,CURRENT_SQUAD,Keeper,1990-08-03,36,Japan,FACT,true,1.0,https://www.fotmob.com/api/data/teams?id=194011,2026-09-22T18:30:11.545335+00:00,2026-09-22T18:30:11.545335+00:00,"{""id"":166876,""name"":""Tatsuya Morita"",""role"":{""key"":""keeper_long"",""fallback"":""Keeper""},""dateOfBirth"":""1990-08-03"",""age"":36,""cname"":""Japan"",""ccode"":""JPN"",""shirtNumber"":13}"
50001992,Machida Zelvia,fotmob,194011,1659401,Aki Koch,CURRENT_SQUAD,Keeper,2004-03-18,22,Germany,FACT,true,1.0,https://www.fotmob.com/api/data/teams?id=194011,2026-09-22T18:30:11.545335+00:00,2026-09-22T18:30:11.545335+00:00,"{""id"":1659401,""name"":""Aki Koch"",""role"":{""key"":""keeper_long"",""fallback"":""Keeper""},""dateOfBirth"":""2004-03-18"",""age"":22,""cname"":""Germany"",""ccode"":""GER"",""shirtNumber"":66}"
50001992,Machida Zelvia,fotmob,194011,2120185,Nicholas Guimarães,CURRENT_SQUAD,Keeper,2006-08-09,20,Philippines,FACT,true,1.0,https://www.fotmob.com/api/data/teams?id=194011,2026-09-22T18:30:11.545335+00:00,2026-09-22T18:30:11.545335+00:00,"{""id"":2120185,""name"":""Nicholas Guimarães"",""role"":{""key"":""keeper_long"",""fallback"":""Keeper""},""dateOfBirth"":""2006-08-09"",""age"":20,""cname"":""Philippines"",""ccode"":""PHI"",""shirtNumber"":89}"
50001992,Machida Zelvia,fotmob,194011,660136,Thomas Ouwejan,CURRENT_SQUAD,Defender,1996-09-30,29,Netherlands,FACT,true,1.0,https://www.fotmob.com/api/data/teams?id=194011,2026-09-22T18:30:11.545335+00:00,2026-09-22T18:30:11.545335+00:00,"{""id"":660136,""name"":""Thomas Ouwejan"",""role"":{""key"":""defender_long"",""fallback"":""Defender""},""dateOfBirth"":""1996-09-30"",""age"":29,""cname"":""Netherlands"",""ccode"":""NED"",""shirtNumber"":2}"
50001992,Machida Zelvia,fotmob,194011,258431,Gen Shōji,CURRENT_SQUAD,Defender,1992-12-11,33,Japan,FACT,true,1.0,https://www.fotmob.com/api/data/teams?id=194011,2026-09-22T18:30:11.545335+00:00,2026-09-22T18:30:11.545335+00:00,"{""id"":258431,""name"":""Gen Shōji"",""role"":{""key"":""defender_long"",""fallback"":""Defender""},""dateOfBirth"":""1992-12-11"",""age"":33,""cname"":""Japan"",""ccode"":""JPN"",""shirtNumber"":3}"
50001992,Machida Zelvia,fotmob,194011,1011578,Ryuho Kikuchi,CURRENT_SQUAD,Defender,1996-12-09,29,Japan,FACT,true,1.0,https://www.fotmob.com/api/data/teams?id=194011,2026-09-22T18:30:11.545335+00:00,2026-09-22T18:30:11.545335+00:00,"{""id"":1011578,""name"":""Ryuho Kikuchi"",""role"":{""key"":""defender_long"",""fallback"":""Defender""},""dateOfBirth"":""1996-12-09"",""age"":29,""cname"":""Japan"",""ccode"":""JPN"",""shirtNumber"":4}"
50001992,Machida Zelvia,fotmob,194011,772082,Ibrahim Drešević,CURRENT_SQUAD,Defender,1997-01-24,29,Kosovo,FACT,true,1.0,https://www.fotmob.com/api/data/teams?id=194011,2026-09-22T18:30:11.545335+00:00,2026-09-22T18:30:11.545335+00:00,"{""id"":772082,""name"":""Ibrahim Drešević"",""role"":{""key"":""defender_long"",""fallback"":""Defender""},""dateOfBirth"":""1997-01-24"",""age"":29,""cname"":""Kosovo"",""ccode"":""KVX"",""shirtNumber"":5}"
50001992,Machida Zelvia,fotmob,194011,1611204,Henry Mochizuki,CURRENT_SQUAD,Defender,2001-09-20,25,Japan,FACT,true,1.0,https://www.fotmob.com/api/data/teams?id=194011,2026-09-22T18:30:11.545335+00:00,2026-09-22T18:30:11.545335+00:00,"{""id"":1611204,""name"":""Henry Mochizuki"",""role"":{""key"":""defender_long"",""fallback"":""Defender""},""dateOfBirth"":""2001-09-20"",""age"":25,""cname"":""Japan"",""ccode"":""JPN"",""shirtNumber"":6}"
50001992,Machida Zelvia,fotmob,194011,621294,Kim Min-Tae,CURRENT_SQUAD,Defender,1993-11-26,32,Korea Republic,FACT,true,1.0,https://www.fotmob.com/api/data/teams?id=194011,2026-09-22T18:30:11.545335+00:00,2026-09-22T18:30:11.545335+00:00,"{""id"":621294,""name"":""Kim Min-Tae"",""role"":{""key"":""defender_long"",""fallback"":""Defender""},""dateOfBirth"":""1993-11-26"",""age"":32,""cname"":""Korea Republic"",""ccode"":""KOR"",""shirtNumber"":24}"
50001992,Machida Zelvia,fotmob,194011,1134846,Daihachi Okamura,CURRENT_SQUAD,Defender,1997-02-15,29,Japan,FACT,true,1.0,https://www.fotmob.com/api/data/teams?id=194011,2026-09-22T18:30:11.545335+00:00,2026-09-22T18:30:11.545335+00:00,"{""id"":1134846,""name"":""Daihachi Okamura"",""role"":{""key"":""defender_long"",""fallback"":""Defender""},""dateOfBirth"":""1997-02-15"",""age"":29,""cname"":""Japan"",""ccode"":""JPN"",""shirtNumber"":50}"
50001992,Machida Zelvia,fotmob,194011,955320,Yuki Soma,CURRENT_SQUAD,Midfielder,1997-02-25,29,Japan,FACT,true,1.0,https://www.fotmob.com/api/data/teams?id=194011,2026-09-22T18:30:11.545335+00:00,2026-09-22T18:30:11.545335+00:00,"{""id"":955320,""name"":""Yuki Soma"",""role"":{""key"":""midfielder_long"",""fallback"":""Midfielder""},""dateOfBirth"":""1997-02-25"",""age"":29,""cname"":""Japan"",""ccode"":""JPN"",""shirtNumber"":7}"
50001992,Machida Zelvia,fotmob,194011,826005,Keiya Sento,CURRENT_SQUAD,Midfielder,1994-12-29,31,Japan,FACT,true,1.0,https://www.fotmob.com/api/data/teams?id=194011,2026-09-22T18:30:11.545335+00:00,2026-09-22T18:30:11.545335+00:00,"{""id"":826005,""name"":""Keiya Sento"",""role"":{""key"":""midfielder_long"",""fallback"":""Midfielder""},""dateOfBirth"":""1994-12-29"",""age"":31,""cname"":""Japan"",""ccode"":""JPN"",""shirtNumber"":8}"
50001992,Machida Zelvia,fotmob,194011,1064870,Yusuke Matsuo,CURRENT_SQUAD,Midfielder,1997-07-23,29,Japan,FACT,true,1.0,https://www.fotmob.com/api/data/teams?id=194011,2026-09-22T18:30:11.545335+00:00,2026-09-22T18:30:11.545335+00:00,"{""id"":1064870,""name"":""Yusuke Matsuo"",""role"":{""key"":""midfielder_long"",""fallback"":""Midfielder""},""dateOfBirth"":""1997-07-23"",""age"":29,""cname"":""Japan"",""ccode"":""JPN"",""shirtNumber"":14}"
50001992,Machida Zelvia,fotmob,194011,645880,Hiroyuki Mae,CURRENT_SQUAD,Midfielder,1995-08-01,31,Japan,FACT,true,1.0,https://www.fotmob.com/api/data/teams?id=194011,2026-09-22T18:30:11.545335+00:00,2026-09-22T18:30:11.545335+00:00,"{""id"":645880,""name"":""Hiroyuki Mae"",""role"":{""key"":""midfielder_long"",""fallback"":""Midfielder""},""dateOfBirth"":""1995-08-01"",""age"":31,""cname"":""Japan"",""ccode"":""JPN"",""shirtNumber"":16}"
50001992,Machida Zelvia,fotmob,194011,523611,Hokuto Shimoda,CURRENT_SQUAD,Midfielder,1991-11-07,34,Japan,FACT,true,1.0,https://www.fotmob.com/api/data/teams?id=194011,2026-09-22T18:30:11.545335+00:00,2026-09-22T18:30:11.545335+00:00,"{""id"":523611,""name"":""Hokuto Shimoda"",""role"":{""key"":""midfielder_long"",""fallback"":""Midfielder""},""dateOfBirth"":""1991-11-07"",""age"":34,""cname"":""Japan"",""ccode"":""JPN"",""shirtNumber"":18}"
50001992,Machida Zelvia,fotmob,194011,621295,Takuma Nishimura,CURRENT_SQUAD,Midfielder,1996-10-22,29,Japan,FACT,true,1.0,https://www.fotmob.com/api/data/teams?id=194011,2026-09-22T18:30:11.545335+00:00,2026-09-22T18:30:11.545335+00:00,"{""id"":621295,""name"":""Takuma Nishimura"",""role"":{""key"":""midfielder_long"",""fallback"":""Midfielder""},""dateOfBirth"":""1996-10-22"",""age"":29,""cname"":""Japan"",""ccode"":""JPN"",""shirtNumber"":20}"
50001992,Machida Zelvia,fotmob,194011,309489,Ryohei Shirasaki,CURRENT_SQUAD,Midfielder,1993-05-18,33,Japan,FACT,true,1.0,https://www.fotmob.com/api/data/teams?id=194011,2026-09-22T18:30:11.545335+00:00,2026-09-22T18:30:11.545335+00:00,"{""id"":309489,""name"":""Ryohei Shirasaki"",""role"":{""key"":""midfielder_long"",""fallback"":""Midfielder""},""dateOfBirth"":""1993-05-18"",""age"":33,""cname"":""Japan"",""ccode"":""JPN"",""shirtNumber"":23}"
50001992,Machida Zelvia,fotmob,194011,1814064,Cha Je-Hoon,CURRENT_SQUAD,Midfielder,2006-05-03,20,Korea Republic,FACT,true,1.0,https://www.fotmob.com/api/data/teams?id=194011,2026-09-22T18:30:11.545335+00:00,2026-09-22T18:30:11.545335+00:00,"{""id"":1814064,""name"":""Cha Je-Hoon"",""role"":{""key"":""midfielder_long"",""fallback"":""Midfielder""},""dateOfBirth"":""2006-05-03"",""age"":20,""cname"":""Korea Republic"",""ccode"":""KOR"",""shirtNumber"":28}"
50001992,Machida Zelvia,fotmob,194011,731955,Neta Lavi,CURRENT_SQUAD,Midfielder,1996-08-25,30,Israel,FACT,true,1.0,https://www.fotmob.com/api/data/teams?id=194011,2026-09-22T18:30:11.545335+00:00,2026-09-22T18:30:11.545335+00:00,"{""id"":731955,""name"":""Neta Lavi"",""role"":{""key"":""midfielder_long"",""fallback"":""Midfielder""},""dateOfBirth"":""1996-08-25"",""age"":30,""cname"":""Israel"",""ccode"":""ISR"",""shirtNumber"":31}"
50001992,Machida Zelvia,fotmob,194011,1134833,Takahiro Akimoto,CURRENT_SQUAD,Midfielder,1998-01-31,28,Japan,FACT,true,1.0,https://www.fotmob.com/api/data/teams?id=194011,2026-09-22T18:30:11.545335+00:00,2026-09-22T18:30:11.545335+00:00,"{""id"":1134833,""name"":""Takahiro Akimoto"",""role"":{""key"":""midfielder_long"",""fallback"":""Midfielder""},""dateOfBirth"":""1998-01-31"",""age"":28,""cname"":""Japan"",""ccode"":""JPN"",""shirtNumber"":33}"
50001992,Machida Zelvia,fotmob,194011,1900020,Futa Tokumura,CURRENT_SQUAD,Midfielder,2007-11-26,18,Japan,FACT,true,1.0,https://www.fotmob.com/api/data/teams?id=194011,2026-09-22T18:30:11.545335+00:00,2026-09-22T18:30:11.545335+00:00,"{""id"":1900020,""name"":""Futa Tokumura"",""role"":{""key"":""midfielder_long"",""fallback"":""Midfielder""},""dateOfBirth"":""2007-11-26"",""age"":18,""cname"":""Japan"",""ccode"":""JPN"",""shirtNumber"":34}"
50001992,Machida Zelvia,fotmob,194011,1109893,Hotaka Nakamura,CURRENT_SQUAD,Midfielder,1997-08-12,29,Japan,FACT,true,1.0,https://www.fotmob.com/api/data/teams?id=194011,2026-09-22T18:30:11.545335+00:00,2026-09-22T18:30:11.545335+00:00,"{""id"":1109893,""name"":""Hotaka Nakamura"",""role"":{""key"":""midfielder_long"",""fallback"":""Midfielder""},""dateOfBirth"":""1997-08-12"",""age"":29,""cname"":""Japan"",""ccode"":""JPN"",""shirtNumber"":88}"
50001992,Machida Zelvia,fotmob,194011,727837,Koki Ogawa,CURRENT_SQUAD,Attacker,1997-08-08,29,Japan,FACT,true,1.0,https://www.fotmob.com/api/data/teams?id=194011,2026-09-22T18:30:11.545335+00:00,2026-09-22T18:30:11.545335+00:00,"{""id"":727837,""name"":""Koki Ogawa"",""role"":{""key"":""attacker_long"",""fallback"":""Attacker""},""dateOfBirth"":""1997-08-08"",""age"":29,""cname"":""Japan"",""ccode"":""JPN"",""shirtNumber"":9}"
50001992,Machida Zelvia,fotmob,194011,245633,Mitch Duke,CURRENT_SQUAD,Attacker,1991-01-18,35,Australia,FACT,true,1.0,https://www.fotmob.com/api/data/teams?id=194011,2026-09-22T18:30:11.545335+00:00,2026-09-22T18:30:11.545335+00:00,"{""id"":245633,""name"":""Mitch Duke"",""role"":{""key"":""attacker_long"",""fallback"":""Attacker""},""dateOfBirth"":""1991-01-18"",""age"":35,""cname"":""Australia"",""ccode"":""AUS"",""shirtNumber"":15}"
50001992,Machida Zelvia,fotmob,194011,1220549,Tete Yengi,CURRENT_SQUAD,Attacker,2000-11-28,25,Australia,FACT,true,1.0,https://www.fotmob.com/api/data/teams?id=194011,2026-09-22T18:30:11.545335+00:00,2026-09-22T18:30:11.545335+00:00,"{""id"":1220549,""name"":""Tete Yengi"",""role"":{""key"":""attacker_long"",""fallback"":""Attacker""},""dateOfBirth"":""2000-11-28"",""age"":25,""cname"":""Australia"",""ccode"":""AUS"",""shirtNumber"":99}"
50002340,Oman,fotmob,5824,40614,Tarik Sektioui,CURRENT_SQUAD,Coach,1977-05-13,49,Morocco,FACT,true,1.0,https://www.fotmob.com/api/data/teams?id=5824,2026-09-22T18:30:11.545335+00:00,2026-09-22T18:30:11.545335+00:00,"{""id"":40614,""name"":""Tarik Sektioui"",""role"":{""key"":""coach"",""fallback"":""Coach""},""dateOfBirth"":""1977-05-13"",""age"":49,""cname"":""Morocco"",""ccode"":""MAR""}"
50002340,Oman,fotmob,5824,855571,Ibrahim Al Mukhaini,CURRENT_SQUAD,Keeper,1997-06-20,29,Al-Seeb,FACT,true,1.0,https://www.fotmob.com/api/data/teams?id=5824,2026-09-22T18:30:11.545335+00:00,2026-09-22T18:30:11.545335+00:00,"{""id"":855571,""name"":""Ibrahim Al Mukhaini"",""role"":{""key"":""keeper_long"",""fallback"":""Keeper""},""dateOfBirth"":""1997-06-20"",""age"":29,""cname"":""Al-Seeb"",""ccode"":""101759"",""shirtNumber"":1}"
50002340,Oman,fotmob,5824,1007679,Ahmed Al Rawahi,CURRENT_SQUAD,Keeper,1994-05-05,32,Oman,FACT,true,1.0,https://www.fotmob.com/api/data/teams?id=5824,2026-09-22T18:30:11.545335+00:00,2026-09-22T18:30:11.545335+00:00,"{""id"":1007679,""name"":""Ahmed Al Rawahi"",""role"":{""key"":""keeper_long"",""fallback"":""Keeper""},""dateOfBirth"":""1994-05-05"",""age"":32,""cname"":""Oman"",""ccode"":""OMA"",""shirtNumber"":22}"
50002340,Oman,fotmob,5824,1677899,Ibrahim Al Rajhi,CURRENT_SQUAD,Keeper,2000-10-05,25,Oman,FACT,true,1.0,https://www.fotmob.com/api/data/teams?id=5824,2026-09-22T18:30:11.545335+00:00,2026-09-22T18:30:11.545335+00:00,"{""id"":1677899,""name"":""Ibrahim Al Rajhi"",""role"":{""key"":""keeper_long"",""fallback"":""Keeper""},""dateOfBirth"":""2000-10-05"",""age"":25,""cname"":""Oman"",""ccode"":""OMA"",""shirtNumber"":22}"
50002340,Oman,fotmob,5824,1859971,Khalid Al Ghatrifi,CURRENT_SQUAD,Defender,2002-12-03,23,Oman,FACT,true,1.0,https://www.fotmob.com/api/data/teams?id=5824,2026-09-22T18:30:11.545335+00:00,2026-09-22T18:30:11.545335+00:00,"{""id"":1859971,""name"":""Khalid Al Ghatrifi"",""role"":{""key"":""defender_long"",""fallback"":""Defender""},""dateOfBirth"":""2002-12-03"",""age"":23,""cname"":""Oman"",""ccode"":""OMA"",""shirtNumber"":4}"
50002340,Oman,fotmob,5824,1581071,Ghanim Al Habashi,CURRENT_SQUAD,Defender,1998-08-04,28,Al-Nahda,FACT,true,1.0,https://www.fotmob.com/api/data/teams?id=5824,2026-09-22T18:30:11.545335+00:00,2026-09-22T18:30:11.545335+00:00,"{""id"":1581071,""name"":""Ghanim Al Habashi"",""role"":{""key"":""defender_long"",""fallback"":""Defender""},""dateOfBirth"":""1998-08-04"",""age"":28,""cname"":""Al-Nahda"",""ccode"":""101748"",""shirtNumber"":5}"
50002340,Oman,fotmob,5824,1766161,Musab Al Shaqsi,CURRENT_SQUAD,Defender,2000-03-28,26,Al-Seeb,FACT,true,1.0,https://www.fotmob.com/api/data/teams?id=5824,2026-09-22T18:30:11.545335+00:00,2026-09-22T18:30:11.545335+00:00,"{""id"":1766161,""name"":""Musab Al Shaqsi"",""role"":{""key"":""defender_long"",""fallback"":""Defender""},""dateOfBirth"":""2000-03-28"",""age"":26,""cname"":""Al-Seeb"",""ccode"":""101759"",""shirtNumber"":5}"
50002340,Oman,fotmob,5824,1260975,Amjad Al Harthi,CURRENT_SQUAD,Defender,1994-01-01,32,Al-Nahda,FACT,true,1.0,https://www.fotmob.com/api/data/teams?id=5824,2026-09-22T18:30:11.545335+00:00,2026-09-22T18:30:11.545335+00:00,"{""id"":1260975,""name"":""Amjad Al Harthi"",""role"":{""key"":""defender_long"",""fallback"":""Defender""},""dateOfBirth"":""1994-01-01"",""age"":32,""cname"":""Al-Nahda"",""ccode"":""101748"",""shirtNumber"":11}"
50002340,Oman,fotmob,5824,1089390,Ahmed Al Kaabi,CURRENT_SQUAD,Defender,1996-09-15,30,Al-Nahda,FACT,true,1.0,https://www.fotmob.com/api/data/teams?id=5824,2026-09-22T18:30:11.545335+00:00,2026-09-22T18:30:11.545335+00:00,"{""id"":1089390,""name"":""Ahmed Al Kaabi"",""role"":{""key"":""defender_long"",""fallback"":""Defender""},""dateOfBirth"":""1996-09-15"",""age"":30,""cname"":""Al-Nahda"",""ccode"":""101748"",""shirtNumber"":14}"
50002340,Oman,fotmob,5824,1007695,Khalid Al Braiki,CURRENT_SQUAD,Defender,1993-07-03,33,Oman,FACT,true,1.0,https://www.fotmob.com/api/data/teams?id=5824,2026-09-22T18:30:11.545335+00:00,2026-09-22T18:30:11.545335+00:00,"{""id"":1007695,""name"":""Khalid Al Braiki"",""role"":{""key"":""defender_long"",""fallback"":""Defender""},""dateOfBirth"":""1993-07-03"",""age"":33,""cname"":""Oman"",""ccode"":""OMA"",""shirtNumber"":16}"
50002340,Oman,fotmob,5824,1677900,Sultan Al Marzuq,CURRENT_SQUAD,Midfielder,2004-10-23,21,Oman,FACT,true,1.0,https://www.fotmob.com/api/data/teams?id=5824,2026-09-22T18:30:11.545335+00:00,2026-09-22T18:30:11.545335+00:00,"{""id"":1677900,""name"":""Sultan Al Marzuq"",""role"":{""key"":""midfielder_long"",""fallback"":""Midfielder""},""dateOfBirth"":""2004-10-23"",""age"":21,""cname"":""Oman"",""ccode"":""OMA""}"
50002340,Oman,fotmob,5824,1101462,Arshad Al Alawi,CURRENT_SQUAD,Midfielder,2000-04-12,26,Al-Seeb,FACT,true,1.0,https://www.fotmob.com/api/data/teams?id=5824,2026-09-22T18:30:11.545335+00:00,2026-09-22T18:30:11.545335+00:00,"{""id"":1101462,""name"":""Arshad Al Alawi"",""role"":{""key"":""midfielder_long"",""fallback"":""Midfielder""},""dateOfBirth"":""2000-04-12"",""age"":26,""cname"":""Al-Seeb"",""ccode"":""101759"",""shirtNumber"":4}"
50002340,Oman,fotmob,5824,1111836,Zahir Al Aghbari,CURRENT_SQUAD,Midfielder,1999-05-28,27,Al-Seeb,FACT,true,1.0,https://www.fotmob.com/api/data/teams?id=5824,2026-09-22T18:30:11.545335+00:00,2026-09-22T18:30:11.545335+00:00,"{""id"":1111836,""name"":""Zahir Al Aghbari"",""role"":{""key"":""midfielder_long"",""fallback"":""Midfielder""},""dateOfBirth"":""1999-05-28"",""age"":27,""cname"":""Al-Seeb"",""ccode"":""101759"",""shirtNumber"":8}"
50002340,Oman,fotmob,5824,1821567,Ahad Al Mashaikhi,CURRENT_SQUAD,Midfielder,2003-05-30,23,Al-Nahda,FACT,true,1.0,https://www.fotmob.com/api/data/teams?id=5824,2026-09-22T18:30:11.545335+00:00,2026-09-22T18:30:11.545335+00:00,"{""id"":1821567,""name"":""Ahad Al Mashaikhi"",""role"":{""key"":""midfielder_long"",""fallback"":""Midfielder""},""dateOfBirth"":""2003-05-30"",""age"":23,""cname"":""Al-Nahda"",""ccode"":""101748"",""shirtNumber"":9}"
50002340,Oman,fotmob,5824,855567,Abdullah Fawaz,CURRENT_SQUAD,Midfielder,1996-10-03,29,Al-Seeb,FACT,true,1.0,https://www.fotmob.com/api/data/teams?id=5824,2026-09-22T18:30:11.545335+00:00,2026-09-22T18:30:11.545335+00:00,"{""id"":855567,""name"":""Abdullah Fawaz"",""role"":{""key"":""midfielder_long"",""fallback"":""Midfielder""},""dateOfBirth"":""1996-10-03"",""age"":29,""cname"":""Al-Seeb"",""ccode"":""101759"",""shirtNumber"":12}"
50002340,Oman,fotmob,5824,734663,Harib Al Saadi,CURRENT_SQUAD,Midfielder,1990-02-01,36,Al-Nahda,FACT,true,1.0,https://www.fotmob.com/api/data/teams?id=5824,2026-09-22T18:30:11.545335+00:00,2026-09-22T18:30:11.545335+00:00,"{""id"":734663,""name"":""Harib Al Saadi"",""role"":{""key"":""midfielder_long"",""fallback"":""Midfielder""},""dateOfBirth"":""1990-02-01"",""age"":36,""cname"":""Al-Nahda"",""ccode"":""101748"",""shirtNumber"":23}"
50002340,Oman,fotmob,5824,1693892,Hussain Al Shahri,CURRENT_SQUAD,Midfielder,2002-12-26,23,Dhofar,FACT,true,1.0,https://www.fotmob.com/api/data/teams?id=5824,2026-09-22T18:30:11.545335+00:00,2026-09-22T18:30:11.545335+00:00,"{""id"":1693892,""name"":""Hussain Al Shahri"",""role"":{""key"":""midfielder_long"",""fallback"":""Midfielder""},""dateOfBirth"":""2002-12-26"",""age"":23,""cname"":""Dhofar"",""ccode"":""101753"",""shirtNumber"":24}"
50002340,Oman,fotmob,5824,1101463,Issam Al Sabhi,CURRENT_SQUAD,Attacker,1997-05-01,29,Port FC,FACT,true,1.0,https://www.fotmob.com/api/data/teams?id=5824,2026-09-22T18:30:11.545335+00:00,2026-09-22T18:30:11.545335+00:00,"{""id"":1101463,""name"":""Issam Al Sabhi"",""role"":{""key"":""attacker_long"",""fallback"":""Attacker""},""dateOfBirth"":""1997-05-01"",""age"":29,""cname"":""Port FC"",""ccode"":""165255"",""shirtNumber"":7}"
50002340,Oman,fotmob,5824,734674,Jameel Al Yahmadi,CURRENT_SQUAD,Attacker,1996-07-27,30,Al-Nahda,FACT,true,1.0,https://www.fotmob.com/api/data/teams?id=5824,2026-09-22T18:30:11.545335+00:00,2026-09-22T18:30:11.545335+00:00,"{""id"":734674,""name"":""Jameel Al Yahmadi"",""role"":{""key"":""attacker_long"",""fallback"":""Attacker""},""dateOfBirth"":""1996-07-27"",""age"":30,""cname"":""Al-Nahda"",""ccode"":""101748"",""shirtNumber"":10}"
50002340,Oman,fotmob,5824,1581074,Nasser Al Rawahi,CURRENT_SQUAD,Attacker,2001-06-26,25,Al-Seeb,FACT,true,1.0,https://www.fotmob.com/api/data/teams?id=5824,2026-09-22T18:30:11.545335+00:00,2026-09-22T18:30:11.545335+00:00,"{""id"":1581074,""name"":""Nasser Al Rawahi"",""role"":{""key"":""attacker_long"",""fallback"":""Attacker""},""dateOfBirth"":""2001-06-26"",""age"":25,""cname"":""Al-Seeb"",""ccode"":""101759"",""shirtNumber"":11}"
50002340,Oman,fotmob,5824,1859989,Yousuf Al Malki,CURRENT_SQUAD,Attacker,2000-08-21,26,Al Shabab Club,FACT,true,1.0,https://www.fotmob.com/api/data/teams?id=5824,2026-09-22T18:30:11.545335+00:00,2026-09-22T18:30:11.545335+00:00,"{""id"":1859989,""name"":""Yousuf Al Malki"",""role"":{""key"":""attacker_long"",""fallback"":""Attacker""},""dateOfBirth"":""2000-08-21"",""age"":26,""cname"":""Al Shabab Club"",""ccode"":""0"",""shirtNumber"":14}"
50002340,Oman,fotmob,5824,2174839,Abdulsalam Al Shukaili,CURRENT_SQUAD,Attacker,1995-04-24,31,Al-Seeb,FACT,true,1.0,https://www.fotmob.com/api/data/teams?id=5824,2026-09-22T18:30:11.545335+00:00,2026-09-22T18:30:11.545335+00:00,"{""id"":2174839,""name"":""Abdulsalam Al Shukaili"",""role"":{""key"":""attacker_long"",""fallback"":""Attacker""},""dateOfBirth"":""1995-04-24"",""age"":31,""cname"":""Al-Seeb"",""ccode"":""101759"",""shirtNumber"":26}"
50002347,Operario Ferroviario,fotmob,197429,1636405,Luizinho Lopes,CURRENT_SQUAD,Coach,1981-10-08,44,Brazil,FACT,true,1.0,https://www.fotmob.com/api/data/teams?id=197429,2026-09-22T18:30:11.545335+00:00,2026-09-22T18:30:11.545335+00:00,"{""id"":1636405,""name"":""Luizinho Lopes"",""role"":{""key"":""coach"",""fallback"":""Coach""},""dateOfBirth"":""1981-10-08"",""age"":44,""cname"":""Brazil"",""ccode"":""BRA""}"
50002347,Operario Ferroviario,fotmob,197429,1967837,Paulo Guilherme,CURRENT_SQUAD,Keeper,2007-01-28,19,Brazil,FACT,true,1.0,https://www.fotmob.com/api/data/teams?id=197429,2026-09-22T18:30:11.545335+00:00,2026-09-22T18:30:11.545335+00:00,"{""id"":1967837,""name"":""Paulo Guilherme"",""role"":{""key"":""keeper_long"",""fallback"":""Keeper""},""dateOfBirth"":""2007-01-28"",""age"":19,""cname"":""Brazil"",""ccode"":""BRA""}"
50002347,Operario Ferroviario,fotmob,197429,787369,Elias Curzel,CURRENT_SQUAD,Keeper,1995-07-12,31,Brazil,FACT,true,1.0,https://www.fotmob.com/api/data/teams?id=197429,2026-09-22T18:30:11.545335+00:00,2026-09-22T18:30:11.545335+00:00,"{""id"":787369,""name"":""Elias Curzel"",""role"":{""key"":""keeper_long"",""fallback"":""Keeper""},""dateOfBirth"":""1995-07-12"",""age"":31,""cname"":""Brazil"",""ccode"":""BRA"",""shirtNumber"":1}"
50002347,Operario Ferroviario,fotmob,197429,1636571,Talles,CURRENT_SQUAD,Keeper,1997-02-12,29,Brazil,FACT,true,1.0,https://www.fotmob.com/api/data/teams?id=197429,2026-09-22T18:30:11.545335+00:00,2026-09-22T18:30:11.545335+00:00,"{""id"":1636571,""name"":""Talles"",""role"":{""key"":""keeper_long"",""fallback"":""Keeper""},""dateOfBirth"":""1997-02-12"",""age"":29,""cname"":""Brazil"",""ccode"":""BRA"",""shirtNumber"":12}"
50002347,Operario Ferroviario,fotmob,197429,128083,Vágner,CURRENT_SQUAD,Keeper,1986-06-06,40,Brazil,FACT,true,1.0,https://www.fotmob.com/api/data/teams?id=197429,2026-09-22T18:30:11.545335+00:00,2026-09-22T18:30:11.545335+00:00,"{""id"":128083,""name"":""Vágner"",""role"":{""key"":""keeper_long"",""fallback"":""Keeper""},""dateOfBirth"":""1986-06-06"",""age"":40,""cname"":""Brazil"",""ccode"":""BRA"",""shirtNumber"":33}"
50002347,Operario Ferroviario,fotmob,197429,1173560,Diego Monteiro,CURRENT_SQUAD,Keeper,2000-01-26,26,Brazil,FACT,true,1.0,https://www.fotmob.com/api/data/teams?id=197429,2026-09-22T18:30:11.545335+00:00,2026-09-22T18:30:11.545335+00:00,"{""id"":1173560,""name"":""Diego Monteiro"",""role"":{""key"":""keeper_long"",""fallback"":""Keeper""},""dateOfBirth"":""2000-01-26"",""age"":26,""cname"":""Brazil"",""ccode"":""BRA"",""shirtNumber"":41}"
50002347,Operario Ferroviario,fotmob,197429,1721679,André Dantas,CURRENT_SQUAD,Defender,1999-05-26,27,Brazil,FACT,true,1.0,https://www.fotmob.com/api/data/teams?id=197429,2026-09-22T18:30:11.545335+00:00,2026-09-22T18:30:11.545335+00:00,"{""id"":1721679,""name"":""André Dantas"",""role"":{""key"":""defender_long"",""fallback"":""Defender""},""dateOfBirth"":""1999-05-26"",""age"":27,""cname"":""Brazil"",""ccode"":""BRA""}"
50002347,Operario Ferroviario,fotmob,197429,1994558,Anthony,CURRENT_SQUAD,Defender,2007-03-17,19,Brazil,FACT,true,1.0,https://www.fotmob.com/api/data/teams?id=197429,2026-09-22T18:30:11.545335+00:00,2026-09-22T18:30:11.545335+00:00,"{""id"":1994558,""name"":""Anthony"",""role"":{""key"":""defender_long"",""fallback"":""Defender""},""dateOfBirth"":""2007-03-17"",""age"":19,""cname"":""Brazil"",""ccode"":""BRA""}"
50002347,Operario Ferroviario,fotmob,197429,1696047,Kayo,CURRENT_SQUAD,Defender,2006-03-23,20,Brazil,FACT,true,1.0,https://www.fotmob.com/api/data/teams?id=197429,2026-09-22T18:30:11.545335+00:00,2026-09-22T18:30:11.545335+00:00,"{""id"":1696047,""name"":""Kayo"",""role"":{""key"":""defender_long"",""fallback"":""Defender""},""dateOfBirth"":""2006-03-23"",""age"":20,""cname"":""Brazil"",""ccode"":""BRA""}"
50002347,Operario Ferroviario,fotmob,197429,1463487,Nicolas,CURRENT_SQUAD,Defender,2000-07-15,26,Brazil,FACT,true,1.0,https://www.fotmob.com/api/data/teams?id=197429,2026-09-22T18:30:11.545335+00:00,2026-09-22T18:30:11.545335+00:00,"{""id"":1463487,""name"":""Nicolas"",""role"":{""key"":""defender_long"",""fallback"":""Defender""},""dateOfBirth"":""2000-07-15"",""age"":26,""cname"":""Brazil"",""ccode"":""BRA""}"
50002347,Operario Ferroviario,fotmob,197429,1206587,Doka,CURRENT_SQUAD,Defender,2000-01-24,26,Brazil,FACT,true,1.0,https://www.fotmob.com/api/data/teams?id=197429,2026-09-22T18:30:11.545335+00:00,2026-09-22T18:30:11.545335+00:00,"{""id"":1206587,""name"":""Doka"",""role"":{""key"":""defender_long"",""fallback"":""Defender""},""dateOfBirth"":""2000-01-24"",""age"":26,""cname"":""Brazil"",""ccode"":""BRA"",""shirtNumber"":2}"
50002347,Operario Ferroviario,fotmob,197429,930817,Moraes,CURRENT_SQUAD,Defender,1997-10-03,28,Brazil,FACT,true,1.0,https://www.fotmob.com/api/data/teams?id=197429,2026-09-22T18:30:11.545335+00:00,2026-09-22T18:30:11.545335+00:00,"{""id"":930817,""name"":""Moraes"",""role"":{""key"":""defender_long"",""fallback"":""Defender""},""dateOfBirth"":""1997-10-03"",""age"":28,""cname"":""Brazil"",""ccode"":""BRA"",""shirtNumber"":6}"
50002347,Operario Ferroviario,fotmob,197429,941735,Miranda,CURRENT_SQUAD,Defender,2000-01-19,26,Brazil,FACT,true,1.0,https://www.fotmob.com/api/data/teams?id=197429,2026-09-22T18:30:11.545335+00:00,2026-09-22T18:30:11.545335+00:00,"{""id"":941735,""name"":""Miranda"",""role"":{""key"":""defender_long"",""fallback"":""Defender""},""dateOfBirth"":""2000-01-19"",""age"":26,""cname"":""Brazil"",""ccode"":""BRA"",""shirtNumber"":16}"
50002347,Operario Ferroviario,fotmob,197429,1280824,José Cuenú,CURRENT_SQUAD,Defender,1995-02-17,31,Colombia,FACT,true,1.0,https://www.fotmob.com/api/data/teams?id=197429,2026-09-22T18:30:11.545335+00:00,2026-09-22T18:30:11.545335+00:00,"{""id"":1280824,""name"":""José Cuenú"",""role"":{""key"":""defender_long"",""fallback"":""Defender""},""dateOfBirth"":""1995-02-17"",""age"":31,""cname"":""Colombia"",""ccode"":""COL"",""shirtNumber"":22}"
50002347,Operario Ferroviario,fotmob,197429,1696048,João Gabriel,CURRENT_SQUAD,Defender,2006-05-26,20,Brazil,FACT,true,1.0,https://www.fotmob.com/api/data/teams?id=197429,2026-09-22T18:30:11.545335+00:00,2026-09-22T18:30:11.545335+00:00,"{""id"":1696048,""name"":""João Gabriel"",""role"":{""key"":""defender_long"",""fallback"":""Defender""},""dateOfBirth"":""2006-05-26"",""age"":20,""cname"":""Brazil"",""ccode"":""BRA"",""shirtNumber"":23}"
50002347,Operario Ferroviario,fotmob,197429,755230,Maguinho,CURRENT_SQUAD,Defender,1992-01-06,34,Brazil,FACT,true,1.0,https://www.fotmob.com/api/data/teams?id=197429,2026-09-22T18:30:11.545335+00:00,2026-09-22T18:30:11.545335+00:00,"{""id"":755230,""name"":""Maguinho"",""role"":{""key"":""defender_long"",""fallback"":""Defender""},""dateOfBirth"":""1992-01-06"",""age"":34,""cname"":""Brazil"",""ccode"":""BRA"",""shirtNumber"":26}"
50002347,Operario Ferroviario,fotmob,197429,1671532,Gabriel Feliciano,CURRENT_SQUAD,Defender,2001-07-26,25,Brazil,FACT,true,1.0,https://www.fotmob.com/api/data/teams?id=197429,2026-09-22T18:30:11.545335+00:00,2026-09-22T18:30:11.545335+00:00,"{""id"":1671532,""name"":""Gabriel Feliciano"",""role"":{""key"":""defender_long"",""fallback"":""Defender""},""dateOfBirth"":""2001-07-26"",""age"":25,""cname"":""Brazil"",""ccode"":""BRA"",""shirtNumber"":27}"
50002347,Operario Ferroviario,fotmob,197429,1854204,Renan Gustavo,CURRENT_SQUAD,Defender,2005-02-16,21,Brazil,FACT,true,1.0,https://www.fotmob.com/api/data/teams?id=197429,2026-09-22T18:30:11.545335+00:00,2026-09-22T18:30:11.545335+00:00,"{""id"":1854204,""name"":""Renan Gustavo"",""role"":{""key"":""defender_long"",""fallback"":""Defender""},""dateOfBirth"":""2005-02-16"",""age"":21,""cname"":""Brazil"",""ccode"":""BRA"",""shirtNumber"":34}"
50002347,Operario Ferroviario,fotmob,197429,1017101,Joseph,CURRENT_SQUAD,Defender,1994-12-30,31,Brazil,FACT,true,1.0,https://www.fotmob.com/api/data/teams?id=197429,2026-09-22T18:30:11.545335+00:00,2026-09-22T18:30:11.545335+00:00,"{""id"":1017101,""name"":""Joseph"",""role"":{""key"":""defender_long"",""fallback"":""Defender""},""dateOfBirth"":""1994-12-30"",""age"":31,""cname"":""Brazil"",""ccode"":""BRA"",""shirtNumber"":43}"
50002347,Operario Ferroviario,fotmob,197429,787400,Klaus,CURRENT_SQUAD,Defender,1994-01-11,32,Brazil,FACT,true,1.0,https://www.fotmob.com/api/data/teams?id=197429,2026-09-22T18:30:11.545335+00:00,2026-09-22T18:30:11.545335+00:00,"{""id"":787400,""name"":""Klaus"",""role"":{""key"":""defender_long"",""fallback"":""Defender""},""dateOfBirth"":""1994-01-11"",""age"":32,""cname"":""Brazil"",""ccode"":""BRA"",""shirtNumber"":44}"
50002347,Operario Ferroviario,fotmob,197429,1945399,Jaaziel,CURRENT_SQUAD,Midfielder,2006-01-18,20,Brazil,FACT,true,1.0,https://www.fotmob.com/api/data/teams?id=197429,2026-09-22T18:30:11.545335+00:00,2026-09-22T18:30:11.545335+00:00,"{""id"":1945399,""name"":""Jaaziel"",""role"":{""key"":""midfielder_long"",""fallback"":""Midfielder""},""dateOfBirth"":""2006-01-18"",""age"":20,""cname"":""Brazil"",""ccode"":""BRA""}"
50002347,Operario Ferroviario,fotmob,197429,1966195,Kaua Lucas,CURRENT_SQUAD,Midfielder,2007-02-11,19,Brazil,FACT,true,1.0,https://www.fotmob.com/api/data/teams?id=197429,2026-09-22T18:30:11.545335+00:00,2026-09-22T18:30:11.545335+00:00,"{""id"":1966195,""name"":""Kaua Lucas"",""role"":{""key"":""midfielder_long"",""fallback"":""Midfielder""},""dateOfBirth"":""2007-02-11"",""age"":19,""cname"":""Brazil"",""ccode"":""BRA""}"
50002347,Operario Ferroviario,fotmob,197429,1945589,Marcos Otávio,CURRENT_SQUAD,Midfielder,2007-06-22,19,Brazil,FACT,true,1.0,https://www.fotmob.com/api/data/teams?id=197429,2026-09-22T18:30:11.545335+00:00,2026-09-22T18:30:11.545335+00:00,"{""id"":1945589,""name"":""Marcos Otávio"",""role"":{""key"":""midfielder_long"",""fallback"":""Midfielder""},""dateOfBirth"":""2007-06-22"",""age"":19,""cname"":""Brazil"",""ccode"":""BRA""}"
50002347,Operario Ferroviario,fotmob,197429,1478360,Charles,CURRENT_SQUAD,Midfielder,1995-04-10,31,Brazil,FACT,true,1.0,https://www.fotmob.com/api/data/teams?id=197429,2026-09-22T18:30:11.545335+00:00,2026-09-22T18:30:11.545335+00:00,"{""id"":1478360,""name"":""Charles"",""role"":{""key"":""midfielder_long"",""fallback"":""Midfielder""},""dateOfBirth"":""1995-04-10"",""age"":31,""cname"":""Brazil"",""ccode"":""BRA"",""shirtNumber"":3}"
50002347,Operario Ferroviario,fotmob,197429,1130080,Índio,CURRENT_SQUAD,Midfielder,1992-10-30,33,Brazil,FACT,true,1.0,https://www.fotmob.com/api/data/teams?id=197429,2026-09-22T18:30:11.545335+00:00,2026-09-22T18:30:11.545335+00:00,"{""id"":1130080,""name"":""Índio"",""role"":{""key"":""midfielder_long"",""fallback"":""Midfielder""},""dateOfBirth"":""1992-10-30"",""age"":33,""cname"":""Brazil"",""ccode"":""BRA"",""shirtNumber"":5}"
50002347,Operario Ferroviario,fotmob,197429,466215,Juan Zuluaga,CURRENT_SQUAD,Midfielder,1993-06-15,33,Colombia,FACT,true,1.0,https://www.fotmob.com/api/data/teams?id=197429,2026-09-22T18:30:11.545335+00:00,2026-09-22T18:30:11.545335+00:00,"{""id"":466215,""name"":""Juan Zuluaga"",""role"":{""key"":""midfielder_long"",""fallback"":""Midfielder""},""dateOfBirth"":""1993-06-15"",""age"":33,""cname"":""Colombia"",""ccode"":""COL"",""shirtNumber"":8}"
50002347,Operario Ferroviario,fotmob,197429,535938,Boschilia,CURRENT_SQUAD,Midfielder,1996-03-05,30,Brazil,FACT,true,1.0,https://www.fotmob.com/api/data/teams?id=197429,2026-09-22T18:30:11.545335+00:00,2026-09-22T18:30:11.545335+00:00,"{""id"":535938,""name"":""Boschilia"",""role"":{""key"":""midfielder_long"",""fallback"":""Midfielder""},""dateOfBirth"":""1996-03-05"",""age"":30,""cname"":""Brazil"",""ccode"":""BRA"",""shirtNumber"":10}"
50002347,Operario Ferroviario,fotmob,197429,1526680,Vinícius Diniz,CURRENT_SQUAD,Midfielder,1999-07-25,27,Brazil,FACT,true,1.0,https://www.fotmob.com/api/data/teams?id=197429,2026-09-22T18:30:11.545335+00:00,2026-09-22T18:30:11.545335+00:00,"{""id"":1526680,""name"":""Vinícius Diniz"",""role"":{""key"":""midfielder_long"",""fallback"":""Midfielder""},""dateOfBirth"":""1999-07-25"",""age"":27,""cname"":""Brazil"",""ccode"":""BRA"",""shirtNumber"":20}"
50002347,Operario Ferroviario,fotmob,197429,1783322,Brenno,CURRENT_SQUAD,Midfielder,2005-05-16,21,Brazil,FACT,true,1.0,https://www.fotmob.com/api/data/teams?id=197429,2026-09-22T18:30:11.545335+00:00,2026-09-22T18:30:11.545335+00:00,"{""id"":1783322,""name"":""Brenno"",""role"":{""key"":""midfielder_long"",""fallback"":""Midfielder""},""dateOfBirth"":""2005-05-16"",""age"":21,""cname"":""Brazil"",""ccode"":""BRA"",""shirtNumber"":21}"
50002347,Operario Ferroviario,fotmob,197429,846028,Matheus Trindade,CURRENT_SQUAD,Midfielder,1996-03-05,30,Brazil,FACT,true,1.0,https://www.fotmob.com/api/data/teams?id=197429,2026-09-22T18:30:11.545335+00:00,2026-09-22T18:30:11.545335+00:00,"{""id"":846028,""name"":""Matheus Trindade"",""role"":{""key"":""midfielder_long"",""fallback"":""Midfielder""},""dateOfBirth"":""1996-03-05"",""age"":30,""cname"":""Brazil"",""ccode"":""BRA"",""shirtNumber"":39}"
50002347,Operario Ferroviario,fotmob,197429,955583,Neto Paraíba,CURRENT_SQUAD,Midfielder,1992-07-02,34,Brazil,FACT,true,1.0,https://www.fotmob.com/api/data/teams?id=197429,2026-09-22T18:30:11.545335+00:00,2026-09-22T18:30:11.545335+00:00,"{""id"":955583,""name"":""Neto Paraíba"",""role"":{""key"":""midfielder_long"",""fallback"":""Midfielder""},""dateOfBirth"":""1992-07-02"",""age"":34,""cname"":""Brazil"",""ccode"":""BRA"",""shirtNumber"":88}"
50002347,Operario Ferroviario,fotmob,197429,1994616,Bruno Iago,CURRENT_SQUAD,Attacker,2006-07-18,20,Brazil,FACT,true,1.0,https://www.fotmob.com/api/data/teams?id=197429,2026-09-22T18:30:11.545335+00:00,2026-09-22T18:30:11.545335+00:00,"{""id"":1994616,""name"":""Bruno Iago"",""role"":{""key"":""attacker_long"",""fallback"":""Attacker""},""dateOfBirth"":""2006-07-18"",""age"":20,""cname"":""Brazil"",""ccode"":""BRA""}"
50002347,Operario Ferroviario,fotmob,197429,1854203,Gabriel Cardozo,CURRENT_SQUAD,Attacker,2007-04-23,19,Brazil,FACT,true,1.0,https://www.fotmob.com/api/data/teams?id=197429,2026-09-22T18:30:11.545335+00:00,2026-09-22T18:30:11.545335+00:00,"{""id"":1854203,""name"":""Gabriel Cardozo"",""role"":{""key"":""attacker_long"",""fallback"":""Attacker""},""dateOfBirth"":""2007-04-23"",""age"":19,""cname"":""Brazil"",""ccode"":""BRA""}"
50002347,Operario Ferroviario,fotmob,197429,1945492,Germano,CURRENT_SQUAD,Attacker,2009-07-03,17,Brazil,FACT,true,1.0,https://www.fotmob.com/api/data/teams?id=197429,2026-09-22T18:30:11.545335+00:00,2026-09-22T18:30:11.545335+00:00,"{""id"":1945492,""name"":""Germano"",""role"":{""key"":""attacker_long"",""fallback"":""Attacker""},""dateOfBirth"":""2009-07-03"",""age"":17,""cname"":""Brazil"",""ccode"":""BRA""}"
50002347,Operario Ferroviario,fotmob,197429,1944580,Jhow Torres,CURRENT_SQUAD,Attacker,2005-03-09,21,Brazil,FACT,true,1.0,https://www.fotmob.com/api/data/teams?id=197429,2026-09-22T18:30:11.545335+00:00,2026-09-22T18:30:11.545335+00:00,"{""id"":1944580,""name"":""Jhow Torres"",""role"":{""key"":""attacker_long"",""fallback"":""Attacker""},""dateOfBirth"":""2005-03-09"",""age"":21,""cname"":""Brazil"",""ccode"":""BRA""}"
50002347,Operario Ferroviario,fotmob,197429,1966196,Jonas,CURRENT_SQUAD,Attacker,2008-03-25,18,Brazil,FACT,true,1.0,https://www.fotmob.com/api/data/teams?id=197429,2026-09-22T18:30:11.545335+00:00,2026-09-22T18:30:11.545335+00:00,"{""id"":1966196,""name"":""Jonas"",""role"":{""key"":""attacker_long"",""fallback"":""Attacker""},""dateOfBirth"":""2008-03-25"",""age"":18,""cname"":""Brazil"",""ccode"":""BRA""}"
50002347,Operario Ferroviario,fotmob,197429,1994281,Leonardo Erig,CURRENT_SQUAD,Attacker,2007-01-28,19,Brazil,FACT,true,1.0,https://www.fotmob.com/api/data/teams?id=197429,2026-09-22T18:30:11.545335+00:00,2026-09-22T18:30:11.545335+00:00,"{""id"":1994281,""name"":""Leonardo Erig"",""role"":{""key"":""attacker_long"",""fallback"":""Attacker""},""dateOfBirth"":""2007-01-28"",""age"":19,""cname"":""Brazil"",""ccode"":""BRA""}"
50002347,Operario Ferroviario,fotmob,197429,1080516,Ángel Torres,CURRENT_SQUAD,Attacker,2000-04-06,26,Colombia,FACT,true,1.0,https://www.fotmob.com/api/data/teams?id=197429,2026-09-22T18:30:11.545335+00:00,2026-09-22T18:30:11.545335+00:00,"{""id"":1080516,""name"":""Ángel Torres"",""role"":{""key"":""attacker_long"",""fallback"":""Attacker""},""dateOfBirth"":""2000-04-06"",""age"":26,""cname"":""Colombia"",""ccode"":""COL"",""shirtNumber"":7}"
50002347,Operario Ferroviario,fotmob,197429,1072282,Vinícius Mingotti,CURRENT_SQUAD,Attacker,2000-01-07,26,Brazil,FACT,true,1.0,https://www.fotmob.com/api/data/teams?id=197429,2026-09-22T18:30:11.545335+00:00,2026-09-22T18:30:11.545335+00:00,"{""id"":1072282,""name"":""Vinícius Mingotti"",""role"":{""key"":""attacker_long"",""fallback"":""Attacker""},""dateOfBirth"":""2000-01-07"",""age"":26,""cname"":""Brazil"",""ccode"":""BRA"",""shirtNumber"":9}"
50002347,Operario Ferroviario,fotmob,197429,543787,Aylon,CURRENT_SQUAD,Attacker,1992-04-07,34,Brazil,FACT,true,1.0,https://www.fotmob.com/api/data/teams?id=197429,2026-09-22T18:30:11.545335+00:00,2026-09-22T18:30:11.545335+00:00,"{""id"":543787,""name"":""Aylon"",""role"":{""key"":""attacker_long"",""fallback"":""Attacker""},""dateOfBirth"":""1992-04-07"",""age"":34,""cname"":""Brazil"",""ccode"":""BRA"",""shirtNumber"":11}"
50002347,Operario Ferroviario,fotmob,197429,623984,Hildeberto,CURRENT_SQUAD,Attacker,1996-03-02,30,Cabo Verde,FACT,true,1.0,https://www.fotmob.com/api/data/teams?id=197429,2026-09-22T18:30:11.545335+00:00,2026-09-22T18:30:11.545335+00:00,"{""id"":623984,""name"":""Hildeberto"",""role"":{""key"":""attacker_long"",""fallback"":""Attacker""},""dateOfBirth"":""1996-03-02"",""age"":30,""cname"":""Cabo Verde"",""ccode"":""CPV"",""shirtNumber"":14}"
50002347,Operario Ferroviario,fotmob,197429,1129860,Caio Dantas,CURRENT_SQUAD,Attacker,1993-02-19,33,Brazil,FACT,true,1.0,https://www.fotmob.com/api/data/teams?id=197429,2026-09-22T18:30:11.545335+00:00,2026-09-22T18:30:11.545335+00:00,"{""id"":1129860,""name"":""Caio Dantas"",""role"":{""key"":""attacker_long"",""fallback"":""Attacker""},""dateOfBirth"":""1993-02-19"",""age"":33,""cname"":""Brazil"",""ccode"":""BRA"",""shirtNumber"":25}"
50002347,Operario Ferroviario,fotmob,197429,1696040,Dudu Mosconi,CURRENT_SQUAD,Attacker,2006-06-19,20,Brazil,FACT,true,1.0,https://www.fotmob.com/api/data/teams?id=197429,2026-09-22T18:30:11.545335+00:00,2026-09-22T18:30:11.545335+00:00,"{""id"":1696040,""name"":""Dudu Mosconi"",""role"":{""key"":""attacker_long"",""fallback"":""Attacker""},""dateOfBirth"":""2006-06-19"",""age"":20,""cname"":""Brazil"",""ccode"":""BRA"",""shirtNumber"":28}"
50002347,Operario Ferroviario,fotmob,197429,1118183,Pedro Vilhena,CURRENT_SQUAD,Attacker,2002-02-18,24,Brazil,FACT,true,1.0,https://www.fotmob.com/api/data/teams?id=197429,2026-09-22T18:30:11.545335+00:00,2026-09-22T18:30:11.545335+00:00,"{""id"":1118183,""name"":""Pedro Vilhena"",""role"":{""key"":""attacker_long"",""fallback"":""Attacker""},""dateOfBirth"":""2002-02-18"",""age"":24,""cname"":""Brazil"",""ccode"":""BRA"",""shirtNumber"":30}"
50002347,Operario Ferroviario,fotmob,197429,1945574,João Victor,CURRENT_SQUAD,Attacker,2008-10-07,17,Brazil,FACT,true,1.0,https://www.fotmob.com/api/data/teams?id=197429,2026-09-22T18:30:11.545335+00:00,2026-09-22T18:30:11.545335+00:00,"{""id"":1945574,""name"":""João Victor"",""role"":{""key"":""attacker_long"",""fallback"":""Attacker""},""dateOfBirth"":""2008-10-07"",""age"":17,""cname"":""Brazil"",""ccode"":""BRA"",""shirtNumber"":34}"
50002347,Operario Ferroviario,fotmob,197429,646352,Maxwell,CURRENT_SQUAD,Attacker,1995-02-11,31,Brazil,FACT,true,1.0,https://www.fotmob.com/api/data/teams?id=197429,2026-09-22T18:30:11.545335+00:00,2026-09-22T18:30:11.545335+00:00,"{""id"":646352,""name"":""Maxwell"",""role"":{""key"":""attacker_long"",""fallback"":""Attacker""},""dateOfBirth"":""1995-02-11"",""age"":31,""cname"":""Brazil"",""ccode"":""BRA"",""shirtNumber"":77}"
50002347,Operario Ferroviario,fotmob,197429,287902,Pablo,CURRENT_SQUAD,Attacker,1992-06-23,34,Brazil,FACT,true,1.0,https://www.fotmob.com/api/data/teams?id=197429,2026-09-22T18:30:11.545335+00:00,2026-09-22T18:30:11.545335+00:00,"{""id"":287902,""name"":""Pablo"",""role"":{""key"":""attacker_long"",""fallback"":""Attacker""},""dateOfBirth"":""1992-06-23"",""age"":34,""cname"":""Brazil"",""ccode"":""BRA"",""shirtNumber"":92}"
50002538,Puerto Montt,fotmob,4059,2013213,Emilio Mancilla,CURRENT_SQUAD,Coach,,,Chile,FACT,true,1.0,https://www.fotmob.com/api/data/teams?id=4059,2026-09-22T18:30:11.545335+00:00,2026-09-22T18:30:11.545335+00:00,"{""id"":2013213,""name"":""Emilio Mancilla"",""role"":{""key"":""coach"",""fallback"":""Coach""},""age"":0,""cname"":""Chile"",""ccode"":""CHI""}"
50002538,Puerto Montt,fotmob,4059,772077,Luis Ureta,CURRENT_SQUAD,Keeper,1999-03-08,27,Chile,FACT,true,1.0,https://www.fotmob.com/api/data/teams?id=4059,2026-09-22T18:30:11.545335+00:00,2026-09-22T18:30:11.545335+00:00,"{""id"":772077,""name"":""Luis Ureta"",""role"":{""key"":""keeper_long"",""fallback"":""Keeper""},""dateOfBirth"":""1999-03-08"",""age"":27,""cname"":""Chile"",""ccode"":""CHI"",""shirtNumber"":13}"
50002538,Puerto Montt,fotmob,4059,782921,Gonzalo Collao,CURRENT_SQUAD,Keeper,1997-09-09,29,Chile,FACT,true,1.0,https://www.fotmob.com/api/data/teams?id=4059,2026-09-22T18:30:11.545335+00:00,2026-09-22T18:30:11.545335+00:00,"{""id"":782921,""name"":""Gonzalo Collao"",""role"":{""key"":""keeper_long"",""fallback"":""Keeper""},""dateOfBirth"":""1997-09-09"",""age"":29,""cname"":""Chile"",""ccode"":""CHI"",""shirtNumber"":29}"
50002538,Puerto Montt,fotmob,4059,1910606,Emilio Ascui,CURRENT_SQUAD,Keeper,2006-05-05,20,Chile,FACT,true,1.0,https://www.fotmob.com/api/data/teams?id=4059,2026-09-22T18:30:11.545335+00:00,2026-09-22T18:30:11.545335+00:00,"{""id"":1910606,""name"":""Emilio Ascui"",""role"":{""key"":""keeper_long"",""fallback"":""Keeper""},""dateOfBirth"":""2006-05-05"",""age"":20,""cname"":""Chile"",""ccode"":""CHI"",""shirtNumber"":36}"
50002538,Puerto Montt,fotmob,4059,807835,Ariel Morales,CURRENT_SQUAD,Defender,1997-02-23,29,Argentina,FACT,true,1.0,https://www.fotmob.com/api/data/teams?id=4059,2026-09-22T18:30:11.545335+00:00,2026-09-22T18:30:11.545335+00:00,"{""id"":807835,""name"":""Ariel Morales"",""role"":{""key"":""defender_long"",""fallback"":""Defender""},""dateOfBirth"":""1997-02-23"",""age"":29,""cname"":""Argentina"",""ccode"":""ARG"",""shirtNumber"":2}"
50002538,Puerto Montt,fotmob,4059,277278,Jesús Pino,CURRENT_SQUAD,Defender,1991-05-23,35,Chile,FACT,true,1.0,https://www.fotmob.com/api/data/teams?id=4059,2026-09-22T18:30:11.545335+00:00,2026-09-22T18:30:11.545335+00:00,"{""id"":277278,""name"":""Jesús Pino"",""role"":{""key"":""defender_long"",""fallback"":""Defender""},""dateOfBirth"":""1991-05-23"",""age"":35,""cname"":""Chile"",""ccode"":""CHI"",""shirtNumber"":3}"
50002538,Puerto Montt,fotmob,4059,1686393,Maximiliano Riveros,CURRENT_SQUAD,Defender,1998-07-05,28,Chile,FACT,true,1.0,https://www.fotmob.com/api/data/teams?id=4059,2026-09-22T18:30:11.545335+00:00,2026-09-22T18:30:11.545335+00:00,"{""id"":1686393,""name"":""Maximiliano Riveros"",""role"":{""key"":""defender_long"",""fallback"":""Defender""},""dateOfBirth"":""1998-07-05"",""age"":28,""cname"":""Chile"",""ccode"":""CHI"",""shirtNumber"":4}"
50002538,Puerto Montt,fotmob,4059,1500342,Francisco Calisto,CURRENT_SQUAD,Defender,2004-05-20,22,Chile,FACT,true,1.0,https://www.fotmob.com/api/data/teams?id=4059,2026-09-22T18:30:11.545335+00:00,2026-09-22T18:30:11.545335+00:00,"{""id"":1500342,""name"":""Francisco Calisto"",""role"":{""key"":""defender_long"",""fallback"":""Defender""},""dateOfBirth"":""2004-05-20"",""age"":22,""cname"":""Chile"",""ccode"":""CHI"",""shirtNumber"":5}"
50002538,Puerto Montt,fotmob,4059,920110,Kevin Egaña,CURRENT_SQUAD,Defender,1996-04-05,30,Chile,FACT,true,1.0,https://www.fotmob.com/api/data/teams?id=4059,2026-09-22T18:30:11.545335+00:00,2026-09-22T18:30:11.545335+00:00,"{""id"":920110,""name"":""Kevin Egaña"",""role"":{""key"":""defender_long"",""fallback"":""Defender""},""dateOfBirth"":""1996-04-05"",""age"":30,""cname"":""Chile"",""ccode"":""CHI"",""shirtNumber"":15}"
50002538,Puerto Montt,fotmob,4059,944921,Byron Nieto,CURRENT_SQUAD,Defender,1998-02-03,28,Chile,FACT,true,1.0,https://www.fotmob.com/api/data/teams?id=4059,2026-09-22T18:30:11.545335+00:00,2026-09-22T18:30:11.545335+00:00,"{""id"":944921,""name"":""Byron Nieto"",""role"":{""key"":""defender_long"",""fallback"":""Defender""},""dateOfBirth"":""1998-02-03"",""age"":28,""cname"":""Chile"",""ccode"":""CHI"",""shirtNumber"":17}"
50002538,Puerto Montt,fotmob,4059,304874,Nicolás Mancilla,CURRENT_SQUAD,Defender,1993-10-07,32,Chile,FACT,true,1.0,https://www.fotmob.com/api/data/teams?id=4059,2026-09-22T18:30:11.545335+00:00,2026-09-22T18:30:11.545335+00:00,"{""id"":304874,""name"":""Nicolás Mancilla"",""role"":{""key"":""defender_long"",""fallback"":""Defender""},""dateOfBirth"":""1993-10-07"",""age"":32,""cname"":""Chile"",""ccode"":""CHI"",""shirtNumber"":26}"
50002538,Puerto Montt,fotmob,4059,1909856,Diego Mancilla,CURRENT_SQUAD,Defender,2006-08-18,20,Chile,FACT,true,1.0,https://www.fotmob.com/api/data/teams?id=4059,2026-09-22T18:30:11.545335+00:00,2026-09-22T18:30:11.545335+00:00,"{""id"":1909856,""name"":""Diego Mancilla"",""role"":{""key"":""defender_long"",""fallback"":""Defender""},""dateOfBirth"":""2006-08-18"",""age"":20,""cname"":""Chile"",""ccode"":""CHI"",""shirtNumber"":27}"
50002538,Puerto Montt,fotmob,4059,1909788,Clemente Parra,CURRENT_SQUAD,Defender,2006-03-30,20,Chile,FACT,true,1.0,https://www.fotmob.com/api/data/teams?id=4059,2026-09-22T18:30:11.545335+00:00,2026-09-22T18:30:11.545335+00:00,"{""id"":1909788,""name"":""Clemente Parra"",""role"":{""key"":""defender_long"",""fallback"":""Defender""},""dateOfBirth"":""2006-03-30"",""age"":20,""cname"":""Chile"",""ccode"":""CHI"",""shirtNumber"":32}"
50002538,Puerto Montt,fotmob,4059,1980618,Kevin González,CURRENT_SQUAD,Defender,2005-05-02,21,Chile,FACT,true,1.0,https://www.fotmob.com/api/data/teams?id=4059,2026-09-22T18:30:11.545335+00:00,2026-09-22T18:30:11.545335+00:00,"{""id"":1980618,""name"":""Kevin González"",""role"":{""key"":""defender_long"",""fallback"":""Defender""},""dateOfBirth"":""2005-05-02"",""age"":21,""cname"":""Chile"",""ccode"":""CHI"",""shirtNumber"":34}"
50002538,Puerto Montt,fotmob,4059,1910605,Luis Rojas,CURRENT_SQUAD,Defender,2006-01-16,20,Chile,FACT,true,1.0,https://www.fotmob.com/api/data/teams?id=4059,2026-09-22T18:30:11.545335+00:00,2026-09-22T18:30:11.545335+00:00,"{""id"":1910605,""name"":""Luis Rojas"",""role"":{""key"":""defender_long"",""fallback"":""Defender""},""dateOfBirth"":""2006-01-16"",""age"":20,""cname"":""Chile"",""ccode"":""CHI"",""shirtNumber"":35}"
50002538,Puerto Montt,fotmob,4059,1309239,Danilo Díaz,CURRENT_SQUAD,Midfielder,2002-06-24,24,Chile,FACT,true,1.0,https://www.fotmob.com/api/data/teams?id=4059,2026-09-22T18:30:11.545335+00:00,2026-09-22T18:30:11.545335+00:00,"{""id"":1309239,""name"":""Danilo Díaz"",""role"":{""key"":""midfielder_long"",""fallback"":""Midfielder""},""dateOfBirth"":""2002-06-24"",""age"":24,""cname"":""Chile"",""ccode"":""CHI"",""shirtNumber"":6}"
50002538,Puerto Montt,fotmob,4059,1654523,Cristóbal Vargas,CURRENT_SQUAD,Midfielder,2000-07-07,26,Chile,FACT,true,1.0,https://www.fotmob.com/api/data/teams?id=4059,2026-09-22T18:30:11.545335+00:00,2026-09-22T18:30:11.545335+00:00,"{""id"":1654523,""name"":""Cristóbal Vargas"",""role"":{""key"":""midfielder_long"",""fallback"":""Midfielder""},""dateOfBirth"":""2000-07-07"",""age"":26,""cname"":""Chile"",""ccode"":""CHI"",""shirtNumber"":10}"
50002538,Puerto Montt,fotmob,4059,2244206,Axel Mancilla,CURRENT_SQUAD,Midfielder,2008-04-21,18,Chile,FACT,true,1.0,https://www.fotmob.com/api/data/teams?id=4059,2026-09-22T18:30:11.545335+00:00,2026-09-22T18:30:11.545335+00:00,"{""id"":2244206,""name"":""Axel Mancilla"",""role"":{""key"":""midfielder_long"",""fallback"":""Midfielder""},""dateOfBirth"":""2008-04-21"",""age"":18,""cname"":""Chile"",""ccode"":""CHI"",""shirtNumber"":12}"
50002538,Puerto Montt,fotmob,4059,1686400,José Cárdenas,CURRENT_SQUAD,Midfielder,2003-12-21,22,Chile,FACT,true,1.0,https://www.fotmob.com/api/data/teams?id=4059,2026-09-22T18:30:11.545335+00:00,2026-09-22T18:30:11.545335+00:00,"{""id"":1686400,""name"":""José Cárdenas"",""role"":{""key"":""midfielder_long"",""fallback"":""Midfielder""},""dateOfBirth"":""2003-12-21"",""age"":22,""cname"":""Chile"",""ccode"":""CHI"",""shirtNumber"":14}"
50002538,Puerto Montt,fotmob,4059,1137114,Alexis Sabella,CURRENT_SQUAD,Midfielder,2001-06-20,25,Argentina,FACT,true,1.0,https://www.fotmob.com/api/data/teams?id=4059,2026-09-22T18:30:11.545335+00:00,2026-09-22T18:30:11.545335+00:00,"{""id"":1137114,""name"":""Alexis Sabella"",""role"":{""key"":""midfielder_long"",""fallback"":""Midfielder""},""dateOfBirth"":""2001-06-20"",""age"":25,""cname"":""Argentina"",""ccode"":""ARG"",""shirtNumber"":18}"
50002538,Puerto Montt,fotmob,4059,1686395,Daniel Bahamonde,CURRENT_SQUAD,Midfielder,2002-01-17,24,Chile,FACT,true,1.0,https://www.fotmob.com/api/data/teams?id=4059,2026-09-22T18:30:11.545335+00:00,2026-09-22T18:30:11.545335+00:00,"{""id"":1686395,""name"":""Daniel Bahamonde"",""role"":{""key"":""midfielder_long"",""fallback"":""Midfielder""},""dateOfBirth"":""2002-01-17"",""age"":24,""cname"":""Chile"",""ccode"":""CHI"",""shirtNumber"":20}"
50002538,Puerto Montt,fotmob,4059,923380,Fabián Espinoza,CURRENT_SQUAD,Midfielder,1998-06-01,28,Chile,FACT,true,1.0,https://www.fotmob.com/api/data/teams?id=4059,2026-09-22T18:30:11.545335+00:00,2026-09-22T18:30:11.545335+00:00,"{""id"":923380,""name"":""Fabián Espinoza"",""role"":{""key"":""midfielder_long"",""fallback"":""Midfielder""},""dateOfBirth"":""1998-06-01"",""age"":28,""cname"":""Chile"",""ccode"":""CHI"",""shirtNumber"":21}"
50002538,Puerto Montt,fotmob,4059,310203,Juan Jaime,CURRENT_SQUAD,Midfielder,1993-01-01,33,Argentina,FACT,true,1.0,https://www.fotmob.com/api/data/teams?id=4059,2026-09-22T18:30:11.545335+00:00,2026-09-22T18:30:11.545335+00:00,"{""id"":310203,""name"":""Juan Jaime"",""role"":{""key"":""midfielder_long"",""fallback"":""Midfielder""},""dateOfBirth"":""1993-01-01"",""age"":33,""cname"":""Argentina"",""ccode"":""ARG"",""shirtNumber"":22}"
50002538,Puerto Montt,fotmob,4059,1901734,Gabriel Castillo,CURRENT_SQUAD,Midfielder,1997-09-29,28,Chile,FACT,true,1.0,https://www.fotmob.com/api/data/teams?id=4059,2026-09-22T18:30:11.545335+00:00,2026-09-22T18:30:11.545335+00:00,"{""id"":1901734,""name"":""Gabriel Castillo"",""role"":{""key"":""midfielder_long"",""fallback"":""Midfielder""},""dateOfBirth"":""1997-09-29"",""age"":28,""cname"":""Chile"",""ccode"":""CHI"",""shirtNumber"":23}"
50002538,Puerto Montt,fotmob,4059,1904970,Clemente Leiva,CURRENT_SQUAD,Midfielder,2007-08-18,19,Chile,FACT,true,1.0,https://www.fotmob.com/api/data/teams?id=4059,2026-09-22T18:30:11.545335+00:00,2026-09-22T18:30:11.545335+00:00,"{""id"":1904970,""name"":""Clemente Leiva"",""role"":{""key"":""midfielder_long"",""fallback"":""Midfielder""},""dateOfBirth"":""2007-08-18"",""age"":19,""cname"":""Chile"",""ccode"":""CHI"",""shirtNumber"":25}"
50002538,Puerto Montt,fotmob,4059,629136,Richard Paredes,CURRENT_SQUAD,Attacker,1997-12-04,28,Chile,FACT,true,1.0,https://www.fotmob.com/api/data/teams?id=4059,2026-09-22T18:30:11.545335+00:00,2026-09-22T18:30:11.545335+00:00,"{""id"":629136,""name"":""Richard Paredes"",""role"":{""key"":""attacker_long"",""fallback"":""Attacker""},""dateOfBirth"":""1997-12-04"",""age"":28,""cname"":""Chile"",""ccode"":""CHI"",""shirtNumber"":8}"
50002538,Puerto Montt,fotmob,4059,465853,Luciano Vázquez,CURRENT_SQUAD,Attacker,1985-03-06,41,Argentina,FACT,true,1.0,https://www.fotmob.com/api/data/teams?id=4059,2026-09-22T18:30:11.545335+00:00,2026-09-22T18:30:11.545335+00:00,"{""id"":465853,""name"":""Luciano Vázquez"",""role"":{""key"":""attacker_long"",""fallback"":""Attacker""},""dateOfBirth"":""1985-03-06"",""age"":41,""cname"":""Argentina"",""ccode"":""ARG"",""shirtNumber"":9}"
50002538,Puerto Montt,fotmob,4059,768899,Reiner Castro,CURRENT_SQUAD,Attacker,1994-01-10,32,Venezuela,FACT,true,1.0,https://www.fotmob.com/api/data/teams?id=4059,2026-09-22T18:30:11.545335+00:00,2026-09-22T18:30:11.545335+00:00,"{""id"":768899,""name"":""Reiner Castro"",""role"":{""key"":""attacker_long"",""fallback"":""Attacker""},""dateOfBirth"":""1994-01-10"",""age"":32,""cname"":""Venezuela"",""ccode"":""VEN"",""shirtNumber"":11}"
50002538,Puerto Montt,fotmob,4059,538528,Jason Flores,CURRENT_SQUAD,Attacker,1997-02-28,29,Chile,FACT,true,1.0,https://www.fotmob.com/api/data/teams?id=4059,2026-09-22T18:30:11.545335+00:00,2026-09-22T18:30:11.545335+00:00,"{""id"":538528,""name"":""Jason Flores"",""role"":{""key"":""attacker_long"",""fallback"":""Attacker""},""dateOfBirth"":""1997-02-28"",""age"":29,""cname"":""Chile"",""ccode"":""CHI"",""shirtNumber"":16}"
50002538,Puerto Montt,fotmob,4059,538538,Bryan Taiva,CURRENT_SQUAD,Attacker,1995-03-19,31,Chile,FACT,true,1.0,https://www.fotmob.com/api/data/teams?id=4059,2026-09-22T18:30:11.545335+00:00,2026-09-22T18:30:11.545335+00:00,"{""id"":538538,""name"":""Bryan Taiva"",""role"":{""key"":""attacker_long"",""fallback"":""Attacker""},""dateOfBirth"":""1995-03-19"",""age"":31,""cname"":""Chile"",""ccode"":""CHI"",""shirtNumber"":19}"
50002538,Puerto Montt,fotmob,4059,391232,Juan González,CURRENT_SQUAD,Attacker,2004-06-19,22,Chile,FACT,true,1.0,https://www.fotmob.com/api/data/teams?id=4059,2026-09-22T18:30:11.545335+00:00,2026-09-22T18:30:11.545335+00:00,"{""id"":391232,""name"":""Juan González"",""role"":{""key"":""attacker_long"",""fallback"":""Attacker""},""dateOfBirth"":""2004-06-19"",""age"":22,""cname"":""Chile"",""ccode"":""CHI"",""shirtNumber"":24}"
50002538,Puerto Montt,fotmob,4059,1061257,Sebastián Pérez,CURRENT_SQUAD,Attacker,1999-04-30,27,Chile,FACT,true,1.0,https://www.fotmob.com/api/data/teams?id=4059,2026-09-22T18:30:11.545335+00:00,2026-09-22T18:30:11.545335+00:00,"{""id"":1061257,""name"":""Sebastián Pérez"",""role"":{""key"":""attacker_long"",""fallback"":""Attacker""},""dateOfBirth"":""1999-04-30"",""age"":27,""cname"":""Chile"",""ccode"":""CHI"",""shirtNumber"":28}"
50002538,Puerto Montt,fotmob,4059,1910453,Salvador Negrete,CURRENT_SQUAD,Attacker,2006-08-03,20,Chile,FACT,true,1.0,https://www.fotmob.com/api/data/teams?id=4059,2026-09-22T18:30:11.545335+00:00,2026-09-22T18:30:11.545335+00:00,"{""id"":1910453,""name"":""Salvador Negrete"",""role"":{""key"":""attacker_long"",""fallback"":""Attacker""},""dateOfBirth"":""2006-08-03"",""age"":20,""cname"":""Chile"",""ccode"":""CHI"",""shirtNumber"":30}"
50002538,Puerto Montt,fotmob,4059,1909787,Cristóbal Nanning,CURRENT_SQUAD,Attacker,2008-08-25,18,Chile,FACT,true,1.0,https://www.fotmob.com/api/data/teams?id=4059,2026-09-22T18:30:11.545335+00:00,2026-09-22T18:30:11.545335+00:00,"{""id"":1909787,""name"":""Cristóbal Nanning"",""role"":{""key"":""attacker_long"",""fallback"":""Attacker""},""dateOfBirth"":""2008-08-25"",""age"":18,""cname"":""Chile"",""ccode"":""CHI"",""shirtNumber"":31}"
50002754,Saudi Arabia,fotmob,7795,312235,Georgios Donis,CURRENT_SQUAD,Coach,1969-10-22,56,Greece,FACT,true,1.0,https://www.fotmob.com/api/data/teams?id=7795,2026-09-22T18:30:11.545335+00:00,2026-09-22T18:30:11.545335+00:00,"{""id"":312235,""name"":""Georgios Donis"",""role"":{""key"":""coach"",""fallback"":""Coach""},""dateOfBirth"":""1969-10-22"",""age"":56,""cname"":""Greece"",""ccode"":""GRE""}"
50002754,Saudi Arabia,fotmob,7795,1543642,Hamed Al Shanqiti,CURRENT_SQUAD,Keeper,2005-04-26,21,Al Kholood,FACT,true,1.0,https://www.fotmob.com/api/data/teams?id=7795,2026-09-22T18:30:11.545335+00:00,2026-09-22T18:30:11.545335+00:00,"{""id"":1543642,""name"":""Hamed Al Shanqiti"",""role"":{""key"":""keeper_long"",""fallback"":""Keeper""},""dateOfBirth"":""2005-04-26"",""age"":21,""cname"":""Al Kholood"",""ccode"":""1523706""}"
50002754,Saudi Arabia,fotmob,7795,1125083,Nawaf Al Aqidi,CURRENT_SQUAD,Keeper,2000-05-10,26,Al Nassr FC,FACT,true,1.0,https://www.fotmob.com/api/data/teams?id=7795,2026-09-22T18:30:11.545335+00:00,2026-09-22T18:30:11.545335+00:00,"{""id"":1125083,""name"":""Nawaf Al Aqidi"",""role"":{""key"":""keeper_long"",""fallback"":""Keeper""},""dateOfBirth"":""2000-05-10"",""age"":26,""cname"":""Al Nassr FC"",""ccode"":""101918"",""shirtNumber"":1}"
50002754,Saudi Arabia,fotmob,7795,535669,Mohammed Al Owais,CURRENT_SQUAD,Keeper,1991-10-10,34,Al Hilal,FACT,true,1.0,https://www.fotmob.com/api/data/teams?id=7795,2026-09-22T18:30:11.545335+00:00,2026-09-22T18:30:11.545335+00:00,"{""id"":535669,""name"":""Mohammed Al Owais"",""role"":{""key"":""keeper_long"",""fallback"":""Keeper""},""dateOfBirth"":""1991-10-10"",""age"":34,""cname"":""Al Hilal"",""ccode"":""2529"",""shirtNumber"":21}"
50002754,Saudi Arabia,fotmob,7795,1527135,Mohammed Mahzari,CURRENT_SQUAD,Defender,2002-05-19,24,Al Hilal,FACT,true,1.0,https://www.fotmob.com/api/data/teams?id=7795,2026-09-22T18:30:11.545335+00:00,2026-09-22T18:30:11.545335+00:00,"{""id"":1527135,""name"":""Mohammed Mahzari"",""role"":{""key"":""defender_long"",""fallback"":""Defender""},""dateOfBirth"":""2002-05-19"",""age"":24,""cname"":""Al Hilal"",""ccode"":""2529""}"
50002754,Saudi Arabia,fotmob,7795,1399717,Zakaria Hawsawi,CURRENT_SQUAD,Defender,2001-01-12,25,Al Ahli,FACT,true,1.0,https://www.fotmob.com/api/data/teams?id=7795,2026-09-22T18:30:11.545335+00:00,2026-09-22T18:30:11.545335+00:00,"{""id"":1399717,""name"":""Zakaria Hawsawi"",""role"":{""key"":""defender_long"",""fallback"":""Defender""},""dateOfBirth"":""2001-01-12"",""age"":25,""cname"":""Al Ahli"",""ccode"":""2530""}"
50002754,Saudi Arabia,fotmob,7795,848600,Abdulelah Al Amri,CURRENT_SQUAD,Defender,1997-01-15,29,Al Nassr FC,FACT,true,1.0,https://www.fotmob.com/api/data/teams?id=7795,2026-09-22T18:30:11.545335+00:00,2026-09-22T18:30:11.545335+00:00,"{""id"":848600,""name"":""Abdulelah Al Amri"",""role"":{""key"":""defender_long"",""fallback"":""Defender""},""dateOfBirth"":""1997-01-15"",""age"":29,""cname"":""Al Nassr FC"",""ccode"":""101918"",""shirtNumber"":4}"
50002754,Saudi Arabia,fotmob,7795,1401228,Nawaf Bu Washl,CURRENT_SQUAD,Defender,1999-09-16,27,Al Nassr FC,FACT,true,1.0,https://www.fotmob.com/api/data/teams?id=7795,2026-09-22T18:30:11.545335+00:00,2026-09-22T18:30:11.545335+00:00,"{""id"":1401228,""name"":""Nawaf Bu Washl"",""role"":{""key"":""defender_long"",""fallback"":""Defender""},""dateOfBirth"":""1999-09-16"",""age"":27,""cname"":""Al Nassr FC"",""ccode"":""101918"",""shirtNumber"":13}"
50002754,Saudi Arabia,fotmob,7795,431215,Hassan Kadish,CURRENT_SQUAD,Defender,1992-09-26,33,Al Ittihad,FACT,true,1.0,https://www.fotmob.com/api/data/teams?id=7795,2026-09-22T18:30:11.545335+00:00,2026-09-22T18:30:11.545335+00:00,"{""id"":431215,""name"":""Hassan Kadish"",""role"":{""key"":""defender_long"",""fallback"":""Defender""},""dateOfBirth"":""1992-09-26"",""age"":33,""cname"":""Al Ittihad"",""ccode"":""8577"",""shirtNumber"":14}"
50002754,Saudi Arabia,fotmob,7795,848607,Hassan Al Tambakti,CURRENT_SQUAD,Defender,1999-02-09,27,Al Hilal,FACT,true,1.0,https://www.fotmob.com/api/data/teams?id=7795,2026-09-22T18:30:11.545335+00:00,2026-09-22T18:30:11.545335+00:00,"{""id"":848607,""name"":""Hassan Al Tambakti"",""role"":{""key"":""defender_long"",""fallback"":""Defender""},""dateOfBirth"":""1999-02-09"",""age"":27,""cname"":""Al Hilal"",""ccode"":""2529"",""shirtNumber"":17}"
50002754,Saudi Arabia,fotmob,7795,1138003,Moteb Al Harbi,CURRENT_SQUAD,Defender,2000-02-20,26,Al Hilal,FACT,true,1.0,https://www.fotmob.com/api/data/teams?id=7795,2026-09-22T18:30:11.545335+00:00,2026-09-22T18:30:11.545335+00:00,"{""id"":1138003,""name"":""Moteb Al Harbi"",""role"":{""key"":""defender_long"",""fallback"":""Defender""},""dateOfBirth"":""2000-02-20"",""age"":26,""cname"":""Al Hilal"",""ccode"":""2529"",""shirtNumber"":24}"
50002754,Saudi Arabia,fotmob,7795,1232530,Jehad Thakri,CURRENT_SQUAD,Defender,2001-07-21,25,Al Qadsiah,FACT,true,1.0,https://www.fotmob.com/api/data/teams?id=7795,2026-09-22T18:30:11.545335+00:00,2026-09-22T18:30:11.545335+00:00,"{""id"":1232530,""name"":""Jehad Thakri"",""role"":{""key"":""defender_long"",""fallback"":""Defender""},""dateOfBirth"":""2001-07-21"",""age"":25,""cname"":""Al Qadsiah"",""ccode"":""101919"",""shirtNumber"":25}"
50002754,Saudi Arabia,fotmob,7795,1287535,Rayan Hamed,CURRENT_SQUAD,Defender,2002-04-13,24,Al Ahli,FACT,true,1.0,https://www.fotmob.com/api/data/teams?id=7795,2026-09-22T18:30:11.545335+00:00,2026-09-22T18:30:11.545335+00:00,"{""id"":1287535,""name"":""Rayan Hamed"",""role"":{""key"":""defender_long"",""fallback"":""Defender""},""dateOfBirth"":""2002-04-13"",""age"":24,""cname"":""Al Ahli"",""ccode"":""2530"",""shirtNumber"":95}"
50002754,Saudi Arabia,fotmob,7795,848612,Nasser Al Dawsari,CURRENT_SQUAD,Midfielder,1998-12-19,27,Al Hilal,FACT,true,1.0,https://www.fotmob.com/api/data/teams?id=7795,2026-09-22T18:30:11.545335+00:00,2026-09-22T18:30:11.545335+00:00,"{""id"":848612,""name"":""Nasser Al Dawsari"",""role"":{""key"":""midfielder_long"",""fallback"":""Midfielder""},""dateOfBirth"":""1998-12-19"",""age"":27,""cname"":""Al Hilal"",""ccode"":""2529"",""shirtNumber"":6}"
50002754,Saudi Arabia,fotmob,7795,1235341,Musab Al Juwayr,CURRENT_SQUAD,Midfielder,2003-06-20,23,Al Qadsiah,FACT,true,1.0,https://www.fotmob.com/api/data/teams?id=7795,2026-09-22T18:30:11.545335+00:00,2026-09-22T18:30:11.545335+00:00,"{""id"":1235341,""name"":""Musab Al Juwayr"",""role"":{""key"":""midfielder_long"",""fallback"":""Midfielder""},""dateOfBirth"":""2003-06-20"",""age"":23,""cname"":""Al Qadsiah"",""ccode"":""101919"",""shirtNumber"":7}"
50002754,Saudi Arabia,fotmob,7795,823457,Abdullah Al Khaibari,CURRENT_SQUAD,Midfielder,1996-08-16,30,Al Nassr FC,FACT,true,1.0,https://www.fotmob.com/api/data/teams?id=7795,2026-09-22T18:30:11.545335+00:00,2026-09-22T18:30:11.545335+00:00,"{""id"":823457,""name"":""Abdullah Al Khaibari"",""role"":{""key"":""midfielder_long"",""fallback"":""Midfielder""},""dateOfBirth"":""1996-08-16"",""age"":30,""cname"":""Al Nassr FC"",""ccode"":""101918"",""shirtNumber"":15}"
50002754,Saudi Arabia,fotmob,7795,1174962,Ziyad Al Johani,CURRENT_SQUAD,Midfielder,2001-11-11,24,Al Ahli,FACT,true,1.0,https://www.fotmob.com/api/data/teams?id=7795,2026-09-22T18:30:11.545335+00:00,2026-09-22T18:30:11.545335+00:00,"{""id"":1174962,""name"":""Ziyad Al Johani"",""role"":{""key"":""midfielder_long"",""fallback"":""Midfielder""},""dateOfBirth"":""2001-11-11"",""age"":24,""cname"":""Al Ahli"",""ccode"":""2530"",""shirtNumber"":16}"
50002754,Saudi Arabia,fotmob,7795,697618,Alaa Al Hejji,CURRENT_SQUAD,Midfielder,1995-12-03,30,Neom SC,FACT,true,1.0,https://www.fotmob.com/api/data/teams?id=7795,2026-09-22T18:30:11.545335+00:00,2026-09-22T18:30:11.545335+00:00,"{""id"":697618,""name"":""Alaa Al Hejji"",""role"":{""key"":""midfielder_long"",""fallback"":""Midfielder""},""dateOfBirth"":""1995-12-03"",""age"":30,""cname"":""Neom SC"",""ccode"":""1699505"",""shirtNumber"":18}"
50002754,Saudi Arabia,fotmob,7795,1309655,Mohammed Al Qahtani,CURRENT_SQUAD,Midfielder,2002-07-23,24,Al Qadsiah,FACT,true,1.0,https://www.fotmob.com/api/data/teams?id=7795,2026-09-22T18:30:11.545335+00:00,2026-09-22T18:30:11.545335+00:00,"{""id"":1309655,""name"":""Mohammed Al Qahtani"",""role"":{""key"":""midfielder_long"",""fallback"":""Midfielder""},""dateOfBirth"":""2002-07-23"",""age"":24,""cname"":""Al Qadsiah"",""ccode"":""101919"",""shirtNumber"":18}"
50002754,Saudi Arabia,fotmob,7795,866373,Mohamed Kanno,CURRENT_SQUAD,Midfielder,1994-09-22,32,Al Hilal,FACT,true,1.0,https://www.fotmob.com/api/data/teams?id=7795,2026-09-22T18:30:11.545335+00:00,2026-09-22T18:30:11.545335+00:00,"{""id"":866373,""name"":""Mohamed Kanno"",""role"":{""key"":""midfielder_long"",""fallback"":""Midfielder""},""dateOfBirth"":""1994-09-22"",""age"":32,""cname"":""Al Hilal"",""ccode"":""2529"",""shirtNumber"":23}"
50002754,Saudi Arabia,fotmob,7795,1543647,Mohammed Abu Al Shamat,CURRENT_SQUAD,Midfielder,2002-08-11,24,Al Qadsiah,FACT,true,1.0,https://www.fotmob.com/api/data/teams?id=7795,2026-09-22T18:30:11.545335+00:00,2026-09-22T18:30:11.545335+00:00,"{""id"":1543647,""name"":""Mohammed Abu Al Shamat"",""role"":{""key"":""midfielder_long"",""fallback"":""Midfielder""},""dateOfBirth"":""2002-08-11"",""age"":24,""cname"":""Al Qadsiah"",""ccode"":""101919"",""shirtNumber"":26}"
50002754,Saudi Arabia,fotmob,7795,844226,Feras Al Brikan,CURRENT_SQUAD,Attacker,2000-05-14,26,Al Ahli,FACT,true,1.0,https://www.fotmob.com/api/data/teams?id=7795,2026-09-22T18:30:11.545335+00:00,2026-09-22T18:30:11.545335+00:00,"{""id"":844226,""name"":""Feras Al Brikan"",""role"":{""key"":""attacker_long"",""fallback"":""Attacker""},""dateOfBirth"":""2000-05-14"",""age"":26,""cname"":""Al Ahli"",""ccode"":""2530"",""shirtNumber"":9}"
50002754,Saudi Arabia,fotmob,7795,1251448,Saleh Abu Al Shamat,CURRENT_SQUAD,Attacker,2002-08-11,24,Al Ahli,FACT,true,1.0,https://www.fotmob.com/api/data/teams?id=7795,2026-09-22T18:30:11.545335+00:00,2026-09-22T18:30:11.545335+00:00,"{""id"":1251448,""name"":""Saleh Abu Al Shamat"",""role"":{""key"":""attacker_long"",""fallback"":""Attacker""},""dateOfBirth"":""2002-08-11"",""age"":24,""cname"":""Al Ahli"",""ccode"":""2530"",""shirtNumber"":18}"
50002754,Saudi Arabia,fotmob,7795,909198,Abdullah Al Hamddan,CURRENT_SQUAD,Attacker,1999-09-13,27,Al Nassr FC,FACT,true,1.0,https://www.fotmob.com/api/data/teams?id=7795,2026-09-22T18:30:11.545335+00:00,2026-09-22T18:30:11.545335+00:00,"{""id"":909198,""name"":""Abdullah Al Hamddan"",""role"":{""key"":""attacker_long"",""fallback"":""Attacker""},""dateOfBirth"":""1999-09-13"",""age"":27,""cname"":""Al Nassr FC"",""ccode"":""101918"",""shirtNumber"":19}"
50002754,Saudi Arabia,fotmob,7795,618180,Abdullah Al Salem,CURRENT_SQUAD,Attacker,1992-12-19,33,Al Qadsiah,FACT,true,1.0,https://www.fotmob.com/api/data/teams?id=7795,2026-09-22T18:30:11.545335+00:00,2026-09-22T18:30:11.545335+00:00,"{""id"":618180,""name"":""Abdullah Al Salem"",""role"":{""key"":""attacker_long"",""fallback"":""Attacker""},""dateOfBirth"":""1992-12-19"",""age"":33,""cname"":""Al Qadsiah"",""ccode"":""101919"",""shirtNumber"":20}"
50002754,Saudi Arabia,fotmob,7795,619824,Sultan Mandash,CURRENT_SQUAD,Attacker,1994-10-17,31,Al Hilal,FACT,true,1.0,https://www.fotmob.com/api/data/teams?id=7795,2026-09-22T18:30:11.545335+00:00,2026-09-22T18:30:11.545335+00:00,"{""id"":619824,""name"":""Sultan Mandash"",""role"":{""key"":""attacker_long"",""fallback"":""Attacker""},""dateOfBirth"":""1994-10-17"",""age"":31,""cname"":""Al Hilal"",""ccode"":""2529"",""shirtNumber"":20}"
50002754,Saudi Arabia,fotmob,7795,1633691,Hammam Al Hammami,CURRENT_SQUAD,Attacker,2004-01-30,22,Al Shabab,FACT,true,1.0,https://www.fotmob.com/api/data/teams?id=7795,2026-09-22T18:30:11.545335+00:00,2026-09-22T18:30:11.545335+00:00,"{""id"":1633691,""name"":""Hammam Al Hammami"",""role"":{""key"":""attacker_long"",""fallback"":""Attacker""},""dateOfBirth"":""2004-01-30"",""age"":22,""cname"":""Al Shabab"",""ccode"":""101916"",""shirtNumber"":25}"
50003041,Tajikistan,fotmob,5898,15956,Igor Angelovski,CURRENT_SQUAD,Coach,1976-06-02,50,North Macedonia,FACT,true,1.0,https://www.fotmob.com/api/data/teams?id=5898,2026-09-22T18:30:11.545335+00:00,2026-09-22T18:30:11.545335+00:00,"{""id"":15956,""name"":""Igor Angelovski"",""role"":{""key"":""coach"",""fallback"":""Coach""},""dateOfBirth"":""1976-06-02"",""age"":50,""cname"":""North Macedonia"",""ccode"":""MKD""}"
50003041,Tajikistan,fotmob,5898,2174845,Daler Azizov,CURRENT_SQUAD,Keeper,2000-05-19,26,Tajikistan,FACT,true,1.0,https://www.fotmob.com/api/data/teams?id=5898,2026-09-22T18:30:11.545335+00:00,2026-09-22T18:30:11.545335+00:00,"{""id"":2174845,""name"":""Daler Azizov"",""role"":{""key"":""keeper_long"",""fallback"":""Keeper""},""dateOfBirth"":""2000-05-19"",""age"":26,""cname"":""Tajikistan"",""ccode"":""TJK""}"
50003041,Tajikistan,fotmob,5898,1059627,Rustam Yatimov,CURRENT_SQUAD,Keeper,1998-07-13,28,FC Rostov,FACT,true,1.0,https://www.fotmob.com/api/data/teams?id=5898,2026-09-22T18:30:11.545335+00:00,2026-09-22T18:30:11.545335+00:00,"{""id"":1059627,""name"":""Rustam Yatimov"",""role"":{""key"":""keeper_long"",""fallback"":""Keeper""},""dateOfBirth"":""1998-07-13"",""age"":28,""cname"":""FC Rostov"",""ccode"":""8705"",""shirtNumber"":1}"
50003041,Tajikistan,fotmob,5898,593311,Oleg Baklov,CURRENT_SQUAD,Keeper,1994-10-20,31,Turan-T IK,FACT,true,1.0,https://www.fotmob.com/api/data/teams?id=5898,2026-09-22T18:30:11.545335+00:00,2026-09-22T18:30:11.545335+00:00,"{""id"":593311,""name"":""Oleg Baklov"",""role"":{""key"":""keeper_long"",""fallback"":""Keeper""},""dateOfBirth"":""1994-10-20"",""age"":31,""cname"":""Turan-T IK"",""ccode"":""0"",""shirtNumber"":23}"
50003041,Tajikistan,fotmob,5898,693970,Tabrez Islomov,CURRENT_SQUAD,Defender,1998-06-06,28,FC Istiklol,FACT,true,1.0,https://www.fotmob.com/api/data/teams?id=5898,2026-09-22T18:30:11.545335+00:00,2026-09-22T18:30:11.545335+00:00,"{""id"":693970,""name"":""Tabrez Islomov"",""role"":{""key"":""defender_long"",""fallback"":""Defender""},""dateOfBirth"":""1998-06-06"",""age"":28,""cname"":""FC Istiklol"",""ccode"":""606032"",""shirtNumber"":3}"
50003041,Tajikistan,fotmob,5898,1364203,Mehrubon Karimov,CURRENT_SQUAD,Defender,2004-01-19,22,Lokomotivi Tbilisi,FACT,true,1.0,https://www.fotmob.com/api/data/teams?id=5898,2026-09-22T18:30:11.545335+00:00,2026-09-22T18:30:11.545335+00:00,"{""id"":1364203,""name"":""Mehrubon Karimov"",""role"":{""key"":""defender_long"",""fallback"":""Defender""},""dateOfBirth"":""2004-01-19"",""age"":22,""cname"":""Lokomotivi Tbilisi"",""ccode"":""7751"",""shirtNumber"":4}"
50003041,Tajikistan,fotmob,5898,1007728,Vahdat Hanonov,CURRENT_SQUAD,Defender,2000-07-25,26,Tajikistan,FACT,true,1.0,https://www.fotmob.com/api/data/teams?id=5898,2026-09-22T18:30:11.545335+00:00,2026-09-22T18:30:11.545335+00:00,"{""id"":1007728,""name"":""Vahdat Hanonov"",""role"":{""key"":""defender_long"",""fallback"":""Defender""},""dateOfBirth"":""2000-07-25"",""age"":26,""cname"":""Tajikistan"",""ccode"":""TJK"",""shirtNumber"":6}"
50003041,Tajikistan,fotmob,5898,1041433,Muhammadjon Rahimov,CURRENT_SQUAD,Defender,1998-10-15,27,FC Istiklol,FACT,true,1.0,https://www.fotmob.com/api/data/teams?id=5898,2026-09-22T18:30:11.545335+00:00,2026-09-22T18:30:11.545335+00:00,"{""id"":1041433,""name"":""Muhammadjon Rahimov"",""role"":{""key"":""defender_long"",""fallback"":""Defender""},""dateOfBirth"":""1998-10-15"",""age"":27,""cname"":""FC Istiklol"",""ccode"":""606032"",""shirtNumber"":11}"
50003041,Tajikistan,fotmob,5898,1543346,Sodiqjon Qurbonov,CURRENT_SQUAD,Defender,2003-01-19,23,FC Istiklol,FACT,true,1.0,https://www.fotmob.com/api/data/teams?id=5898,2026-09-22T18:30:11.545335+00:00,2026-09-22T18:30:11.545335+00:00,"{""id"":1543346,""name"":""Sodiqjon Qurbonov"",""role"":{""key"":""defender_long"",""fallback"":""Defender""},""dateOfBirth"":""2003-01-19"",""age"":23,""cname"":""FC Istiklol"",""ccode"":""606032"",""shirtNumber"":12}"
50003041,Tajikistan,fotmob,5898,547893,Akhtam Nazarov,CURRENT_SQUAD,Defender,1992-09-29,33,FC Istiklol,FACT,true,1.0,https://www.fotmob.com/api/data/teams?id=5898,2026-09-22T18:30:11.545335+00:00,2026-09-22T18:30:11.545335+00:00,"{""id"":547893,""name"":""Akhtam Nazarov"",""role"":{""key"":""defender_long"",""fallback"":""Defender""},""dateOfBirth"":""1992-09-29"",""age"":33,""cname"":""FC Istiklol"",""ccode"":""606032"",""shirtNumber"":19}"
50003041,Tajikistan,fotmob,5898,1262248,Alijon Karomatullozoda,CURRENT_SQUAD,Defender,2002-05-05,24,Tajikistan,FACT,true,1.0,https://www.fotmob.com/api/data/teams?id=5898,2026-09-22T18:30:11.545335+00:00,2026-09-22T18:30:11.545335+00:00,"{""id"":1262248,""name"":""Alijon Karomatullozoda"",""role"":{""key"":""defender_long"",""fallback"":""Defender""},""dateOfBirth"":""2002-05-05"",""age"":24,""cname"":""Tajikistan"",""ccode"":""TJK"",""shirtNumber"":20}"
50003041,Tajikistan,fotmob,5898,1642833,Azizbek Khaitov,CURRENT_SQUAD,Midfielder,2003-04-06,23,FK Regar-TadAZ Tursunzoda,FACT,true,1.0,https://www.fotmob.com/api/data/teams?id=5898,2026-09-22T18:30:11.545335+00:00,2026-09-22T18:30:11.545335+00:00,"{""id"":1642833,""name"":""Azizbek Khaitov"",""role"":{""key"":""midfielder_long"",""fallback"":""Midfielder""},""dateOfBirth"":""2003-04-06"",""age"":23,""cname"":""FK Regar-TadAZ Tursunzoda"",""ccode"":""0""}"
50003041,Tajikistan,fotmob,5898,2145071,Furqon Rahimzoda,CURRENT_SQUAD,Midfielder,2009-08-25,17,Tajikistan,FACT,true,1.0,https://www.fotmob.com/api/data/teams?id=5898,2026-09-22T18:30:11.545335+00:00,2026-09-22T18:30:11.545335+00:00,"{""id"":2145071,""name"":""Furqon Rahimzoda"",""role"":{""key"":""midfielder_long"",""fallback"":""Midfielder""},""dateOfBirth"":""2009-08-25"",""age"":17,""cname"":""Tajikistan"",""ccode"":""TJK""}"
50003041,Tajikistan,fotmob,5898,675779,Nozim Babadzhanov,CURRENT_SQUAD,Midfielder,1995-08-07,31,FK Regar-TadAZ Tursunzoda,FACT,true,1.0,https://www.fotmob.com/api/data/teams?id=5898,2026-09-22T18:30:11.545335+00:00,2026-09-22T18:30:11.545335+00:00,"{""id"":675779,""name"":""Nozim Babadzhanov"",""role"":{""key"":""midfielder_long"",""fallback"":""Midfielder""},""dateOfBirth"":""1995-08-07"",""age"":31,""cname"":""FK Regar-TadAZ Tursunzoda"",""ccode"":""0""}"
50003041,Tajikistan,fotmob,5898,790094,Zoir Dzhuraboev,CURRENT_SQUAD,Midfielder,1998-09-16,28,Sogdiana,FACT,true,1.0,https://www.fotmob.com/api/data/teams?id=5898,2026-09-22T18:30:11.545335+00:00,2026-09-22T18:30:11.545335+00:00,"{""id"":790094,""name"":""Zoir Dzhuraboev"",""role"":{""key"":""midfielder_long"",""fallback"":""Midfielder""},""dateOfBirth"":""1998-09-16"",""age"":28,""cname"":""Sogdiana"",""ccode"":""115129"",""shirtNumber"":2}"
50003041,Tajikistan,fotmob,5898,1642827,Rahmatsho Rahmatzoda,CURRENT_SQUAD,Midfielder,2004-04-06,22,Perserikatan Sepak Bola Indonesia Jepara,FACT,true,1.0,https://www.fotmob.com/api/data/teams?id=5898,2026-09-22T18:30:11.545335+00:00,2026-09-22T18:30:11.545335+00:00,"{""id"":1642827,""name"":""Rahmatsho Rahmatzoda"",""role"":{""key"":""midfielder_long"",""fallback"":""Midfielder""},""dateOfBirth"":""2004-04-06"",""age"":22,""cname"":""Perserikatan Sepak Bola Indonesia Jepara"",""ccode"":""0"",""shirtNumber"":3}"
50003041,Tajikistan,fotmob,5898,412233,Parvizdzhon Umarbayev,CURRENT_SQUAD,Midfielder,1994-11-01,31,Lokomotiv Plovdiv,FACT,true,1.0,https://www.fotmob.com/api/data/teams?id=5898,2026-09-22T18:30:11.545335+00:00,2026-09-22T18:30:11.545335+00:00,"{""id"":412233,""name"":""Parvizdzhon Umarbayev"",""role"":{""key"":""midfielder_long"",""fallback"":""Midfielder""},""dateOfBirth"":""1994-11-01"",""age"":31,""cname"":""Lokomotiv Plovdiv"",""ccode"":""10129"",""shirtNumber"":7}"
50003041,Tajikistan,fotmob,5898,547892,Amirbek Juraboev,CURRENT_SQUAD,Midfielder,1996-04-13,30,FC Istiklol,FACT,true,1.0,https://www.fotmob.com/api/data/teams?id=5898,2026-09-22T18:30:11.545335+00:00,2026-09-22T18:30:11.545335+00:00,"{""id"":547892,""name"":""Amirbek Juraboev"",""role"":{""key"":""midfielder_long"",""fallback"":""Midfielder""},""dateOfBirth"":""1996-04-13"",""age"":30,""cname"":""FC Istiklol"",""ccode"":""606032"",""shirtNumber"":8}"
50003041,Tajikistan,fotmob,5898,1543556,Salohiddin Irgashev,CURRENT_SQUAD,Midfielder,2003-07-03,23,Tajikistan,FACT,true,1.0,https://www.fotmob.com/api/data/teams?id=5898,2026-09-22T18:30:11.545335+00:00,2026-09-22T18:30:11.545335+00:00,"{""id"":1543556,""name"":""Salohiddin Irgashev"",""role"":{""key"":""midfielder_long"",""fallback"":""Midfielder""},""dateOfBirth"":""2003-07-03"",""age"":23,""cname"":""Tajikistan"",""ccode"":""TJK"",""shirtNumber"":8}"
50003041,Tajikistan,fotmob,5898,247672,Alisher Dzhalilov,CURRENT_SQUAD,Midfielder,1993-08-29,33,FC Istiklol,FACT,true,1.0,https://www.fotmob.com/api/data/teams?id=5898,2026-09-22T18:30:11.545335+00:00,2026-09-22T18:30:11.545335+00:00,"{""id"":247672,""name"":""Alisher Dzhalilov"",""role"":{""key"":""midfielder_long"",""fallback"":""Midfielder""},""dateOfBirth"":""1993-08-29"",""age"":33,""cname"":""FC Istiklol"",""ccode"":""606032"",""shirtNumber"":10}"
50003041,Tajikistan,fotmob,5898,1600675,Alisher Shukurov,CURRENT_SQUAD,Midfielder,2002-03-30,24,Qizilqum Zarafshon PFK,FACT,true,1.0,https://www.fotmob.com/api/data/teams?id=5898,2026-09-22T18:30:11.545335+00:00,2026-09-22T18:30:11.545335+00:00,"{""id"":1600675,""name"":""Alisher Shukurov"",""role"":{""key"":""midfielder_long"",""fallback"":""Midfielder""},""dateOfBirth"":""2002-03-30"",""age"":24,""cname"":""Qizilqum Zarafshon PFK"",""ccode"":""0"",""shirtNumber"":14}"
50003041,Tajikistan,fotmob,5898,1007721,Ehsoni Panjshanbe,CURRENT_SQUAD,Midfielder,1999-05-12,27,Tajikistan,FACT,true,1.0,https://www.fotmob.com/api/data/teams?id=5898,2026-09-22T18:30:11.545335+00:00,2026-09-22T18:30:11.545335+00:00,"{""id"":1007721,""name"":""Ehsoni Panjshanbe"",""role"":{""key"":""midfielder_long"",""fallback"":""Midfielder""},""dateOfBirth"":""1999-05-12"",""age"":27,""cname"":""Tajikistan"",""ccode"":""TJK"",""shirtNumber"":17}"
50003041,Tajikistan,fotmob,5898,1637457,Fathullo Olimzoda,CURRENT_SQUAD,Midfielder,2005-08-03,21,Tajikistan,FACT,true,1.0,https://www.fotmob.com/api/data/teams?id=5898,2026-09-22T18:30:11.545335+00:00,2026-09-22T18:30:11.545335+00:00,"{""id"":1637457,""name"":""Fathullo Olimzoda"",""role"":{""key"":""midfielder_long"",""fallback"":""Midfielder""},""dateOfBirth"":""2005-08-03"",""age"":21,""cname"":""Tajikistan"",""ccode"":""TJK"",""shirtNumber"":20}"
50003041,Tajikistan,fotmob,5898,939042,Sheriddin Boboev,CURRENT_SQUAD,Attacker,1999-04-21,27,Tajikistan,FACT,true,1.0,https://www.fotmob.com/api/data/teams?id=5898,2026-09-22T18:30:11.545335+00:00,2026-09-22T18:30:11.545335+00:00,"{""id"":939042,""name"":""Sheriddin Boboev"",""role"":{""key"":""attacker_long"",""fallback"":""Attacker""},""dateOfBirth"":""1999-04-21"",""age"":27,""cname"":""Tajikistan"",""ccode"":""TJK""}"
50003041,Tajikistan,fotmob,5898,1109163,Rustam Soirov,CURRENT_SQUAD,Attacker,2002-09-12,24,FC Istiklol,FACT,true,1.0,https://www.fotmob.com/api/data/teams?id=5898,2026-09-22T18:30:11.545335+00:00,2026-09-22T18:30:11.545335+00:00,"{""id"":1109163,""name"":""Rustam Soirov"",""role"":{""key"":""attacker_long"",""fallback"":""Attacker""},""dateOfBirth"":""2002-09-12"",""age"":24,""cname"":""FC Istiklol"",""ccode"":""606032"",""shirtNumber"":9}"
50003041,Tajikistan,fotmob,5898,1007726,Shervoni Mabatshoev,CURRENT_SQUAD,Attacker,2000-12-04,25,Tajikistan,FACT,true,1.0,https://www.fotmob.com/api/data/teams?id=5898,2026-09-22T18:30:11.545335+00:00,2026-09-22T18:30:11.545335+00:00,"{""id"":1007726,""name"":""Shervoni Mabatshoev"",""role"":{""key"":""attacker_long"",""fallback"":""Attacker""},""dateOfBirth"":""2000-12-04"",""age"":25,""cname"":""Tajikistan"",""ccode"":""TJK"",""shirtNumber"":15}"
50003041,Tajikistan,fotmob,5898,1057158,Shahrom Samiev,CURRENT_SQUAD,Attacker,2001-02-08,25,Tajikistan,FACT,true,1.0,https://www.fotmob.com/api/data/teams?id=5898,2026-09-22T18:30:11.545335+00:00,2026-09-22T18:30:11.545335+00:00,"{""id"":1057158,""name"":""Shahrom Samiev"",""role"":{""key"":""attacker_long"",""fallback"":""Attacker""},""dateOfBirth"":""2001-02-08"",""age"":25,""cname"":""Tajikistan"",""ccode"":""TJK"",""shirtNumber"":22}"
50003063,Thailand AM,fotmob,623768,432002,Thawatchai Damrong-Ongtrakul,CURRENT_SQUAD,Coach,1974-06-25,52,Thailand,FACT,true,1.0,https://www.fotmob.com/api/data/teams?id=623768,2026-09-22T18:30:11.545335+00:00,2026-09-22T18:30:11.545335+00:00,"{""id"":432002,""name"":""Thawatchai Damrong-Ongtrakul"",""role"":{""key"":""coach"",""fallback"":""Coach""},""dateOfBirth"":""1974-06-25"",""age"":52,""cname"":""Thailand"",""ccode"":""THA""}"
50003063,Thailand AM,fotmob,623768,1820244,Sorawat Phosaman,CURRENT_SQUAD,Keeper,2003-01-30,23,Pattani FC,FACT,true,1.0,https://www.fotmob.com/api/data/teams?id=623768,2026-09-22T18:30:11.545335+00:00,2026-09-22T18:30:11.545335+00:00,"{""id"":1820244,""name"":""Sorawat Phosaman"",""role"":{""key"":""keeper_long"",""fallback"":""Keeper""},""dateOfBirth"":""2003-01-30"",""age"":23,""cname"":""Pattani FC"",""ccode"":""585115"",""shirtNumber"":1}"
50003063,Thailand AM,fotmob,623768,1837331,Sirassawut Wongruankhum,CURRENT_SQUAD,Keeper,2005-10-27,20,Chiangrai United,FACT,true,1.0,https://www.fotmob.com/api/data/teams?id=623768,2026-09-22T18:30:11.545335+00:00,2026-09-22T18:30:11.545335+00:00,"{""id"":1837331,""name"":""Sirassawut Wongruankhum"",""role"":{""key"":""keeper_long"",""fallback"":""Keeper""},""dateOfBirth"":""2005-10-27"",""age"":20,""cname"":""Chiangrai United"",""ccode"":""243243"",""shirtNumber"":20}"
50003063,Thailand AM,fotmob,623768,1826792,Chommaphat Boonloet,CURRENT_SQUAD,Keeper,2003-02-17,23,Uthai Thani FC,FACT,true,1.0,https://www.fotmob.com/api/data/teams?id=623768,2026-09-22T18:30:11.545335+00:00,2026-09-22T18:30:11.545335+00:00,"{""id"":1826792,""name"":""Chommaphat Boonloet"",""role"":{""key"":""keeper_long"",""fallback"":""Keeper""},""dateOfBirth"":""2003-02-17"",""age"":23,""cname"":""Uthai Thani FC"",""ccode"":""561565"",""shirtNumber"":23}"
50003063,Thailand AM,fotmob,623768,1744149,Auttapon Sangtong,CURRENT_SQUAD,Defender,2004-04-29,22,Nakhon Pathom,FACT,true,1.0,https://www.fotmob.com/api/data/teams?id=623768,2026-09-22T18:30:11.545335+00:00,2026-09-22T18:30:11.545335+00:00,"{""id"":1744149,""name"":""Auttapon Sangtong"",""role"":{""key"":""defender_long"",""fallback"":""Defender""},""dateOfBirth"":""2004-04-29"",""age"":22,""cname"":""Nakhon Pathom"",""ccode"":""165252""}"
50003063,Thailand AM,fotmob,623768,1819562,Chanon Tamma,CURRENT_SQUAD,Defender,2004-03-19,22,BG Pathum United,FACT,true,1.0,https://www.fotmob.com/api/data/teams?id=623768,2026-09-22T18:30:11.545335+00:00,2026-09-22T18:30:11.545335+00:00,"{""id"":1819562,""name"":""Chanon Tamma"",""role"":{""key"":""defender_long"",""fallback"":""Defender""},""dateOfBirth"":""2004-03-19"",""age"":22,""cname"":""BG Pathum United"",""ccode"":""165250""}"
50003063,Thailand AM,fotmob,623768,1366189,Chanapach Buaphan,CURRENT_SQUAD,Defender,2004-03-22,22,BG Pathum United,FACT,true,1.0,https://www.fotmob.com/api/data/teams?id=623768,2026-09-22T18:30:11.545335+00:00,2026-09-22T18:30:11.545335+00:00,"{""id"":1366189,""name"":""Chanapach Buaphan"",""role"":{""key"":""defender_long"",""fallback"":""Defender""},""dateOfBirth"":""2004-03-22"",""age"":22,""cname"":""BG Pathum United"",""ccode"":""165250"",""shirtNumber"":4}"
50003063,Thailand AM,fotmob,623768,1837313,Oussama Thiangkham,CURRENT_SQUAD,Defender,2003-11-04,22,Prachuap FC,FACT,true,1.0,https://www.fotmob.com/api/data/teams?id=623768,2026-09-22T18:30:11.545335+00:00,2026-09-22T18:30:11.545335+00:00,"{""id"":1837313,""name"":""Oussama Thiangkham"",""role"":{""key"":""defender_long"",""fallback"":""Defender""},""dateOfBirth"":""2003-11-04"",""age"":22,""cname"":""Prachuap FC"",""ccode"":""585025"",""shirtNumber"":4}"
50003063,Thailand AM,fotmob,623768,1633616,Nathan James,CURRENT_SQUAD,Defender,2004-09-28,21,Mahasarakham Sam Bai Tao,FACT,true,1.0,https://www.fotmob.com/api/data/teams?id=623768,2026-09-22T18:30:11.545335+00:00,2026-09-22T18:30:11.545335+00:00,"{""id"":1633616,""name"":""Nathan James"",""role"":{""key"":""defender_long"",""fallback"":""Defender""},""dateOfBirth"":""2004-09-28"",""age"":21,""cname"":""Mahasarakham Sam Bai Tao"",""ccode"":""1696880"",""shirtNumber"":5}"
50003063,Thailand AM,fotmob,623768,1836514,Theekawin Chansri,CURRENT_SQUAD,Defender,2004-02-17,22,Muang Thong United,FACT,true,1.0,https://www.fotmob.com/api/data/teams?id=623768,2026-09-22T18:30:11.545335+00:00,2026-09-22T18:30:11.545335+00:00,"{""id"":1836514,""name"":""Theekawin Chansri"",""role"":{""key"":""defender_long"",""fallback"":""Defender""},""dateOfBirth"":""2004-02-17"",""age"":22,""cname"":""Muang Thong United"",""ccode"":""165251"",""shirtNumber"":13}"
50003063,Thailand AM,fotmob,623768,1819559,Wichan Inaram,CURRENT_SQUAD,Defender,2007-07-10,19,Bangkok United,FACT,true,1.0,https://www.fotmob.com/api/data/teams?id=623768,2026-09-22T18:30:11.545335+00:00,2026-09-22T18:30:11.545335+00:00,"{""id"":1819559,""name"":""Wichan Inaram"",""role"":{""key"":""defender_long"",""fallback"":""Defender""},""dateOfBirth"":""2007-07-10"",""age"":19,""cname"":""Bangkok United"",""ccode"":""102231"",""shirtNumber"":13}"
50003063,Thailand AM,fotmob,623768,1818451,Pichitchai Sienkrathok,CURRENT_SQUAD,Defender,2003-03-18,23,Ayutthaya United FC,FACT,true,1.0,https://www.fotmob.com/api/data/teams?id=623768,2026-09-22T18:30:11.545335+00:00,2026-09-22T18:30:11.545335+00:00,"{""id"":1818451,""name"":""Pichitchai Sienkrathok"",""role"":{""key"":""defender_long"",""fallback"":""Defender""},""dateOfBirth"":""2003-03-18"",""age"":23,""cname"":""Ayutthaya United FC"",""ccode"":""1110271"",""shirtNumber"":16}"
50003063,Thailand AM,fotmob,623768,1642844,Phon-Ek Maneekorn,CURRENT_SQUAD,Defender,2003-05-30,23,Prachuap FC,FACT,true,1.0,https://www.fotmob.com/api/data/teams?id=623768,2026-09-22T18:30:11.545335+00:00,2026-09-22T18:30:11.545335+00:00,"{""id"":1642844,""name"":""Phon-Ek Maneekorn"",""role"":{""key"":""defender_long"",""fallback"":""Defender""},""dateOfBirth"":""2003-05-30"",""age"":23,""cname"":""Prachuap FC"",""ccode"":""585025"",""shirtNumber"":21}"
50003063,Thailand AM,fotmob,623768,1836518,Kittapak Seangsawat,CURRENT_SQUAD,Midfielder,2005-04-08,21,Muang Thong United,FACT,true,1.0,https://www.fotmob.com/api/data/teams?id=623768,2026-09-22T18:30:11.545335+00:00,2026-09-22T18:30:11.545335+00:00,"{""id"":1836518,""name"":""Kittapak Seangsawat"",""role"":{""key"":""midfielder_long"",""fallback"":""Midfielder""},""dateOfBirth"":""2005-04-08"",""age"":21,""cname"":""Muang Thong United"",""ccode"":""165251""}"
50003063,Thailand AM,fotmob,623768,1819604,Patipanchai Phothep,CURRENT_SQUAD,Midfielder,2003-07-21,23,Rayong FC,FACT,true,1.0,https://www.fotmob.com/api/data/teams?id=623768,2026-09-22T18:30:11.545335+00:00,2026-09-22T18:30:11.545335+00:00,"{""id"":1819604,""name"":""Patipanchai Phothep"",""role"":{""key"":""midfielder_long"",""fallback"":""Midfielder""},""dateOfBirth"":""2003-07-21"",""age"":23,""cname"":""Rayong FC"",""ccode"":""584984""}"
50003063,Thailand AM,fotmob,623768,1820203,Worawut Noisri,CURRENT_SQUAD,Midfielder,2005-02-16,21,Chiangmai United,FACT,true,1.0,https://www.fotmob.com/api/data/teams?id=623768,2026-09-22T18:30:11.545335+00:00,2026-09-22T18:30:11.545335+00:00,"{""id"":1820203,""name"":""Worawut Noisri"",""role"":{""key"":""midfielder_long"",""fallback"":""Midfielder""},""dateOfBirth"":""2005-02-16"",""age"":21,""cname"":""Chiangmai United"",""ccode"":""1016183""}"
50003063,Thailand AM,fotmob,623768,1547007,Sittha Boonlha,CURRENT_SQUAD,Midfielder,2004-09-02,22,Port FC,FACT,true,1.0,https://www.fotmob.com/api/data/teams?id=623768,2026-09-22T18:30:11.545335+00:00,2026-09-22T18:30:11.545335+00:00,"{""id"":1547007,""name"":""Sittha Boonlha"",""role"":{""key"":""midfielder_long"",""fallback"":""Midfielder""},""dateOfBirth"":""2004-09-02"",""age"":22,""cname"":""Port FC"",""ccode"":""165255"",""shirtNumber"":6}"
50003063,Thailand AM,fotmob,623768,1835705,Chawanwit Saelao,CURRENT_SQUAD,Midfielder,2004-09-12,22,Prime Bangkok,FACT,true,1.0,https://www.fotmob.com/api/data/teams?id=623768,2026-09-22T18:30:11.545335+00:00,2026-09-22T18:30:11.545335+00:00,"{""id"":1835705,""name"":""Chawanwit Saelao"",""role"":{""key"":""midfielder_long"",""fallback"":""Midfielder""},""dateOfBirth"":""2004-09-12"",""age"":22,""cname"":""Prime Bangkok"",""ccode"":""1814894"",""shirtNumber"":8}"
50003063,Thailand AM,fotmob,623768,1544536,Paripan Wongsa,CURRENT_SQUAD,Midfielder,2005-03-19,21,Rasisalai United,FACT,true,1.0,https://www.fotmob.com/api/data/teams?id=623768,2026-09-22T18:30:11.545335+00:00,2026-09-22T18:30:11.545335+00:00,"{""id"":1544536,""name"":""Paripan Wongsa"",""role"":{""key"":""midfielder_long"",""fallback"":""Midfielder""},""dateOfBirth"":""2005-03-19"",""age"":21,""cname"":""Rasisalai United"",""ccode"":""2101783"",""shirtNumber"":22}"
50003063,Thailand AM,fotmob,623768,1837318,Jehhanafee Mamah,CURRENT_SQUAD,Attacker,2005-10-24,20,Prachuap FC,FACT,true,1.0,https://www.fotmob.com/api/data/teams?id=623768,2026-09-22T18:30:11.545335+00:00,2026-09-22T18:30:11.545335+00:00,"{""id"":1837318,""name"":""Jehhanafee Mamah"",""role"":{""key"":""attacker_long"",""fallback"":""Attacker""},""dateOfBirth"":""2005-10-24"",""age"":20,""cname"":""Prachuap FC"",""ccode"":""585025""}"
50003063,Thailand AM,fotmob,623768,1544522,Thanakrit Chotmuangpak,CURRENT_SQUAD,Attacker,2006-09-01,20,Buriram United,FACT,true,1.0,https://www.fotmob.com/api/data/teams?id=623768,2026-09-22T18:30:11.545335+00:00,2026-09-22T18:30:11.545335+00:00,"{""id"":1544522,""name"":""Thanakrit Chotmuangpak"",""role"":{""key"":""attacker_long"",""fallback"":""Attacker""},""dateOfBirth"":""2006-09-01"",""age"":20,""cname"":""Buriram United"",""ccode"":""165243""}"
50003063,Thailand AM,fotmob,623768,1744517,Thanawut Phochai,CURRENT_SQUAD,Attacker,2005-12-02,20,SC Sagamihara,FACT,true,1.0,https://www.fotmob.com/api/data/teams?id=623768,2026-09-22T18:30:11.545335+00:00,2026-09-22T18:30:11.545335+00:00,"{""id"":1744517,""name"":""Thanawut Phochai"",""role"":{""key"":""attacker_long"",""fallback"":""Attacker""},""dateOfBirth"":""2005-12-02"",""age"":20,""cname"":""SC Sagamihara"",""ccode"":""422974"",""shirtNumber"":7}"
50003063,Thailand AM,fotmob,623768,1474192,Yotsakon Burapha,CURRENT_SQUAD,Attacker,2005-06-08,21,Chonburi FC,FACT,true,1.0,https://www.fotmob.com/api/data/teams?id=623768,2026-09-22T18:30:11.545335+00:00,2026-09-22T18:30:11.545335+00:00,"{""id"":1474192,""name"":""Yotsakon Burapha"",""role"":{""key"":""attacker_long"",""fallback"":""Attacker""},""dateOfBirth"":""2005-06-08"",""age"":21,""cname"":""Chonburi FC"",""ccode"":""109378"",""shirtNumber"":9}"
50003063,Thailand AM,fotmob,623768,1836505,Siraphop Wandee,CURRENT_SQUAD,Attacker,2004-01-22,22,Thailand,FACT,true,1.0,https://www.fotmob.com/api/data/teams?id=623768,2026-09-22T18:30:11.545335+00:00,2026-09-22T18:30:11.545335+00:00,"{""id"":1836505,""name"":""Siraphop Wandee"",""role"":{""key"":""attacker_long"",""fallback"":""Attacker""},""dateOfBirth"":""2004-01-22"",""age"":22,""cname"":""Thailand"",""ccode"":""THA"",""shirtNumber"":11}"
50003199,Union La Calera,fotmob,192435,244473,Carlos Galdames,CURRENT_SQUAD,Coach,1980-03-01,46,Chile,FACT,true,1.0,https://www.fotmob.com/api/data/teams?id=192435,2026-09-22T18:30:11.545335+00:00,2026-09-22T18:30:11.545335+00:00,"{""id"":244473,""name"":""Carlos Galdames"",""role"":{""key"":""coach"",""fallback"":""Coach""},""dateOfBirth"":""1980-03-01"",""age"":46,""cname"":""Chile"",""ccode"":""CHI""}"
50003199,Union La Calera,fotmob,192435,453859,Nicolás Avellaneda,CURRENT_SQUAD,Keeper,1993-02-24,33,Argentina,FACT,true,1.0,https://www.fotmob.com/api/data/teams?id=192435,2026-09-22T18:30:11.545335+00:00,2026-09-22T18:30:11.545335+00:00,"{""id"":453859,""name"":""Nicolás Avellaneda"",""role"":{""key"":""keeper_long"",""fallback"":""Keeper""},""dateOfBirth"":""1993-02-24"",""age"":33,""cname"":""Argentina"",""ccode"":""ARG"",""shirtNumber"":1}"
50003199,Union La Calera,fotmob,192435,466160,Nelson Espinoza,CURRENT_SQUAD,Keeper,1995-09-22,31,Chile,FACT,true,1.0,https://www.fotmob.com/api/data/teams?id=192435,2026-09-22T18:30:11.545335+00:00,2026-09-22T18:30:11.545335+00:00,"{""id"":466160,""name"":""Nelson Espinoza"",""role"":{""key"":""keeper_long"",""fallback"":""Keeper""},""dateOfBirth"":""1995-09-22"",""age"":31,""cname"":""Chile"",""ccode"":""CHI"",""shirtNumber"":12}"
50003199,Union La Calera,fotmob,192435,1634843,Benjamín Astudillo,CURRENT_SQUAD,Keeper,2006-12-27,19,Chile,FACT,true,1.0,https://www.fotmob.com/api/data/teams?id=192435,2026-09-22T18:30:11.545335+00:00,2026-09-22T18:30:11.545335+00:00,"{""id"":1634843,""name"":""Benjamín Astudillo"",""role"":{""key"":""keeper_long"",""fallback"":""Keeper""},""dateOfBirth"":""2006-12-27"",""age"":19,""cname"":""Chile"",""ccode"":""CHI"",""shirtNumber"":22}"
50003199,Union La Calera,fotmob,192435,1941705,Samuel Córdova,CURRENT_SQUAD,Keeper,,,Chile,FACT,true,1.0,https://www.fotmob.com/api/data/teams?id=192435,2026-09-22T18:30:11.545335+00:00,2026-09-22T18:30:11.545335+00:00,"{""id"":1941705,""name"":""Samuel Córdova"",""role"":{""key"":""keeper_long"",""fallback"":""Keeper""},""age"":0,""cname"":""Chile"",""ccode"":""CHI"",""shirtNumber"":31}"
50003199,Union La Calera,fotmob,192435,1941714,Julio Núñez,CURRENT_SQUAD,Defender,,,Chile,FACT,true,1.0,https://www.fotmob.com/api/data/teams?id=192435,2026-09-22T18:30:11.545335+00:00,2026-09-22T18:30:11.545335+00:00,"{""id"":1941714,""name"":""Julio Núñez"",""role"":{""key"":""defender_long"",""fallback"":""Defender""},""age"":0,""cname"":""Chile"",""ccode"":""CHI""}"
50003199,Union La Calera,fotmob,192435,2263350,Pablo Valero,CURRENT_SQUAD,Defender,2007-07-25,19,Chile,FACT,true,1.0,https://www.fotmob.com/api/data/teams?id=192435,2026-09-22T18:30:11.545335+00:00,2026-09-22T18:30:11.545335+00:00,"{""id"":2263350,""name"":""Pablo Valero"",""role"":{""key"":""defender_long"",""fallback"":""Defender""},""dateOfBirth"":""2007-07-25"",""age"":19,""cname"":""Chile"",""ccode"":""CHI""}"
50003199,Union La Calera,fotmob,192435,1422888,Nicolás Palma,CURRENT_SQUAD,Defender,2001-10-08,24,Chile,FACT,true,1.0,https://www.fotmob.com/api/data/teams?id=192435,2026-09-22T18:30:11.545335+00:00,2026-09-22T18:30:11.545335+00:00,"{""id"":1422888,""name"":""Nicolás Palma"",""role"":{""key"":""defender_long"",""fallback"":""Defender""},""dateOfBirth"":""2001-10-08"",""age"":24,""cname"":""Chile"",""ccode"":""CHI"",""shirtNumber"":3}"
50003199,Union La Calera,fotmob,192435,659462,Cristián Gutiérrez,CURRENT_SQUAD,Defender,1997-02-18,29,Canada,FACT,true,1.0,https://www.fotmob.com/api/data/teams?id=192435,2026-09-22T18:30:11.545335+00:00,2026-09-22T18:30:11.545335+00:00,"{""id"":659462,""name"":""Cristián Gutiérrez"",""role"":{""key"":""defender_long"",""fallback"":""Defender""},""dateOfBirth"":""1997-02-18"",""age"":29,""cname"":""Canada"",""ccode"":""CAN"",""shirtNumber"":4}"
50003199,Union La Calera,fotmob,192435,1091983,Rodrigo Cáseres,CURRENT_SQUAD,Defender,1997-08-29,29,Argentina,FACT,true,1.0,https://www.fotmob.com/api/data/teams?id=192435,2026-09-22T18:30:11.545335+00:00,2026-09-22T18:30:11.545335+00:00,"{""id"":1091983,""name"":""Rodrigo Cáseres"",""role"":{""key"":""defender_long"",""fallback"":""Defender""},""dateOfBirth"":""1997-08-29"",""age"":29,""cname"":""Argentina"",""ccode"":""ARG"",""shirtNumber"":6}"
50003199,Union La Calera,fotmob,192435,1504805,Vicente Lavín,CURRENT_SQUAD,Defender,2003-02-14,23,Chile,FACT,true,1.0,https://www.fotmob.com/api/data/teams?id=192435,2026-09-22T18:30:11.545335+00:00,2026-09-22T18:30:11.545335+00:00,"{""id"":1504805,""name"":""Vicente Lavín"",""role"":{""key"":""defender_long"",""fallback"":""Defender""},""dateOfBirth"":""2003-02-14"",""age"":23,""cname"":""Chile"",""ccode"":""CHI"",""shirtNumber"":6}"
50003199,Union La Calera,fotmob,192435,923377,Alexander Pastene,CURRENT_SQUAD,Defender,2000-07-23,26,Chile,FACT,true,1.0,https://www.fotmob.com/api/data/teams?id=192435,2026-09-22T18:30:11.545335+00:00,2026-09-22T18:30:11.545335+00:00,"{""id"":923377,""name"":""Alexander Pastene"",""role"":{""key"":""defender_long"",""fallback"":""Defender""},""dateOfBirth"":""2000-07-23"",""age"":26,""cname"":""Chile"",""ccode"":""CHI"",""shirtNumber"":13}"
50003199,Union La Calera,fotmob,192435,1944683,Gustavo Saavedra,CURRENT_SQUAD,Defender,2008-05-16,18,Chile,FACT,true,1.0,https://www.fotmob.com/api/data/teams?id=192435,2026-09-22T18:30:11.545335+00:00,2026-09-22T18:30:11.545335+00:00,"{""id"":1944683,""name"":""Gustavo Saavedra"",""role"":{""key"":""defender_long"",""fallback"":""Defender""},""dateOfBirth"":""2008-05-16"",""age"":18,""cname"":""Chile"",""ccode"":""CHI"",""shirtNumber"":15}"
50003199,Union La Calera,fotmob,192435,1386009,Juan Salomoni,CURRENT_SQUAD,Defender,1997-10-07,28,Argentina,FACT,true,1.0,https://www.fotmob.com/api/data/teams?id=192435,2026-09-22T18:30:11.545335+00:00,2026-09-22T18:30:11.545335+00:00,"{""id"":1386009,""name"":""Juan Salomoni"",""role"":{""key"":""defender_long"",""fallback"":""Defender""},""dateOfBirth"":""1997-10-07"",""age"":28,""cname"":""Argentina"",""ccode"":""ARG"",""shirtNumber"":15}"
50003199,Union La Calera,fotmob,192435,1941704,Marcos Álvarez,CURRENT_SQUAD,Defender,,,Chile,FACT,true,1.0,https://www.fotmob.com/api/data/teams?id=192435,2026-09-22T18:30:11.545335+00:00,2026-09-22T18:30:11.545335+00:00,"{""id"":1941704,""name"":""Marcos Álvarez"",""role"":{""key"":""defender_long"",""fallback"":""Defender""},""age"":0,""cname"":""Chile"",""ccode"":""CHI"",""shirtNumber"":16}"
50003199,Union La Calera,fotmob,192435,530987,Christopher Díaz,CURRENT_SQUAD,Defender,1995-07-25,31,Chile,FACT,true,1.0,https://www.fotmob.com/api/data/teams?id=192435,2026-09-22T18:30:11.545335+00:00,2026-09-22T18:30:11.545335+00:00,"{""id"":530987,""name"":""Christopher Díaz"",""role"":{""key"":""defender_long"",""fallback"":""Defender""},""dateOfBirth"":""1995-07-25"",""age"":31,""cname"":""Chile"",""ccode"":""CHI"",""shirtNumber"":25}"
50003199,Union La Calera,fotmob,192435,1662453,Michael Maturana,CURRENT_SQUAD,Defender,2004-06-20,22,Chile,FACT,true,1.0,https://www.fotmob.com/api/data/teams?id=192435,2026-09-22T18:30:11.545335+00:00,2026-09-22T18:30:11.545335+00:00,"{""id"":1662453,""name"":""Michael Maturana"",""role"":{""key"":""defender_long"",""fallback"":""Defender""},""dateOfBirth"":""2004-06-20"",""age"":22,""cname"":""Chile"",""ccode"":""CHI"",""shirtNumber"":26}"
50003199,Union La Calera,fotmob,192435,1243691,Daniel Gutiérrez,CURRENT_SQUAD,Defender,2003-02-16,23,Chile,FACT,true,1.0,https://www.fotmob.com/api/data/teams?id=192435,2026-09-22T18:30:11.545335+00:00,2026-09-22T18:30:11.545335+00:00,"{""id"":1243691,""name"":""Daniel Gutiérrez"",""role"":{""key"":""defender_long"",""fallback"":""Defender""},""dateOfBirth"":""2003-02-16"",""age"":23,""cname"":""Chile"",""ccode"":""CHI"",""shirtNumber"":27}"
50003199,Union La Calera,fotmob,192435,919944,Yonathan Andía,CURRENT_SQUAD,Midfielder,1992-08-06,34,Chile,FACT,true,1.0,https://www.fotmob.com/api/data/teams?id=192435,2026-09-22T18:30:11.545335+00:00,2026-09-22T18:30:11.545335+00:00,"{""id"":919944,""name"":""Yonathan Andía"",""role"":{""key"":""midfielder_long"",""fallback"":""Midfielder""},""dateOfBirth"":""1992-08-06"",""age"":34,""cname"":""Chile"",""ccode"":""CHI"",""shirtNumber"":2}"
50003199,Union La Calera,fotmob,192435,688667,Camilo Moya,CURRENT_SQUAD,Midfielder,1998-02-19,28,Chile,FACT,true,1.0,https://www.fotmob.com/api/data/teams?id=192435,2026-09-22T18:30:11.545335+00:00,2026-09-22T18:30:11.545335+00:00,"{""id"":688667,""name"":""Camilo Moya"",""role"":{""key"":""midfielder_long"",""fallback"":""Midfielder""},""dateOfBirth"":""1998-02-19"",""age"":28,""cname"":""Chile"",""ccode"":""CHI"",""shirtNumber"":5}"
50003199,Union La Calera,fotmob,192435,530995,Yerko Leiva,CURRENT_SQUAD,Midfielder,1998-06-14,28,Chile,FACT,true,1.0,https://www.fotmob.com/api/data/teams?id=192435,2026-09-22T18:30:11.545335+00:00,2026-09-22T18:30:11.545335+00:00,"{""id"":530995,""name"":""Yerko Leiva"",""role"":{""key"":""midfielder_long"",""fallback"":""Midfielder""},""dateOfBirth"":""1998-06-14"",""age"":28,""cname"":""Chile"",""ccode"":""CHI"",""shirtNumber"":8}"
50003199,Union La Calera,fotmob,192435,812684,Carlo Villanueva,CURRENT_SQUAD,Midfielder,1999-07-01,27,Chile,FACT,true,1.0,https://www.fotmob.com/api/data/teams?id=192435,2026-09-22T18:30:11.545335+00:00,2026-09-22T18:30:11.545335+00:00,"{""id"":812684,""name"":""Carlo Villanueva"",""role"":{""key"":""midfielder_long"",""fallback"":""Midfielder""},""dateOfBirth"":""1999-07-01"",""age"":27,""cname"":""Chile"",""ccode"":""CHI"",""shirtNumber"":14}"
50003199,Union La Calera,fotmob,192435,1109766,Joan Cruz,CURRENT_SQUAD,Midfielder,2003-04-04,23,Chile,FACT,true,1.0,https://www.fotmob.com/api/data/teams?id=192435,2026-09-22T18:30:11.545335+00:00,2026-09-22T18:30:11.545335+00:00,"{""id"":1109766,""name"":""Joan Cruz"",""role"":{""key"":""midfielder_long"",""fallback"":""Midfielder""},""dateOfBirth"":""2003-04-04"",""age"":23,""cname"":""Chile"",""ccode"":""CHI"",""shirtNumber"":20}"
50003199,Union La Calera,fotmob,192435,1921011,Benjamín Argandoña,CURRENT_SQUAD,Midfielder,2005-09-05,21,Argentina,FACT,true,1.0,https://www.fotmob.com/api/data/teams?id=192435,2026-09-22T18:30:11.545335+00:00,2026-09-22T18:30:11.545335+00:00,"{""id"":1921011,""name"":""Benjamín Argandoña"",""role"":{""key"":""midfielder_long"",""fallback"":""Midfielder""},""dateOfBirth"":""2005-09-05"",""age"":21,""cname"":""Argentina"",""ccode"":""ARG"",""shirtNumber"":21}"
50003199,Union La Calera,fotmob,192435,1436129,Rodrigo Pérez,CURRENT_SQUAD,Midfielder,1996-07-23,30,Uruguay,FACT,true,1.0,https://www.fotmob.com/api/data/teams?id=192435,2026-09-22T18:30:11.545335+00:00,2026-09-22T18:30:11.545335+00:00,"{""id"":1436129,""name"":""Rodrigo Pérez"",""role"":{""key"":""midfielder_long"",""fallback"":""Midfielder""},""dateOfBirth"":""1996-07-23"",""age"":30,""cname"":""Uruguay"",""ccode"":""URU"",""shirtNumber"":23}"
50003199,Union La Calera,fotmob,192435,1944682,Cristóbal Lindermann,CURRENT_SQUAD,Midfielder,2005-06-06,21,Chile,FACT,true,1.0,https://www.fotmob.com/api/data/teams?id=192435,2026-09-22T18:30:11.545335+00:00,2026-09-22T18:30:11.545335+00:00,"{""id"":1944682,""name"":""Cristóbal Lindermann"",""role"":{""key"":""midfielder_long"",""fallback"":""Midfielder""},""dateOfBirth"":""2005-06-06"",""age"":21,""cname"":""Chile"",""ccode"":""CHI"",""shirtNumber"":28}"
50003199,Union La Calera,fotmob,192435,1650703,Joaquín Soto,CURRENT_SQUAD,Midfielder,2007-04-03,19,Chile,FACT,true,1.0,https://www.fotmob.com/api/data/teams?id=192435,2026-09-22T18:30:11.545335+00:00,2026-09-22T18:30:11.545335+00:00,"{""id"":1650703,""name"":""Joaquín Soto"",""role"":{""key"":""midfielder_long"",""fallback"":""Midfielder""},""dateOfBirth"":""2007-04-03"",""age"":19,""cname"":""Chile"",""ccode"":""CHI"",""shirtNumber"":29}"
50003199,Union La Calera,fotmob,192435,581918,Bayron Oyarzo,CURRENT_SQUAD,Attacker,1995-07-14,31,Chile,FACT,true,1.0,https://www.fotmob.com/api/data/teams?id=192435,2026-09-22T18:30:11.545335+00:00,2026-09-22T18:30:11.545335+00:00,"{""id"":581918,""name"":""Bayron Oyarzo"",""role"":{""key"":""attacker_long"",""fallback"":""Attacker""},""dateOfBirth"":""1995-07-14"",""age"":31,""cname"":""Chile"",""ccode"":""CHI"",""shirtNumber"":7}"
50003199,Union La Calera,fotmob,192435,1529266,Francisco Pozzo,CURRENT_SQUAD,Attacker,2003-07-15,23,Argentina,FACT,true,1.0,https://www.fotmob.com/api/data/teams?id=192435,2026-09-22T18:30:11.545335+00:00,2026-09-22T18:30:11.545335+00:00,"{""id"":1529266,""name"":""Francisco Pozzo"",""role"":{""key"":""attacker_long"",""fallback"":""Attacker""},""dateOfBirth"":""2003-07-15"",""age"":23,""cname"":""Argentina"",""ccode"":""ARG"",""shirtNumber"":9}"
50003199,Union La Calera,fotmob,192435,612096,Kevin Méndez,CURRENT_SQUAD,Attacker,1996-01-10,30,Uruguay,FACT,true,1.0,https://www.fotmob.com/api/data/teams?id=192435,2026-09-22T18:30:11.545335+00:00,2026-09-22T18:30:11.545335+00:00,"{""id"":612096,""name"":""Kevin Méndez"",""role"":{""key"":""attacker_long"",""fallback"":""Attacker""},""dateOfBirth"":""1996-01-10"",""age"":30,""cname"":""Uruguay"",""ccode"":""URU"",""shirtNumber"":10}"
50003199,Union La Calera,fotmob,192435,29589,Sebastián Sáez,CURRENT_SQUAD,Attacker,1985-01-24,41,Argentina,FACT,true,1.0,https://www.fotmob.com/api/data/teams?id=192435,2026-09-22T18:30:11.545335+00:00,2026-09-22T18:30:11.545335+00:00,"{""id"":29589,""name"":""Sebastián Sáez"",""role"":{""key"":""attacker_long"",""fallback"":""Attacker""},""dateOfBirth"":""1985-01-24"",""age"":41,""cname"":""Argentina"",""ccode"":""ARG"",""shirtNumber"":11}"
50003199,Union La Calera,fotmob,192435,1741912,Martín Hiriart,CURRENT_SQUAD,Attacker,2005-01-19,21,Chile,FACT,true,1.0,https://www.fotmob.com/api/data/teams?id=192435,2026-09-22T18:30:11.545335+00:00,2026-09-22T18:30:11.545335+00:00,"{""id"":1741912,""name"":""Martín Hiriart"",""role"":{""key"":""attacker_long"",""fallback"":""Attacker""},""dateOfBirth"":""2005-01-19"",""age"":21,""cname"":""Chile"",""ccode"":""CHI"",""shirtNumber"":17}"
50003199,Union La Calera,fotmob,192435,1477405,Axel Encinas,CURRENT_SQUAD,Attacker,2004-05-24,22,Argentina,FACT,true,1.0,https://www.fotmob.com/api/data/teams?id=192435,2026-09-22T18:30:11.545335+00:00,2026-09-22T18:30:11.545335+00:00,"{""id"":1477405,""name"":""Axel Encinas"",""role"":{""key"":""attacker_long"",""fallback"":""Attacker""},""dateOfBirth"":""2004-05-24"",""age"":22,""cname"":""Argentina"",""ccode"":""ARG"",""shirtNumber"":18}"
50003199,Union La Calera,fotmob,192435,397527,Matías Campos López,CURRENT_SQUAD,Attacker,1991-08-18,35,Chile,FACT,true,1.0,https://www.fotmob.com/api/data/teams?id=192435,2026-09-22T18:30:11.545335+00:00,2026-09-22T18:30:11.545335+00:00,"{""id"":397527,""name"":""Matías Campos López"",""role"":{""key"":""attacker_long"",""fallback"":""Attacker""},""dateOfBirth"":""1991-08-18"",""age"":35,""cname"":""Chile"",""ccode"":""CHI"",""shirtNumber"":19}"
50003199,Union La Calera,fotmob,192435,1900253,Maximiliano Fernández,CURRENT_SQUAD,Attacker,2007-11-21,18,Chile,FACT,true,1.0,https://www.fotmob.com/api/data/teams?id=192435,2026-09-22T18:30:11.545335+00:00,2026-09-22T18:30:11.545335+00:00,"{""id"":1900253,""name"":""Maximiliano Fernández"",""role"":{""key"":""attacker_long"",""fallback"":""Attacker""},""dateOfBirth"":""2007-11-21"",""age"":18,""cname"":""Chile"",""ccode"":""CHI"",""shirtNumber"":30}"
50003199,Union La Calera,fotmob,192435,1098461,Nicolás Ferreyra,CURRENT_SQUAD,Attacker,1996-11-11,29,Argentina,FACT,true,1.0,https://www.fotmob.com/api/data/teams?id=192435,2026-09-22T18:30:11.545335+00:00,2026-09-22T18:30:11.545335+00:00,"{""id"":1098461,""name"":""Nicolás Ferreyra"",""role"":{""key"":""attacker_long"",""fallback"":""Attacker""},""dateOfBirth"":""1996-11-11"",""age"":29,""cname"":""Argentina"",""ccode"":""ARG"",""shirtNumber"":32}"
50003207,United Arab Emirates AM,fotmob,316113,42322,Igor Bišćan,CURRENT_SQUAD,Coach,1978-05-04,48,Croatia,FACT,true,1.0,https://www.fotmob.com/api/data/teams?id=316113,2026-09-22T18:30:11.545335+00:00,2026-09-22T18:30:11.545335+00:00,"{""id"":42322,""name"":""Igor Bišćan"",""role"":{""key"":""coach"",""fallback"":""Coach""},""dateOfBirth"":""1978-05-04"",""age"":48,""cname"":""Croatia"",""ccode"":""CRO""}"
50003207,United Arab Emirates AM,fotmob,316113,1837012,Rashed Salem Maqdami,CURRENT_SQUAD,Keeper,2005-11-20,20,United FC,FACT,true,1.0,https://www.fotmob.com/api/data/teams?id=316113,2026-09-22T18:30:11.545335+00:00,2026-09-22T18:30:11.545335+00:00,"{""id"":1837012,""name"":""Rashed Salem Maqdami"",""role"":{""key"":""keeper_long"",""fallback"":""Keeper""},""dateOfBirth"":""2005-11-20"",""age"":20,""cname"":""United FC"",""ccode"":""1552577""}"
50003207,United Arab Emirates AM,fotmob,316113,1867091,Saeed Salem,CURRENT_SQUAD,Keeper,2004-08-21,22,Al-Nasr SC,FACT,true,1.0,https://www.fotmob.com/api/data/teams?id=316113,2026-09-22T18:30:11.545335+00:00,2026-09-22T18:30:11.545335+00:00,"{""id"":1867091,""name"":""Saeed Salem"",""role"":{""key"":""keeper_long"",""fallback"":""Keeper""},""dateOfBirth"":""2004-08-21"",""age"":22,""cname"":""Al-Nasr SC"",""ccode"":""102123"",""shirtNumber"":17}"
50003207,United Arab Emirates AM,fotmob,316113,1363804,Khaled Tawhid,CURRENT_SQUAD,Keeper,2004-02-16,22,Sharjah Cultural Club,FACT,true,1.0,https://www.fotmob.com/api/data/teams?id=316113,2026-09-22T18:30:11.545335+00:00,2026-09-22T18:30:11.545335+00:00,"{""id"":1363804,""name"":""Khaled Tawhid"",""role"":{""key"":""keeper_long"",""fallback"":""Keeper""},""dateOfBirth"":""2004-02-16"",""age"":22,""cname"":""Sharjah Cultural Club"",""ccode"":""102124"",""shirtNumber"":22}"
50003207,United Arab Emirates AM,fotmob,316113,1227335,Bader Nasser,CURRENT_SQUAD,Defender,2001-09-16,25,Shabab Al-Ahli Dubai FC,FACT,true,1.0,https://www.fotmob.com/api/data/teams?id=316113,2026-09-22T18:30:11.545335+00:00,2026-09-22T18:30:11.545335+00:00,"{""id"":1227335,""name"":""Bader Nasser"",""role"":{""key"":""defender_long"",""fallback"":""Defender""},""dateOfBirth"":""2001-09-16"",""age"":25,""cname"":""Shabab Al-Ahli Dubai FC"",""ccode"":""102119""}"
50003207,United Arab Emirates AM,fotmob,316113,1118487,Mackenzie Hunt,CURRENT_SQUAD,Defender,2001-11-14,24,Baniyas,FACT,true,1.0,https://www.fotmob.com/api/data/teams?id=316113,2026-09-22T18:30:11.545335+00:00,2026-09-22T18:30:11.545335+00:00,"{""id"":1118487,""name"":""Mackenzie Hunt"",""role"":{""key"":""defender_long"",""fallback"":""Defender""},""dateOfBirth"":""2001-11-14"",""age"":24,""cname"":""Baniyas"",""ccode"":""182933""}"
50003207,United Arab Emirates AM,fotmob,316113,1837608,Mansour Al Blooshi,CURRENT_SQUAD,Defender,2005-01-19,21,Al-Ain,FACT,true,1.0,https://www.fotmob.com/api/data/teams?id=316113,2026-09-22T18:30:11.545335+00:00,2026-09-22T18:30:11.545335+00:00,"{""id"":1837608,""name"":""Mansour Al Blooshi"",""role"":{""key"":""defender_long"",""fallback"":""Defender""},""dateOfBirth"":""2005-01-19"",""age"":21,""cname"":""Al-Ain"",""ccode"":""102117""}"
50003207,United Arab Emirates AM,fotmob,316113,1414482,Mubarak Zamah,CURRENT_SQUAD,Defender,2003-11-29,22,Al-Nasr SC,FACT,true,1.0,https://www.fotmob.com/api/data/teams?id=316113,2026-09-22T18:30:11.545335+00:00,2026-09-22T18:30:11.545335+00:00,"{""id"":1414482,""name"":""Mubarak Zamah"",""role"":{""key"":""defender_long"",""fallback"":""Defender""},""dateOfBirth"":""2003-11-29"",""age"":22,""cname"":""Al-Nasr SC"",""ccode"":""102123"",""shirtNumber"":2}"
50003207,United Arab Emirates AM,fotmob,316113,1336024,Leonard Amesimeku,CURRENT_SQUAD,Defender,2003-11-25,22,Al-Dhafra,FACT,true,1.0,https://www.fotmob.com/api/data/teams?id=316113,2026-09-22T18:30:11.545335+00:00,2026-09-22T18:30:11.545335+00:00,"{""id"":1336024,""name"":""Leonard Amesimeku"",""role"":{""key"":""defender_long"",""fallback"":""Defender""},""dateOfBirth"":""2003-11-25"",""age"":22,""cname"":""Al-Dhafra"",""ccode"":""102118"",""shirtNumber"":3}"
50003207,United Arab Emirates AM,fotmob,316113,1289717,Khamis Al Mansoori,CURRENT_SQUAD,Defender,2004-01-15,22,Baniyas,FACT,true,1.0,https://www.fotmob.com/api/data/teams?id=316113,2026-09-22T18:30:11.545335+00:00,2026-09-22T18:30:11.545335+00:00,"{""id"":1289717,""name"":""Khamis Al Mansoori"",""role"":{""key"":""defender_long"",""fallback"":""Defender""},""dateOfBirth"":""2004-01-15"",""age"":22,""cname"":""Baniyas"",""ccode"":""182933"",""shirtNumber"":4}"
50003207,United Arab Emirates AM,fotmob,316113,1831494,Yousif Al Marzooqi,CURRENT_SQUAD,Defender,2005-03-07,21,Al-Dhafra,FACT,true,1.0,https://www.fotmob.com/api/data/teams?id=316113,2026-09-22T18:30:11.545335+00:00,2026-09-22T18:30:11.545335+00:00,"{""id"":1831494,""name"":""Yousif Al Marzooqi"",""role"":{""key"":""defender_long"",""fallback"":""Defender""},""dateOfBirth"":""2005-03-07"",""age"":21,""cname"":""Al-Dhafra"",""ccode"":""102118"",""shirtNumber"":13}"
50003207,United Arab Emirates AM,fotmob,316113,1399215,Mansour Saleh,CURRENT_SQUAD,Defender,2004-11-12,21,Al-Wahda,FACT,true,1.0,https://www.fotmob.com/api/data/teams?id=316113,2026-09-22T18:30:11.545335+00:00,2026-09-22T18:30:11.545335+00:00,"{""id"":1399215,""name"":""Mansour Saleh"",""role"":{""key"":""defender_long"",""fallback"":""Defender""},""dateOfBirth"":""2004-11-12"",""age"":21,""cname"":""Al-Wahda"",""ccode"":""102122"",""shirtNumber"":18}"
50003207,United Arab Emirates AM,fotmob,316113,1826278,Ahmed Raed,CURRENT_SQUAD,Midfielder,2005-02-19,21,Al-Nasr SC,FACT,true,1.0,https://www.fotmob.com/api/data/teams?id=316113,2026-09-22T18:30:11.545335+00:00,2026-09-22T18:30:11.545335+00:00,"{""id"":1826278,""name"":""Ahmed Raed"",""role"":{""key"":""midfielder_long"",""fallback"":""Midfielder""},""dateOfBirth"":""2005-02-19"",""age"":21,""cname"":""Al-Nasr SC"",""ccode"":""102123""}"
50003207,United Arab Emirates AM,fotmob,316113,1830385,Saif Al Kaabi,CURRENT_SQUAD,Midfielder,2005-02-14,21,Sharjah Cultural Club,FACT,true,1.0,https://www.fotmob.com/api/data/teams?id=316113,2026-09-22T18:30:11.545335+00:00,2026-09-22T18:30:11.545335+00:00,"{""id"":1830385,""name"":""Saif Al Kaabi"",""role"":{""key"":""midfielder_long"",""fallback"":""Midfielder""},""dateOfBirth"":""2005-02-14"",""age"":21,""cname"":""Sharjah Cultural Club"",""ccode"":""102124""}"
50003207,United Arab Emirates AM,fotmob,316113,1611459,Matar Zaal,CURRENT_SQUAD,Midfielder,2004-03-02,22,United Arab Emirates,FACT,true,1.0,https://www.fotmob.com/api/data/teams?id=316113,2026-09-22T18:30:11.545335+00:00,2026-09-22T18:30:11.545335+00:00,"{""id"":1611459,""name"":""Matar Zaal"",""role"":{""key"":""midfielder_long"",""fallback"":""Midfielder""},""dateOfBirth"":""2004-03-02"",""age"":22,""cname"":""United Arab Emirates"",""ccode"":""UAE"",""shirtNumber"":5}"
50003207,United Arab Emirates AM,fotmob,316113,1427263,Ali Abdulaziz,CURRENT_SQUAD,Midfielder,2003-07-16,23,Al-Nasr SC,FACT,true,1.0,https://www.fotmob.com/api/data/teams?id=316113,2026-09-22T18:30:11.545335+00:00,2026-09-22T18:30:11.545335+00:00,"{""id"":1427263,""name"":""Ali Abdulaziz"",""role"":{""key"":""midfielder_long"",""fallback"":""Midfielder""},""dateOfBirth"":""2003-07-16"",""age"":23,""cname"":""Al-Nasr SC"",""ccode"":""102123"",""shirtNumber"":8}"
50003207,United Arab Emirates AM,fotmob,316113,1640830,Solomon Sosu,CURRENT_SQUAD,Midfielder,2005-03-05,21,Baniyas,FACT,true,1.0,https://www.fotmob.com/api/data/teams?id=316113,2026-09-22T18:30:11.545335+00:00,2026-09-22T18:30:11.545335+00:00,"{""id"":1640830,""name"":""Solomon Sosu"",""role"":{""key"":""midfielder_long"",""fallback"":""Midfielder""},""dateOfBirth"":""2005-03-05"",""age"":21,""cname"":""Baniyas"",""ccode"":""182933"",""shirtNumber"":14}"
50003207,United Arab Emirates AM,fotmob,316113,1528820,Hazem Abbas,CURRENT_SQUAD,Midfielder,2005-03-18,21,Al-Ain,FACT,true,1.0,https://www.fotmob.com/api/data/teams?id=316113,2026-09-22T18:30:11.545335+00:00,2026-09-22T18:30:11.545335+00:00,"{""id"":1528820,""name"":""Hazem Abbas"",""role"":{""key"":""midfielder_long"",""fallback"":""Midfielder""},""dateOfBirth"":""2005-03-18"",""age"":21,""cname"":""Al-Ain"",""ccode"":""102117"",""shirtNumber"":20}"
50003207,United Arab Emirates AM,fotmob,316113,1209007,Mansoor Al Menhali,CURRENT_SQUAD,Attacker,2003-09-29,22,United Arab Emirates,FACT,true,1.0,https://www.fotmob.com/api/data/teams?id=316113,2026-09-22T18:30:11.545335+00:00,2026-09-22T18:30:11.545335+00:00,"{""id"":1209007,""name"":""Mansoor Al Menhali"",""role"":{""key"":""attacker_long"",""fallback"":""Attacker""},""dateOfBirth"":""2003-09-29"",""age"":22,""cname"":""United Arab Emirates"",""ccode"":""UAE"",""shirtNumber"":10}"
50003207,United Arab Emirates AM,fotmob,316113,1650394,Mohammad Juma,CURRENT_SQUAD,Attacker,2006-05-30,20,Shabab Al-Ahli Dubai FC,FACT,true,1.0,https://www.fotmob.com/api/data/teams?id=316113,2026-09-22T18:30:11.545335+00:00,2026-09-22T18:30:11.545335+00:00,"{""id"":1650394,""name"":""Mohammad Juma"",""role"":{""key"":""attacker_long"",""fallback"":""Attacker""},""dateOfBirth"":""2006-05-30"",""age"":20,""cname"":""Shabab Al-Ahli Dubai FC"",""ccode"":""102119"",""shirtNumber"":11}"
50003207,United Arab Emirates AM,fotmob,316113,1609215,Junior Ndiaye,CURRENT_SQUAD,Attacker,2005-03-29,21,Valenciennes,FACT,true,1.0,https://www.fotmob.com/api/data/teams?id=316113,2026-09-22T18:30:11.545335+00:00,2026-09-22T18:30:11.545335+00:00,"{""id"":1609215,""name"":""Junior Ndiaye"",""role"":{""key"":""attacker_long"",""fallback"":""Attacker""},""dateOfBirth"":""2005-03-29"",""age"":21,""cname"":""Valenciennes"",""ccode"":""9873"",""shirtNumber"":16}"
50003207,United Arab Emirates AM,fotmob,316113,1324924,Mayed Saeed,CURRENT_SQUAD,Attacker,2003-05-06,23,United Arab Emirates,FACT,true,1.0,https://www.fotmob.com/api/data/teams?id=316113,2026-09-22T18:30:11.545335+00:00,2026-09-22T18:30:11.545335+00:00,"{""id"":1324924,""name"":""Mayed Saeed"",""role"":{""key"":""attacker_long"",""fallback"":""Attacker""},""dateOfBirth"":""2003-05-06"",""age"":23,""cname"":""United Arab Emirates"",""ccode"":""UAE"",""shirtNumber"":19}"
50003207,United Arab Emirates AM,fotmob,316113,959373,Yahya Al Ghassani,CURRENT_SQUAD,Attacker,1998-04-18,28,Shabab Al-Ahli Dubai FC,FACT,true,1.0,https://www.fotmob.com/api/data/teams?id=316113,2026-09-22T18:30:11.545335+00:00,2026-09-22T18:30:11.545335+00:00,"{""id"":959373,""name"":""Yahya Al Ghassani"",""role"":{""key"":""attacker_long"",""fallback"":""Attacker""},""dateOfBirth"":""1998-04-18"",""age"":28,""cname"":""Shabab Al-Ahli Dubai FC"",""ccode"":""102119"",""shirtNumber"":20}"
50003210,Universidad Catolica,fotmob,6458,306388,Daniel Garnero,CURRENT_SQUAD,Coach,1969-04-01,57,Argentina,FACT,true,1.0,https://www.fotmob.com/api/data/teams?id=6458,2026-09-22T18:30:11.545335+00:00,2026-09-22T18:30:11.545335+00:00,"{""id"":306388,""name"":""Daniel Garnero"",""role"":{""key"":""coach"",""fallback"":""Coach""},""dateOfBirth"":""1969-04-01"",""age"":57,""cname"":""Argentina"",""ccode"":""ARG""}"
50003210,Universidad Catolica,fotmob,6458,1242010,Vicente Bernedo,CURRENT_SQUAD,Keeper,2001-01-22,25,Chile,FACT,true,1.0,https://www.fotmob.com/api/data/teams?id=6458,2026-09-22T18:30:11.545335+00:00,2026-09-22T18:30:11.545335+00:00,"{""id"":1242010,""name"":""Vicente Bernedo"",""role"":{""key"":""keeper_long"",""fallback"":""Keeper""},""dateOfBirth"":""2001-01-22"",""age"":25,""cname"":""Chile"",""ccode"":""CHI"",""shirtNumber"":1}"
50003210,Universidad Catolica,fotmob,6458,1718183,Francisco Valdés,CURRENT_SQUAD,Keeper,2006-03-05,20,Chile,FACT,true,1.0,https://www.fotmob.com/api/data/teams?id=6458,2026-09-22T18:30:11.545335+00:00,2026-09-22T18:30:11.545335+00:00,"{""id"":1718183,""name"":""Francisco Valdés"",""role"":{""key"":""keeper_long"",""fallback"":""Keeper""},""dateOfBirth"":""2006-03-05"",""age"":20,""cname"":""Chile"",""ccode"":""CHI"",""shirtNumber"":12}"
50003210,Universidad Catolica,fotmob,6458,1776095,Martín Contreras,CURRENT_SQUAD,Keeper,2005-05-18,21,Chile,FACT,true,1.0,https://www.fotmob.com/api/data/teams?id=6458,2026-09-22T18:30:11.545335+00:00,2026-09-22T18:30:11.545335+00:00,"{""id"":1776095,""name"":""Martín Contreras"",""role"":{""key"":""keeper_long"",""fallback"":""Keeper""},""dateOfBirth"":""2005-05-18"",""age"":21,""cname"":""Chile"",""ccode"":""CHI"",""shirtNumber"":24}"
50003210,Universidad Catolica,fotmob,6458,533401,Darío Melo,CURRENT_SQUAD,Keeper,1993-03-24,33,Chile,FACT,true,1.0,https://www.fotmob.com/api/data/teams?id=6458,2026-09-22T18:30:11.545335+00:00,2026-09-22T18:30:11.545335+00:00,"{""id"":533401,""name"":""Darío Melo"",""role"":{""key"":""keeper_long"",""fallback"":""Keeper""},""dateOfBirth"":""1993-03-24"",""age"":33,""cname"":""Chile"",""ccode"":""CHI"",""shirtNumber"":27}"
50003210,Universidad Catolica,fotmob,6458,1957990,Matías Meza,CURRENT_SQUAD,Keeper,2007-02-16,19,Chile,FACT,true,1.0,https://www.fotmob.com/api/data/teams?id=6458,2026-09-22T18:30:11.545335+00:00,2026-09-22T18:30:11.545335+00:00,"{""id"":1957990,""name"":""Matías Meza"",""role"":{""key"":""keeper_long"",""fallback"":""Keeper""},""dateOfBirth"":""2007-02-16"",""age"":19,""cname"":""Chile"",""ccode"":""CHI"",""shirtNumber"":50}"
50003210,Universidad Catolica,fotmob,6458,1128926,Daniel Gónzalez,CURRENT_SQUAD,Defender,2002-02-20,24,Chile,FACT,true,1.0,https://www.fotmob.com/api/data/teams?id=6458,2026-09-22T18:30:11.545335+00:00,2026-09-22T18:30:11.545335+00:00,"{""id"":1128926,""name"":""Daniel Gónzalez"",""role"":{""key"":""defender_long"",""fallback"":""Defender""},""dateOfBirth"":""2002-02-20"",""age"":24,""cname"":""Chile"",""ccode"":""CHI"",""shirtNumber"":2}"
50003210,Universidad Catolica,fotmob,6458,193710,Eugenio Mena,CURRENT_SQUAD,Defender,1988-07-18,38,Chile,FACT,true,1.0,https://www.fotmob.com/api/data/teams?id=6458,2026-09-22T18:30:11.545335+00:00,2026-09-22T18:30:11.545335+00:00,"{""id"":193710,""name"":""Eugenio Mena"",""role"":{""key"":""defender_long"",""fallback"":""Defender""},""dateOfBirth"":""1988-07-18"",""age"":38,""cname"":""Chile"",""ccode"":""CHI"",""shirtNumber"":3}"
50003210,Universidad Catolica,fotmob,6458,1614364,Ignacio Pérez,CURRENT_SQUAD,Defender,2006-06-06,20,Chile,FACT,true,1.0,https://www.fotmob.com/api/data/teams?id=6458,2026-09-22T18:30:11.545335+00:00,2026-09-22T18:30:11.545335+00:00,"{""id"":1614364,""name"":""Ignacio Pérez"",""role"":{""key"":""defender_long"",""fallback"":""Defender""},""dateOfBirth"":""2006-06-06"",""age"":20,""cname"":""Chile"",""ccode"":""CHI"",""shirtNumber"":4}"
50003210,Universidad Catolica,fotmob,6458,1736325,Sebastián Arancibia,CURRENT_SQUAD,Defender,2006-06-15,20,Chile,FACT,true,1.0,https://www.fotmob.com/api/data/teams?id=6458,2026-09-22T18:30:11.545335+00:00,2026-09-22T18:30:11.545335+00:00,"{""id"":1736325,""name"":""Sebastián Arancibia"",""role"":{""key"":""defender_long"",""fallback"":""Defender""},""dateOfBirth"":""2006-06-15"",""age"":20,""cname"":""Chile"",""ccode"":""CHI"",""shirtNumber"":6}"
50003210,Universidad Catolica,fotmob,6458,577635,Branco Ampuero,CURRENT_SQUAD,Defender,1993-07-19,33,Chile,FACT,true,1.0,https://www.fotmob.com/api/data/teams?id=6458,2026-09-22T18:30:11.545335+00:00,2026-09-22T18:30:11.545335+00:00,"{""id"":577635,""name"":""Branco Ampuero"",""role"":{""key"":""defender_long"",""fallback"":""Defender""},""dateOfBirth"":""1993-07-19"",""age"":33,""cname"":""Chile"",""ccode"":""CHI"",""shirtNumber"":19}"
50003210,Universidad Catolica,fotmob,6458,447095,Agustín García Basso,CURRENT_SQUAD,Defender,1992-03-26,34,Argentina,FACT,true,1.0,https://www.fotmob.com/api/data/teams?id=6458,2026-09-22T18:30:11.545335+00:00,2026-09-22T18:30:11.545335+00:00,"{""id"":447095,""name"":""Agustín García Basso"",""role"":{""key"":""defender_long"",""fallback"":""Defender""},""dateOfBirth"":""1992-03-26"",""age"":34,""cname"":""Argentina"",""ccode"":""ARG"",""shirtNumber"":21}"
50003210,Universidad Catolica,fotmob,6458,465841,Tomás Asta-Buruaga,CURRENT_SQUAD,Defender,1996-10-11,29,Chile,FACT,true,1.0,https://www.fotmob.com/api/data/teams?id=6458,2026-09-22T18:30:11.545335+00:00,2026-09-22T18:30:11.545335+00:00,"{""id"":465841,""name"":""Tomás Asta-Buruaga"",""role"":{""key"":""defender_long"",""fallback"":""Defender""},""dateOfBirth"":""1996-10-11"",""age"":29,""cname"":""Chile"",""ccode"":""CHI"",""shirtNumber"":23}"
50003210,Universidad Catolica,fotmob,6458,1019476,Juan Díaz,CURRENT_SQUAD,Defender,1998-05-26,28,Argentina,FACT,true,1.0,https://www.fotmob.com/api/data/teams?id=6458,2026-09-22T18:30:11.545335+00:00,2026-09-22T18:30:11.545335+00:00,"{""id"":1019476,""name"":""Juan Díaz"",""role"":{""key"":""defender_long"",""fallback"":""Defender""},""dateOfBirth"":""1998-05-26"",""age"":28,""cname"":""Argentina"",""ccode"":""ARG"",""shirtNumber"":26}"
50003210,Universidad Catolica,fotmob,6458,424158,Bernardo Cerezo,CURRENT_SQUAD,Defender,1995-01-21,31,Chile,FACT,true,1.0,https://www.fotmob.com/api/data/teams?id=6458,2026-09-22T18:30:11.545335+00:00,2026-09-22T18:30:11.545335+00:00,"{""id"":424158,""name"":""Bernardo Cerezo"",""role"":{""key"":""defender_long"",""fallback"":""Defender""},""dateOfBirth"":""1995-01-21"",""age"":31,""cname"":""Chile"",""ccode"":""CHI"",""shirtNumber"":28}"
50003210,Universidad Catolica,fotmob,6458,1950801,Francisco Daza,CURRENT_SQUAD,Defender,2008-02-01,18,Chile,FACT,true,1.0,https://www.fotmob.com/api/data/teams?id=6458,2026-09-22T18:30:11.545335+00:00,2026-09-22T18:30:11.545335+00:00,"{""id"":1950801,""name"":""Francisco Daza"",""role"":{""key"":""defender_long"",""fallback"":""Defender""},""dateOfBirth"":""2008-02-01"",""age"":18,""cname"":""Chile"",""ccode"":""CHI"",""shirtNumber"":34}"
50003210,Universidad Catolica,fotmob,6458,1950803,Joaquín Meneses,CURRENT_SQUAD,Defender,2008-05-08,18,Chile,FACT,true,1.0,https://www.fotmob.com/api/data/teams?id=6458,2026-09-22T18:30:11.545335+00:00,2026-09-22T18:30:11.545335+00:00,"{""id"":1950803,""name"":""Joaquín Meneses"",""role"":{""key"":""defender_long"",""fallback"":""Defender""},""dateOfBirth"":""2008-05-08"",""age"":18,""cname"":""Chile"",""ccode"":""CHI"",""shirtNumber"":37}"
50003210,Universidad Catolica,fotmob,6458,1780075,Nicolás L'Huillier,CURRENT_SQUAD,Defender,2005-01-15,21,Chile,FACT,true,1.0,https://www.fotmob.com/api/data/teams?id=6458,2026-09-22T18:30:11.545335+00:00,2026-09-22T18:30:11.545335+00:00,"{""id"":1780075,""name"":""Nicolás L'Huillier"",""role"":{""key"":""defender_long"",""fallback"":""Defender""},""dateOfBirth"":""2005-01-15"",""age"":21,""cname"":""Chile"",""ccode"":""CHI"",""shirtNumber"":39}"
50003210,Universidad Catolica,fotmob,6458,1790194,José Salas,CURRENT_SQUAD,Defender,2008-02-22,18,Chile,FACT,true,1.0,https://www.fotmob.com/api/data/teams?id=6458,2026-09-22T18:30:11.545335+00:00,2026-09-22T18:30:11.545335+00:00,"{""id"":1790194,""name"":""José Salas"",""role"":{""key"":""defender_long"",""fallback"":""Defender""},""dateOfBirth"":""2008-02-22"",""age"":18,""cname"":""Chile"",""ccode"":""CHI"",""shirtNumber"":44}"
50003210,Universidad Catolica,fotmob,6458,1813494,Jeffrey Sekgota,CURRENT_SQUAD,Defender,2006-11-17,19,Chile,FACT,true,1.0,https://www.fotmob.com/api/data/teams?id=6458,2026-09-22T18:30:11.545335+00:00,2026-09-22T18:30:11.545335+00:00,"{""id"":1813494,""name"":""Jeffrey Sekgota"",""role"":{""key"":""defender_long"",""fallback"":""Defender""},""dateOfBirth"":""2006-11-17"",""age"":19,""cname"":""Chile"",""ccode"":""CHI"",""shirtNumber"":46}"
50003210,Universidad Catolica,fotmob,6458,1957992,Raimundo Vega,CURRENT_SQUAD,Defender,2006-08-23,20,Chile,FACT,true,1.0,https://www.fotmob.com/api/data/teams?id=6458,2026-09-22T18:30:11.545335+00:00,2026-09-22T18:30:11.545335+00:00,"{""id"":1957992,""name"":""Raimundo Vega"",""role"":{""key"":""defender_long"",""fallback"":""Defender""},""dateOfBirth"":""2006-08-23"",""age"":20,""cname"":""Chile"",""ccode"":""CHI"",""shirtNumber"":49}"
50003210,Universidad Catolica,fotmob,6458,579407,Agustín Farías,CURRENT_SQUAD,Midfielder,1987-12-25,38,Argentina,FACT,true,1.0,https://www.fotmob.com/api/data/teams?id=6458,2026-09-22T18:30:11.545335+00:00,2026-09-22T18:30:11.545335+00:00,"{""id"":579407,""name"":""Agustín Farías"",""role"":{""key"":""midfielder_long"",""fallback"":""Midfielder""},""dateOfBirth"":""1987-12-25"",""age"":38,""cname"":""Argentina"",""ccode"":""ARG"",""shirtNumber"":5}"
50003210,Universidad Catolica,fotmob,6458,324723,Fernando Zuqui,CURRENT_SQUAD,Midfielder,1991-11-27,34,Argentina,FACT,true,1.0,https://www.fotmob.com/api/data/teams?id=6458,2026-09-22T18:30:11.545335+00:00,2026-09-22T18:30:11.545335+00:00,"{""id"":324723,""name"":""Fernando Zuqui"",""role"":{""key"":""midfielder_long"",""fallback"":""Midfielder""},""dateOfBirth"":""1991-11-27"",""age"":34,""cname"":""Argentina"",""ccode"":""ARG"",""shirtNumber"":8}"
50003210,Universidad Catolica,fotmob,6458,1028444,Matías Palavecino,CURRENT_SQUAD,Midfielder,1998-05-23,28,Argentina,FACT,true,1.0,https://www.fotmob.com/api/data/teams?id=6458,2026-09-22T18:30:11.545335+00:00,2026-09-22T18:30:11.545335+00:00,"{""id"":1028444,""name"":""Matías Palavecino"",""role"":{""key"":""midfielder_long"",""fallback"":""Midfielder""},""dateOfBirth"":""1998-05-23"",""age"":28,""cname"":""Argentina"",""ccode"":""ARG"",""shirtNumber"":10}"
50003210,Universidad Catolica,fotmob,6458,1128768,Alfred Canales,CURRENT_SQUAD,Midfielder,2000-04-27,26,Chile,FACT,true,1.0,https://www.fotmob.com/api/data/teams?id=6458,2026-09-22T18:30:11.545335+00:00,2026-09-22T18:30:11.545335+00:00,"{""id"":1128768,""name"":""Alfred Canales"",""role"":{""key"":""midfielder_long"",""fallback"":""Midfielder""},""dateOfBirth"":""2000-04-27"",""age"":26,""cname"":""Chile"",""ccode"":""CHI"",""shirtNumber"":13}"
50003210,Universidad Catolica,fotmob,6458,609529,Jimmy Martínez,CURRENT_SQUAD,Midfielder,1997-01-26,29,Chile,FACT,true,1.0,https://www.fotmob.com/api/data/teams?id=6458,2026-09-22T18:30:11.545335+00:00,2026-09-22T18:30:11.545335+00:00,"{""id"":609529,""name"":""Jimmy Martínez"",""role"":{""key"":""midfielder_long"",""fallback"":""Midfielder""},""dateOfBirth"":""1997-01-26"",""age"":29,""cname"":""Chile"",""ccode"":""CHI"",""shirtNumber"":14}"
50003210,Universidad Catolica,fotmob,6458,274456,Cristián Cuevas,CURRENT_SQUAD,Midfielder,1995-04-02,31,Chile,FACT,true,1.0,https://www.fotmob.com/api/data/teams?id=6458,2026-09-22T18:30:11.545335+00:00,2026-09-22T18:30:11.545335+00:00,"{""id"":274456,""name"":""Cristián Cuevas"",""role"":{""key"":""midfielder_long"",""fallback"":""Midfielder""},""dateOfBirth"":""1995-04-02"",""age"":31,""cname"":""Chile"",""ccode"":""CHI"",""shirtNumber"":15}"
50003210,Universidad Catolica,fotmob,6458,49970,Gary Medel,CURRENT_SQUAD,Midfielder,1987-08-03,39,Chile,FACT,true,1.0,https://www.fotmob.com/api/data/teams?id=6458,2026-09-22T18:30:11.545335+00:00,2026-09-22T18:30:11.545335+00:00,"{""id"":49970,""name"":""Gary Medel"",""role"":{""key"":""midfielder_long"",""fallback"":""Midfielder""},""dateOfBirth"":""1987-08-03"",""age"":39,""cname"":""Chile"",""ccode"":""CHI"",""shirtNumber"":17}"
50003210,Universidad Catolica,fotmob,6458,860908,Jhojan Valencia,CURRENT_SQUAD,Midfielder,1996-07-27,30,Colombia,FACT,true,1.0,https://www.fotmob.com/api/data/teams?id=6458,2026-09-22T18:30:11.545335+00:00,2026-09-22T18:30:11.545335+00:00,"{""id"":860908,""name"":""Jhojan Valencia"",""role"":{""key"":""midfielder_long"",""fallback"":""Midfielder""},""dateOfBirth"":""1996-07-27"",""age"":30,""cname"":""Colombia"",""ccode"":""COL"",""shirtNumber"":20}"
50003210,Universidad Catolica,fotmob,6458,1950862,Vasco León,CURRENT_SQUAD,Midfielder,2006-06-17,20,Chile,FACT,true,1.0,https://www.fotmob.com/api/data/teams?id=6458,2026-09-22T18:30:11.545335+00:00,2026-09-22T18:30:11.545335+00:00,"{""id"":1950862,""name"":""Vasco León"",""role"":{""key"":""midfielder_long"",""fallback"":""Midfielder""},""dateOfBirth"":""2006-06-17"",""age"":20,""cname"":""Chile"",""ccode"":""CHI"",""shirtNumber"":28}"
50003210,Universidad Catolica,fotmob,6458,1962223,Vicente Olivares,CURRENT_SQUAD,Midfielder,2006-11-25,19,Chile,FACT,true,1.0,https://www.fotmob.com/api/data/teams?id=6458,2026-09-22T18:30:11.545335+00:00,2026-09-22T18:30:11.545335+00:00,"{""id"":1962223,""name"":""Vicente Olivares"",""role"":{""key"":""midfielder_long"",""fallback"":""Midfielder""},""dateOfBirth"":""2006-11-25"",""age"":19,""cname"":""Chile"",""ccode"":""CHI"",""shirtNumber"":48}"
50003210,Universidad Catolica,fotmob,6458,1966114,Lucas Barraza,CURRENT_SQUAD,Midfielder,2008-05-02,18,Chile,FACT,true,1.0,https://www.fotmob.com/api/data/teams?id=6458,2026-09-22T18:30:11.545335+00:00,2026-09-22T18:30:11.545335+00:00,"{""id"":1966114,""name"":""Lucas Barraza"",""role"":{""key"":""midfielder_long"",""fallback"":""Midfielder""},""dateOfBirth"":""2008-05-02"",""age"":18,""cname"":""Chile"",""ccode"":""CHI"",""shirtNumber"":52}"
50003210,Universidad Catolica,fotmob,6458,1003370,Justo Giani,CURRENT_SQUAD,Attacker,1999-04-07,27,Argentina,FACT,true,1.0,https://www.fotmob.com/api/data/teams?id=6458,2026-09-22T18:30:11.545335+00:00,2026-09-22T18:30:11.545335+00:00,"{""id"":1003370,""name"":""Justo Giani"",""role"":{""key"":""attacker_long"",""fallback"":""Attacker""},""dateOfBirth"":""1999-04-07"",""age"":27,""cname"":""Argentina"",""ccode"":""ARG"",""shirtNumber"":7}"
50003210,Universidad Catolica,fotmob,6458,203530,Fernando Zampedri,CURRENT_SQUAD,Attacker,1988-02-14,38,Chile,FACT,true,1.0,https://www.fotmob.com/api/data/teams?id=6458,2026-09-22T18:30:11.545335+00:00,2026-09-22T18:30:11.545335+00:00,"{""id"":203530,""name"":""Fernando Zampedri"",""role"":{""key"":""attacker_long"",""fallback"":""Attacker""},""dateOfBirth"":""1988-02-14"",""age"":38,""cname"":""Chile"",""ccode"":""CHI"",""shirtNumber"":9}"
50003210,Universidad Catolica,fotmob,6458,1220258,Clemente Montes,CURRENT_SQUAD,Attacker,2001-04-25,25,Chile,FACT,true,1.0,https://www.fotmob.com/api/data/teams?id=6458,2026-09-22T18:30:11.545335+00:00,2026-09-22T18:30:11.545335+00:00,"{""id"":1220258,""name"":""Clemente Montes"",""role"":{""key"":""attacker_long"",""fallback"":""Attacker""},""dateOfBirth"":""2001-04-25"",""age"":25,""cname"":""Chile"",""ccode"":""CHI"",""shirtNumber"":11}"
50003210,Universidad Catolica,fotmob,6458,1467022,Juan Rossel,CURRENT_SQUAD,Attacker,2005-03-17,21,Chile,FACT,true,1.0,https://www.fotmob.com/api/data/teams?id=6458,2026-09-22T18:30:11.545335+00:00,2026-09-22T18:30:11.545335+00:00,"{""id"":1467022,""name"":""Juan Rossel"",""role"":{""key"":""attacker_long"",""fallback"":""Attacker""},""dateOfBirth"":""2005-03-17"",""age"":21,""cname"":""Chile"",""ccode"":""CHI"",""shirtNumber"":18}"
50003210,Universidad Catolica,fotmob,6458,1717439,Martín Gómez,CURRENT_SQUAD,Attacker,2006-05-01,20,Argentina,FACT,true,1.0,https://www.fotmob.com/api/data/teams?id=6458,2026-09-22T18:30:11.545335+00:00,2026-09-22T18:30:11.545335+00:00,"{""id"":1717439,""name"":""Martín Gómez"",""role"":{""key"":""attacker_long"",""fallback"":""Attacker""},""dateOfBirth"":""2006-05-01"",""age"":20,""cname"":""Argentina"",""ccode"":""ARG"",""shirtNumber"":22}"
50003210,Universidad Catolica,fotmob,6458,1445306,Diego Corral,CURRENT_SQUAD,Attacker,2005-03-09,21,Chile,FACT,true,1.0,https://www.fotmob.com/api/data/teams?id=6458,2026-09-22T18:30:11.545335+00:00,2026-09-22T18:30:11.545335+00:00,"{""id"":1445306,""name"":""Diego Corral"",""role"":{""key"":""attacker_long"",""fallback"":""Attacker""},""dateOfBirth"":""2005-03-09"",""age"":21,""cname"":""Chile"",""ccode"":""CHI"",""shirtNumber"":25}"
50003210,Universidad Catolica,fotmob,6458,888750,Diego Valencia,CURRENT_SQUAD,Attacker,2000-01-14,26,Chile,FACT,true,1.0,https://www.fotmob.com/api/data/teams?id=6458,2026-09-22T18:30:11.545335+00:00,2026-09-22T18:30:11.545335+00:00,"{""id"":888750,""name"":""Diego Valencia"",""role"":{""key"":""attacker_long"",""fallback"":""Attacker""},""dateOfBirth"":""2000-01-14"",""age"":26,""cname"":""Chile"",""ccode"":""CHI"",""shirtNumber"":30}"
50003210,Universidad Catolica,fotmob,6458,1957989,Nicolás Girón,CURRENT_SQUAD,Attacker,2007-04-18,19,Colombia,FACT,true,1.0,https://www.fotmob.com/api/data/teams?id=6458,2026-09-22T18:30:11.545335+00:00,2026-09-22T18:30:11.545335+00:00,"{""id"":1957989,""name"":""Nicolás Girón"",""role"":{""key"":""attacker_long"",""fallback"":""Attacker""},""dateOfBirth"":""2007-04-18"",""age"":19,""cname"":""Colombia"",""ccode"":""COL"",""shirtNumber"":38}"
50003210,Universidad Catolica,fotmob,6458,1950860,Nickolas Pino,CURRENT_SQUAD,Attacker,2006-10-11,19,Chile,FACT,true,1.0,https://www.fotmob.com/api/data/teams?id=6458,2026-09-22T18:30:11.545335+00:00,2026-09-22T18:30:11.545335+00:00,"{""id"":1950860,""name"":""Nickolas Pino"",""role"":{""key"":""attacker_long"",""fallback"":""Attacker""},""dateOfBirth"":""2006-10-11"",""age"":19,""cname"":""Chile"",""ccode"":""CHI"",""shirtNumber"":42}"
50003210,Universidad Catolica,fotmob,6458,1950861,Amaro Pérez,CURRENT_SQUAD,Attacker,2009-09-02,17,Chile,FACT,true,1.0,https://www.fotmob.com/api/data/teams?id=6458,2026-09-22T18:30:11.545335+00:00,2026-09-22T18:30:11.545335+00:00,"{""id"":1950861,""name"":""Amaro Pérez"",""role"":{""key"":""attacker_long"",""fallback"":""Attacker""},""dateOfBirth"":""2009-09-02"",""age"":17,""cname"":""Chile"",""ccode"":""CHI"",""shirtNumber"":43}"
50003210,Universidad Catolica,fotmob,6458,1957991,Matías Moreno,CURRENT_SQUAD,Attacker,2006-12-04,19,Argentina,FACT,true,1.0,https://www.fotmob.com/api/data/teams?id=6458,2026-09-22T18:30:11.545335+00:00,2026-09-22T18:30:11.545335+00:00,"{""id"":1957991,""name"":""Matías Moreno"",""role"":{""key"":""attacker_long"",""fallback"":""Attacker""},""dateOfBirth"":""2006-12-04"",""age"":19,""cname"":""Argentina"",""ccode"":""ARG"",""shirtNumber"":51}"
50003222,Uruguay,fotmob,5796,38460,Diego Forlán,CURRENT_SQUAD,Coach,1979-05-19,47,Uruguay,FACT,true,1.0,https://www.fotmob.com/api/data/teams?id=5796,2026-09-22T18:30:11.545335+00:00,2026-09-22T18:30:11.545335+00:00,"{""id"":38460,""name"":""Diego Forlán"",""role"":{""key"":""coach"",""fallback"":""Coach""},""dateOfBirth"":""1979-05-19"",""age"":47,""cname"":""Uruguay"",""ccode"":""URU""}"
50003222,Uruguay,fotmob,5796,553476,Sergio Rochet,CURRENT_SQUAD,Keeper,1993-03-23,33,Internacional,FACT,true,1.0,https://www.fotmob.com/api/data/teams?id=5796,2026-09-22T18:30:11.545335+00:00,2026-09-22T18:30:11.545335+00:00,"{""id"":553476,""name"":""Sergio Rochet"",""role"":{""key"":""keeper_long"",""fallback"":""Keeper""},""dateOfBirth"":""1993-03-23"",""age"":33,""cname"":""Internacional"",""ccode"":""8702"",""shirtNumber"":1}"
50003222,Uruguay,fotmob,5796,848027,Santiago Mele,CURRENT_SQUAD,Keeper,1997-09-06,29,Independiente,FACT,true,1.0,https://www.fotmob.com/api/data/teams?id=5796,2026-09-22T18:30:11.545335+00:00,2026-09-22T18:30:11.545335+00:00,"{""id"":848027,""name"":""Santiago Mele"",""role"":{""key"":""keeper_long"",""fallback"":""Keeper""},""dateOfBirth"":""1997-09-06"",""age"":29,""cname"":""Independiente"",""ccode"":""10078"",""shirtNumber"":12}"
50003222,Uruguay,fotmob,5796,56829,Fernando Muslera,CURRENT_SQUAD,Keeper,1986-06-16,40,Estudiantes,FACT,true,1.0,https://www.fotmob.com/api/data/teams?id=5796,2026-09-22T18:30:11.545335+00:00,2026-09-22T18:30:11.545335+00:00,"{""id"":56829,""name"":""Fernando Muslera"",""role"":{""key"":""keeper_long"",""fallback"":""Keeper""},""dateOfBirth"":""1986-06-16"",""age"":40,""cname"":""Estudiantes"",""ccode"":""10094"",""shirtNumber"":23}"
50003222,Uruguay,fotmob,5796,474589,José Giménez,CURRENT_SQUAD,Defender,1995-01-20,31,Deportivo A Coruña,FACT,true,1.0,https://www.fotmob.com/api/data/teams?id=5796,2026-09-22T18:30:11.545335+00:00,2026-09-22T18:30:11.545335+00:00,"{""id"":474589,""name"":""José Giménez"",""role"":{""key"":""defender_long"",""fallback"":""Defender""},""dateOfBirth"":""1995-01-20"",""age"":31,""cname"":""Deportivo A Coruña"",""ccode"":""9783"",""shirtNumber"":2}"
50003222,Uruguay,fotmob,5796,1020026,Sebastián Cáceres,CURRENT_SQUAD,Defender,1999-08-18,27,Celta Vigo,FACT,true,1.0,https://www.fotmob.com/api/data/teams?id=5796,2026-09-22T18:30:11.545335+00:00,2026-09-22T18:30:11.545335+00:00,"{""id"":1020026,""name"":""Sebastián Cáceres"",""role"":{""key"":""defender_long"",""fallback"":""Defender""},""dateOfBirth"":""1999-08-18"",""age"":27,""cname"":""Celta Vigo"",""ccode"":""9910"",""shirtNumber"":3}"
50003222,Uruguay,fotmob,5796,921253,Ronald Araujo,CURRENT_SQUAD,Defender,1999-03-07,27,Liverpool,FACT,true,1.0,https://www.fotmob.com/api/data/teams?id=5796,2026-09-22T18:30:11.545335+00:00,2026-09-22T18:30:11.545335+00:00,"{""id"":921253,""name"":""Ronald Araujo"",""role"":{""key"":""defender_long"",""fallback"":""Defender""},""dateOfBirth"":""1999-03-07"",""age"":27,""cname"":""Liverpool"",""ccode"":""8650"",""shirtNumber"":4}"
50003222,Uruguay,fotmob,5796,465614,Guillermo Varela,CURRENT_SQUAD,Defender,1993-03-24,33,Flamengo,FACT,true,1.0,https://www.fotmob.com/api/data/teams?id=5796,2026-09-22T18:30:11.545335+00:00,2026-09-22T18:30:11.545335+00:00,"{""id"":465614,""name"":""Guillermo Varela"",""role"":{""key"":""defender_long"",""fallback"":""Defender""},""dateOfBirth"":""1993-03-24"",""age"":33,""cname"":""Flamengo"",""ccode"":""9770"",""shirtNumber"":13}"
50003222,Uruguay,fotmob,5796,729093,Mathías Olivera,CURRENT_SQUAD,Defender,1997-10-31,28,Napoli,FACT,true,1.0,https://www.fotmob.com/api/data/teams?id=5796,2026-09-22T18:30:11.545335+00:00,2026-09-22T18:30:11.545335+00:00,"{""id"":729093,""name"":""Mathías Olivera"",""role"":{""key"":""defender_long"",""fallback"":""Defender""},""dateOfBirth"":""1997-10-31"",""age"":28,""cname"":""Napoli"",""ccode"":""9875"",""shirtNumber"":16}"
50003222,Uruguay,fotmob,5796,840184,Matías Viña,CURRENT_SQUAD,Defender,1997-11-09,28,Cruzeiro,FACT,true,1.0,https://www.fotmob.com/api/data/teams?id=5796,2026-09-22T18:30:11.545335+00:00,2026-09-22T18:30:11.545335+00:00,"{""id"":840184,""name"":""Matías Viña"",""role"":{""key"":""defender_long"",""fallback"":""Defender""},""dateOfBirth"":""1997-11-09"",""age"":28,""cname"":""Cruzeiro"",""ccode"":""9781"",""shirtNumber"":17}"
50003222,Uruguay,fotmob,5796,1031656,Maxi Araújo,CURRENT_SQUAD,Defender,2000-02-15,26,Sporting CP,FACT,true,1.0,https://www.fotmob.com/api/data/teams?id=5796,2026-09-22T18:30:11.545335+00:00,2026-09-22T18:30:11.545335+00:00,"{""id"":1031656,""name"":""Maxi Araújo"",""role"":{""key"":""defender_long"",""fallback"":""Defender""},""dateOfBirth"":""2000-02-15"",""age"":26,""cname"":""Sporting CP"",""ccode"":""9768"",""shirtNumber"":20}"
50003222,Uruguay,fotmob,5796,861661,Joaquín Piquerez,CURRENT_SQUAD,Defender,1998-08-24,28,Palmeiras,FACT,true,1.0,https://www.fotmob.com/api/data/teams?id=5796,2026-09-22T18:30:11.545335+00:00,2026-09-22T18:30:11.545335+00:00,"{""id"":861661,""name"":""Joaquín Piquerez"",""role"":{""key"":""defender_long"",""fallback"":""Defender""},""dateOfBirth"":""1998-08-24"",""age"":28,""cname"":""Palmeiras"",""ccode"":""10283"",""shirtNumber"":22}"
50003222,Uruguay,fotmob,5796,848034,Santiago Bueno,CURRENT_SQUAD,Defender,1998-11-09,27,CF América,FACT,true,1.0,https://www.fotmob.com/api/data/teams?id=5796,2026-09-22T18:30:11.545335+00:00,2026-09-22T18:30:11.545335+00:00,"{""id"":848034,""name"":""Santiago Bueno"",""role"":{""key"":""defender_long"",""fallback"":""Defender""},""dateOfBirth"":""1998-11-09"",""age"":27,""cname"":""CF América"",""ccode"":""6576"",""shirtNumber"":24}"
50003222,Uruguay,fotmob,5796,1035614,Manuel Ugarte,CURRENT_SQUAD,Midfielder,2001-04-11,25,Manchester United,FACT,true,1.0,https://www.fotmob.com/api/data/teams?id=5796,2026-09-22T18:30:11.545335+00:00,2026-09-22T18:30:11.545335+00:00,"{""id"":1035614,""name"":""Manuel Ugarte"",""role"":{""key"":""midfielder_long"",""fallback"":""Midfielder""},""dateOfBirth"":""2001-04-11"",""age"":25,""cname"":""Manchester United"",""ccode"":""10260"",""shirtNumber"":5}"
50003222,Uruguay,fotmob,5796,620618,Rodrigo Bentancur,CURRENT_SQUAD,Midfielder,1997-06-25,29,Tottenham Hotspur,FACT,true,1.0,https://www.fotmob.com/api/data/teams?id=5796,2026-09-22T18:30:11.545335+00:00,2026-09-22T18:30:11.545335+00:00,"{""id"":620618,""name"":""Rodrigo Bentancur"",""role"":{""key"":""midfielder_long"",""fallback"":""Midfielder""},""dateOfBirth"":""1997-06-25"",""age"":29,""cname"":""Tottenham Hotspur"",""ccode"":""8586"",""shirtNumber"":6}"
50003222,Uruguay,fotmob,5796,751198,Nicolás de la Cruz,CURRENT_SQUAD,Midfielder,1997-06-01,29,Flamengo,FACT,true,1.0,https://www.fotmob.com/api/data/teams?id=5796,2026-09-22T18:30:11.545335+00:00,2026-09-22T18:30:11.545335+00:00,"{""id"":751198,""name"":""Nicolás de la Cruz"",""role"":{""key"":""midfielder_long"",""fallback"":""Midfielder""},""dateOfBirth"":""1997-06-01"",""age"":29,""cname"":""Flamengo"",""ccode"":""9770"",""shirtNumber"":7}"
50003222,Uruguay,fotmob,5796,743533,Federico Valverde,CURRENT_SQUAD,Midfielder,1998-07-22,28,Real Madrid,FACT,true,1.0,https://www.fotmob.com/api/data/teams?id=5796,2026-09-22T18:30:11.545335+00:00,2026-09-22T18:30:11.545335+00:00,"{""id"":743533,""name"":""Federico Valverde"",""role"":{""key"":""midfielder_long"",""fallback"":""Midfielder""},""dateOfBirth"":""1998-07-22"",""age"":28,""cname"":""Real Madrid"",""ccode"":""8633"",""shirtNumber"":8}"
50003222,Uruguay,fotmob,5796,438647,Giorgian De Arrascaeta,CURRENT_SQUAD,Midfielder,1994-06-01,32,Flamengo,FACT,true,1.0,https://www.fotmob.com/api/data/teams?id=5796,2026-09-22T18:30:11.545335+00:00,2026-09-22T18:30:11.545335+00:00,"{""id"":438647,""name"":""Giorgian De Arrascaeta"",""role"":{""key"":""midfielder_long"",""fallback"":""Midfielder""},""dateOfBirth"":""1994-06-01"",""age"":32,""cname"":""Flamengo"",""ccode"":""9770"",""shirtNumber"":10}"
50003222,Uruguay,fotmob,5796,1137909,Emiliano Martínez,CURRENT_SQUAD,Midfielder,1999-08-17,27,Palmeiras,FACT,true,1.0,https://www.fotmob.com/api/data/teams?id=5796,2026-09-22T18:30:11.545335+00:00,2026-09-22T18:30:11.545335+00:00,"{""id"":1137909,""name"":""Emiliano Martínez"",""role"":{""key"":""midfielder_long"",""fallback"":""Midfielder""},""dateOfBirth"":""1999-08-17"",""age"":27,""cname"":""Palmeiras"",""ccode"":""10283"",""shirtNumber"":15}"
50003222,Uruguay,fotmob,5796,1053963,Juan Sanabria,CURRENT_SQUAD,Midfielder,2000-03-29,26,Real Salt Lake,FACT,true,1.0,https://www.fotmob.com/api/data/teams?id=5796,2026-09-22T18:30:11.545335+00:00,2026-09-22T18:30:11.545335+00:00,"{""id"":1053963,""name"":""Juan Sanabria"",""role"":{""key"":""midfielder_long"",""fallback"":""Midfielder""},""dateOfBirth"":""2000-03-29"",""age"":26,""cname"":""Real Salt Lake"",""ccode"":""6606"",""shirtNumber"":25}"
50003222,Uruguay,fotmob,5796,950561,Darwin Núñez,CURRENT_SQUAD,Attacker,1999-06-24,27,Al Diriyah,FACT,true,1.0,https://www.fotmob.com/api/data/teams?id=5796,2026-09-22T18:30:11.545335+00:00,2026-09-22T18:30:11.545335+00:00,"{""id"":950561,""name"":""Darwin Núñez"",""role"":{""key"":""attacker_long"",""fallback"":""Attacker""},""dateOfBirth"":""1999-06-24"",""age"":27,""cname"":""Al Diriyah"",""ccode"":""1787233"",""shirtNumber"":9}"
50003222,Uruguay,fotmob,5796,1073402,Facundo Pellistri,CURRENT_SQUAD,Attacker,2001-12-20,24,Panathinaikos,FACT,true,1.0,https://www.fotmob.com/api/data/teams?id=5796,2026-09-22T18:30:11.545335+00:00,2026-09-22T18:30:11.545335+00:00,"{""id"":1073402,""name"":""Facundo Pellistri"",""role"":{""key"":""attacker_long"",""fallback"":""Attacker""},""dateOfBirth"":""2001-12-20"",""age"":24,""cname"":""Panathinaikos"",""ccode"":""10200"",""shirtNumber"":11}"
50003222,Uruguay,fotmob,5796,840212,Agustín Canobbio,CURRENT_SQUAD,Attacker,1998-10-01,27,Fluminense,FACT,true,1.0,https://www.fotmob.com/api/data/teams?id=5796,2026-09-22T18:30:11.545335+00:00,2026-09-22T18:30:11.545335+00:00,"{""id"":840212,""name"":""Agustín Canobbio"",""role"":{""key"":""attacker_long"",""fallback"":""Attacker""},""dateOfBirth"":""1998-10-01"",""age"":27,""cname"":""Fluminense"",""ccode"":""9863"",""shirtNumber"":14}"
50003222,Uruguay,fotmob,5796,941660,Brian Rodríguez,CURRENT_SQUAD,Attacker,2000-05-20,26,CF América,FACT,true,1.0,https://www.fotmob.com/api/data/teams?id=5796,2026-09-22T18:30:11.545335+00:00,2026-09-22T18:30:11.545335+00:00,"{""id"":941660,""name"":""Brian Rodríguez"",""role"":{""key"":""attacker_long"",""fallback"":""Attacker""},""dateOfBirth"":""2000-05-20"",""age"":26,""cname"":""CF América"",""ccode"":""6576"",""shirtNumber"":18}"
50003222,Uruguay,fotmob,5796,401095,Rodrigo Aguirre,CURRENT_SQUAD,Attacker,1994-10-01,31,Tigres,FACT,true,1.0,https://www.fotmob.com/api/data/teams?id=5796,2026-09-22T18:30:11.545335+00:00,2026-09-22T18:30:11.545335+00:00,"{""id"":401095,""name"":""Rodrigo Aguirre"",""role"":{""key"":""attacker_long"",""fallback"":""Attacker""},""dateOfBirth"":""1994-10-01"",""age"":31,""cname"":""Tigres"",""ccode"":""8561"",""shirtNumber"":19}"
50003222,Uruguay,fotmob,5796,1032811,Federico Viñas,CURRENT_SQUAD,Attacker,1998-06-30,28,Toluca,FACT,true,1.0,https://www.fotmob.com/api/data/teams?id=5796,2026-09-22T18:30:11.545335+00:00,2026-09-22T18:30:11.545335+00:00,"{""id"":1032811,""name"":""Federico Viñas"",""role"":{""key"":""attacker_long"",""fallback"":""Attacker""},""dateOfBirth"":""1998-06-30"",""age"":28,""cname"":""Toluca"",""ccode"":""6618"",""shirtNumber"":21}"
50003222,Uruguay,fotmob,5796,1070776,Rodrigo Zalazar,CURRENT_SQUAD,Attacker,1999-08-12,27,Sporting CP,FACT,true,1.0,https://www.fotmob.com/api/data/teams?id=5796,2026-09-22T18:30:11.545335+00:00,2026-09-22T18:30:11.545335+00:00,"{""id"":1070776,""name"":""Rodrigo Zalazar"",""role"":{""key"":""attacker_long"",""fallback"":""Attacker""},""dateOfBirth"":""1999-08-12"",""age"":27,""cname"":""Sporting CP"",""ccode"":""9768"",""shirtNumber"":26}"
50003329,Vissel Kobe,fotmob,4688,78627,Michael Skibbe,CURRENT_SQUAD,Coach,1965-08-04,61,Germany,FACT,true,1.0,https://www.fotmob.com/api/data/teams?id=4688,2026-09-22T18:30:11.545335+00:00,2026-09-22T18:30:11.545335+00:00,"{""id"":78627,""name"":""Michael Skibbe"",""role"":{""key"":""coach"",""fallback"":""Coach""},""dateOfBirth"":""1965-08-04"",""age"":61,""cname"":""Germany"",""ccode"":""GER""}"
50003329,Vissel Kobe,fotmob,4688,846603,Daiya Maekawa,CURRENT_SQUAD,Keeper,1994-09-08,32,Japan,FACT,true,1.0,https://www.fotmob.com/api/data/teams?id=4688,2026-09-22T18:30:11.545335+00:00,2026-09-22T18:30:11.545335+00:00,"{""id"":846603,""name"":""Daiya Maekawa"",""role"":{""key"":""keeper_long"",""fallback"":""Keeper""},""dateOfBirth"":""1994-09-08"",""age"":32,""cname"":""Japan"",""ccode"":""JPN"",""shirtNumber"":1}"
50003329,Vissel Kobe,fotmob,4688,20122,Shota Arai,CURRENT_SQUAD,Keeper,1988-11-01,37,Japan,FACT,true,1.0,https://www.fotmob.com/api/data/teams?id=4688,2026-09-22T18:30:11.545335+00:00,2026-09-22T18:30:11.545335+00:00,"{""id"":20122,""name"":""Shota Arai"",""role"":{""key"":""keeper_long"",""fallback"":""Keeper""},""dateOfBirth"":""1988-11-01"",""age"":37,""cname"":""Japan"",""ccode"":""JPN"",""shirtNumber"":21}"
50003329,Vissel Kobe,fotmob,4688,1718264,Richard Monday Ubong,CURRENT_SQUAD,Keeper,2005-10-01,20,Nigeria,FACT,true,1.0,https://www.fotmob.com/api/data/teams?id=4688,2026-09-22T18:30:11.545335+00:00,2026-09-22T18:30:11.545335+00:00,"{""id"":1718264,""name"":""Richard Monday Ubong"",""role"":{""key"":""keeper_long"",""fallback"":""Keeper""},""dateOfBirth"":""2005-10-01"",""age"":20,""cname"":""Nigeria"",""ccode"":""NGA"",""shirtNumber"":32}"
50003329,Vissel Kobe,fotmob,4688,1609832,Shioki Takayama,CURRENT_SQUAD,Keeper,2001-06-13,25,Japan,FACT,true,1.0,https://www.fotmob.com/api/data/teams?id=4688,2026-09-22T18:30:11.545335+00:00,2026-09-22T18:30:11.545335+00:00,"{""id"":1609832,""name"":""Shioki Takayama"",""role"":{""key"":""keeper_long"",""fallback"":""Keeper""},""dateOfBirth"":""2001-06-13"",""age"":25,""cname"":""Japan"",""ccode"":""JPN"",""shirtNumber"":39}"
50003329,Vissel Kobe,fotmob,4688,98238,Shuichi Gonda,CURRENT_SQUAD,Keeper,1989-03-03,37,Japan,FACT,true,1.0,https://www.fotmob.com/api/data/teams?id=4688,2026-09-22T18:30:11.545335+00:00,2026-09-22T18:30:11.545335+00:00,"{""id"":98238,""name"":""Shuichi Gonda"",""role"":{""key"":""keeper_long"",""fallback"":""Keeper""},""dateOfBirth"":""1989-03-03"",""age"":37,""cname"":""Japan"",""ccode"":""JPN"",""shirtNumber"":71}"
50003329,Vissel Kobe,fotmob,4688,1134847,Nanasei Iino,CURRENT_SQUAD,Defender,1996-10-02,29,Japan,FACT,true,1.0,https://www.fotmob.com/api/data/teams?id=4688,2026-09-22T18:30:11.545335+00:00,2026-09-22T18:30:11.545335+00:00,"{""id"":1134847,""name"":""Nanasei Iino"",""role"":{""key"":""defender_long"",""fallback"":""Defender""},""dateOfBirth"":""1996-10-02"",""age"":29,""cname"":""Japan"",""ccode"":""JPN"",""shirtNumber"":2}"
50003329,Vissel Kobe,fotmob,4688,895646,Matheus Thuler,CURRENT_SQUAD,Defender,1999-03-10,27,Brazil,FACT,true,1.0,https://www.fotmob.com/api/data/teams?id=4688,2026-09-22T18:30:11.545335+00:00,2026-09-22T18:30:11.545335+00:00,"{""id"":895646,""name"":""Matheus Thuler"",""role"":{""key"":""defender_long"",""fallback"":""Defender""},""dateOfBirth"":""1999-03-10"",""age"":27,""cname"":""Brazil"",""ccode"":""BRA"",""shirtNumber"":3}"
50003329,Vissel Kobe,fotmob,4688,688651,Tetsushi Yamakawa,CURRENT_SQUAD,Defender,1997-10-01,28,Japan,FACT,true,1.0,https://www.fotmob.com/api/data/teams?id=4688,2026-09-22T18:30:11.545335+00:00,2026-09-22T18:30:11.545335+00:00,"{""id"":688651,""name"":""Tetsushi Yamakawa"",""role"":{""key"":""defender_long"",""fallback"":""Defender""},""dateOfBirth"":""1997-10-01"",""age"":28,""cname"":""Japan"",""ccode"":""JPN"",""shirtNumber"":4}"
50003329,Vissel Kobe,fotmob,4688,645407,Diego,CURRENT_SQUAD,Defender,1995-09-21,31,Brazil,FACT,true,1.0,https://www.fotmob.com/api/data/teams?id=4688,2026-09-22T18:30:11.545335+00:00,2026-09-22T18:30:11.545335+00:00,"{""id"":645407,""name"":""Diego"",""role"":{""key"":""defender_long"",""fallback"":""Defender""},""dateOfBirth"":""1995-09-21"",""age"":31,""cname"":""Brazil"",""ccode"":""BRA"",""shirtNumber"":15}"
50003329,Vissel Kobe,fotmob,4688,970058,Caetano,CURRENT_SQUAD,Defender,1999-06-24,27,Brazil,FACT,true,1.0,https://www.fotmob.com/api/data/teams?id=4688,2026-09-22T18:30:11.545335+00:00,2026-09-22T18:30:11.545335+00:00,"{""id"":970058,""name"":""Caetano"",""role"":{""key"":""defender_long"",""fallback"":""Defender""},""dateOfBirth"":""1999-06-24"",""age"":27,""cname"":""Brazil"",""ccode"":""BRA"",""shirtNumber"":16}"
50003329,Vissel Kobe,fotmob,4688,826030,Issei Takahashi,CURRENT_SQUAD,Defender,1998-04-20,28,Japan,FACT,true,1.0,https://www.fotmob.com/api/data/teams?id=4688,2026-09-22T18:30:11.545335+00:00,2026-09-22T18:30:11.545335+00:00,"{""id"":826030,""name"":""Issei Takahashi"",""role"":{""key"":""defender_long"",""fallback"":""Defender""},""dateOfBirth"":""1998-04-20"",""age"":28,""cname"":""Japan"",""ccode"":""JPN"",""shirtNumber"":17}"
50003329,Vissel Kobe,fotmob,4688,157252,Gotoku Sakai,CURRENT_SQUAD,Defender,1991-03-14,35,Japan,FACT,true,1.0,https://www.fotmob.com/api/data/teams?id=4688,2026-09-22T18:30:11.545335+00:00,2026-09-22T18:30:11.545335+00:00,"{""id"":157252,""name"":""Gotoku Sakai"",""role"":{""key"":""defender_long"",""fallback"":""Defender""},""dateOfBirth"":""1991-03-14"",""age"":35,""cname"":""Japan"",""ccode"":""JPN"",""shirtNumber"":24}"
50003329,Vissel Kobe,fotmob,4688,309482,Takuya Iwanami,CURRENT_SQUAD,Defender,1994-06-18,32,Japan,FACT,true,1.0,https://www.fotmob.com/api/data/teams?id=4688,2026-09-22T18:30:11.545335+00:00,2026-09-22T18:30:11.545335+00:00,"{""id"":309482,""name"":""Takuya Iwanami"",""role"":{""key"":""defender_long"",""fallback"":""Defender""},""dateOfBirth"":""1994-06-18"",""age"":32,""cname"":""Japan"",""ccode"":""JPN"",""shirtNumber"":31}"
50003329,Vissel Kobe,fotmob,4688,825800,Katsuya Nagato,CURRENT_SQUAD,Defender,1995-01-15,31,Japan,FACT,true,1.0,https://www.fotmob.com/api/data/teams?id=4688,2026-09-22T18:30:11.545335+00:00,2026-09-22T18:30:11.545335+00:00,"{""id"":825800,""name"":""Katsuya Nagato"",""role"":{""key"":""defender_long"",""fallback"":""Defender""},""dateOfBirth"":""1995-01-15"",""age"":31,""cname"":""Japan"",""ccode"":""JPN"",""shirtNumber"":41}"
50003329,Vissel Kobe,fotmob,4688,1611227,Justin Homma,CURRENT_SQUAD,Defender,2005-08-26,21,Japan,FACT,true,1.0,https://www.fotmob.com/api/data/teams?id=4688,2026-09-22T18:30:11.545335+00:00,2026-09-22T18:30:11.545335+00:00,"{""id"":1611227,""name"":""Justin Homma"",""role"":{""key"":""defender_long"",""fallback"":""Defender""},""dateOfBirth"":""2005-08-26"",""age"":21,""cname"":""Japan"",""ccode"":""JPN"",""shirtNumber"":42}"
50003329,Vissel Kobe,fotmob,4688,1664591,Kaito Yamada,CURRENT_SQUAD,Defender,2006-08-31,20,Japan,FACT,true,1.0,https://www.fotmob.com/api/data/teams?id=4688,2026-09-22T18:30:11.545335+00:00,2026-09-22T18:30:11.545335+00:00,"{""id"":1664591,""name"":""Kaito Yamada"",""role"":{""key"":""defender_long"",""fallback"":""Defender""},""dateOfBirth"":""2006-08-31"",""age"":20,""cname"":""Japan"",""ccode"":""JPN"",""shirtNumber"":43}"
50003329,Vissel Kobe,fotmob,4688,1789801,Ryosuke Irie,CURRENT_SQUAD,Defender,2004-11-05,21,Japan,FACT,true,1.0,https://www.fotmob.com/api/data/teams?id=4688,2026-09-22T18:30:11.545335+00:00,2026-09-22T18:30:11.545335+00:00,"{""id"":1789801,""name"":""Ryosuke Irie"",""role"":{""key"":""defender_long"",""fallback"":""Defender""},""dateOfBirth"":""2004-11-05"",""age"":21,""cname"":""Japan"",""ccode"":""JPN"",""shirtNumber"":57}"
50003329,Vissel Kobe,fotmob,4688,1718277,Tafuko Satomi,CURRENT_SQUAD,Midfielder,2009-04-20,17,Japan,FACT,true,1.0,https://www.fotmob.com/api/data/teams?id=4688,2026-09-22T18:30:11.545335+00:00,2026-09-22T18:30:11.545335+00:00,"{""id"":1718277,""name"":""Tafuko Satomi"",""role"":{""key"":""midfielder_long"",""fallback"":""Midfielder""},""dateOfBirth"":""2009-04-20"",""age"":17,""cname"":""Japan"",""ccode"":""JPN""}"
50003329,Vissel Kobe,fotmob,4688,922716,Yuta Goke,CURRENT_SQUAD,Midfielder,1999-06-10,27,Japan,FACT,true,1.0,https://www.fotmob.com/api/data/teams?id=4688,2026-09-22T18:30:11.545335+00:00,2026-09-22T18:30:11.545335+00:00,"{""id"":922716,""name"":""Yuta Goke"",""role"":{""key"":""midfielder_long"",""fallback"":""Midfielder""},""dateOfBirth"":""1999-06-10"",""age"":27,""cname"":""Japan"",""ccode"":""JPN"",""shirtNumber"":5}"
50003329,Vissel Kobe,fotmob,4688,196299,Takahiro Ogihara,CURRENT_SQUAD,Midfielder,1991-10-05,34,Japan,FACT,true,1.0,https://www.fotmob.com/api/data/teams?id=4688,2026-09-22T18:30:11.545335+00:00,2026-09-22T18:30:11.545335+00:00,"{""id"":196299,""name"":""Takahiro Ogihara"",""role"":{""key"":""midfielder_long"",""fallback"":""Midfielder""},""dateOfBirth"":""1991-10-05"",""age"":34,""cname"":""Japan"",""ccode"":""JPN"",""shirtNumber"":6}"
50003329,Vissel Kobe,fotmob,4688,619662,Yosuke Ideguchi,CURRENT_SQUAD,Midfielder,1996-08-23,30,Japan,FACT,true,1.0,https://www.fotmob.com/api/data/teams?id=4688,2026-09-22T18:30:11.545335+00:00,2026-09-22T18:30:11.545335+00:00,"{""id"":619662,""name"":""Yosuke Ideguchi"",""role"":{""key"":""midfielder_long"",""fallback"":""Midfielder""},""dateOfBirth"":""1996-08-23"",""age"":30,""cname"":""Japan"",""ccode"":""JPN"",""shirtNumber"":7}"
50003329,Vissel Kobe,fotmob,4688,308242,Haruya Ide,CURRENT_SQUAD,Midfielder,1994-03-25,32,Japan,FACT,true,1.0,https://www.fotmob.com/api/data/teams?id=4688,2026-09-22T18:30:11.545335+00:00,2026-09-22T18:30:11.545335+00:00,"{""id"":308242,""name"":""Haruya Ide"",""role"":{""key"":""midfielder_long"",""fallback"":""Midfielder""},""dateOfBirth"":""1994-03-25"",""age"":32,""cname"":""Japan"",""ccode"":""JPN"",""shirtNumber"":18}"
50003329,Vissel Kobe,fotmob,4688,746040,Kota Watanabe,CURRENT_SQUAD,Midfielder,1998-10-18,27,Japan,FACT,true,1.0,https://www.fotmob.com/api/data/teams?id=4688,2026-09-22T18:30:11.545335+00:00,2026-09-22T18:30:11.545335+00:00,"{""id"":746040,""name"":""Kota Watanabe"",""role"":{""key"":""midfielder_long"",""fallback"":""Midfielder""},""dateOfBirth"":""1998-10-18"",""age"":27,""cname"":""Japan"",""ccode"":""JPN"",""shirtNumber"":20}"
50003329,Vissel Kobe,fotmob,4688,2129959,Yuan Iwamoto,CURRENT_SQUAD,Midfielder,2006-04-15,20,Japan,FACT,true,1.0,https://www.fotmob.com/api/data/teams?id=4688,2026-09-22T18:30:11.545335+00:00,2026-09-22T18:30:11.545335+00:00,"{""id"":2129959,""name"":""Yuan Iwamoto"",""role"":{""key"":""midfielder_long"",""fallback"":""Midfielder""},""dateOfBirth"":""2006-04-15"",""age"":20,""cname"":""Japan"",""ccode"":""JPN"",""shirtNumber"":23}"
50003329,Vissel Kobe,fotmob,4688,1233557,Yuya Kuwasaki,CURRENT_SQUAD,Midfielder,1998-05-15,28,Japan,FACT,true,1.0,https://www.fotmob.com/api/data/teams?id=4688,2026-09-22T18:30:11.545335+00:00,2026-09-22T18:30:11.545335+00:00,"{""id"":1233557,""name"":""Yuya Kuwasaki"",""role"":{""key"":""midfielder_long"",""fallback"":""Midfielder""},""dateOfBirth"":""1998-05-15"",""age"":28,""cname"":""Japan"",""ccode"":""JPN"",""shirtNumber"":25}"
50003329,Vissel Kobe,fotmob,4688,1664593,Kento Hamasaki,CURRENT_SQUAD,Midfielder,2007-06-16,19,Japan,FACT,true,1.0,https://www.fotmob.com/api/data/teams?id=4688,2026-09-22T18:30:11.545335+00:00,2026-09-22T18:30:11.545335+00:00,"{""id"":1664593,""name"":""Kento Hamasaki"",""role"":{""key"":""midfielder_long"",""fallback"":""Midfielder""},""dateOfBirth"":""2007-06-16"",""age"":19,""cname"":""Japan"",""ccode"":""JPN"",""shirtNumber"":28}"
50003329,Vissel Kobe,fotmob,4688,1233851,Rikuto Hashimoto,CURRENT_SQUAD,Midfielder,2005-04-02,21,Japan,FACT,true,1.0,https://www.fotmob.com/api/data/teams?id=4688,2026-09-22T18:30:11.545335+00:00,2026-09-22T18:30:11.545335+00:00,"{""id"":1233851,""name"":""Rikuto Hashimoto"",""role"":{""key"":""midfielder_long"",""fallback"":""Midfielder""},""dateOfBirth"":""2005-04-02"",""age"":21,""cname"":""Japan"",""ccode"":""JPN"",""shirtNumber"":33}"
50003329,Vissel Kobe,fotmob,4688,1436728,Niina Tominaga,CURRENT_SQUAD,Midfielder,2004-07-18,22,Japan,FACT,true,1.0,https://www.fotmob.com/api/data/teams?id=4688,2026-09-22T18:30:11.545335+00:00,2026-09-22T18:30:11.545335+00:00,"{""id"":1436728,""name"":""Niina Tominaga"",""role"":{""key"":""midfielder_long"",""fallback"":""Midfielder""},""dateOfBirth"":""2004-07-18"",""age"":22,""cname"":""Japan"",""ccode"":""JPN"",""shirtNumber"":35}"
50003329,Vissel Kobe,fotmob,4688,1358179,Mitsuki Hidaka,CURRENT_SQUAD,Midfielder,2003-05-11,23,Japan,FACT,true,1.0,https://www.fotmob.com/api/data/teams?id=4688,2026-09-22T18:30:11.545335+00:00,2026-09-22T18:30:11.545335+00:00,"{""id"":1358179,""name"":""Mitsuki Hidaka"",""role"":{""key"":""midfielder_long"",""fallback"":""Midfielder""},""dateOfBirth"":""2003-05-11"",""age"":23,""cname"":""Japan"",""ccode"":""JPN"",""shirtNumber"":44}"
50003329,Vissel Kobe,fotmob,4688,1718261,Taiga Seguchi,CURRENT_SQUAD,Midfielder,2008-01-10,18,Japan,FACT,true,1.0,https://www.fotmob.com/api/data/teams?id=4688,2026-09-22T18:30:11.545335+00:00,2026-09-22T18:30:11.545335+00:00,"{""id"":1718261,""name"":""Taiga Seguchi"",""role"":{""key"":""midfielder_long"",""fallback"":""Midfielder""},""dateOfBirth"":""2008-01-10"",""age"":18,""cname"":""Japan"",""ccode"":""JPN"",""shirtNumber"":51}"
50003329,Vissel Kobe,fotmob,4688,1789800,Yuta Miyahara,CURRENT_SQUAD,Midfielder,2005-04-07,21,Japan,FACT,true,1.0,https://www.fotmob.com/api/data/teams?id=4688,2026-09-22T18:30:11.545335+00:00,2026-09-22T18:30:11.545335+00:00,"{""id"":1789800,""name"":""Yuta Miyahara"",""role"":{""key"":""midfielder_long"",""fallback"":""Midfielder""},""dateOfBirth"":""2005-04-07"",""age"":21,""cname"":""Japan"",""ccode"":""JPN"",""shirtNumber"":55}"
50003329,Vissel Kobe,fotmob,4688,2172700,Ryotaro Inouchi,CURRENT_SQUAD,Midfielder,2009-05-03,17,Japan,FACT,true,1.0,https://www.fotmob.com/api/data/teams?id=4688,2026-09-22T18:30:11.545335+00:00,2026-09-22T18:30:11.545335+00:00,"{""id"":2172700,""name"":""Ryotaro Inouchi"",""role"":{""key"":""midfielder_long"",""fallback"":""Midfielder""},""dateOfBirth"":""2009-05-03"",""age"":17,""cname"":""Japan"",""ccode"":""JPN"",""shirtNumber"":61}"
50003329,Vissel Kobe,fotmob,4688,460255,Erik,CURRENT_SQUAD,Midfielder,1994-07-18,32,Brazil,FACT,true,1.0,https://www.fotmob.com/api/data/teams?id=4688,2026-09-22T18:30:11.545335+00:00,2026-09-22T18:30:11.545335+00:00,"{""id"":460255,""name"":""Erik"",""role"":{""key"":""midfielder_long"",""fallback"":""Midfielder""},""dateOfBirth"":""1994-07-18"",""age"":32,""cname"":""Brazil"",""ccode"":""BRA"",""shirtNumber"":94}"
50003329,Vissel Kobe,fotmob,4688,498456,Anderson Lopes,CURRENT_SQUAD,Attacker,1993-09-15,33,Brazil,FACT,true,1.0,https://www.fotmob.com/api/data/teams?id=4688,2026-09-22T18:30:11.545335+00:00,2026-09-22T18:30:11.545335+00:00,"{""id"":498456,""name"":""Anderson Lopes"",""role"":{""key"":""attacker_long"",""fallback"":""Attacker""},""dateOfBirth"":""1993-09-15"",""age"":33,""cname"":""Brazil"",""ccode"":""BRA""}"
50003329,Vissel Kobe,fotmob,4688,166449,Yuya Osako,CURRENT_SQUAD,Attacker,1990-05-18,36,Japan,FACT,true,1.0,https://www.fotmob.com/api/data/teams?id=4688,2026-09-22T18:30:11.545335+00:00,2026-09-22T18:30:11.545335+00:00,"{""id"":166449,""name"":""Yuya Osako"",""role"":{""key"":""attacker_long"",""fallback"":""Attacker""},""dateOfBirth"":""1990-05-18"",""age"":36,""cname"":""Japan"",""ccode"":""JPN"",""shirtNumber"":10}"
50003329,Vissel Kobe,fotmob,4688,459499,Yoshinori Muto,CURRENT_SQUAD,Attacker,1992-07-15,34,Japan,FACT,true,1.0,https://www.fotmob.com/api/data/teams?id=4688,2026-09-22T18:30:11.545335+00:00,2026-09-22T18:30:11.545335+00:00,"{""id"":459499,""name"":""Yoshinori Muto"",""role"":{""key"":""attacker_long"",""fallback"":""Attacker""},""dateOfBirth"":""1992-07-15"",""age"":34,""cname"":""Japan"",""ccode"":""JPN"",""shirtNumber"":11}"
50003329,Vissel Kobe,fotmob,4688,922719,Daiju Sasaki,CURRENT_SQUAD,Attacker,1999-09-17,27,Japan,FACT,true,1.0,https://www.fotmob.com/api/data/teams?id=4688,2026-09-22T18:30:11.545335+00:00,2026-09-22T18:30:11.545335+00:00,"{""id"":922719,""name"":""Daiju Sasaki"",""role"":{""key"":""attacker_long"",""fallback"":""Attacker""},""dateOfBirth"":""1999-09-17"",""age"":27,""cname"":""Japan"",""ccode"":""JPN"",""shirtNumber"":13}"
50003329,Vissel Kobe,fotmob,4688,882272,Jean Patrick,CURRENT_SQUAD,Attacker,1997-05-14,29,Brazil,FACT,true,1.0,https://www.fotmob.com/api/data/teams?id=4688,2026-09-22T18:30:11.545335+00:00,2026-09-22T18:30:11.545335+00:00,"{""id"":882272,""name"":""Jean Patrick"",""role"":{""key"":""attacker_long"",""fallback"":""Attacker""},""dateOfBirth"":""1997-05-14"",""age"":29,""cname"":""Brazil"",""ccode"":""BRA"",""shirtNumber"":26}"
50003329,Vissel Kobe,fotmob,4688,747908,Ren Komatsu,CURRENT_SQUAD,Attacker,1998-09-10,28,Japan,FACT,true,1.0,https://www.fotmob.com/api/data/teams?id=4688,2026-09-22T18:30:11.545335+00:00,2026-09-22T18:30:11.545335+00:00,"{""id"":747908,""name"":""Ren Komatsu"",""role"":{""key"":""attacker_long"",""fallback"":""Attacker""},""dateOfBirth"":""1998-09-10"",""age"":28,""cname"":""Japan"",""ccode"":""JPN"",""shirtNumber"":29}"
50003329,Vissel Kobe,fotmob,4688,1437143,Juzo Ura,CURRENT_SQUAD,Attacker,2004-05-21,22,Japan,FACT,true,1.0,https://www.fotmob.com/api/data/teams?id=4688,2026-09-22T18:30:11.545335+00:00,2026-09-22T18:30:11.545335+00:00,"{""id"":1437143,""name"":""Juzo Ura"",""role"":{""key"":""attacker_long"",""fallback"":""Attacker""},""dateOfBirth"":""2004-05-21"",""age"":22,""cname"":""Japan"",""ccode"":""JPN"",""shirtNumber"":38}"
50003329,Vissel Kobe,fotmob,4688,1900493,Sota Ito,CURRENT_SQUAD,Attacker,2007-09-24,18,Japan,FACT,true,1.0,https://www.fotmob.com/api/data/teams?id=4688,2026-09-22T18:30:11.545335+00:00,2026-09-22T18:30:11.545335+00:00,"{""id"":1900493,""name"":""Sota Ito"",""role"":{""key"":""attacker_long"",""fallback"":""Attacker""},""dateOfBirth"":""2007-09-24"",""age"":18,""cname"":""Japan"",""ccode"":""JPN"",""shirtNumber"":46}"
50003329,Vissel Kobe,fotmob,4688,1714767,Hayato Watanabe,CURRENT_SQUAD,Attacker,2007-04-06,19,Japan,FACT,true,1.0,https://www.fotmob.com/api/data/teams?id=4688,2026-09-22T18:30:11.545335+00:00,2026-09-22T18:30:11.545335+00:00,"{""id"":1714767,""name"":""Hayato Watanabe"",""role"":{""key"":""attacker_long"",""fallback"":""Attacker""},""dateOfBirth"":""2007-04-06"",""age"":19,""cname"":""Japan"",""ccode"":""JPN"",""shirtNumber"":53}"
50003329,Vissel Kobe,fotmob,4688,2172701,Hyoei Kawabata,CURRENT_SQUAD,Attacker,2008-04-04,18,Japan,FACT,true,1.0,https://www.fotmob.com/api/data/teams?id=4688,2026-09-22T18:30:11.545335+00:00,2026-09-22T18:30:11.545335+00:00,"{""id"":2172701,""name"":""Hyoei Kawabata"",""role"":{""key"":""attacker_long"",""fallback"":""Attacker""},""dateOfBirth"":""2008-04-04"",""age"":18,""cname"":""Japan"",""ccode"":""JPN"",""shirtNumber"":62}"
50331022,Deportes Concepcion,fotmob,4134,492430,Fernando Díaz,CURRENT_SQUAD,Coach,1961-12-27,64,Chile,FACT,true,1.0,https://www.fotmob.com/api/data/teams?id=4134,2026-09-22T18:30:11.545335+00:00,2026-09-22T18:30:11.545335+00:00,"{""id"":492430,""name"":""Fernando Díaz"",""role"":{""key"":""coach"",""fallback"":""Coach""},""dateOfBirth"":""1961-12-27"",""age"":64,""cname"":""Chile"",""ccode"":""CHI""}"
50331022,Deportes Concepcion,fotmob,4134,112658,Nery Veloso,CURRENT_SQUAD,Keeper,1987-03-02,39,Chile,FACT,true,1.0,https://www.fotmob.com/api/data/teams?id=4134,2026-09-22T18:30:11.545335+00:00,2026-09-22T18:30:11.545335+00:00,"{""id"":112658,""name"":""Nery Veloso"",""role"":{""key"":""keeper_long"",""fallback"":""Keeper""},""dateOfBirth"":""1987-03-02"",""age"":39,""cname"":""Chile"",""ccode"":""CHI"",""shirtNumber"":12}"
50331022,Deportes Concepcion,fotmob,4134,589365,Nicolás Araya,CURRENT_SQUAD,Keeper,1999-06-06,27,Chile,FACT,true,1.0,https://www.fotmob.com/api/data/teams?id=4134,2026-09-22T18:30:11.545335+00:00,2026-09-22T18:30:11.545335+00:00,"{""id"":589365,""name"":""Nicolás Araya"",""role"":{""key"":""keeper_long"",""fallback"":""Keeper""},""dateOfBirth"":""1999-06-06"",""age"":27,""cname"":""Chile"",""ccode"":""CHI"",""shirtNumber"":25}"
50331022,Deportes Concepcion,fotmob,4134,1025379,Diego Carrasco,CURRENT_SQUAD,Defender,1995-05-25,31,Chile,FACT,true,1.0,https://www.fotmob.com/api/data/teams?id=4134,2026-09-22T18:30:11.545335+00:00,2026-09-22T18:30:11.545335+00:00,"{""id"":1025379,""name"":""Diego Carrasco"",""role"":{""key"":""defender_long"",""fallback"":""Defender""},""dateOfBirth"":""1995-05-25"",""age"":31,""cname"":""Chile"",""ccode"":""CHI"",""shirtNumber"":3}"
50331022,Deportes Concepcion,fotmob,4134,953784,Ariel Cáceres,CURRENT_SQUAD,Defender,1999-11-21,26,Chile,FACT,true,1.0,https://www.fotmob.com/api/data/teams?id=4134,2026-09-22T18:30:11.545335+00:00,2026-09-22T18:30:11.545335+00:00,"{""id"":953784,""name"":""Ariel Cáceres"",""role"":{""key"":""defender_long"",""fallback"":""Defender""},""dateOfBirth"":""1999-11-21"",""age"":26,""cname"":""Chile"",""ccode"":""CHI"",""shirtNumber"":4}"
50331022,Deportes Concepcion,fotmob,4134,446855,Brayan Véjar,CURRENT_SQUAD,Defender,1995-07-14,31,Chile,FACT,true,1.0,https://www.fotmob.com/api/data/teams?id=4134,2026-09-22T18:30:11.545335+00:00,2026-09-22T18:30:11.545335+00:00,"{""id"":446855,""name"":""Brayan Véjar"",""role"":{""key"":""defender_long"",""fallback"":""Defender""},""dateOfBirth"":""1995-07-14"",""age"":31,""cname"":""Chile"",""ccode"":""CHI"",""shirtNumber"":11}"
50331022,Deportes Concepcion,fotmob,4134,1353300,Norman Rodríguez,CURRENT_SQUAD,Defender,1998-07-12,28,Uruguay,FACT,true,1.0,https://www.fotmob.com/api/data/teams?id=4134,2026-09-22T18:30:11.545335+00:00,2026-09-22T18:30:11.545335+00:00,"{""id"":1353300,""name"":""Norman Rodríguez"",""role"":{""key"":""defender_long"",""fallback"":""Defender""},""dateOfBirth"":""1998-07-12"",""age"":28,""cname"":""Uruguay"",""ccode"":""URU"",""shirtNumber"":21}"
50331022,Deportes Concepcion,fotmob,4134,1307773,Cristián Riquelme,CURRENT_SQUAD,Defender,2003-10-14,22,Chile,FACT,true,1.0,https://www.fotmob.com/api/data/teams?id=4134,2026-09-22T18:30:11.545335+00:00,2026-09-22T18:30:11.545335+00:00,"{""id"":1307773,""name"":""Cristián Riquelme"",""role"":{""key"":""defender_long"",""fallback"":""Defender""},""dateOfBirth"":""2003-10-14"",""age"":22,""cname"":""Chile"",""ccode"":""CHI"",""shirtNumber"":23}"
50331022,Deportes Concepcion,fotmob,4134,1944532,Mateo González,CURRENT_SQUAD,Defender,2005-05-24,21,Chile,FACT,true,1.0,https://www.fotmob.com/api/data/teams?id=4134,2026-09-22T18:30:11.545335+00:00,2026-09-22T18:30:11.545335+00:00,"{""id"":1944532,""name"":""Mateo González"",""role"":{""key"":""defender_long"",""fallback"":""Defender""},""dateOfBirth"":""2005-05-24"",""age"":21,""cname"":""Chile"",""ccode"":""CHI"",""shirtNumber"":28}"
50331022,Deportes Concepcion,fotmob,4134,1686407,Dilan Varas,CURRENT_SQUAD,Defender,2005-04-01,21,Chile,FACT,true,1.0,https://www.fotmob.com/api/data/teams?id=4134,2026-09-22T18:30:11.545335+00:00,2026-09-22T18:30:11.545335+00:00,"{""id"":1686407,""name"":""Dilan Varas"",""role"":{""key"":""defender_long"",""fallback"":""Defender""},""dateOfBirth"":""2005-04-01"",""age"":21,""cname"":""Chile"",""ccode"":""CHI"",""shirtNumber"":29}"
50331022,Deportes Concepcion,fotmob,4134,538346,Fausto Grillo,CURRENT_SQUAD,Defender,1993-02-20,33,Argentina,FACT,true,1.0,https://www.fotmob.com/api/data/teams?id=4134,2026-09-22T18:30:11.545335+00:00,2026-09-22T18:30:11.545335+00:00,"{""id"":538346,""name"":""Fausto Grillo"",""role"":{""key"":""defender_long"",""fallback"":""Defender""},""dateOfBirth"":""1993-02-20"",""age"":33,""cname"":""Argentina"",""ccode"":""ARG"",""shirtNumber"":37}"
50331022,Deportes Concepcion,fotmob,4134,920134,Fabrizio Manzo,CURRENT_SQUAD,Midfielder,1998-08-11,28,Chile,FACT,true,1.0,https://www.fotmob.com/api/data/teams?id=4134,2026-09-22T18:30:11.545335+00:00,2026-09-22T18:30:11.545335+00:00,"{""id"":920134,""name"":""Fabrizio Manzo"",""role"":{""key"":""midfielder_long"",""fallback"":""Midfielder""},""dateOfBirth"":""1998-08-11"",""age"":28,""cname"":""Chile"",""ccode"":""CHI"",""shirtNumber"":8}"
50331022,Deportes Concepcion,fotmob,4134,1028209,Fernando Martínez,CURRENT_SQUAD,Midfielder,1994-05-13,32,Paraguay,FACT,true,1.0,https://www.fotmob.com/api/data/teams?id=4134,2026-09-22T18:30:11.545335+00:00,2026-09-22T18:30:11.545335+00:00,"{""id"":1028209,""name"":""Fernando Martínez"",""role"":{""key"":""midfielder_long"",""fallback"":""Midfielder""},""dateOfBirth"":""1994-05-13"",""age"":32,""cname"":""Paraguay"",""ccode"":""PAR"",""shirtNumber"":8}"
50331022,Deportes Concepcion,fotmob,4134,293628,Sebastián Martínez,CURRENT_SQUAD,Midfielder,1993-06-06,33,Chile,FACT,true,1.0,https://www.fotmob.com/api/data/teams?id=4134,2026-09-22T18:30:11.545335+00:00,2026-09-22T18:30:11.545335+00:00,"{""id"":293628,""name"":""Sebastián Martínez"",""role"":{""key"":""midfielder_long"",""fallback"":""Midfielder""},""dateOfBirth"":""1993-06-06"",""age"":33,""cname"":""Chile"",""ccode"":""CHI"",""shirtNumber"":14}"
50331022,Deportes Concepcion,fotmob,4134,1077389,Mario Sandoval,CURRENT_SQUAD,Midfielder,1991-07-24,35,Chile,FACT,true,1.0,https://www.fotmob.com/api/data/teams?id=4134,2026-09-22T18:30:11.545335+00:00,2026-09-22T18:30:11.545335+00:00,"{""id"":1077389,""name"":""Mario Sandoval"",""role"":{""key"":""midfielder_long"",""fallback"":""Midfielder""},""dateOfBirth"":""1991-07-24"",""age"":35,""cname"":""Chile"",""ccode"":""CHI"",""shirtNumber"":16}"
50331022,Deportes Concepcion,fotmob,4134,1306107,Yonatan Rodríguez,CURRENT_SQUAD,Midfielder,1993-07-01,33,Uruguay,FACT,true,1.0,https://www.fotmob.com/api/data/teams?id=4134,2026-09-22T18:30:11.545335+00:00,2026-09-22T18:30:11.545335+00:00,"{""id"":1306107,""name"":""Yonatan Rodríguez"",""role"":{""key"":""midfielder_long"",""fallback"":""Midfielder""},""dateOfBirth"":""1993-07-01"",""age"":33,""cname"":""Uruguay"",""ccode"":""URU"",""shirtNumber"":18}"
50331022,Deportes Concepcion,fotmob,4134,595768,Jorge Henríquez,CURRENT_SQUAD,Midfielder,1994-06-17,32,Chile,FACT,true,1.0,https://www.fotmob.com/api/data/teams?id=4134,2026-09-22T18:30:11.545335+00:00,2026-09-22T18:30:11.545335+00:00,"{""id"":595768,""name"":""Jorge Henríquez"",""role"":{""key"":""midfielder_long"",""fallback"":""Midfielder""},""dateOfBirth"":""1994-06-17"",""age"":32,""cname"":""Chile"",""ccode"":""CHI"",""shirtNumber"":20}"
50331022,Deportes Concepcion,fotmob,4134,164301,Misael Dávila,CURRENT_SQUAD,Midfielder,1991-07-17,35,Chile,FACT,true,1.0,https://www.fotmob.com/api/data/teams?id=4134,2026-09-22T18:30:11.545335+00:00,2026-09-22T18:30:11.545335+00:00,"{""id"":164301,""name"":""Misael Dávila"",""role"":{""key"":""midfielder_long"",""fallback"":""Midfielder""},""dateOfBirth"":""1991-07-17"",""age"":35,""cname"":""Chile"",""ccode"":""CHI"",""shirtNumber"":22}"
50331022,Deportes Concepcion,fotmob,4134,1580556,Leenhan Romero,CURRENT_SQUAD,Midfielder,2006-11-01,19,Venezuela,FACT,true,1.0,https://www.fotmob.com/api/data/teams?id=4134,2026-09-22T18:30:11.545335+00:00,2026-09-22T18:30:11.545335+00:00,"{""id"":1580556,""name"":""Leenhan Romero"",""role"":{""key"":""midfielder_long"",""fallback"":""Midfielder""},""dateOfBirth"":""2006-11-01"",""age"":19,""cname"":""Venezuela"",""ccode"":""VEN"",""shirtNumber"":26}"
50331022,Deportes Concepcion,fotmob,4134,1782764,Nicolás Fuentes,CURRENT_SQUAD,Midfielder,2005-03-18,21,Chile,FACT,true,1.0,https://www.fotmob.com/api/data/teams?id=4134,2026-09-22T18:30:11.545335+00:00,2026-09-22T18:30:11.545335+00:00,"{""id"":1782764,""name"":""Nicolás Fuentes"",""role"":{""key"":""midfielder_long"",""fallback"":""Midfielder""},""dateOfBirth"":""2005-03-18"",""age"":21,""cname"":""Chile"",""ccode"":""CHI"",""shirtNumber"":31}"
50331022,Deportes Concepcion,fotmob,4134,2244226,Claudio Toro,CURRENT_SQUAD,Midfielder,2007-02-10,19,Chile,FACT,true,1.0,https://www.fotmob.com/api/data/teams?id=4134,2026-09-22T18:30:11.545335+00:00,2026-09-22T18:30:11.545335+00:00,"{""id"":2244226,""name"":""Claudio Toro"",""role"":{""key"":""midfielder_long"",""fallback"":""Midfielder""},""dateOfBirth"":""2007-02-10"",""age"":19,""cname"":""Chile"",""ccode"":""CHI"",""shirtNumber"":34}"
50331022,Deportes Concepcion,fotmob,4134,1988969,Franco Cáceres,CURRENT_SQUAD,Midfielder,2007-04-21,19,Chile,FACT,true,1.0,https://www.fotmob.com/api/data/teams?id=4134,2026-09-22T18:30:11.545335+00:00,2026-09-22T18:30:11.545335+00:00,"{""id"":1988969,""name"":""Franco Cáceres"",""role"":{""key"":""midfielder_long"",""fallback"":""Midfielder""},""dateOfBirth"":""2007-04-21"",""age"":19,""cname"":""Chile"",""ccode"":""CHI"",""shirtNumber"":40}"
50331022,Deportes Concepcion,fotmob,4134,1783238,Martín Ramírez,CURRENT_SQUAD,Attacker,2005-04-07,21,Chile,FACT,true,1.0,https://www.fotmob.com/api/data/teams?id=4134,2026-09-22T18:30:11.545335+00:00,2026-09-22T18:30:11.545335+00:00,"{""id"":1783238,""name"":""Martín Ramírez"",""role"":{""key"":""attacker_long"",""fallback"":""Attacker""},""dateOfBirth"":""2005-04-07"",""age"":21,""cname"":""Chile"",""ccode"":""CHI"",""shirtNumber"":2}"
50331022,Deportes Concepcion,fotmob,4134,787218,Fernando Romero,CURRENT_SQUAD,Attacker,2000-04-24,26,Paraguay,FACT,true,1.0,https://www.fotmob.com/api/data/teams?id=4134,2026-09-22T18:30:11.545335+00:00,2026-09-22T18:30:11.545335+00:00,"{""id"":787218,""name"":""Fernando Romero"",""role"":{""key"":""attacker_long"",""fallback"":""Attacker""},""dateOfBirth"":""2000-04-24"",""age"":26,""cname"":""Paraguay"",""ccode"":""PAR"",""shirtNumber"":7}"
50331022,Deportes Concepcion,fotmob,4134,304872,Carlos Escobar,CURRENT_SQUAD,Attacker,1989-12-24,36,Chile,FACT,true,1.0,https://www.fotmob.com/api/data/teams?id=4134,2026-09-22T18:30:11.545335+00:00,2026-09-22T18:30:11.545335+00:00,"{""id"":304872,""name"":""Carlos Escobar"",""role"":{""key"":""attacker_long"",""fallback"":""Attacker""},""dateOfBirth"":""1989-12-24"",""age"":36,""cname"":""Chile"",""ccode"":""CHI"",""shirtNumber"":9}"
50331022,Deportes Concepcion,fotmob,4134,1206710,Joaquín Montecinos,CURRENT_SQUAD,Attacker,1995-12-07,30,Chile,FACT,true,1.0,https://www.fotmob.com/api/data/teams?id=4134,2026-09-22T18:30:11.545335+00:00,2026-09-22T18:30:11.545335+00:00,"{""id"":1206710,""name"":""Joaquín Montecinos"",""role"":{""key"":""attacker_long"",""fallback"":""Attacker""},""dateOfBirth"":""1995-12-07"",""age"":30,""cname"":""Chile"",""ccode"":""CHI"",""shirtNumber"":15}"
50331022,Deportes Concepcion,fotmob,4134,1196399,Aldrix Jara,CURRENT_SQUAD,Attacker,2000-09-08,26,Chile,FACT,true,1.0,https://www.fotmob.com/api/data/teams?id=4134,2026-09-22T18:30:11.545335+00:00,2026-09-22T18:30:11.545335+00:00,"{""id"":1196399,""name"":""Aldrix Jara"",""role"":{""key"":""attacker_long"",""fallback"":""Attacker""},""dateOfBirth"":""2000-09-08"",""age"":26,""cname"":""Chile"",""ccode"":""CHI"",""shirtNumber"":19}"
50331022,Deportes Concepcion,fotmob,4134,921624,Matías Cavalleri,CURRENT_SQUAD,Attacker,1998-04-08,28,Chile,FACT,true,1.0,https://www.fotmob.com/api/data/teams?id=4134,2026-09-22T18:30:11.545335+00:00,2026-09-22T18:30:11.545335+00:00,"{""id"":921624,""name"":""Matías Cavalleri"",""role"":{""key"":""attacker_long"",""fallback"":""Attacker""},""dateOfBirth"":""1998-04-08"",""age"":28,""cname"":""Chile"",""ccode"":""CHI"",""shirtNumber"":24}"
50331022,Deportes Concepcion,fotmob,4134,1341989,Diego Acosta,CURRENT_SQUAD,Attacker,2002-11-12,23,Paraguay,FACT,true,1.0,https://www.fotmob.com/api/data/teams?id=4134,2026-09-22T18:30:11.545335+00:00,2026-09-22T18:30:11.545335+00:00,"{""id"":1341989,""name"":""Diego Acosta"",""role"":{""key"":""attacker_long"",""fallback"":""Attacker""},""dateOfBirth"":""2002-11-12"",""age"":23,""cname"":""Paraguay"",""ccode"":""PAR"",""shirtNumber"":27}"
50331022,Deportes Concepcion,fotmob,4134,1184853,Ethan Espinoza,CURRENT_SQUAD,Attacker,2001-01-17,25,Chile,FACT,true,1.0,https://www.fotmob.com/api/data/teams?id=4134,2026-09-22T18:30:11.545335+00:00,2026-09-22T18:30:11.545335+00:00,"{""id"":1184853,""name"":""Ethan Espinoza"",""role"":{""key"":""attacker_long"",""fallback"":""Attacker""},""dateOfBirth"":""2001-01-17"",""age"":25,""cname"":""Chile"",""ccode"":""CHI"",""shirtNumber"":30}"
50331022,Deportes Concepcion,fotmob,4134,96509,Joaquín Larrivey,CURRENT_SQUAD,Attacker,1984-08-20,42,Argentina,FACT,true,1.0,https://www.fotmob.com/api/data/teams?id=4134,2026-09-22T18:30:11.545335+00:00,2026-09-22T18:30:11.545335+00:00,"{""id"":96509,""name"":""Joaquín Larrivey"",""role"":{""key"":""attacker_long"",""fallback"":""Attacker""},""dateOfBirth"":""1984-08-20"",""age"":42,""cname"":""Argentina"",""ccode"":""ARG"",""shirtNumber"":32}"
50331022,Deportes Concepcion,fotmob,4134,1727065,Bastián Escobar,CURRENT_SQUAD,Attacker,2006-02-18,20,Chile,FACT,true,1.0,https://www.fotmob.com/api/data/teams?id=4134,2026-09-22T18:30:11.545335+00:00,2026-09-22T18:30:11.545335+00:00,"{""id"":1727065,""name"":""Bastián Escobar"",""role"":{""key"":""attacker_long"",""fallback"":""Attacker""},""dateOfBirth"":""2006-02-18"",""age"":20,""cname"":""Chile"",""ccode"":""CHI"",""shirtNumber"":39}"
50355596,Arsenal Women,fotmob,258657,1349489,Renée Slegers,CURRENT_SQUAD,Coach,1989-02-05,37,Netherlands,FACT,true,1.0,https://www.fotmob.com/api/data/teams?id=258657,2026-09-22T18:30:11.545335+00:00,2026-09-22T18:30:11.545335+00:00,"{""id"":1349489,""name"":""Renée Slegers"",""role"":{""key"":""coach"",""fallback"":""Coach""},""dateOfBirth"":""1989-02-05"",""age"":37,""cname"":""Netherlands"",""ccode"":""NED""}"
50355596,Arsenal Women,fotmob,258657,1895384,Maddison Millington-Stanbury,CURRENT_SQUAD,Keeper,2006-02-27,20,England,FACT,true,1.0,https://www.fotmob.com/api/data/teams?id=258657,2026-09-22T18:30:11.545335+00:00,2026-09-22T18:30:11.545335+00:00,"{""id"":1895384,""name"":""Maddison Millington-Stanbury"",""role"":{""key"":""keeper_long"",""fallback"":""Keeper""},""dateOfBirth"":""2006-02-27"",""age"":20,""cname"":""England"",""ccode"":""ENG""}"
50355596,Arsenal Women,fotmob,258657,1091599,Daphne van Domselaar,CURRENT_SQUAD,Keeper,2000-03-06,26,Netherlands,FACT,true,1.0,https://www.fotmob.com/api/data/teams?id=258657,2026-09-22T18:30:11.545335+00:00,2026-09-22T18:30:11.545335+00:00,"{""id"":1091599,""name"":""Daphne van Domselaar"",""role"":{""key"":""keeper_long"",""fallback"":""Keeper""},""dateOfBirth"":""2000-03-06"",""age"":26,""cname"":""Netherlands"",""ccode"":""NED"",""shirtNumber"":1}"
50355596,Arsenal Women,fotmob,258657,887325,Misa,CURRENT_SQUAD,Keeper,1999-07-22,27,Spain,FACT,true,1.0,https://www.fotmob.com/api/data/teams?id=258657,2026-09-22T18:30:11.545335+00:00,2026-09-22T18:30:11.545335+00:00,"{""id"":887325,""name"":""Misa"",""role"":{""key"":""keeper_long"",""fallback"":""Keeper""},""dateOfBirth"":""1999-07-22"",""age"":27,""cname"":""Spain"",""ccode"":""ESP"",""shirtNumber"":16}"
50355596,Arsenal Women,fotmob,258657,898511,Anneke Borbe,CURRENT_SQUAD,Keeper,2000-09-17,26,Germany,FACT,true,1.0,https://www.fotmob.com/api/data/teams?id=258657,2026-09-22T18:30:11.545335+00:00,2026-09-22T18:30:11.545335+00:00,"{""id"":898511,""name"":""Anneke Borbe"",""role"":{""key"":""keeper_long"",""fallback"":""Keeper""},""dateOfBirth"":""2000-09-17"",""age"":26,""cname"":""Germany"",""ccode"":""GER"",""shirtNumber"":28}"
50355596,Arsenal Women,fotmob,258657,1623948,Isabella Damm,CURRENT_SQUAD,Keeper,2008-04-08,18,Denmark,FACT,true,1.0,https://www.fotmob.com/api/data/teams?id=258657,2026-09-22T18:30:11.545335+00:00,2026-09-22T18:30:11.545335+00:00,"{""id"":1623948,""name"":""Isabella Damm"",""role"":{""key"":""keeper_long"",""fallback"":""Keeper""},""dateOfBirth"":""2008-04-08"",""age"":18,""cname"":""Denmark"",""ccode"":""DEN"",""shirtNumber"":40}"
50355596,Arsenal Women,fotmob,258657,1266128,Emily Fox,CURRENT_SQUAD,Defender,1998-07-05,28,USA,FACT,true,1.0,https://www.fotmob.com/api/data/teams?id=258657,2026-09-22T18:30:11.545335+00:00,2026-09-22T18:30:11.545335+00:00,"{""id"":1266128,""name"":""Emily Fox"",""role"":{""key"":""defender_long"",""fallback"":""Defender""},""dateOfBirth"":""1998-07-05"",""age"":28,""cname"":""USA"",""ccode"":""USA"",""shirtNumber"":2}"
50355596,Arsenal Women,fotmob,258657,1192394,Lotte Wubben-Moy,CURRENT_SQUAD,Defender,1999-01-11,27,England,FACT,true,1.0,https://www.fotmob.com/api/data/teams?id=258657,2026-09-22T18:30:11.545335+00:00,2026-09-22T18:30:11.545335+00:00,"{""id"":1192394,""name"":""Lotte Wubben-Moy"",""role"":{""key"":""defender_long"",""fallback"":""Defender""},""dateOfBirth"":""1999-01-11"",""age"":27,""cname"":""England"",""ccode"":""ENG"",""shirtNumber"":3}"
50355596,Arsenal Women,fotmob,258657,1102704,Élisa de Almeida,CURRENT_SQUAD,Defender,1998-01-11,28,France,FACT,true,1.0,https://www.fotmob.com/api/data/teams?id=258657,2026-09-22T18:30:11.545335+00:00,2026-09-22T18:30:11.545335+00:00,"{""id"":1102704,""name"":""Élisa de Almeida"",""role"":{""key"":""defender_long"",""fallback"":""Defender""},""dateOfBirth"":""1998-01-11"",""age"":28,""cname"":""France"",""ccode"":""FRA"",""shirtNumber"":5}"
50355596,Arsenal Women,fotmob,258657,941576,Leah Williamson,CURRENT_SQUAD,Defender,1997-03-29,29,England,FACT,true,1.0,https://www.fotmob.com/api/data/teams?id=258657,2026-09-22T18:30:11.545335+00:00,2026-09-22T18:30:11.545335+00:00,"{""id"":941576,""name"":""Leah Williamson"",""role"":{""key"":""defender_long"",""fallback"":""Defender""},""dateOfBirth"":""1997-03-29"",""age"":29,""cname"":""England"",""ccode"":""ENG"",""shirtNumber"":6}"
50355596,Arsenal Women,fotmob,258657,645989,Steph Catley,CURRENT_SQUAD,Defender,1994-01-26,32,Australia,FACT,true,1.0,https://www.fotmob.com/api/data/teams?id=258657,2026-09-22T18:30:11.545335+00:00,2026-09-22T18:30:11.545335+00:00,"{""id"":645989,""name"":""Steph Catley"",""role"":{""key"":""defender_long"",""fallback"":""Defender""},""dateOfBirth"":""1994-01-26"",""age"":32,""cname"":""Australia"",""ccode"":""AUS"",""shirtNumber"":7}"
50355596,Arsenal Women,fotmob,258657,1044313,Ona Batlle,CURRENT_SQUAD,Defender,1999-06-10,27,Spain,FACT,true,1.0,https://www.fotmob.com/api/data/teams?id=258657,2026-09-22T18:30:11.545335+00:00,2026-09-22T18:30:11.545335+00:00,"{""id"":1044313,""name"":""Ona Batlle"",""role"":{""key"":""defender_long"",""fallback"":""Defender""},""dateOfBirth"":""1999-06-10"",""age"":27,""cname"":""Spain"",""ccode"":""ESP"",""shirtNumber"":22}"
50355596,Arsenal Women,fotmob,258657,1082526,Taylor Hinds,CURRENT_SQUAD,Defender,1999-04-25,27,England,FACT,true,1.0,https://www.fotmob.com/api/data/teams?id=258657,2026-09-22T18:30:11.545335+00:00,2026-09-22T18:30:11.545335+00:00,"{""id"":1082526,""name"":""Taylor Hinds"",""role"":{""key"":""defender_long"",""fallback"":""Defender""},""dateOfBirth"":""1999-04-25"",""age"":27,""cname"":""England"",""ccode"":""ENG"",""shirtNumber"":24}"
50355596,Arsenal Women,fotmob,258657,1414898,Katie Reid,CURRENT_SQUAD,Defender,2006-09-25,19,England,FACT,true,1.0,https://www.fotmob.com/api/data/teams?id=258657,2026-09-22T18:30:11.545335+00:00,2026-09-22T18:30:11.545335+00:00,"{""id"":1414898,""name"":""Katie Reid"",""role"":{""key"":""defender_long"",""fallback"":""Defender""},""dateOfBirth"":""2006-09-25"",""age"":19,""cname"":""England"",""ccode"":""ENG"",""shirtNumber"":26}"
50355596,Arsenal Women,fotmob,258657,1357677,Smilla Holmberg,CURRENT_SQUAD,Defender,2006-10-11,19,Sweden,FACT,true,1.0,https://www.fotmob.com/api/data/teams?id=258657,2026-09-22T18:30:11.545335+00:00,2026-09-22T18:30:11.545335+00:00,"{""id"":1357677,""name"":""Smilla Holmberg"",""role"":{""key"":""defender_long"",""fallback"":""Defender""},""dateOfBirth"":""2006-10-11"",""age"":19,""cname"":""Sweden"",""ccode"":""SWE"",""shirtNumber"":31}"
50355596,Arsenal Women,fotmob,258657,886706,Georgia Stanway,CURRENT_SQUAD,Midfielder,1999-01-03,27,England,FACT,true,1.0,https://www.fotmob.com/api/data/teams?id=258657,2026-09-22T18:30:11.545335+00:00,2026-09-22T18:30:11.545335+00:00,"{""id"":886706,""name"":""Georgia Stanway"",""role"":{""key"":""midfielder_long"",""fallback"":""Midfielder""},""dateOfBirth"":""1999-01-03"",""age"":27,""cname"":""England"",""ccode"":""ENG"",""shirtNumber"":4}"
50355596,Arsenal Women,fotmob,258657,835903,Mariona Caldentey,CURRENT_SQUAD,Midfielder,1996-03-19,30,Spain,FACT,true,1.0,https://www.fotmob.com/api/data/teams?id=258657,2026-09-22T18:30:11.545335+00:00,2026-09-22T18:30:11.545335+00:00,"{""id"":835903,""name"":""Mariona Caldentey"",""role"":{""key"":""midfielder_long"",""fallback"":""Midfielder""},""dateOfBirth"":""1996-03-19"",""age"":30,""cname"":""Spain"",""ccode"":""ESP"",""shirtNumber"":8}"
50355596,Arsenal Women,fotmob,258657,324991,Kim Little,CURRENT_SQUAD,Midfielder,1990-06-29,36,Scotland,FACT,true,1.0,https://www.fotmob.com/api/data/teams?id=258657,2026-09-22T18:30:11.545335+00:00,2026-09-22T18:30:11.545335+00:00,"{""id"":324991,""name"":""Kim Little"",""role"":{""key"":""midfielder_long"",""fallback"":""Midfielder""},""dateOfBirth"":""1990-06-29"",""age"":36,""cname"":""Scotland"",""ccode"":""SCO"",""shirtNumber"":10}"
50355596,Arsenal Women,fotmob,258657,809605,Frida Maanum,CURRENT_SQUAD,Midfielder,1999-07-16,27,Norway,FACT,true,1.0,https://www.fotmob.com/api/data/teams?id=258657,2026-09-22T18:30:11.545335+00:00,2026-09-22T18:30:11.545335+00:00,"{""id"":809605,""name"":""Frida Maanum"",""role"":{""key"":""midfielder_long"",""fallback"":""Midfielder""},""dateOfBirth"":""1999-07-16"",""age"":27,""cname"":""Norway"",""ccode"":""NOR"",""shirtNumber"":12}"
50355596,Arsenal Women,fotmob,258657,859021,Géraldine Reuteler,CURRENT_SQUAD,Midfielder,1999-04-21,27,Switzerland,FACT,true,1.0,https://www.fotmob.com/api/data/teams?id=258657,2026-09-22T18:30:11.545335+00:00,2026-09-22T18:30:11.545335+00:00,"{""id"":859021,""name"":""Géraldine Reuteler"",""role"":{""key"":""midfielder_long"",""fallback"":""Midfielder""},""dateOfBirth"":""1999-04-21"",""age"":27,""cname"":""Switzerland"",""ccode"":""SUI"",""shirtNumber"":14}"
50355596,Arsenal Women,fotmob,258657,1638167,Lisa Baum,CURRENT_SQUAD,Midfielder,2006-11-26,19,Germany,FACT,true,1.0,https://www.fotmob.com/api/data/teams?id=258657,2026-09-22T18:30:11.545335+00:00,2026-09-22T18:30:11.545335+00:00,"{""id"":1638167,""name"":""Lisa Baum"",""role"":{""key"":""midfielder_long"",""fallback"":""Midfielder""},""dateOfBirth"":""2006-11-26"",""age"":19,""cname"":""Germany"",""ccode"":""GER"",""shirtNumber"":19}"
50355596,Arsenal Women,fotmob,258657,1111984,Kyra Cooney-Cross,CURRENT_SQUAD,Midfielder,2002-02-15,24,Australia,FACT,true,1.0,https://www.fotmob.com/api/data/teams?id=258657,2026-09-22T18:30:11.545335+00:00,2026-09-22T18:30:11.545335+00:00,"{""id"":1111984,""name"":""Kyra Cooney-Cross"",""role"":{""key"":""midfielder_long"",""fallback"":""Midfielder""},""dateOfBirth"":""2002-02-15"",""age"":24,""cname"":""Australia"",""ccode"":""AUS"",""shirtNumber"":32}"
50355596,Arsenal Women,fotmob,258657,1417287,Maddy Earl,CURRENT_SQUAD,Attacker,2006-11-03,19,England,FACT,true,1.0,https://www.fotmob.com/api/data/teams?id=258657,2026-09-22T18:30:11.545335+00:00,2026-09-22T18:30:11.545335+00:00,"{""id"":1417287,""name"":""Maddy Earl"",""role"":{""key"":""attacker_long"",""fallback"":""Attacker""},""dateOfBirth"":""2006-11-03"",""age"":19,""cname"":""England"",""ccode"":""ENG""}"
50355596,Arsenal Women,fotmob,258657,271434,Caitlin Foord,CURRENT_SQUAD,Attacker,1994-11-11,31,Australia,FACT,true,1.0,https://www.fotmob.com/api/data/teams?id=258657,2026-09-22T18:30:11.545335+00:00,2026-09-22T18:30:11.545335+00:00,"{""id"":271434,""name"":""Caitlin Foord"",""role"":{""key"":""attacker_long"",""fallback"":""Attacker""},""dateOfBirth"":""1994-11-11"",""age"":31,""cname"":""Australia"",""ccode"":""AUS"",""shirtNumber"":9}"
50355596,Arsenal Women,fotmob,258657,1514063,Olivia Smith,CURRENT_SQUAD,Attacker,2004-08-05,22,Canada,FACT,true,1.0,https://www.fotmob.com/api/data/teams?id=258657,2026-09-22T18:30:11.545335+00:00,2026-09-22T18:30:11.545335+00:00,"{""id"":1514063,""name"":""Olivia Smith"",""role"":{""key"":""attacker_long"",""fallback"":""Attacker""},""dateOfBirth"":""2004-08-05"",""age"":22,""cname"":""Canada"",""ccode"":""CAN"",""shirtNumber"":11}"
50355596,Arsenal Women,fotmob,258657,1414896,Michelle Agyemang,CURRENT_SQUAD,Attacker,2006-02-06,20,England,FACT,true,1.0,https://www.fotmob.com/api/data/teams?id=258657,2026-09-22T18:30:11.545335+00:00,2026-09-22T18:30:11.545335+00:00,"{""id"":1414896,""name"":""Michelle Agyemang"",""role"":{""key"":""attacker_long"",""fallback"":""Attacker""},""dateOfBirth"":""2006-02-06"",""age"":20,""cname"":""England"",""ccode"":""ENG"",""shirtNumber"":17}"
50355596,Arsenal Women,fotmob,258657,898060,Chloe Kelly,CURRENT_SQUAD,Attacker,1998-01-15,28,England,FACT,true,1.0,https://www.fotmob.com/api/data/teams?id=258657,2026-09-22T18:30:11.545335+00:00,2026-09-22T18:30:11.545335+00:00,"{""id"":898060,""name"":""Chloe Kelly"",""role"":{""key"":""attacker_long"",""fallback"":""Attacker""},""dateOfBirth"":""1998-01-15"",""age"":28,""cname"":""England"",""ccode"":""ENG"",""shirtNumber"":18}"
50355596,Arsenal Women,fotmob,258657,1185212,Alessia Russo,CURRENT_SQUAD,Attacker,1999-02-08,27,England,FACT,true,1.0,https://www.fotmob.com/api/data/teams?id=258657,2026-09-22T18:30:11.545335+00:00,2026-09-22T18:30:11.545335+00:00,"{""id"":1185212,""name"":""Alessia Russo"",""role"":{""key"":""attacker_long"",""fallback"":""Attacker""},""dateOfBirth"":""1999-02-08"",""age"":27,""cname"":""England"",""ccode"":""ENG"",""shirtNumber"":23}"
50355596,Arsenal Women,fotmob,258657,773402,Stina Blackstenius,CURRENT_SQUAD,Attacker,1996-02-05,30,Sweden,FACT,true,1.0,https://www.fotmob.com/api/data/teams?id=258657,2026-09-22T18:30:11.545335+00:00,2026-09-22T18:30:11.545335+00:00,"{""id"":773402,""name"":""Stina Blackstenius"",""role"":{""key"":""attacker_long"",""fallback"":""Attacker""},""dateOfBirth"":""1996-02-05"",""age"":30,""cname"":""Sweden"",""ccode"":""SWE"",""shirtNumber"":25}"
50355596,Arsenal Women,fotmob,258657,1002647,Selina Cerci,CURRENT_SQUAD,Attacker,2000-05-31,26,Germany,FACT,true,1.0,https://www.fotmob.com/api/data/teams?id=258657,2026-09-22T18:30:11.545335+00:00,2026-09-22T18:30:11.545335+00:00,"{""id"":1002647,""name"":""Selina Cerci"",""role"":{""key"":""attacker_long"",""fallback"":""Attacker""},""dateOfBirth"":""2000-05-31"",""age"":26,""cname"":""Germany"",""ccode"":""GER"",""shirtNumber"":29}"
50355601,Everton Women,fotmob,258663,93205,Scott Phelan,CURRENT_SQUAD,Coach,1988-03-13,38,England,FACT,true,1.0,https://www.fotmob.com/api/data/teams?id=258663,2026-09-22T18:30:11.545335+00:00,2026-09-22T18:30:11.545335+00:00,"{""id"":93205,""name"":""Scott Phelan"",""role"":{""key"":""coach"",""fallback"":""Coach""},""dateOfBirth"":""1988-03-13"",""age"":38,""cname"":""England"",""ccode"":""ENG""}"
50355601,Everton Women,fotmob,258663,1082595,Courtney Brosnan,CURRENT_SQUAD,Keeper,1995-11-10,30,Ireland,FACT,true,1.0,https://www.fotmob.com/api/data/teams?id=258663,2026-09-22T18:30:11.545335+00:00,2026-09-22T18:30:11.545335+00:00,"{""id"":1082595,""name"":""Courtney Brosnan"",""role"":{""key"":""keeper_long"",""fallback"":""Keeper""},""dateOfBirth"":""1995-11-10"",""age"":30,""cname"":""Ireland"",""ccode"":""IRL"",""shirtNumber"":1}"
50355601,Everton Women,fotmob,258663,1131194,Rylee Foster,CURRENT_SQUAD,Keeper,1998-08-13,28,Canada,FACT,true,1.0,https://www.fotmob.com/api/data/teams?id=258663,2026-09-22T18:30:11.545335+00:00,2026-09-22T18:30:11.545335+00:00,"{""id"":1131194,""name"":""Rylee Foster"",""role"":{""key"":""keeper_long"",""fallback"":""Keeper""},""dateOfBirth"":""1998-08-13"",""age"":28,""cname"":""Canada"",""ccode"":""CAN"",""shirtNumber"":24}"
50355601,Everton Women,fotmob,258663,887427,Hannah Blundell,CURRENT_SQUAD,Defender,1994-05-25,32,England,FACT,true,1.0,https://www.fotmob.com/api/data/teams?id=258663,2026-09-22T18:30:11.545335+00:00,2026-09-22T18:30:11.545335+00:00,"{""id"":887427,""name"":""Hannah Blundell"",""role"":{""key"":""defender_long"",""fallback"":""Defender""},""dateOfBirth"":""1994-05-25"",""age"":32,""cname"":""England"",""ccode"":""ENG"",""shirtNumber"":2}"
50355601,Everton Women,fotmob,258663,1444047,Rion Ishikawa,CURRENT_SQUAD,Defender,2003-07-04,23,Japan,FACT,true,1.0,https://www.fotmob.com/api/data/teams?id=258663,2026-09-22T18:30:11.545335+00:00,2026-09-22T18:30:11.545335+00:00,"{""id"":1444047,""name"":""Rion Ishikawa"",""role"":{""key"":""defender_long"",""fallback"":""Defender""},""dateOfBirth"":""2003-07-04"",""age"":23,""cname"":""Japan"",""ccode"":""JPN"",""shirtNumber"":3}"
50355601,Everton Women,fotmob,258663,1617035,Isabella Hobson,CURRENT_SQUAD,Defender,2007-10-31,18,England,FACT,true,1.0,https://www.fotmob.com/api/data/teams?id=258663,2026-09-22T18:30:11.545335+00:00,2026-09-22T18:30:11.545335+00:00,"{""id"":1617035,""name"":""Isabella Hobson"",""role"":{""key"":""defender_long"",""fallback"":""Defender""},""dateOfBirth"":""2007-10-31"",""age"":18,""cname"":""England"",""ccode"":""ENG"",""shirtNumber"":4}"
50355601,Everton Women,fotmob,258663,1182839,Naomi Layzell,CURRENT_SQUAD,Defender,2004-02-29,22,England,FACT,true,1.0,https://www.fotmob.com/api/data/teams?id=258663,2026-09-22T18:30:11.545335+00:00,2026-09-22T18:30:11.545335+00:00,"{""id"":1182839,""name"":""Naomi Layzell"",""role"":{""key"":""defender_long"",""fallback"":""Defender""},""dateOfBirth"":""2004-02-29"",""age"":22,""cname"":""England"",""ccode"":""ENG"",""shirtNumber"":5}"
50355601,Everton Women,fotmob,258663,1627763,Hikaru Kitagawa,CURRENT_SQUAD,Defender,1997-05-10,29,Japan,FACT,true,1.0,https://www.fotmob.com/api/data/teams?id=258663,2026-09-22T18:30:11.545335+00:00,2026-09-22T18:30:11.545335+00:00,"{""id"":1627763,""name"":""Hikaru Kitagawa"",""role"":{""key"":""defender_long"",""fallback"":""Defender""},""dateOfBirth"":""1997-05-10"",""age"":29,""cname"":""Japan"",""ccode"":""JPN"",""shirtNumber"":13}"
50355601,Everton Women,fotmob,258663,1082527,Megan Finnigan,CURRENT_SQUAD,Defender,1998-04-02,28,England,FACT,true,1.0,https://www.fotmob.com/api/data/teams?id=258663,2026-09-22T18:30:11.545335+00:00,2026-09-22T18:30:11.545335+00:00,"{""id"":1082527,""name"":""Megan Finnigan"",""role"":{""key"":""defender_long"",""fallback"":""Defender""},""dateOfBirth"":""1998-04-02"",""age"":28,""cname"":""England"",""ccode"":""ENG"",""shirtNumber"":20}"
50355601,Everton Women,fotmob,258663,1406665,Hannah Silcock,CURRENT_SQUAD,Defender,2004-09-18,22,England,FACT,true,1.0,https://www.fotmob.com/api/data/teams?id=258663,2026-09-22T18:30:11.545335+00:00,2026-09-22T18:30:11.545335+00:00,"{""id"":1406665,""name"":""Hannah Silcock"",""role"":{""key"":""defender_long"",""fallback"":""Defender""},""dateOfBirth"":""2004-09-18"",""age"":22,""cname"":""England"",""ccode"":""ENG"",""shirtNumber"":25}"
50355601,Everton Women,fotmob,258663,571270,Karen Holmgaard,CURRENT_SQUAD,Defender,1999-01-28,27,Denmark,FACT,true,1.0,https://www.fotmob.com/api/data/teams?id=258663,2026-09-22T18:30:11.545335+00:00,2026-09-22T18:30:11.545335+00:00,"{""id"":571270,""name"":""Karen Holmgaard"",""role"":{""key"":""defender_long"",""fallback"":""Defender""},""dateOfBirth"":""1999-01-28"",""age"":27,""cname"":""Denmark"",""ccode"":""DEN"",""shirtNumber"":28}"
50355601,Everton Women,fotmob,258663,1130961,Ruby Mace,CURRENT_SQUAD,Defender,2003-09-05,23,England,FACT,true,1.0,https://www.fotmob.com/api/data/teams?id=258663,2026-09-22T18:30:11.545335+00:00,2026-09-22T18:30:11.545335+00:00,"{""id"":1130961,""name"":""Ruby Mace"",""role"":{""key"":""defender_long"",""fallback"":""Defender""},""dateOfBirth"":""2003-09-05"",""age"":23,""cname"":""England"",""ccode"":""ENG"",""shirtNumber"":30}"
50355601,Everton Women,fotmob,258663,1082564,Mayumi Pacheco,CURRENT_SQUAD,Defender,1998-08-25,28,Philippines,FACT,true,1.0,https://www.fotmob.com/api/data/teams?id=258663,2026-09-22T18:30:11.545335+00:00,2026-09-22T18:30:11.545335+00:00,"{""id"":1082564,""name"":""Mayumi Pacheco"",""role"":{""key"":""defender_long"",""fallback"":""Defender""},""dateOfBirth"":""1998-08-25"",""age"":28,""cname"":""Philippines"",""ccode"":""PHI"",""shirtNumber"":33}"
50355601,Everton Women,fotmob,258663,973705,Jutta Rantala,CURRENT_SQUAD,Midfielder,1999-11-10,26,Finland,FACT,true,1.0,https://www.fotmob.com/api/data/teams?id=258663,2026-09-22T18:30:11.545335+00:00,2026-09-22T18:30:11.545335+00:00,"{""id"":973705,""name"":""Jutta Rantala"",""role"":{""key"":""midfielder_long"",""fallback"":""Midfielder""},""dateOfBirth"":""1999-11-10"",""age"":26,""cname"":""Finland"",""ccode"":""FIN""}"
50355601,Everton Women,fotmob,258663,1240212,Honoka Hayashi,CURRENT_SQUAD,Midfielder,1998-05-19,28,Japan,FACT,true,1.0,https://www.fotmob.com/api/data/teams?id=258663,2026-09-22T18:30:11.545335+00:00,2026-09-22T18:30:11.545335+00:00,"{""id"":1240212,""name"":""Honoka Hayashi"",""role"":{""key"":""midfielder_long"",""fallback"":""Midfielder""},""dateOfBirth"":""1998-05-19"",""age"":28,""cname"":""Japan"",""ccode"":""JPN"",""shirtNumber"":6}"
50355601,Everton Women,fotmob,258663,1231013,Clare Wheeler,CURRENT_SQUAD,Midfielder,1998-01-14,28,Australia,FACT,true,1.0,https://www.fotmob.com/api/data/teams?id=258663,2026-09-22T18:30:11.545335+00:00,2026-09-22T18:30:11.545335+00:00,"{""id"":1231013,""name"":""Clare Wheeler"",""role"":{""key"":""midfielder_long"",""fallback"":""Midfielder""},""dateOfBirth"":""1998-01-14"",""age"":28,""cname"":""Australia"",""ccode"":""AUS"",""shirtNumber"":7}"
50355601,Everton Women,fotmob,258663,1578196,Rosa van Gool,CURRENT_SQUAD,Midfielder,2004-02-09,22,Netherlands,FACT,true,1.0,https://www.fotmob.com/api/data/teams?id=258663,2026-09-22T18:30:11.545335+00:00,2026-09-22T18:30:11.545335+00:00,"{""id"":1578196,""name"":""Rosa van Gool"",""role"":{""key"":""midfielder_long"",""fallback"":""Midfielder""},""dateOfBirth"":""2004-02-09"",""age"":22,""cname"":""Netherlands"",""ccode"":""NED"",""shirtNumber"":8}"
50355601,Everton Women,fotmob,258663,1302357,Ornella Vignola,CURRENT_SQUAD,Midfielder,2004-09-30,21,Spain,FACT,true,1.0,https://www.fotmob.com/api/data/teams?id=258663,2026-09-22T18:30:11.545335+00:00,2026-09-22T18:30:11.545335+00:00,"{""id"":1302357,""name"":""Ornella Vignola"",""role"":{""key"":""midfielder_long"",""fallback"":""Midfielder""},""dateOfBirth"":""2004-09-30"",""age"":21,""cname"":""Spain"",""ccode"":""ESP"",""shirtNumber"":18}"
50355601,Everton Women,fotmob,258663,859265,Aurora Galli,CURRENT_SQUAD,Midfielder,1996-12-13,29,Italy,FACT,true,1.0,https://www.fotmob.com/api/data/teams?id=258663,2026-09-22T18:30:11.545335+00:00,2026-09-22T18:30:11.545335+00:00,"{""id"":859265,""name"":""Aurora Galli"",""role"":{""key"":""midfielder_long"",""fallback"":""Midfielder""},""dateOfBirth"":""1996-12-13"",""age"":29,""cname"":""Italy"",""ccode"":""ITA"",""shirtNumber"":22}"
50355601,Everton Women,fotmob,258663,1544680,Noémie Mouchon,CURRENT_SQUAD,Attacker,2003-06-06,23,France,FACT,true,1.0,https://www.fotmob.com/api/data/teams?id=258663,2026-09-22T18:30:11.545335+00:00,2026-09-22T18:30:11.545335+00:00,"{""id"":1544680,""name"":""Noémie Mouchon"",""role"":{""key"":""attacker_long"",""fallback"":""Attacker""},""dateOfBirth"":""2003-06-06"",""age"":23,""cname"":""France"",""ccode"":""FRA""}"
50355601,Everton Women,fotmob,258663,1319365,Holly McNamara,CURRENT_SQUAD,Attacker,2003-01-23,23,Australia,FACT,true,1.0,https://www.fotmob.com/api/data/teams?id=258663,2026-09-22T18:30:11.545335+00:00,2026-09-22T18:30:11.545335+00:00,"{""id"":1319365,""name"":""Holly McNamara"",""role"":{""key"":""attacker_long"",""fallback"":""Attacker""},""dateOfBirth"":""2003-01-23"",""age"":23,""cname"":""Australia"",""ccode"":""AUS"",""shirtNumber"":9}"
50355601,Everton Women,fotmob,258663,1213665,Inma Gabarro,CURRENT_SQUAD,Attacker,2002-11-05,23,Spain,FACT,true,1.0,https://www.fotmob.com/api/data/teams?id=258663,2026-09-22T18:30:11.545335+00:00,2026-09-22T18:30:11.545335+00:00,"{""id"":1213665,""name"":""Inma Gabarro"",""role"":{""key"":""attacker_long"",""fallback"":""Attacker""},""dateOfBirth"":""2002-11-05"",""age"":23,""cname"":""Spain"",""ccode"":""ESP"",""shirtNumber"":10}"
50355601,Everton Women,fotmob,258663,1000849,Hannah Cain,CURRENT_SQUAD,Attacker,1999-02-11,27,Wales,FACT,true,1.0,https://www.fotmob.com/api/data/teams?id=258663,2026-09-22T18:30:11.545335+00:00,2026-09-22T18:30:11.545335+00:00,"{""id"":1000849,""name"":""Hannah Cain"",""role"":{""key"":""attacker_long"",""fallback"":""Attacker""},""dateOfBirth"":""1999-02-11"",""age"":27,""cname"":""Wales"",""ccode"":""WAL"",""shirtNumber"":11}"
50355601,Everton Women,fotmob,258663,1408450,Zara Kramžar,CURRENT_SQUAD,Attacker,2006-01-10,20,Slovenia,FACT,true,1.0,https://www.fotmob.com/api/data/teams?id=258663,2026-09-22T18:30:11.545335+00:00,2026-09-22T18:30:11.545335+00:00,"{""id"":1408450,""name"":""Zara Kramžar"",""role"":{""key"":""attacker_long"",""fallback"":""Attacker""},""dateOfBirth"":""2006-01-10"",""age"":20,""cname"":""Slovenia"",""ccode"":""SVN"",""shirtNumber"":21}"
50355601,Everton Women,fotmob,258663,980950,Yuka Momiki,CURRENT_SQUAD,Attacker,1996-04-09,30,Japan,FACT,true,1.0,https://www.fotmob.com/api/data/teams?id=258663,2026-09-22T18:30:11.545335+00:00,2026-09-22T18:30:11.545335+00:00,"{""id"":980950,""name"":""Yuka Momiki"",""role"":{""key"":""attacker_long"",""fallback"":""Attacker""},""dateOfBirth"":""1996-04-09"",""age"":30,""cname"":""Japan"",""ccode"":""JPN"",""shirtNumber"":29}"
50355601,Everton Women,fotmob,258663,1641122,Ellie Jones,CURRENT_SQUAD,Attacker,2007-11-15,18,England,FACT,true,1.0,https://www.fotmob.com/api/data/teams?id=258663,2026-09-22T18:30:11.545335+00:00,2026-09-22T18:30:11.545335+00:00,"{""id"":1641122,""name"":""Ellie Jones"",""role"":{""key"":""attacker_long"",""fallback"":""Attacker""},""dateOfBirth"":""2007-11-15"",""age"":18,""cname"":""England"",""ccode"":""ENG"",""shirtNumber"":34}"
50355620,Juventus Women,fotmob,956623,1556341,Daniëlle de Jong,CURRENT_SQUAD,Keeper,2002-10-11,23,Netherlands,FACT,true,1.0,https://www.fotmob.com/api/data/teams?id=956623,2026-09-22T18:30:11.545335+00:00,2026-09-22T18:30:11.545335+00:00,"{""id"":1556341,""name"":""Daniëlle de Jong"",""role"":{""key"":""keeper_long"",""fallback"":""Keeper""},""dateOfBirth"":""2002-10-11"",""age"":23,""cname"":""Netherlands"",""ccode"":""NED"",""shirtNumber"":1}"
50355620,Juventus Women,fotmob,956623,1734898,Larissa Rusek,CURRENT_SQUAD,Keeper,2005-01-01,21,Austria,FACT,true,1.0,https://www.fotmob.com/api/data/teams?id=956623,2026-09-22T18:30:11.545335+00:00,2026-09-22T18:30:11.545335+00:00,"{""id"":1734898,""name"":""Larissa Rusek"",""role"":{""key"":""keeper_long"",""fallback"":""Keeper""},""dateOfBirth"":""2005-01-01"",""age"":21,""cname"":""Austria"",""ccode"":""AUT"",""shirtNumber"":21}"
50355620,Juventus Women,fotmob,956623,1895526,Anna Mallardi,CURRENT_SQUAD,Keeper,2009-09-24,16,Italy,FACT,true,1.0,https://www.fotmob.com/api/data/teams?id=956623,2026-09-22T18:30:11.545335+00:00,2026-09-22T18:30:11.545335+00:00,"{""id"":1895526,""name"":""Anna Mallardi"",""role"":{""key"":""keeper_long"",""fallback"":""Keeper""},""dateOfBirth"":""2009-09-24"",""age"":16,""cname"":""Italy"",""ccode"":""ITA"",""shirtNumber"":40}"
50355620,Juventus Women,fotmob,956623,1345371,Estela Carbonell,CURRENT_SQUAD,Defender,2004-10-18,21,Spain,FACT,true,1.0,https://www.fotmob.com/api/data/teams?id=956623,2026-09-22T18:30:11.545335+00:00,2026-09-22T18:30:11.545335+00:00,"{""id"":1345371,""name"":""Estela Carbonell"",""role"":{""key"":""defender_long"",""fallback"":""Defender""},""dateOfBirth"":""2004-10-18"",""age"":21,""cname"":""Spain"",""ccode"":""ESP"",""shirtNumber"":3}"
50355620,Juventus Women,fotmob,956623,1320894,Kysha Sylla,CURRENT_SQUAD,Defender,2004-02-04,22,France,FACT,true,1.0,https://www.fotmob.com/api/data/teams?id=956623,2026-09-22T18:30:11.545335+00:00,2026-09-22T18:30:11.545335+00:00,"{""id"":1320894,""name"":""Kysha Sylla"",""role"":{""key"":""defender_long"",""fallback"":""Defender""},""dateOfBirth"":""2004-02-04"",""age"":22,""cname"":""France"",""ccode"":""FRA"",""shirtNumber"":4}"
50355620,Juventus Women,fotmob,956623,734747,Martina Rosucci,CURRENT_SQUAD,Defender,1992-05-09,34,Italy,FACT,true,1.0,https://www.fotmob.com/api/data/teams?id=956623,2026-09-22T18:30:11.545335+00:00,2026-09-22T18:30:11.545335+00:00,"{""id"":734747,""name"":""Martina Rosucci"",""role"":{""key"":""defender_long"",""fallback"":""Defender""},""dateOfBirth"":""1992-05-09"",""age"":34,""cname"":""Italy"",""ccode"":""ITA"",""shirtNumber"":8}"
50355620,Juventus Women,fotmob,956623,1356047,Danique Noordman,CURRENT_SQUAD,Defender,2004-02-21,22,Netherlands,FACT,true,1.0,https://www.fotmob.com/api/data/teams?id=956623,2026-09-22T18:30:11.545335+00:00,2026-09-22T18:30:11.545335+00:00,"{""id"":1356047,""name"":""Danique Noordman"",""role"":{""key"":""defender_long"",""fallback"":""Defender""},""dateOfBirth"":""2004-02-21"",""age"":22,""cname"":""Netherlands"",""ccode"":""NED"",""shirtNumber"":16}"
50355620,Juventus Women,fotmob,956623,859032,Cecilia Salvai,CURRENT_SQUAD,Defender,1993-12-02,32,Italy,FACT,true,1.0,https://www.fotmob.com/api/data/teams?id=956623,2026-09-22T18:30:11.545335+00:00,2026-09-22T18:30:11.545335+00:00,"{""id"":859032,""name"":""Cecilia Salvai"",""role"":{""key"":""defender_long"",""fallback"":""Defender""},""dateOfBirth"":""1993-12-02"",""age"":32,""cname"":""Italy"",""ccode"":""ITA"",""shirtNumber"":23}"
50355620,Juventus Women,fotmob,956623,1473402,Federica D'Auria,CURRENT_SQUAD,Defender,2003-08-27,23,Italy,FACT,true,1.0,https://www.fotmob.com/api/data/teams?id=956623,2026-09-22T18:30:11.545335+00:00,2026-09-22T18:30:11.545335+00:00,"{""id"":1473402,""name"":""Federica D'Auria"",""role"":{""key"":""defender_long"",""fallback"":""Defender""},""dateOfBirth"":""2003-08-27"",""age"":23,""cname"":""Italy"",""ccode"":""ITA"",""shirtNumber"":27}"
50355620,Juventus Women,fotmob,956623,734764,Martina Lenzini,CURRENT_SQUAD,Defender,1998-07-23,28,Italy,FACT,true,1.0,https://www.fotmob.com/api/data/teams?id=956623,2026-09-22T18:30:11.545335+00:00,2026-09-22T18:30:11.545335+00:00,"{""id"":734764,""name"":""Martina Lenzini"",""role"":{""key"":""defender_long"",""fallback"":""Defender""},""dateOfBirth"":""1998-07-23"",""age"":28,""cname"":""Italy"",""ccode"":""ITA"",""shirtNumber"":71}"
50355620,Juventus Women,fotmob,956623,1727398,Manaka Hayashi,CURRENT_SQUAD,Midfielder,2004-08-16,22,Japan,FACT,true,1.0,https://www.fotmob.com/api/data/teams?id=956623,2026-09-22T18:30:11.545335+00:00,2026-09-22T18:30:11.545335+00:00,"{""id"":1727398,""name"":""Manaka Hayashi"",""role"":{""key"":""midfielder_long"",""fallback"":""Midfielder""},""dateOfBirth"":""2004-08-16"",""age"":22,""cname"":""Japan"",""ccode"":""JPN""}"
50355620,Juventus Women,fotmob,956623,1681667,Ornella Graziani,CURRENT_SQUAD,Midfielder,2007-08-19,19,France,FACT,true,1.0,https://www.fotmob.com/api/data/teams?id=956623,2026-09-22T18:30:11.545335+00:00,2026-09-22T18:30:11.545335+00:00,"{""id"":1681667,""name"":""Ornella Graziani"",""role"":{""key"":""midfielder_long"",""fallback"":""Midfielder""},""dateOfBirth"":""2007-08-19"",""age"":19,""cname"":""France"",""ccode"":""FRA""}"
50355620,Juventus Women,fotmob,956623,1423051,Eva Schatzer,CURRENT_SQUAD,Midfielder,2005-01-16,21,Italy,FACT,true,1.0,https://www.fotmob.com/api/data/teams?id=956623,2026-09-22T18:30:11.545335+00:00,2026-09-22T18:30:11.545335+00:00,"{""id"":1423051,""name"":""Eva Schatzer"",""role"":{""key"":""midfielder_long"",""fallback"":""Midfielder""},""dateOfBirth"":""2005-01-16"",""age"":21,""cname"":""Italy"",""ccode"":""ITA"",""shirtNumber"":6}"
50355620,Juventus Women,fotmob,956623,1349775,Júlia Bartel,CURRENT_SQUAD,Midfielder,2004-05-18,22,Spain,FACT,true,1.0,https://www.fotmob.com/api/data/teams?id=956623,2026-09-22T18:30:11.545335+00:00,2026-09-22T18:30:11.545335+00:00,"{""id"":1349775,""name"":""Júlia Bartel"",""role"":{""key"":""midfielder_long"",""fallback"":""Midfielder""},""dateOfBirth"":""2004-05-18"",""age"":22,""cname"":""Spain"",""ccode"":""ESP"",""shirtNumber"":14}"
50355620,Juventus Women,fotmob,956623,1082893,Emma Stølen Godø,CURRENT_SQUAD,Midfielder,2000-05-31,26,Norway,FACT,true,1.0,https://www.fotmob.com/api/data/teams?id=956623,2026-09-22T18:30:11.545335+00:00,2026-09-22T18:30:11.545335+00:00,"{""id"":1082893,""name"":""Emma Stølen Godø"",""role"":{""key"":""midfielder_long"",""fallback"":""Midfielder""},""dateOfBirth"":""2000-05-31"",""age"":26,""cname"":""Norway"",""ccode"":""NOR"",""shirtNumber"":17}"
50355620,Juventus Women,fotmob,956623,1191883,Matilde Pavan,CURRENT_SQUAD,Midfielder,2004-06-12,22,Italy,FACT,true,1.0,https://www.fotmob.com/api/data/teams?id=956623,2026-09-22T18:30:11.545335+00:00,2026-09-22T18:30:11.545335+00:00,"{""id"":1191883,""name"":""Matilde Pavan"",""role"":{""key"":""midfielder_long"",""fallback"":""Midfielder""},""dateOfBirth"":""2004-06-12"",""age"":22,""cname"":""Italy"",""ccode"":""ITA"",""shirtNumber"":19}"
50355620,Juventus Women,fotmob,956623,978891,Léa Khelifi,CURRENT_SQUAD,Midfielder,1999-05-12,27,France,FACT,true,1.0,https://www.fotmob.com/api/data/teams?id=956623,2026-09-22T18:30:11.545335+00:00,2026-09-22T18:30:11.545335+00:00,"{""id"":978891,""name"":""Léa Khelifi"",""role"":{""key"":""midfielder_long"",""fallback"":""Midfielder""},""dateOfBirth"":""1999-05-12"",""age"":27,""cname"":""France"",""ccode"":""FRA"",""shirtNumber"":26}"
50355620,Juventus Women,fotmob,956623,858370,Tatiana Pinto,CURRENT_SQUAD,Midfielder,1994-03-28,32,Portugal,FACT,true,1.0,https://www.fotmob.com/api/data/teams?id=956623,2026-09-22T18:30:11.545335+00:00,2026-09-22T18:30:11.545335+00:00,"{""id"":858370,""name"":""Tatiana Pinto"",""role"":{""key"":""midfielder_long"",""fallback"":""Midfielder""},""dateOfBirth"":""1994-03-28"",""age"":32,""cname"":""Portugal"",""ccode"":""POR"",""shirtNumber"":29}"
50355620,Juventus Women,fotmob,956623,1705005,Abi Brighton,CURRENT_SQUAD,Midfielder,2002-03-29,24,USA,FACT,true,1.0,https://www.fotmob.com/api/data/teams?id=956623,2026-09-22T18:30:11.545335+00:00,2026-09-22T18:30:11.545335+00:00,"{""id"":1705005,""name"":""Abi Brighton"",""role"":{""key"":""midfielder_long"",""fallback"":""Midfielder""},""dateOfBirth"":""2002-03-29"",""age"":24,""cname"":""USA"",""ccode"":""USA"",""shirtNumber"":33}"
50355620,Juventus Women,fotmob,956623,1675407,Rebecca Viljamaa,CURRENT_SQUAD,Midfielder,2008-11-04,17,Finland,FACT,true,1.0,https://www.fotmob.com/api/data/teams?id=956623,2026-09-22T18:30:11.545335+00:00,2026-09-22T18:30:11.545335+00:00,"{""id"":1675407,""name"":""Rebecca Viljamaa"",""role"":{""key"":""midfielder_long"",""fallback"":""Midfielder""},""dateOfBirth"":""2008-11-04"",""age"":17,""cname"":""Finland"",""ccode"":""FIN"",""shirtNumber"":45}"
50355620,Juventus Women,fotmob,956623,1327404,Cristina Librán,CURRENT_SQUAD,Midfielder,2006-01-11,20,Spain,FACT,true,1.0,https://www.fotmob.com/api/data/teams?id=956623,2026-09-22T18:30:11.545335+00:00,2026-09-22T18:30:11.545335+00:00,"{""id"":1327404,""name"":""Cristina Librán"",""role"":{""key"":""midfielder_long"",""fallback"":""Midfielder""},""dateOfBirth"":""2006-01-11"",""age"":20,""cname"":""Spain"",""ccode"":""ESP"",""shirtNumber"":46}"
50355620,Juventus Women,fotmob,956623,1199652,Ana Capeta,CURRENT_SQUAD,Attacker,1997-12-22,28,Portugal,FACT,true,1.0,https://www.fotmob.com/api/data/teams?id=956623,2026-09-22T18:30:11.545335+00:00,2026-09-22T18:30:11.545335+00:00,"{""id"":1199652,""name"":""Ana Capeta"",""role"":{""key"":""attacker_long"",""fallback"":""Attacker""},""dateOfBirth"":""1997-12-22"",""age"":28,""cname"":""Portugal"",""ccode"":""POR"",""shirtNumber"":7}"
50355620,Juventus Women,fotmob,956623,1254503,Chiara Beccari,CURRENT_SQUAD,Attacker,2004-09-27,21,Italy,FACT,true,1.0,https://www.fotmob.com/api/data/teams?id=956623,2026-09-22T18:30:11.545335+00:00,2026-09-22T18:30:11.545335+00:00,"{""id"":1254503,""name"":""Chiara Beccari"",""role"":{""key"":""attacker_long"",""fallback"":""Attacker""},""dateOfBirth"":""2004-09-27"",""age"":21,""cname"":""Italy"",""ccode"":""ITA"",""shirtNumber"":9}"
50355620,Juventus Women,fotmob,956623,734752,Annamaria Serturini,CURRENT_SQUAD,Attacker,1998-05-13,28,Italy,FACT,true,1.0,https://www.fotmob.com/api/data/teams?id=956623,2026-09-22T18:30:11.545335+00:00,2026-09-22T18:30:11.545335+00:00,"{""id"":734752,""name"":""Annamaria Serturini"",""role"":{""key"":""attacker_long"",""fallback"":""Attacker""},""dateOfBirth"":""1998-05-13"",""age"":28,""cname"":""Italy"",""ccode"":""ITA"",""shirtNumber"":15}"
50355620,Juventus Women,fotmob,956623,1044151,Alba Redondo,CURRENT_SQUAD,Attacker,1996-08-27,30,Spain,FACT,true,1.0,https://www.fotmob.com/api/data/teams?id=956623,2026-09-22T18:30:11.545335+00:00,2026-09-22T18:30:11.545335+00:00,"{""id"":1044151,""name"":""Alba Redondo"",""role"":{""key"":""attacker_long"",""fallback"":""Attacker""},""dateOfBirth"":""1996-08-27"",""age"":30,""cname"":""Spain"",""ccode"":""ESP"",""shirtNumber"":20}"
50355620,Juventus Women,fotmob,956623,1510615,Remina Chiba,CURRENT_SQUAD,Attacker,1999-04-30,27,Japan,FACT,true,1.0,https://www.fotmob.com/api/data/teams?id=956623,2026-09-22T18:30:11.545335+00:00,2026-09-22T18:30:11.545335+00:00,"{""id"":1510615,""name"":""Remina Chiba"",""role"":{""key"":""attacker_long"",""fallback"":""Attacker""},""dateOfBirth"":""1999-04-30"",""age"":27,""cname"":""Japan"",""ccode"":""JPN"",""shirtNumber"":22}"
50355620,Juventus Women,fotmob,956623,2088412,Emilie Mece,CURRENT_SQUAD,Attacker,2007-07-15,19,Switzerland,FACT,true,1.0,https://www.fotmob.com/api/data/teams?id=956623,2026-09-22T18:30:11.545335+00:00,2026-09-22T18:30:11.545335+00:00,"{""id"":2088412,""name"":""Emilie Mece"",""role"":{""key"":""attacker_long"",""fallback"":""Attacker""},""dateOfBirth"":""2007-07-15"",""age"":19,""cname"":""Switzerland"",""ccode"":""SUI"",""shirtNumber"":43}"
50355620,Juventus Women,fotmob,956623,1202703,Amaiur Sarriegi,CURRENT_SQUAD,Attacker,2000-12-13,25,Spain,FACT,true,1.0,https://www.fotmob.com/api/data/teams?id=956623,2026-09-22T18:30:11.545335+00:00,2026-09-22T18:30:11.545335+00:00,"{""id"":1202703,""name"":""Amaiur Sarriegi"",""role"":{""key"":""attacker_long"",""fallback"":""Attacker""},""dateOfBirth"":""2000-12-13"",""age"":25,""cname"":""Spain"",""ccode"":""ESP"",""shirtNumber"":77}"
50355624,Roma Women,fotmob,584402,73878,Gianpiero Piovani,CURRENT_SQUAD,Coach,1968-06-12,58,Italy,FACT,true,1.0,https://www.fotmob.com/api/data/teams?id=584402,2026-09-22T18:30:11.545335+00:00,2026-09-22T18:30:11.545335+00:00,"{""id"":73878,""name"":""Gianpiero Piovani"",""role"":{""key"":""coach"",""fallback"":""Coach""},""dateOfBirth"":""1968-06-12"",""age"":58,""cname"":""Italy"",""ccode"":""ITA""}"
50355624,Roma Women,fotmob,584402,1091668,Olivie Lukásová,CURRENT_SQUAD,Keeper,2001-06-04,25,Czechia,FACT,true,1.0,https://www.fotmob.com/api/data/teams?id=584402,2026-09-22T18:30:11.545335+00:00,2026-09-22T18:30:11.545335+00:00,"{""id"":1091668,""name"":""Olivie Lukásová"",""role"":{""key"":""keeper_long"",""fallback"":""Keeper""},""dateOfBirth"":""2001-06-04"",""age"":25,""cname"":""Czechia"",""ccode"":""CZE"",""shirtNumber"":1}"
50355624,Roma Women,fotmob,584402,1185131,Rachele Baldi,CURRENT_SQUAD,Keeper,1994-10-02,31,Italy,FACT,true,1.0,https://www.fotmob.com/api/data/teams?id=584402,2026-09-22T18:30:11.545335+00:00,2026-09-22T18:30:11.545335+00:00,"{""id"":1185131,""name"":""Rachele Baldi"",""role"":{""key"":""keeper_long"",""fallback"":""Keeper""},""dateOfBirth"":""1994-10-02"",""age"":31,""cname"":""Italy"",""ccode"":""ITA"",""shirtNumber"":24}"
50355624,Roma Women,fotmob,584402,1225982,Valentina Soggiu,CURRENT_SQUAD,Keeper,2003-01-01,23,Italy,FACT,true,1.0,https://www.fotmob.com/api/data/teams?id=584402,2026-09-22T18:30:11.545335+00:00,2026-09-22T18:30:11.545335+00:00,"{""id"":1225982,""name"":""Valentina Soggiu"",""role"":{""key"":""keeper_long"",""fallback"":""Keeper""},""dateOfBirth"":""2003-01-01"",""age"":23,""cname"":""Italy"",""ccode"":""ITA"",""shirtNumber"":36}"
50355624,Roma Women,fotmob,584402,1765506,Lana Klobučarević,CURRENT_SQUAD,Keeper,2008-06-17,18,Croatia,FACT,true,1.0,https://www.fotmob.com/api/data/teams?id=584402,2026-09-22T18:30:11.545335+00:00,2026-09-22T18:30:11.545335+00:00,"{""id"":1765506,""name"":""Lana Klobučarević"",""role"":{""key"":""keeper_long"",""fallback"":""Keeper""},""dateOfBirth"":""2008-06-17"",""age"":18,""cname"":""Croatia"",""ccode"":""CRO"",""shirtNumber"":80}"
50355624,Roma Women,fotmob,584402,1227426,Winonah Heatley,CURRENT_SQUAD,Defender,2001-06-18,25,Australia,FACT,true,1.0,https://www.fotmob.com/api/data/teams?id=584402,2026-09-22T18:30:11.545335+00:00,2026-09-22T18:30:11.545335+00:00,"{""id"":1227426,""name"":""Winonah Heatley"",""role"":{""key"":""defender_long"",""fallback"":""Defender""},""dateOfBirth"":""2001-06-18"",""age"":25,""cname"":""Australia"",""ccode"":""AUS"",""shirtNumber"":4}"
50355624,Roma Women,fotmob,584402,1636886,Maya Antoine,CURRENT_SQUAD,Defender,2001-08-08,25,Canada,FACT,true,1.0,https://www.fotmob.com/api/data/teams?id=584402,2026-09-22T18:30:11.545335+00:00,2026-09-22T18:30:11.545335+00:00,"{""id"":1636886,""name"":""Maya Antoine"",""role"":{""key"":""defender_long"",""fallback"":""Defender""},""dateOfBirth"":""2001-08-08"",""age"":25,""cname"":""Canada"",""ccode"":""CAN"",""shirtNumber"":5}"
50355624,Roma Women,fotmob,584402,2174791,Ella Ottey,CURRENT_SQUAD,Defender,2005-08-12,21,Canada,FACT,true,1.0,https://www.fotmob.com/api/data/teams?id=584402,2026-09-22T18:30:11.545335+00:00,2026-09-22T18:30:11.545335+00:00,"{""id"":2174791,""name"":""Ella Ottey"",""role"":{""key"":""defender_long"",""fallback"":""Defender""},""dateOfBirth"":""2005-08-12"",""age"":21,""cname"":""Canada"",""ccode"":""CAN"",""shirtNumber"":12}"
50355624,Roma Women,fotmob,584402,1640465,Shukurat Oladipo,CURRENT_SQUAD,Defender,2004-09-22,22,Nigeria,FACT,true,1.0,https://www.fotmob.com/api/data/teams?id=584402,2026-09-22T18:30:11.545335+00:00,2026-09-22T18:30:11.545335+00:00,"{""id"":1640465,""name"":""Shukurat Oladipo"",""role"":{""key"":""defender_long"",""fallback"":""Defender""},""dateOfBirth"":""2004-09-22"",""age"":22,""cname"":""Nigeria"",""ccode"":""NGA"",""shirtNumber"":19}"
50355624,Roma Women,fotmob,584402,887253,Valentina Bergamaschi,CURRENT_SQUAD,Defender,1997-01-22,29,Italy,FACT,true,1.0,https://www.fotmob.com/api/data/teams?id=584402,2026-09-22T18:30:11.545335+00:00,2026-09-22T18:30:11.545335+00:00,"{""id"":887253,""name"":""Valentina Bergamaschi"",""role"":{""key"":""defender_long"",""fallback"":""Defender""},""dateOfBirth"":""1997-01-22"",""age"":29,""cname"":""Italy"",""ccode"":""ITA"",""shirtNumber"":23}"
50355624,Roma Women,fotmob,584402,492532,Frederikke Thøgersen,CURRENT_SQUAD,Defender,1995-07-24,31,Denmark,FACT,true,1.0,https://www.fotmob.com/api/data/teams?id=584402,2026-09-22T18:30:11.545335+00:00,2026-09-22T18:30:11.545335+00:00,"{""id"":492532,""name"":""Frederikke Thøgersen"",""role"":{""key"":""defender_long"",""fallback"":""Defender""},""dateOfBirth"":""1995-07-24"",""age"":31,""cname"":""Denmark"",""ccode"":""DEN"",""shirtNumber"":25}"
50355624,Roma Women,fotmob,584402,1185130,Bianca Vergani,CURRENT_SQUAD,Defender,2002-11-01,23,Italy,FACT,true,1.0,https://www.fotmob.com/api/data/teams?id=584402,2026-09-22T18:30:11.545335+00:00,2026-09-22T18:30:11.545335+00:00,"{""id"":1185130,""name"":""Bianca Vergani"",""role"":{""key"":""defender_long"",""fallback"":""Defender""},""dateOfBirth"":""2002-11-01"",""age"":23,""cname"":""Italy"",""ccode"":""ITA"",""shirtNumber"":32}"
50355624,Roma Women,fotmob,584402,1826895,Magda Piekarska,CURRENT_SQUAD,Defender,2007-09-09,19,Poland,FACT,true,1.0,https://www.fotmob.com/api/data/teams?id=584402,2026-09-22T18:30:11.545335+00:00,2026-09-22T18:30:11.545335+00:00,"{""id"":1826895,""name"":""Magda Piekarska"",""role"":{""key"":""defender_long"",""fallback"":""Defender""},""dateOfBirth"":""2007-09-09"",""age"":19,""cname"":""Poland"",""ccode"":""POL"",""shirtNumber"":78}"
50355624,Roma Women,fotmob,584402,1624204,Maya Doms,CURRENT_SQUAD,Midfielder,2001-05-11,25,USA,FACT,true,1.0,https://www.fotmob.com/api/data/teams?id=584402,2026-09-22T18:30:11.545335+00:00,2026-09-22T18:30:11.545335+00:00,"{""id"":1624204,""name"":""Maya Doms"",""role"":{""key"":""midfielder_long"",""fallback"":""Midfielder""},""dateOfBirth"":""2001-05-11"",""age"":25,""cname"":""USA"",""ccode"":""USA"",""shirtNumber"":6}"
50355624,Roma Women,fotmob,584402,1214629,Kayleigh van Dooren,CURRENT_SQUAD,Midfielder,1999-07-31,27,Netherlands,FACT,true,1.0,https://www.fotmob.com/api/data/teams?id=584402,2026-09-22T18:30:11.545335+00:00,2026-09-22T18:30:11.545335+00:00,"{""id"":1214629,""name"":""Kayleigh van Dooren"",""role"":{""key"":""midfielder_long"",""fallback"":""Midfielder""},""dateOfBirth"":""1999-07-31"",""age"":27,""cname"":""Netherlands"",""ccode"":""NED"",""shirtNumber"":8}"
50355624,Roma Women,fotmob,584402,859266,Manuela Giugliano,CURRENT_SQUAD,Midfielder,1997-08-18,29,Italy,FACT,true,1.0,https://www.fotmob.com/api/data/teams?id=584402,2026-09-22T18:30:11.545335+00:00,2026-09-22T18:30:11.545335+00:00,"{""id"":859266,""name"":""Manuela Giugliano"",""role"":{""key"":""midfielder_long"",""fallback"":""Midfielder""},""dateOfBirth"":""1997-08-18"",""age"":29,""cname"":""Italy"",""ccode"":""ITA"",""shirtNumber"":10}"
50355624,Roma Women,fotmob,584402,1184953,Elisabetta Oliviero,CURRENT_SQUAD,Midfielder,1997-07-18,29,Italy,FACT,true,1.0,https://www.fotmob.com/api/data/teams?id=584402,2026-09-22T18:30:11.545335+00:00,2026-09-22T18:30:11.545335+00:00,"{""id"":1184953,""name"":""Elisabetta Oliviero"",""role"":{""key"":""midfielder_long"",""fallback"":""Midfielder""},""dateOfBirth"":""1997-07-18"",""age"":29,""cname"":""Italy"",""ccode"":""ITA"",""shirtNumber"":13}"
50355624,Roma Women,fotmob,584402,1111407,Giada Greggi,CURRENT_SQUAD,Midfielder,2000-02-18,26,Italy,FACT,true,1.0,https://www.fotmob.com/api/data/teams?id=584402,2026-09-22T18:30:11.545335+00:00,2026-09-22T18:30:11.545335+00:00,"{""id"":1111407,""name"":""Giada Greggi"",""role"":{""key"":""midfielder_long"",""fallback"":""Midfielder""},""dateOfBirth"":""2000-02-18"",""age"":26,""cname"":""Italy"",""ccode"":""ITA"",""shirtNumber"":20}"
50355624,Roma Women,fotmob,584402,1184904,Marta Pandini,CURRENT_SQUAD,Midfielder,1998-03-21,28,Italy,FACT,true,1.0,https://www.fotmob.com/api/data/teams?id=584402,2026-09-22T18:30:11.545335+00:00,2026-09-22T18:30:11.545335+00:00,"{""id"":1184904,""name"":""Marta Pandini"",""role"":{""key"":""midfielder_long"",""fallback"":""Midfielder""},""dateOfBirth"":""1998-03-21"",""age"":28,""cname"":""Italy"",""ccode"":""ITA"",""shirtNumber"":22}"
50355624,Roma Women,fotmob,584402,881741,Annalena Rieke,CURRENT_SQUAD,Midfielder,1999-01-10,27,Germany,FACT,true,1.0,https://www.fotmob.com/api/data/teams?id=584402,2026-09-22T18:30:11.545335+00:00,2026-09-22T18:30:11.545335+00:00,"{""id"":881741,""name"":""Annalena Rieke"",""role"":{""key"":""midfielder_long"",""fallback"":""Midfielder""},""dateOfBirth"":""1999-01-10"",""age"":27,""cname"":""Germany"",""ccode"":""GER"",""shirtNumber"":29}"
50355624,Roma Women,fotmob,584402,1823503,Vanda Hanász,CURRENT_SQUAD,Midfielder,2009-03-12,17,Hungary,FACT,true,1.0,https://www.fotmob.com/api/data/teams?id=584402,2026-09-22T18:30:11.545335+00:00,2026-09-22T18:30:11.545335+00:00,"{""id"":1823503,""name"":""Vanda Hanász"",""role"":{""key"":""midfielder_long"",""fallback"":""Midfielder""},""dateOfBirth"":""2009-03-12"",""age"":17,""cname"":""Hungary"",""ccode"":""HUN"",""shirtNumber"":53}"
50355624,Roma Women,fotmob,584402,1826892,Giulia Robino,CURRENT_SQUAD,Midfielder,2008-01-18,18,Italy,FACT,true,1.0,https://www.fotmob.com/api/data/teams?id=584402,2026-09-22T18:30:11.545335+00:00,2026-09-22T18:30:11.545335+00:00,"{""id"":1826892,""name"":""Giulia Robino"",""role"":{""key"":""midfielder_long"",""fallback"":""Midfielder""},""dateOfBirth"":""2008-01-18"",""age"":18,""cname"":""Italy"",""ccode"":""ITA"",""shirtNumber"":62}"
50355624,Roma Women,fotmob,584402,1569090,Sofia Jahnukainen,CURRENT_SQUAD,Attacker,2006-11-12,19,Finland,FACT,true,1.0,https://www.fotmob.com/api/data/teams?id=584402,2026-09-22T18:30:11.545335+00:00,2026-09-22T18:30:11.545335+00:00,"{""id"":1569090,""name"":""Sofia Jahnukainen"",""role"":{""key"":""attacker_long"",""fallback"":""Attacker""},""dateOfBirth"":""2006-11-12"",""age"":19,""cname"":""Finland"",""ccode"":""FIN"",""shirtNumber"":7}"
50355624,Roma Women,fotmob,584402,1484623,Giada Cimò,CURRENT_SQUAD,Attacker,2006-10-07,19,Italy,FACT,true,1.0,https://www.fotmob.com/api/data/teams?id=584402,2026-09-22T18:30:11.545335+00:00,2026-09-22T18:30:11.545335+00:00,"{""id"":1484623,""name"":""Giada Cimò"",""role"":{""key"":""attacker_long"",""fallback"":""Attacker""},""dateOfBirth"":""2006-10-07"",""age"":19,""cname"":""Italy"",""ccode"":""ITA"",""shirtNumber"":14}"
50355624,Roma Women,fotmob,584402,1184909,Alice Corelli,CURRENT_SQUAD,Attacker,2003-11-28,22,Italy,FACT,true,1.0,https://www.fotmob.com/api/data/teams?id=584402,2026-09-22T18:30:11.545335+00:00,2026-09-22T18:30:11.545335+00:00,"{""id"":1184909,""name"":""Alice Corelli"",""role"":{""key"":""attacker_long"",""fallback"":""Attacker""},""dateOfBirth"":""2003-11-28"",""age"":22,""cname"":""Italy"",""ccode"":""ITA"",""shirtNumber"":16}"
50355624,Roma Women,fotmob,584402,1409671,Alayah Pilgrim,CURRENT_SQUAD,Attacker,2003-04-29,23,Switzerland,FACT,true,1.0,https://www.fotmob.com/api/data/teams?id=584402,2026-09-22T18:30:11.545335+00:00,2026-09-22T18:30:11.545335+00:00,"{""id"":1409671,""name"":""Alayah Pilgrim"",""role"":{""key"":""attacker_long"",""fallback"":""Attacker""},""dateOfBirth"":""2003-04-29"",""age"":23,""cname"":""Switzerland"",""ccode"":""SUI"",""shirtNumber"":17}"
50355624,Roma Women,fotmob,584402,1102701,Martina Piemonte,CURRENT_SQUAD,Attacker,1997-11-07,28,Italy,FACT,true,1.0,https://www.fotmob.com/api/data/teams?id=584402,2026-09-22T18:30:11.545335+00:00,2026-09-22T18:30:11.545335+00:00,"{""id"":1102701,""name"":""Martina Piemonte"",""role"":{""key"":""attacker_long"",""fallback"":""Attacker""},""dateOfBirth"":""1997-11-07"",""age"":28,""cname"":""Italy"",""ccode"":""ITA"",""shirtNumber"":18}"
50355624,Roma Women,fotmob,584402,977763,Omorinsola Babajide,CURRENT_SQUAD,Attacker,1998-06-17,28,Nigeria,FACT,true,1.0,https://www.fotmob.com/api/data/teams?id=584402,2026-09-22T18:30:11.545335+00:00,2026-09-22T18:30:11.545335+00:00,"{""id"":977763,""name"":""Omorinsola Babajide"",""role"":{""key"":""attacker_long"",""fallback"":""Attacker""},""dateOfBirth"":""1998-06-17"",""age"":28,""cname"":""Nigeria"",""ccode"":""NGA"",""shirtNumber"":30}"
50356281,Real Madrid Women,fotmob,1077486,1793670,Pau Quesada,CURRENT_SQUAD,Coach,1992-10-31,33,Spain,FACT,true,1.0,https://www.fotmob.com/api/data/teams?id=1077486,2026-09-22T18:30:11.545335+00:00,2026-09-22T18:30:11.545335+00:00,"{""id"":1793670,""name"":""Pau Quesada"",""role"":{""key"":""coach"",""fallback"":""Coach""},""dateOfBirth"":""1992-10-31"",""age"":33,""cname"":""Spain"",""ccode"":""ESP""}"
50356281,Real Madrid Women,fotmob,1077486,734689,Merle Frohms,CURRENT_SQUAD,Keeper,1995-01-28,31,Germany,FACT,true,1.0,https://www.fotmob.com/api/data/teams?id=1077486,2026-09-22T18:30:11.545335+00:00,2026-09-22T18:30:11.545335+00:00,"{""id"":734689,""name"":""Merle Frohms"",""role"":{""key"":""keeper_long"",""fallback"":""Keeper""},""dateOfBirth"":""1995-01-28"",""age"":31,""cname"":""Germany"",""ccode"":""GER"",""shirtNumber"":1}"
50356281,Real Madrid Women,fotmob,1077486,1402584,Laia López,CURRENT_SQUAD,Keeper,2007-01-29,19,Spain,FACT,true,1.0,https://www.fotmob.com/api/data/teams?id=1077486,2026-09-22T18:30:11.545335+00:00,2026-09-22T18:30:11.545335+00:00,"{""id"":1402584,""name"":""Laia López"",""role"":{""key"":""keeper_long"",""fallback"":""Keeper""},""dateOfBirth"":""2007-01-29"",""age"":19,""cname"":""Spain"",""ccode"":""ESP"",""shirtNumber"":13}"
50356281,Real Madrid Women,fotmob,1077486,2175363,Cristina Agueda,CURRENT_SQUAD,Keeper,2007-05-13,19,Spain,FACT,true,1.0,https://www.fotmob.com/api/data/teams?id=1077486,2026-09-22T18:30:11.545335+00:00,2026-09-22T18:30:11.545335+00:00,"{""id"":2175363,""name"":""Cristina Agueda"",""role"":{""key"":""keeper_long"",""fallback"":""Keeper""},""dateOfBirth"":""2007-05-13"",""age"":19,""cname"":""Spain"",""ccode"":""ESP"",""shirtNumber"":30}"
50356281,Real Madrid Women,fotmob,1077486,1481118,Alicia de la Cuerda,CURRENT_SQUAD,Defender,2004-02-19,22,Spain,FACT,true,1.0,https://www.fotmob.com/api/data/teams?id=1077486,2026-09-22T18:30:11.545335+00:00,2026-09-22T18:30:11.545335+00:00,"{""id"":1481118,""name"":""Alicia de la Cuerda"",""role"":{""key"":""defender_long"",""fallback"":""Defender""},""dateOfBirth"":""2004-02-19"",""age"":22,""cname"":""Spain"",""ccode"":""ESP""}"
50356281,Real Madrid Women,fotmob,1077486,1678135,Noe Bejarano,CURRENT_SQUAD,Defender,2006-06-27,20,Spain,FACT,true,1.0,https://www.fotmob.com/api/data/teams?id=1077486,2026-09-22T18:30:11.545335+00:00,2026-09-22T18:30:11.545335+00:00,"{""id"":1678135,""name"":""Noe Bejarano"",""role"":{""key"":""defender_long"",""fallback"":""Defender""},""dateOfBirth"":""2006-06-27"",""age"":20,""cname"":""Spain"",""ccode"":""ESP"",""shirtNumber"":2}"
50356281,Real Madrid Women,fotmob,1077486,1214637,Janou Levels,CURRENT_SQUAD,Defender,2000-10-30,25,Netherlands,FACT,true,1.0,https://www.fotmob.com/api/data/teams?id=1077486,2026-09-22T18:30:11.545335+00:00,2026-09-22T18:30:11.545335+00:00,"{""id"":1214637,""name"":""Janou Levels"",""role"":{""key"":""defender_long"",""fallback"":""Defender""},""dateOfBirth"":""2000-10-30"",""age"":25,""cname"":""Netherlands"",""ccode"":""NED"",""shirtNumber"":3}"
50356281,Real Madrid Women,fotmob,1077486,1686806,Silvia Cristóbal,CURRENT_SQUAD,Defender,2008-05-01,18,Spain,FACT,true,1.0,https://www.fotmob.com/api/data/teams?id=1077486,2026-09-22T18:30:11.545335+00:00,2026-09-22T18:30:11.545335+00:00,"{""id"":1686806,""name"":""Silvia Cristóbal"",""role"":{""key"":""defender_long"",""fallback"":""Defender""},""dateOfBirth"":""2008-05-01"",""age"":18,""cname"":""Spain"",""ccode"":""ESP"",""shirtNumber"":4}"
50356281,Real Madrid Women,fotmob,1077486,1098363,María Méndez,CURRENT_SQUAD,Defender,2001-04-10,25,Spain,FACT,true,1.0,https://www.fotmob.com/api/data/teams?id=1077486,2026-09-22T18:30:11.545335+00:00,2026-09-22T18:30:11.545335+00:00,"{""id"":1098363,""name"":""María Méndez"",""role"":{""key"":""defender_long"",""fallback"":""Defender""},""dateOfBirth"":""2001-04-10"",""age"":25,""cname"":""Spain"",""ccode"":""ESP"",""shirtNumber"":14}"
50356281,Real Madrid Women,fotmob,1077486,1043818,Eva Navarro,CURRENT_SQUAD,Defender,2001-01-27,25,Spain,FACT,true,1.0,https://www.fotmob.com/api/data/teams?id=1077486,2026-09-22T18:30:11.545335+00:00,2026-09-22T18:30:11.545335+00:00,"{""id"":1043818,""name"":""Eva Navarro"",""role"":{""key"":""defender_long"",""fallback"":""Defender""},""dateOfBirth"":""2001-01-27"",""age"":25,""cname"":""Spain"",""ccode"":""ESP"",""shirtNumber"":19}"
50356281,Real Madrid Women,fotmob,1077486,571269,Sara Holmgaard,CURRENT_SQUAD,Defender,1999-01-28,27,Denmark,FACT,true,1.0,https://www.fotmob.com/api/data/teams?id=1077486,2026-09-22T18:30:11.545335+00:00,2026-09-22T18:30:11.545335+00:00,"{""id"":571269,""name"":""Sara Holmgaard"",""role"":{""key"":""defender_long"",""fallback"":""Defender""},""dateOfBirth"":""1999-01-28"",""age"":27,""cname"":""Denmark"",""ccode"":""DEN"",""shirtNumber"":21}"
50356281,Real Madrid Women,fotmob,1077486,1358580,Bella Andersson,CURRENT_SQUAD,Defender,2006-07-12,20,Sweden,FACT,true,1.0,https://www.fotmob.com/api/data/teams?id=1077486,2026-09-22T18:30:11.545335+00:00,2026-09-22T18:30:11.545335+00:00,"{""id"":1358580,""name"":""Bella Andersson"",""role"":{""key"":""defender_long"",""fallback"":""Defender""},""dateOfBirth"":""2006-07-12"",""age"":20,""cname"":""Sweden"",""ccode"":""SWE"",""shirtNumber"":22}"
50356281,Real Madrid Women,fotmob,1077486,900531,Maëlle Lakrar,CURRENT_SQUAD,Defender,2000-05-27,26,France,FACT,true,1.0,https://www.fotmob.com/api/data/teams?id=1077486,2026-09-22T18:30:11.545335+00:00,2026-09-22T18:30:11.545335+00:00,"{""id"":900531,""name"":""Maëlle Lakrar"",""role"":{""key"":""defender_long"",""fallback"":""Defender""},""dateOfBirth"":""2000-05-27"",""age"":26,""cname"":""France"",""ccode"":""FRA"",""shirtNumber"":23}"
50356281,Real Madrid Women,fotmob,1077486,1686807,Claudia De La Cuerda,CURRENT_SQUAD,Defender,2007-06-05,19,Spain,FACT,true,1.0,https://www.fotmob.com/api/data/teams?id=1077486,2026-09-22T18:30:11.545335+00:00,2026-09-22T18:30:11.545335+00:00,"{""id"":1686807,""name"":""Claudia De La Cuerda"",""role"":{""key"":""defender_long"",""fallback"":""Defender""},""dateOfBirth"":""2007-06-05"",""age"":19,""cname"":""Spain"",""ccode"":""ESP"",""shirtNumber"":26}"
50356281,Real Madrid Women,fotmob,1077486,2175377,Noelia Llamas,CURRENT_SQUAD,Defender,2005-01-23,21,Spain,FACT,true,1.0,https://www.fotmob.com/api/data/teams?id=1077486,2026-09-22T18:30:11.545335+00:00,2026-09-22T18:30:11.545335+00:00,"{""id"":2175377,""name"":""Noelia Llamas"",""role"":{""key"":""defender_long"",""fallback"":""Defender""},""dateOfBirth"":""2005-01-23"",""age"":21,""cname"":""Spain"",""ccode"":""ESP"",""shirtNumber"":29}"
50356281,Real Madrid Women,fotmob,1077486,856527,Sandie Toletti,CURRENT_SQUAD,Midfielder,1995-07-13,31,France,FACT,true,1.0,https://www.fotmob.com/api/data/teams?id=1077486,2026-09-22T18:30:11.545335+00:00,2026-09-22T18:30:11.545335+00:00,"{""id"":856527,""name"":""Sandie Toletti"",""role"":{""key"":""midfielder_long"",""fallback"":""Midfielder""},""dateOfBirth"":""1995-07-13"",""age"":31,""cname"":""France"",""ccode"":""FRA"",""shirtNumber"":6}"
50356281,Real Madrid Women,fotmob,1077486,646026,Sara Däbritz,CURRENT_SQUAD,Midfielder,1995-02-15,31,Germany,FACT,true,1.0,https://www.fotmob.com/api/data/teams?id=1077486,2026-09-22T18:30:11.545335+00:00,2026-09-22T18:30:11.545335+00:00,"{""id"":646026,""name"":""Sara Däbritz"",""role"":{""key"":""midfielder_long"",""fallback"":""Midfielder""},""dateOfBirth"":""1995-02-15"",""age"":31,""cname"":""Germany"",""ccode"":""GER"",""shirtNumber"":8}"
50356281,Real Madrid Women,fotmob,1077486,931314,Filippa Angeldal,CURRENT_SQUAD,Midfielder,1997-07-14,29,Sweden,FACT,true,1.0,https://www.fotmob.com/api/data/teams?id=1077486,2026-09-22T18:30:11.545335+00:00,2026-09-22T18:30:11.545335+00:00,"{""id"":931314,""name"":""Filippa Angeldal"",""role"":{""key"":""midfielder_long"",""fallback"":""Midfielder""},""dateOfBirth"":""1997-07-14"",""age"":29,""cname"":""Sweden"",""ccode"":""SWE"",""shirtNumber"":16}"
50356281,Real Madrid Women,fotmob,1077486,1263133,Andreia Jacinto,CURRENT_SQUAD,Midfielder,2002-06-08,24,Portugal,FACT,true,1.0,https://www.fotmob.com/api/data/teams?id=1077486,2026-09-22T18:30:11.545335+00:00,2026-09-22T18:30:11.545335+00:00,"{""id"":1263133,""name"":""Andreia Jacinto"",""role"":{""key"":""midfielder_long"",""fallback"":""Midfielder""},""dateOfBirth"":""2002-06-08"",""age"":24,""cname"":""Portugal"",""ccode"":""POR"",""shirtNumber"":17}"
50356281,Real Madrid Women,fotmob,1077486,1194928,Elisa Senß,CURRENT_SQUAD,Midfielder,1997-10-01,28,Germany,FACT,true,1.0,https://www.fotmob.com/api/data/teams?id=1077486,2026-09-22T18:30:11.545335+00:00,2026-09-22T18:30:11.545335+00:00,"{""id"":1194928,""name"":""Elisa Senß"",""role"":{""key"":""midfielder_long"",""fallback"":""Midfielder""},""dateOfBirth"":""1997-10-01"",""age"":28,""cname"":""Germany"",""ccode"":""GER"",""shirtNumber"":20}"
50356281,Real Madrid Women,fotmob,1077486,1091635,Arianna Caruso,CURRENT_SQUAD,Midfielder,1999-11-06,26,Italy,FACT,true,1.0,https://www.fotmob.com/api/data/teams?id=1077486,2026-09-22T18:30:11.545335+00:00,2026-09-22T18:30:11.545335+00:00,"{""id"":1091635,""name"":""Arianna Caruso"",""role"":{""key"":""midfielder_long"",""fallback"":""Midfielder""},""dateOfBirth"":""1999-11-06"",""age"":26,""cname"":""Italy"",""ccode"":""ITA"",""shirtNumber"":24}"
50356281,Real Madrid Women,fotmob,1077486,1707914,Oihane San Martín,CURRENT_SQUAD,Midfielder,2005-06-15,21,Spain,FACT,true,1.0,https://www.fotmob.com/api/data/teams?id=1077486,2026-09-22T18:30:11.545335+00:00,2026-09-22T18:30:11.545335+00:00,"{""id"":1707914,""name"":""Oihane San Martín"",""role"":{""key"":""midfielder_long"",""fallback"":""Midfielder""},""dateOfBirth"":""2005-06-15"",""age"":21,""cname"":""Spain"",""ccode"":""ESP"",""shirtNumber"":31}"
50356281,Real Madrid Women,fotmob,1077486,1579892,Paula Rubio,CURRENT_SQUAD,Midfielder,2005-08-28,21,Spain,FACT,true,1.0,https://www.fotmob.com/api/data/teams?id=1077486,2026-09-22T18:30:11.545335+00:00,2026-09-22T18:30:11.545335+00:00,"{""id"":1579892,""name"":""Paula Rubio"",""role"":{""key"":""midfielder_long"",""fallback"":""Midfielder""},""dateOfBirth"":""2005-08-28"",""age"":21,""cname"":""Spain"",""ccode"":""ESP"",""shirtNumber"":35}"
50356281,Real Madrid Women,fotmob,1077486,1579936,Paula Comendador,CURRENT_SQUAD,Attacker,2007-01-12,19,Spain,FACT,true,1.0,https://www.fotmob.com/api/data/teams?id=1077486,2026-09-22T18:30:11.545335+00:00,2026-09-22T18:30:11.545335+00:00,"{""id"":1579936,""name"":""Paula Comendador"",""role"":{""key"":""attacker_long"",""fallback"":""Attacker""},""dateOfBirth"":""2007-01-12"",""age"":19,""cname"":""Spain"",""ccode"":""ESP"",""shirtNumber"":5}"
50356281,Real Madrid Women,fotmob,1077486,1578197,Lotte Keukelaar,CURRENT_SQUAD,Attacker,2005-09-25,20,Netherlands,FACT,true,1.0,https://www.fotmob.com/api/data/teams?id=1077486,2026-09-22T18:30:11.545335+00:00,2026-09-22T18:30:11.545335+00:00,"{""id"":1578197,""name"":""Lotte Keukelaar"",""role"":{""key"":""attacker_long"",""fallback"":""Attacker""},""dateOfBirth"":""2005-09-25"",""age"":20,""cname"":""Netherlands"",""ccode"":""NED"",""shirtNumber"":7}"
50356281,Real Madrid Women,fotmob,1077486,571261,Signe Bruun,CURRENT_SQUAD,Attacker,1998-04-06,28,Denmark,FACT,true,1.0,https://www.fotmob.com/api/data/teams?id=1077486,2026-09-22T18:30:11.545335+00:00,2026-09-22T18:30:11.545335+00:00,"{""id"":571261,""name"":""Signe Bruun"",""role"":{""key"":""attacker_long"",""fallback"":""Attacker""},""dateOfBirth"":""1998-04-06"",""age"":28,""cname"":""Denmark"",""ccode"":""DEN"",""shirtNumber"":9}"
50356281,Real Madrid Women,fotmob,1077486,1127396,Athenea del Castillo,CURRENT_SQUAD,Attacker,2000-10-24,25,Spain,FACT,true,1.0,https://www.fotmob.com/api/data/teams?id=1077486,2026-09-22T18:30:11.545335+00:00,2026-09-22T18:30:11.545335+00:00,"{""id"":1127396,""name"":""Athenea del Castillo"",""role"":{""key"":""attacker_long"",""fallback"":""Attacker""},""dateOfBirth"":""2000-10-24"",""age"":25,""cname"":""Spain"",""ccode"":""ESP"",""shirtNumber"":10}"
50356281,Real Madrid Women,fotmob,1077486,856253,Lineth Beerensteyn,CURRENT_SQUAD,Attacker,1996-10-11,29,Netherlands,FACT,true,1.0,https://www.fotmob.com/api/data/teams?id=1077486,2026-09-22T18:30:11.545335+00:00,2026-09-22T18:30:11.545335+00:00,"{""id"":856253,""name"":""Lineth Beerensteyn"",""role"":{""key"":""attacker_long"",""fallback"":""Attacker""},""dateOfBirth"":""1996-10-11"",""age"":29,""cname"":""Netherlands"",""ccode"":""NED"",""shirtNumber"":11}"
50356281,Real Madrid Women,fotmob,1077486,1456015,Felicia Schröder,CURRENT_SQUAD,Attacker,2007-04-13,19,Sweden,FACT,true,1.0,https://www.fotmob.com/api/data/teams?id=1077486,2026-09-22T18:30:11.545335+00:00,2026-09-22T18:30:11.545335+00:00,"{""id"":1456015,""name"":""Felicia Schröder"",""role"":{""key"":""attacker_long"",""fallback"":""Attacker""},""dateOfBirth"":""2007-04-13"",""age"":19,""cname"":""Sweden"",""ccode"":""SWE"",""shirtNumber"":12}"
50356281,Real Madrid Women,fotmob,1077486,1378707,Linda Caicedo,CURRENT_SQUAD,Attacker,2005-02-22,21,Colombia,FACT,true,1.0,https://www.fotmob.com/api/data/teams?id=1077486,2026-09-22T18:30:11.545335+00:00,2026-09-22T18:30:11.545335+00:00,"{""id"":1378707,""name"":""Linda Caicedo"",""role"":{""key"":""attacker_long"",""fallback"":""Attacker""},""dateOfBirth"":""2005-02-22"",""age"":21,""cname"":""Colombia"",""ccode"":""COL"",""shirtNumber"":18}"
50356281,Real Madrid Women,fotmob,1077486,1585808,Yasmine Zouhir,CURRENT_SQUAD,Attacker,2005-07-16,21,Morocco,FACT,true,1.0,https://www.fotmob.com/api/data/teams?id=1077486,2026-09-22T18:30:11.545335+00:00,2026-09-22T18:30:11.545335+00:00,"{""id"":1585808,""name"":""Yasmine Zouhir"",""role"":{""key"":""attacker_long"",""fallback"":""Attacker""},""dateOfBirth"":""2005-07-16"",""age"":21,""cname"":""Morocco"",""ccode"":""MAR"",""shirtNumber"":27}"
50356281,Real Madrid Women,fotmob,1077486,2190198,Bibiana Casquero,CURRENT_SQUAD,Attacker,2006-03-28,20,Spain,FACT,true,1.0,https://www.fotmob.com/api/data/teams?id=1077486,2026-09-22T18:30:11.545335+00:00,2026-09-22T18:30:11.545335+00:00,"{""id"":2190198,""name"":""Bibiana Casquero"",""role"":{""key"":""attacker_long"",""fallback"":""Attacker""},""dateOfBirth"":""2006-03-28"",""age"":20,""cname"":""Spain"",""ccode"":""ESP"",""shirtNumber"":37}"
50356281,Real Madrid Women,fotmob,1077486,2029436,Candela Rodriguez,CURRENT_SQUAD,Attacker,2009-04-19,17,Spain,FACT,true,1.0,https://www.fotmob.com/api/data/teams?id=1077486,2026-09-22T18:30:11.545335+00:00,2026-09-22T18:30:11.545335+00:00,"{""id"":2029436,""name"":""Candela Rodriguez"",""role"":{""key"":""attacker_long"",""fallback"":""Attacker""},""dateOfBirth"":""2009-04-19"",""age"":17,""cname"":""Spain"",""ccode"":""ESP"",""shirtNumber"":47}"
50356297,Benfica Women,fotmob,1198668,1819421,Ivan Baptista,CURRENT_SQUAD,Coach,1991-10-10,34,Portugal,FACT,true,1.0,https://www.fotmob.com/api/data/teams?id=1198668,2026-09-22T18:30:11.545335+00:00,2026-09-22T18:30:11.545335+00:00,"{""id"":1819421,""name"":""Ivan Baptista"",""role"":{""key"":""coach"",""fallback"":""Coach""},""dateOfBirth"":""1991-10-10"",""age"":34,""cname"":""Portugal"",""ccode"":""POR""}"
50356297,Benfica Women,fotmob,1198668,898510,Lena Pauels,CURRENT_SQUAD,Keeper,1998-02-02,28,Germany,FACT,true,1.0,https://www.fotmob.com/api/data/teams?id=1198668,2026-09-22T18:30:11.545335+00:00,2026-09-22T18:30:11.545335+00:00,"{""id"":898510,""name"":""Lena Pauels"",""role"":{""key"":""keeper_long"",""fallback"":""Keeper""},""dateOfBirth"":""1998-02-02"",""age"":28,""cname"":""Germany"",""ccode"":""GER"",""shirtNumber"":1}"
50356297,Benfica Women,fotmob,1198668,1819430,Thaís Lima,CURRENT_SQUAD,Keeper,2008-04-11,18,Brazil,FACT,true,1.0,https://www.fotmob.com/api/data/teams?id=1198668,2026-09-22T18:30:11.545335+00:00,2026-09-22T18:30:11.545335+00:00,"{""id"":1819430,""name"":""Thaís Lima"",""role"":{""key"":""keeper_long"",""fallback"":""Keeper""},""dateOfBirth"":""2008-04-11"",""age"":18,""cname"":""Brazil"",""ccode"":""BRA"",""shirtNumber"":12}"
50356297,Benfica Women,fotmob,1198668,1901695,Michaely Bihina,CURRENT_SQUAD,Keeper,2003-12-28,22,Cameroon,FACT,true,1.0,https://www.fotmob.com/api/data/teams?id=1198668,2026-09-22T18:30:11.545335+00:00,2026-09-22T18:30:11.545335+00:00,"{""id"":1901695,""name"":""Michaely Bihina"",""role"":{""key"":""keeper_long"",""fallback"":""Keeper""},""dateOfBirth"":""2003-12-28"",""age"":22,""cname"":""Cameroon"",""ccode"":""CMR"",""shirtNumber"":46}"
50356297,Benfica Women,fotmob,1198668,2240323,Ines Meninas,CURRENT_SQUAD,Defender,2006-05-16,20,Portugal,FACT,true,1.0,https://www.fotmob.com/api/data/teams?id=1198668,2026-09-22T18:30:11.545335+00:00,2026-09-22T18:30:11.545335+00:00,"{""id"":2240323,""name"":""Ines Meninas"",""role"":{""key"":""defender_long"",""fallback"":""Defender""},""dateOfBirth"":""2006-05-16"",""age"":20,""cname"":""Portugal"",""ccode"":""POR"",""shirtNumber"":3}"
50356297,Benfica Women,fotmob,1198668,1402036,Oluwatosin Blessing Demehin,CURRENT_SQUAD,Defender,2002-03-13,24,Nigeria,FACT,true,1.0,https://www.fotmob.com/api/data/teams?id=1198668,2026-09-22T18:30:11.545335+00:00,2026-09-22T18:30:11.545335+00:00,"{""id"":1402036,""name"":""Oluwatosin Blessing Demehin"",""role"":{""key"":""defender_long"",""fallback"":""Defender""},""dateOfBirth"":""2002-03-13"",""age"":24,""cname"":""Nigeria"",""ccode"":""NGA"",""shirtNumber"":4}"
50356297,Benfica Women,fotmob,1198668,315002,Marit Lund,CURRENT_SQUAD,Defender,1997-11-07,28,Norway,FACT,true,1.0,https://www.fotmob.com/api/data/teams?id=1198668,2026-09-22T18:30:11.545335+00:00,2026-09-22T18:30:11.545335+00:00,"{""id"":315002,""name"":""Marit Lund"",""role"":{""key"":""defender_long"",""fallback"":""Defender""},""dateOfBirth"":""1997-11-07"",""age"":28,""cname"":""Norway"",""ccode"":""NOR"",""shirtNumber"":5}"
50356297,Benfica Women,fotmob,1198668,858372,Ana Borges,CURRENT_SQUAD,Defender,1990-06-15,36,Portugal,FACT,true,1.0,https://www.fotmob.com/api/data/teams?id=1198668,2026-09-22T18:30:11.545335+00:00,2026-09-22T18:30:11.545335+00:00,"{""id"":858372,""name"":""Ana Borges"",""role"":{""key"":""defender_long"",""fallback"":""Defender""},""dateOfBirth"":""1990-06-15"",""age"":36,""cname"":""Portugal"",""ccode"":""POR"",""shirtNumber"":11}"
50356297,Benfica Women,fotmob,1198668,1263134,Lúcia Alves,CURRENT_SQUAD,Defender,1997-10-22,28,Portugal,FACT,true,1.0,https://www.fotmob.com/api/data/teams?id=1198668,2026-09-22T18:30:11.545335+00:00,2026-09-22T18:30:11.545335+00:00,"{""id"":1263134,""name"":""Lúcia Alves"",""role"":{""key"":""defender_long"",""fallback"":""Defender""},""dateOfBirth"":""1997-10-22"",""age"":28,""cname"":""Portugal"",""ccode"":""POR"",""shirtNumber"":13}"
50356297,Benfica Women,fotmob,1198668,1214595,Catarina Amado,CURRENT_SQUAD,Defender,1999-07-21,27,Portugal,FACT,true,1.0,https://www.fotmob.com/api/data/teams?id=1198668,2026-09-22T18:30:11.545335+00:00,2026-09-22T18:30:11.545335+00:00,"{""id"":1214595,""name"":""Catarina Amado"",""role"":{""key"":""defender_long"",""fallback"":""Defender""},""dateOfBirth"":""1999-07-21"",""age"":27,""cname"":""Portugal"",""ccode"":""POR"",""shirtNumber"":19}"
50356297,Benfica Women,fotmob,1198668,858366,Diana Gomes,CURRENT_SQUAD,Defender,1998-07-26,28,Portugal,FACT,true,1.0,https://www.fotmob.com/api/data/teams?id=1198668,2026-09-22T18:30:11.545335+00:00,2026-09-22T18:30:11.545335+00:00,"{""id"":858366,""name"":""Diana Gomes"",""role"":{""key"":""defender_long"",""fallback"":""Defender""},""dateOfBirth"":""1998-07-26"",""age"":28,""cname"":""Portugal"",""ccode"":""POR"",""shirtNumber"":22}"
50356297,Benfica Women,fotmob,1198668,1765532,Tinkara Testen,CURRENT_SQUAD,Defender,2006-01-13,20,Slovenia,FACT,true,1.0,https://www.fotmob.com/api/data/teams?id=1198668,2026-09-22T18:30:11.545335+00:00,2026-09-22T18:30:11.545335+00:00,"{""id"":1765532,""name"":""Tinkara Testen"",""role"":{""key"":""defender_long"",""fallback"":""Defender""},""dateOfBirth"":""2006-01-13"",""age"":20,""cname"":""Slovenia"",""ccode"":""SVN"",""shirtNumber"":31}"
50356297,Benfica Women,fotmob,1198668,858363,Andreia Norton,CURRENT_SQUAD,Midfielder,1996-08-15,30,Portugal,FACT,true,1.0,https://www.fotmob.com/api/data/teams?id=1198668,2026-09-22T18:30:11.545335+00:00,2026-09-22T18:30:11.545335+00:00,"{""id"":858363,""name"":""Andreia Norton"",""role"":{""key"":""midfielder_long"",""fallback"":""Midfielder""},""dateOfBirth"":""1996-08-15"",""age"":30,""cname"":""Portugal"",""ccode"":""POR"",""shirtNumber"":8}"
50356297,Benfica Women,fotmob,1198668,1161748,Anna Csiki,CURRENT_SQUAD,Midfielder,1999-11-14,26,Hungary,FACT,true,1.0,https://www.fotmob.com/api/data/teams?id=1198668,2026-09-22T18:30:11.545335+00:00,2026-09-22T18:30:11.545335+00:00,"{""id"":1161748,""name"":""Anna Csiki"",""role"":{""key"":""midfielder_long"",""fallback"":""Midfielder""},""dateOfBirth"":""1999-11-14"",""age"":26,""cname"":""Hungary"",""ccode"":""HUN"",""shirtNumber"":14}"
50356297,Benfica Women,fotmob,1198668,1819427,Clarinha,CURRENT_SQUAD,Midfielder,2006-01-16,20,Brazil,FACT,true,1.0,https://www.fotmob.com/api/data/teams?id=1198668,2026-09-22T18:30:11.545335+00:00,2026-09-22T18:30:11.545335+00:00,"{""id"":1819427,""name"":""Clarinha"",""role"":{""key"":""midfielder_long"",""fallback"":""Midfielder""},""dateOfBirth"":""2006-01-16"",""age"":20,""cname"":""Brazil"",""ccode"":""BRA"",""shirtNumber"":16}"
50356297,Benfica Women,fotmob,1198668,1214603,Pauleta,CURRENT_SQUAD,Midfielder,1997-08-11,29,Portugal,FACT,true,1.0,https://www.fotmob.com/api/data/teams?id=1198668,2026-09-22T18:30:11.545335+00:00,2026-09-22T18:30:11.545335+00:00,"{""id"":1214603,""name"":""Pauleta"",""role"":{""key"":""midfielder_long"",""fallback"":""Midfielder""},""dateOfBirth"":""1997-08-11"",""age"":29,""cname"":""Portugal"",""ccode"":""POR"",""shirtNumber"":21}"
50356297,Benfica Women,fotmob,1198668,1823048,Carolina Tristão,CURRENT_SQUAD,Midfielder,2008-11-20,17,Portugal,FACT,true,1.0,https://www.fotmob.com/api/data/teams?id=1198668,2026-09-22T18:30:11.545335+00:00,2026-09-22T18:30:11.545335+00:00,"{""id"":1823048,""name"":""Carolina Tristão"",""role"":{""key"":""midfielder_long"",""fallback"":""Midfielder""},""dateOfBirth"":""2008-11-20"",""age"":17,""cname"":""Portugal"",""ccode"":""POR"",""shirtNumber"":23}"
50356297,Benfica Women,fotmob,1198668,2240376,Madalena Loucao,CURRENT_SQUAD,Midfielder,2009-05-09,17,Portugal,FACT,true,1.0,https://www.fotmob.com/api/data/teams?id=1198668,2026-09-22T18:30:11.545335+00:00,2026-09-22T18:30:11.545335+00:00,"{""id"":2240376,""name"":""Madalena Loucao"",""role"":{""key"":""midfielder_long"",""fallback"":""Midfielder""},""dateOfBirth"":""2009-05-09"",""age"":17,""cname"":""Portugal"",""ccode"":""POR"",""shirtNumber"":44}"
50356297,Benfica Women,fotmob,1198668,1417995,Frøya Brennskag-Dorsin,CURRENT_SQUAD,Attacker,2007-01-07,19,Norway,FACT,true,1.0,https://www.fotmob.com/api/data/teams?id=1198668,2026-09-22T18:30:11.545335+00:00,2026-09-22T18:30:11.545335+00:00,"{""id"":1417995,""name"":""Frøya Brennskag-Dorsin"",""role"":{""key"":""attacker_long"",""fallback"":""Attacker""},""dateOfBirth"":""2007-01-07"",""age"":19,""cname"":""Norway"",""ccode"":""NOR"",""shirtNumber"":7}"
50356297,Benfica Women,fotmob,1198668,1214605,Nycole Raysla,CURRENT_SQUAD,Attacker,2000-03-26,26,Brazil,FACT,true,1.0,https://www.fotmob.com/api/data/teams?id=1198668,2026-09-22T18:30:11.545335+00:00,2026-09-22T18:30:11.545335+00:00,"{""id"":1214605,""name"":""Nycole Raysla"",""role"":{""key"":""attacker_long"",""fallback"":""Attacker""},""dateOfBirth"":""2000-03-26"",""age"":26,""cname"":""Brazil"",""ccode"":""BRA"",""shirtNumber"":9}"
50356297,Benfica Women,fotmob,1198668,743074,Caroline Møller Hansen,CURRENT_SQUAD,Attacker,1998-12-19,27,Denmark,FACT,true,1.0,https://www.fotmob.com/api/data/teams?id=1198668,2026-09-22T18:30:11.545335+00:00,2026-09-22T18:30:11.545335+00:00,"{""id"":743074,""name"":""Caroline Møller Hansen"",""role"":{""key"":""attacker_long"",""fallback"":""Attacker""},""dateOfBirth"":""1998-12-19"",""age"":27,""cname"":""Denmark"",""ccode"":""DEN"",""shirtNumber"":10}"
50356297,Benfica Women,fotmob,1198668,858375,Diana Silva,CURRENT_SQUAD,Attacker,1995-06-04,31,Portugal,FACT,true,1.0,https://www.fotmob.com/api/data/teams?id=1198668,2026-09-22T18:30:11.545335+00:00,2026-09-22T18:30:11.545335+00:00,"{""id"":858375,""name"":""Diana Silva"",""role"":{""key"":""attacker_long"",""fallback"":""Attacker""},""dateOfBirth"":""1995-06-04"",""age"":31,""cname"":""Portugal"",""ccode"":""POR"",""shirtNumber"":17}"
50356297,Benfica Women,fotmob,1198668,1577765,Flourish Chioma Sabastine,CURRENT_SQUAD,Attacker,2004-10-20,21,Nigeria,FACT,true,1.0,https://www.fotmob.com/api/data/teams?id=1198668,2026-09-22T18:30:11.545335+00:00,2026-09-22T18:30:11.545335+00:00,"{""id"":1577765,""name"":""Flourish Chioma Sabastine"",""role"":{""key"":""attacker_long"",""fallback"":""Attacker""},""dateOfBirth"":""2004-10-20"",""age"":21,""cname"":""Nigeria"",""ccode"":""NGA"",""shirtNumber"":18}"
50356297,Benfica Women,fotmob,1198668,2222236,Janet Akekoromowei,CURRENT_SQUAD,Attacker,2007-11-06,18,Nigeria,FACT,true,1.0,https://www.fotmob.com/api/data/teams?id=1198668,2026-09-22T18:30:11.545335+00:00,2026-09-22T18:30:11.545335+00:00,"{""id"":2222236,""name"":""Janet Akekoromowei"",""role"":{""key"":""attacker_long"",""fallback"":""Attacker""},""dateOfBirth"":""2007-11-06"",""age"":18,""cname"":""Nigeria"",""ccode"":""NGA"",""shirtNumber"":24}"
50356297,Benfica Women,fotmob,1198668,1547728,Chandra Davidson,CURRENT_SQUAD,Attacker,1998-05-15,28,Canada,FACT,true,1.0,https://www.fotmob.com/api/data/teams?id=1198668,2026-09-22T18:30:11.545335+00:00,2026-09-22T18:30:11.545335+00:00,"{""id"":1547728,""name"":""Chandra Davidson"",""role"":{""key"":""attacker_long"",""fallback"":""Attacker""},""dateOfBirth"":""1998-05-15"",""age"":28,""cname"":""Canada"",""ccode"":""CAN"",""shirtNumber"":25}"
50356297,Benfica Women,fotmob,1198668,1866231,Diana Costa,CURRENT_SQUAD,Attacker,2006-05-25,20,Portugal,FACT,true,1.0,https://www.fotmob.com/api/data/teams?id=1198668,2026-09-22T18:30:11.545335+00:00,2026-09-22T18:30:11.545335+00:00,"{""id"":1866231,""name"":""Diana Costa"",""role"":{""key"":""attacker_long"",""fallback"":""Attacker""},""dateOfBirth"":""2006-05-25"",""age"":20,""cname"":""Portugal"",""ccode"":""POR"",""shirtNumber"":27}"
50356297,Benfica Women,fotmob,1198668,1724705,Neide Guedes,CURRENT_SQUAD,Attacker,2006-07-18,20,Portugal,FACT,true,1.0,https://www.fotmob.com/api/data/teams?id=1198668,2026-09-22T18:30:11.545335+00:00,2026-09-22T18:30:11.545335+00:00,"{""id"":1724705,""name"":""Neide Guedes"",""role"":{""key"":""attacker_long"",""fallback"":""Attacker""},""dateOfBirth"":""2006-07-18"",""age"":20,""cname"":""Portugal"",""ccode"":""POR"",""shirtNumber"":77}"
50356306,Paris Saint Germain Women,fotmob,294858,26309,Paulo César Parente,CURRENT_SQUAD,Coach,1978-06-28,48,Brazil,FACT,true,1.0,https://www.fotmob.com/api/data/teams?id=294858,2026-09-22T18:30:11.545335+00:00,2026-09-22T18:30:11.545335+00:00,"{""id"":26309,""name"":""Paulo César Parente"",""role"":{""key"":""coach"",""fallback"":""Coach""},""dateOfBirth"":""1978-06-28"",""age"":48,""cname"":""Brazil"",""ccode"":""BRA""}"
50356306,Paris Saint Germain Women,fotmob,294858,851313,Katarzyna Kiedrzynek,CURRENT_SQUAD,Keeper,1991-03-19,35,Poland,FACT,true,1.0,https://www.fotmob.com/api/data/teams?id=294858,2026-09-22T18:30:11.545335+00:00,2026-09-22T18:30:11.545335+00:00,"{""id"":851313,""name"":""Katarzyna Kiedrzynek"",""role"":{""key"":""keeper_long"",""fallback"":""Keeper""},""dateOfBirth"":""1991-03-19"",""age"":35,""cname"":""Poland"",""ccode"":""POL"",""shirtNumber"":1}"
50356306,Paris Saint Germain Women,fotmob,294858,1555948,Oliwia Szperkowska,CURRENT_SQUAD,Keeper,2001-08-27,25,Poland,FACT,true,1.0,https://www.fotmob.com/api/data/teams?id=294858,2026-09-22T18:30:11.545335+00:00,2026-09-22T18:30:11.545335+00:00,"{""id"":1555948,""name"":""Oliwia Szperkowska"",""role"":{""key"":""keeper_long"",""fallback"":""Keeper""},""dateOfBirth"":""2001-08-27"",""age"":25,""cname"":""Poland"",""ccode"":""POL"",""shirtNumber"":16}"
50356306,Paris Saint Germain Women,fotmob,294858,2029352,Maren Groothoff,CURRENT_SQUAD,Keeper,2009-02-25,17,Netherlands,FACT,true,1.0,https://www.fotmob.com/api/data/teams?id=294858,2026-09-22T18:30:11.545335+00:00,2026-09-22T18:30:11.545335+00:00,"{""id"":2029352,""name"":""Maren Groothoff"",""role"":{""key"":""keeper_long"",""fallback"":""Keeper""},""dateOfBirth"":""2009-02-25"",""age"":17,""cname"":""Netherlands"",""ccode"":""NED"",""shirtNumber"":25}"
50356306,Paris Saint Germain Women,fotmob,294858,1345962,Océane Toussaint,CURRENT_SQUAD,Keeper,2004-02-20,22,Haiti,FACT,true,1.0,https://www.fotmob.com/api/data/teams?id=294858,2026-09-22T18:30:11.545335+00:00,2026-09-22T18:30:11.545335+00:00,"{""id"":1345962,""name"":""Océane Toussaint"",""role"":{""key"":""keeper_long"",""fallback"":""Keeper""},""dateOfBirth"":""2004-02-20"",""age"":22,""cname"":""Haiti"",""ccode"":""HAI"",""shirtNumber"":33}"
50356306,Paris Saint Germain Women,fotmob,294858,1830941,Maeline Mendy,CURRENT_SQUAD,Keeper,2008-06-14,18,France,FACT,true,1.0,https://www.fotmob.com/api/data/teams?id=294858,2026-09-22T18:30:11.545335+00:00,2026-09-22T18:30:11.545335+00:00,"{""id"":1830941,""name"":""Maeline Mendy"",""role"":{""key"":""keeper_long"",""fallback"":""Keeper""},""dateOfBirth"":""2008-06-14"",""age"":18,""cname"":""France"",""ccode"":""FRA"",""shirtNumber"":40}"
50356306,Paris Saint Germain Women,fotmob,294858,1345949,Thiniba Samoura,CURRENT_SQUAD,Defender,2004-02-11,22,France,FACT,true,1.0,https://www.fotmob.com/api/data/teams?id=294858,2026-09-22T18:30:11.545335+00:00,2026-09-22T18:30:11.545335+00:00,"{""id"":1345949,""name"":""Thiniba Samoura"",""role"":{""key"":""defender_long"",""fallback"":""Defender""},""dateOfBirth"":""2004-02-11"",""age"":22,""cname"":""France"",""ccode"":""FRA"",""shirtNumber"":2}"
50356306,Paris Saint Germain Women,fotmob,294858,887886,Paulina Dudek,CURRENT_SQUAD,Defender,1997-06-16,29,Poland,FACT,true,1.0,https://www.fotmob.com/api/data/teams?id=294858,2026-09-22T18:30:11.545335+00:00,2026-09-22T18:30:11.545335+00:00,"{""id"":887886,""name"":""Paulina Dudek"",""role"":{""key"":""defender_long"",""fallback"":""Defender""},""dateOfBirth"":""1997-06-16"",""age"":29,""cname"":""Poland"",""ccode"":""POL"",""shirtNumber"":4}"
50356306,Paris Saint Germain Women,fotmob,294858,1819219,Isabela,CURRENT_SQUAD,Defender,2001-07-23,25,Brazil,FACT,true,1.0,https://www.fotmob.com/api/data/teams?id=294858,2026-09-22T18:30:11.545335+00:00,2026-09-22T18:30:11.545335+00:00,"{""id"":1819219,""name"":""Isabela"",""role"":{""key"":""defender_long"",""fallback"":""Defender""},""dateOfBirth"":""2001-07-23"",""age"":25,""cname"":""Brazil"",""ccode"":""BRA"",""shirtNumber"":12}"
50356306,Paris Saint Germain Women,fotmob,294858,1437224,Tara Elimbi Gilbert,CURRENT_SQUAD,Defender,2005-06-09,21,France,FACT,true,1.0,https://www.fotmob.com/api/data/teams?id=294858,2026-09-22T18:30:11.545335+00:00,2026-09-22T18:30:11.545335+00:00,"{""id"":1437224,""name"":""Tara Elimbi Gilbert"",""role"":{""key"":""defender_long"",""fallback"":""Defender""},""dateOfBirth"":""2005-06-09"",""age"":21,""cname"":""France"",""ccode"":""FRA"",""shirtNumber"":20}"
50356306,Paris Saint Germain Women,fotmob,294858,1807446,Noémie Fatier,CURRENT_SQUAD,Defender,2008-07-19,18,France,FACT,true,1.0,https://www.fotmob.com/api/data/teams?id=294858,2026-09-22T18:30:11.545335+00:00,2026-09-22T18:30:11.545335+00:00,"{""id"":1807446,""name"":""Noémie Fatier"",""role"":{""key"":""defender_long"",""fallback"":""Defender""},""dateOfBirth"":""2008-07-19"",""age"":18,""cname"":""France"",""ccode"":""FRA"",""shirtNumber"":23}"
50356306,Paris Saint Germain Women,fotmob,294858,1214977,Jade Le Guilly,CURRENT_SQUAD,Defender,2002-06-18,24,France,FACT,true,1.0,https://www.fotmob.com/api/data/teams?id=294858,2026-09-22T18:30:11.545335+00:00,2026-09-22T18:30:11.545335+00:00,"{""id"":1214977,""name"":""Jade Le Guilly"",""role"":{""key"":""defender_long"",""fallback"":""Defender""},""dateOfBirth"":""2002-06-18"",""age"":24,""cname"":""France"",""ccode"":""FRA"",""shirtNumber"":28}"
50356306,Paris Saint Germain Women,fotmob,294858,646080,Griedge Mbock,CURRENT_SQUAD,Defender,1995-02-26,31,France,FACT,true,1.0,https://www.fotmob.com/api/data/teams?id=294858,2026-09-22T18:30:11.545335+00:00,2026-09-22T18:30:11.545335+00:00,"{""id"":646080,""name"":""Griedge Mbock"",""role"":{""key"":""defender_long"",""fallback"":""Defender""},""dateOfBirth"":""1995-02-26"",""age"":31,""cname"":""France"",""ccode"":""FRA"",""shirtNumber"":29}"
50356306,Paris Saint Germain Women,fotmob,294858,1905031,Paris Emilie Daramola,CURRENT_SQUAD,Defender,2009-10-12,16,France,FACT,true,1.0,https://www.fotmob.com/api/data/teams?id=294858,2026-09-22T18:30:11.545335+00:00,2026-09-22T18:30:11.545335+00:00,"{""id"":1905031,""name"":""Paris Emilie Daramola"",""role"":{""key"":""defender_long"",""fallback"":""Defender""},""dateOfBirth"":""2009-10-12"",""age"":16,""cname"":""France"",""ccode"":""FRA"",""shirtNumber"":41}"
50356306,Paris Saint Germain Women,fotmob,294858,1968780,Mélissa Esdras,CURRENT_SQUAD,Defender,2009-03-14,17,France,FACT,true,1.0,https://www.fotmob.com/api/data/teams?id=294858,2026-09-22T18:30:11.545335+00:00,2026-09-22T18:30:11.545335+00:00,"{""id"":1968780,""name"":""Mélissa Esdras"",""role"":{""key"":""defender_long"",""fallback"":""Defender""},""dateOfBirth"":""2009-03-14"",""age"":17,""cname"":""France"",""ccode"":""FRA"",""shirtNumber"":45}"
50356306,Paris Saint Germain Women,fotmob,294858,1043806,Olga Carmona,CURRENT_SQUAD,Defender,2000-06-12,26,Spain,FACT,true,1.0,https://www.fotmob.com/api/data/teams?id=294858,2026-09-22T18:30:11.545335+00:00,2026-09-22T18:30:11.545335+00:00,"{""id"":1043806,""name"":""Olga Carmona"",""role"":{""key"":""defender_long"",""fallback"":""Defender""},""dateOfBirth"":""2000-06-12"",""age"":26,""cname"":""Spain"",""ccode"":""ESP"",""shirtNumber"":77}"
50356306,Paris Saint Germain Women,fotmob,294858,1402043,Joe Echegini,CURRENT_SQUAD,Midfielder,2001-03-22,25,Nigeria,FACT,true,1.0,https://www.fotmob.com/api/data/teams?id=294858,2026-09-22T18:30:11.545335+00:00,2026-09-22T18:30:11.545335+00:00,"{""id"":1402043,""name"":""Joe Echegini"",""role"":{""key"":""midfielder_long"",""fallback"":""Midfielder""},""dateOfBirth"":""2001-03-22"",""age"":25,""cname"":""Nigeria"",""ccode"":""NGA"",""shirtNumber"":6}"
50356306,Paris Saint Germain Women,fotmob,294858,773395,Sakina Karchaoui,CURRENT_SQUAD,Midfielder,1996-01-26,30,France,FACT,true,1.0,https://www.fotmob.com/api/data/teams?id=294858,2026-09-22T18:30:11.545335+00:00,2026-09-22T18:30:11.545335+00:00,"{""id"":773395,""name"":""Sakina Karchaoui"",""role"":{""key"":""midfielder_long"",""fallback"":""Midfielder""},""dateOfBirth"":""1996-01-26"",""age"":30,""cname"":""France"",""ccode"":""FRA"",""shirtNumber"":7}"
50356306,Paris Saint Germain Women,fotmob,294858,1611592,Yayá,CURRENT_SQUAD,Midfielder,2002-01-23,24,Brazil,FACT,true,1.0,https://www.fotmob.com/api/data/teams?id=294858,2026-09-22T18:30:11.545335+00:00,2026-09-22T18:30:11.545335+00:00,"{""id"":1611592,""name"":""Yayá"",""role"":{""key"":""midfielder_long"",""fallback"":""Midfielder""},""dateOfBirth"":""2002-01-23"",""age"":24,""cname"":""Brazil"",""ccode"":""BRA"",""shirtNumber"":8}"
50356306,Paris Saint Germain Women,fotmob,294858,1807444,Florianne Jourde,CURRENT_SQUAD,Midfielder,2004-11-05,21,Canada,FACT,true,1.0,https://www.fotmob.com/api/data/teams?id=294858,2026-09-22T18:30:11.545335+00:00,2026-09-22T18:30:11.545335+00:00,"{""id"":1807444,""name"":""Florianne Jourde"",""role"":{""key"":""midfielder_long"",""fallback"":""Midfielder""},""dateOfBirth"":""2004-11-05"",""age"":21,""cname"":""Canada"",""ccode"":""CAN"",""shirtNumber"":11}"
50356306,Paris Saint Germain Women,fotmob,294858,856251,Jackie Groenen,CURRENT_SQUAD,Midfielder,1994-12-17,31,Netherlands,FACT,true,1.0,https://www.fotmob.com/api/data/teams?id=294858,2026-09-22T18:30:11.545335+00:00,2026-09-22T18:30:11.545335+00:00,"{""id"":856251,""name"":""Jackie Groenen"",""role"":{""key"":""midfielder_long"",""fallback"":""Midfielder""},""dateOfBirth"":""1994-12-17"",""age"":31,""cname"":""Netherlands"",""ccode"":""NED"",""shirtNumber"":14}"
50356306,Paris Saint Germain Women,fotmob,294858,2174281,Oluchi Basil,CURRENT_SQUAD,Midfielder,2010-06-15,16,Nigeria,FACT,true,1.0,https://www.fotmob.com/api/data/teams?id=294858,2026-09-22T18:30:11.545335+00:00,2026-09-22T18:30:11.545335+00:00,"{""id"":2174281,""name"":""Oluchi Basil"",""role"":{""key"":""midfielder_long"",""fallback"":""Midfielder""},""dateOfBirth"":""2010-06-15"",""age"":16,""cname"":""Nigeria"",""ccode"":""NGA"",""shirtNumber"":15}"
50356306,Paris Saint Germain Women,fotmob,294858,1609066,Anaïs Ebayilin,CURRENT_SQUAD,Midfielder,2007-12-17,18,France,FACT,true,1.0,https://www.fotmob.com/api/data/teams?id=294858,2026-09-22T18:30:11.545335+00:00,2026-09-22T18:30:11.545335+00:00,"{""id"":1609066,""name"":""Anaïs Ebayilin"",""role"":{""key"":""midfielder_long"",""fallback"":""Midfielder""},""dateOfBirth"":""2007-12-17"",""age"":18,""cname"":""France"",""ccode"":""FRA"",""shirtNumber"":26}"
50356306,Paris Saint Germain Women,fotmob,294858,1905003,Gabrielle Le Roux,CURRENT_SQUAD,Midfielder,2008-08-16,18,France,FACT,true,1.0,https://www.fotmob.com/api/data/teams?id=294858,2026-09-22T18:30:11.545335+00:00,2026-09-22T18:30:11.545335+00:00,"{""id"":1905003,""name"":""Gabrielle Le Roux"",""role"":{""key"":""midfielder_long"",""fallback"":""Midfielder""},""dateOfBirth"":""2008-08-16"",""age"":18,""cname"":""France"",""ccode"":""FRA"",""shirtNumber"":27}"
50356306,Paris Saint Germain Women,fotmob,294858,840386,Emilie Østerås,CURRENT_SQUAD,Midfielder,2002-03-27,24,Norway,FACT,true,1.0,https://www.fotmob.com/api/data/teams?id=294858,2026-09-22T18:30:11.545335+00:00,2026-09-22T18:30:11.545335+00:00,"{""id"":840386,""name"":""Emilie Østerås"",""role"":{""key"":""midfielder_long"",""fallback"":""Midfielder""},""dateOfBirth"":""2002-03-27"",""age"":24,""cname"":""Norway"",""ccode"":""NOR"",""shirtNumber"":30}"
50356306,Paris Saint Germain Women,fotmob,294858,2189040,Alyssa Charlier,CURRENT_SQUAD,Midfielder,2010-11-14,15,France,FACT,true,1.0,https://www.fotmob.com/api/data/teams?id=294858,2026-09-22T18:30:11.545335+00:00,2026-09-22T18:30:11.545335+00:00,"{""id"":2189040,""name"":""Alyssa Charlier"",""role"":{""key"":""midfielder_long"",""fallback"":""Midfielder""},""dateOfBirth"":""2010-11-14"",""age"":15,""cname"":""France"",""ccode"":""FRA"",""shirtNumber"":34}"
50356306,Paris Saint Germain Women,fotmob,294858,1031781,Rasheedat Ajibade,CURRENT_SQUAD,Attacker,1999-12-08,26,Nigeria,FACT,true,1.0,https://www.fotmob.com/api/data/teams?id=294858,2026-09-22T18:30:11.545335+00:00,2026-09-22T18:30:11.545335+00:00,"{""id"":1031781,""name"":""Rasheedat Ajibade"",""role"":{""key"":""attacker_long"",""fallback"":""Attacker""},""dateOfBirth"":""1999-12-08"",""age"":26,""cname"":""Nigeria"",""ccode"":""NGA"",""shirtNumber"":10}"
50356306,Paris Saint Germain Women,fotmob,294858,1214632,Romée Leuchter,CURRENT_SQUAD,Attacker,2001-01-12,25,Netherlands,FACT,true,1.0,https://www.fotmob.com/api/data/teams?id=294858,2026-09-22T18:30:11.545335+00:00,2026-09-22T18:30:11.545335+00:00,"{""id"":1214632,""name"":""Romée Leuchter"",""role"":{""key"":""attacker_long"",""fallback"":""Attacker""},""dateOfBirth"":""2001-01-12"",""age"":25,""cname"":""Netherlands"",""ccode"":""NED"",""shirtNumber"":17}"
50356306,Paris Saint Germain Women,fotmob,294858,1091287,Naomie Feller,CURRENT_SQUAD,Attacker,2001-11-06,24,France,FACT,true,1.0,https://www.fotmob.com/api/data/teams?id=294858,2026-09-22T18:30:11.545335+00:00,2026-09-22T18:30:11.545335+00:00,"{""id"":1091287,""name"":""Naomie Feller"",""role"":{""key"":""attacker_long"",""fallback"":""Attacker""},""dateOfBirth"":""2001-11-06"",""age"":24,""cname"":""France"",""ccode"":""FRA"",""shirtNumber"":18}"
50356306,Paris Saint Germain Women,fotmob,294858,1718481,Merveille Kanjinga,CURRENT_SQUAD,Attacker,2003-02-01,23,Congo DR,FACT,true,1.0,https://www.fotmob.com/api/data/teams?id=294858,2026-09-22T18:30:11.545335+00:00,2026-09-22T18:30:11.545335+00:00,"{""id"":1718481,""name"":""Merveille Kanjinga"",""role"":{""key"":""attacker_long"",""fallback"":""Attacker""},""dateOfBirth"":""2003-02-01"",""age"":23,""cname"":""Congo DR"",""ccode"":""COD"",""shirtNumber"":19}"
50356306,Paris Saint Germain Women,fotmob,294858,1909912,Marie Estella Lafontaine,CURRENT_SQUAD,Attacker,2009-01-23,17,France,FACT,true,1.0,https://www.fotmob.com/api/data/teams?id=294858,2026-09-22T18:30:11.545335+00:00,2026-09-22T18:30:11.545335+00:00,"{""id"":1909912,""name"":""Marie Estella Lafontaine"",""role"":{""key"":""attacker_long"",""fallback"":""Attacker""},""dateOfBirth"":""2009-01-23"",""age"":17,""cname"":""France"",""ccode"":""FRA"",""shirtNumber"":47}"
50356306,Paris Saint Germain Women,fotmob,294858,1810500,Léa-Laëtitia Morissaint,CURRENT_SQUAD,Attacker,2008-07-12,18,France,FACT,true,1.0,https://www.fotmob.com/api/data/teams?id=294858,2026-09-22T18:30:11.545335+00:00,2026-09-22T18:30:11.545335+00:00,"{""id"":1810500,""name"":""Léa-Laëtitia Morissaint"",""role"":{""key"":""attacker_long"",""fallback"":""Attacker""},""dateOfBirth"":""2008-07-12"",""age"":18,""cname"":""France"",""ccode"":""FRA"",""shirtNumber"":57}"
50362133,OH Leuven Women,fotmob,675812,2240168,Ster Habibzadeh,CURRENT_SQUAD,Coach,1989-11-01,36,Iran,FACT,true,1.0,https://www.fotmob.com/api/data/teams?id=675812,2026-09-22T18:30:11.545335+00:00,2026-09-22T18:30:11.545335+00:00,"{""id"":2240168,""name"":""Ster Habibzadeh"",""role"":{""key"":""coach"",""fallback"":""Coach""},""dateOfBirth"":""1989-11-01"",""age"":36,""cname"":""Iran"",""ccode"":""IRN""}"
50362133,OH Leuven Women,fotmob,675812,1819432,Faye Lammertijn,CURRENT_SQUAD,Keeper,2003-11-19,22,Belgium,FACT,true,1.0,https://www.fotmob.com/api/data/teams?id=675812,2026-09-22T18:30:11.545335+00:00,2026-09-22T18:30:11.545335+00:00,"{""id"":1819432,""name"":""Faye Lammertijn"",""role"":{""key"":""keeper_long"",""fallback"":""Keeper""},""dateOfBirth"":""2003-11-19"",""age"":22,""cname"":""Belgium"",""ccode"":""BEL"",""shirtNumber"":1}"
50362133,OH Leuven Women,fotmob,675812,1819437,Juliette Demol,CURRENT_SQUAD,Keeper,2008-06-12,18,Belgium,FACT,true,1.0,https://www.fotmob.com/api/data/teams?id=675812,2026-09-22T18:30:11.545335+00:00,2026-09-22T18:30:11.545335+00:00,"{""id"":1819437,""name"":""Juliette Demol"",""role"":{""key"":""keeper_long"",""fallback"":""Keeper""},""dateOfBirth"":""2008-06-12"",""age"":18,""cname"":""Belgium"",""ccode"":""BEL"",""shirtNumber"":12}"
50362133,OH Leuven Women,fotmob,675812,1077538,Lowiese Seynhaeve,CURRENT_SQUAD,Keeper,1999-12-29,26,Belgium,FACT,true,1.0,https://www.fotmob.com/api/data/teams?id=675812,2026-09-22T18:30:11.545335+00:00,2026-09-22T18:30:11.545335+00:00,"{""id"":1077538,""name"":""Lowiese Seynhaeve"",""role"":{""key"":""keeper_long"",""fallback"":""Keeper""},""dateOfBirth"":""1999-12-29"",""age"":26,""cname"":""Belgium"",""ccode"":""BEL"",""shirtNumber"":29}"
50362133,OH Leuven Women,fotmob,675812,2240173,Elise Leempoels,CURRENT_SQUAD,Defender,2009-04-06,17,Belgium,FACT,true,1.0,https://www.fotmob.com/api/data/teams?id=675812,2026-09-22T18:30:11.545335+00:00,2026-09-22T18:30:11.545335+00:00,"{""id"":2240173,""name"":""Elise Leempoels"",""role"":{""key"":""defender_long"",""fallback"":""Defender""},""dateOfBirth"":""2009-04-06"",""age"":17,""cname"":""Belgium"",""ccode"":""BEL""}"
50362133,OH Leuven Women,fotmob,675812,2240174,Emma Vercauteren,CURRENT_SQUAD,Defender,2010-08-05,16,Belgium,FACT,true,1.0,https://www.fotmob.com/api/data/teams?id=675812,2026-09-22T18:30:11.545335+00:00,2026-09-22T18:30:11.545335+00:00,"{""id"":2240174,""name"":""Emma Vercauteren"",""role"":{""key"":""defender_long"",""fallback"":""Defender""},""dateOfBirth"":""2010-08-05"",""age"":16,""cname"":""Belgium"",""ccode"":""BEL""}"
50362133,OH Leuven Women,fotmob,675812,1691429,Saar Janssen,CURRENT_SQUAD,Defender,2005-07-22,21,Belgium,FACT,true,1.0,https://www.fotmob.com/api/data/teams?id=675812,2026-09-22T18:30:11.545335+00:00,2026-09-22T18:30:11.545335+00:00,"{""id"":1691429,""name"":""Saar Janssen"",""role"":{""key"":""defender_long"",""fallback"":""Defender""},""dateOfBirth"":""2005-07-22"",""age"":21,""cname"":""Belgium"",""ccode"":""BEL"",""shirtNumber"":2}"
50362133,OH Leuven Women,fotmob,675812,1367779,Kim Everaerts,CURRENT_SQUAD,Defender,2002-01-06,24,Netherlands,FACT,true,1.0,https://www.fotmob.com/api/data/teams?id=675812,2026-09-22T18:30:11.545335+00:00,2026-09-22T18:30:11.545335+00:00,"{""id"":1367779,""name"":""Kim Everaerts"",""role"":{""key"":""defender_long"",""fallback"":""Defender""},""dateOfBirth"":""2002-01-06"",""age"":24,""cname"":""Netherlands"",""ccode"":""NED"",""shirtNumber"":3}"
50362133,OH Leuven Women,fotmob,675812,1397838,Virág Nagy,CURRENT_SQUAD,Defender,2001-07-04,25,Hungary,FACT,true,1.0,https://www.fotmob.com/api/data/teams?id=675812,2026-09-22T18:30:11.545335+00:00,2026-09-22T18:30:11.545335+00:00,"{""id"":1397838,""name"":""Virág Nagy"",""role"":{""key"":""defender_long"",""fallback"":""Defender""},""dateOfBirth"":""2001-07-04"",""age"":25,""cname"":""Hungary"",""ccode"":""HUN"",""shirtNumber"":4}"
50362133,OH Leuven Women,fotmob,675812,1578143,Kimberley Smit,CURRENT_SQUAD,Defender,1999-09-03,27,Netherlands,FACT,true,1.0,https://www.fotmob.com/api/data/teams?id=675812,2026-09-22T18:30:11.545335+00:00,2026-09-22T18:30:11.545335+00:00,"{""id"":1578143,""name"":""Kimberley Smit"",""role"":{""key"":""defender_long"",""fallback"":""Defender""},""dateOfBirth"":""1999-09-03"",""age"":27,""cname"":""Netherlands"",""ccode"":""NED"",""shirtNumber"":5}"
50362133,OH Leuven Women,fotmob,675812,1819440,Axelle van Besauw,CURRENT_SQUAD,Defender,2006-09-09,20,Belgium,FACT,true,1.0,https://www.fotmob.com/api/data/teams?id=675812,2026-09-22T18:30:11.545335+00:00,2026-09-22T18:30:11.545335+00:00,"{""id"":1819440,""name"":""Axelle van Besauw"",""role"":{""key"":""defender_long"",""fallback"":""Defender""},""dateOfBirth"":""2006-09-09"",""age"":20,""cname"":""Belgium"",""ccode"":""BEL"",""shirtNumber"":14}"
50362133,OH Leuven Women,fotmob,675812,1819450,Amélie Van holderbeke,CURRENT_SQUAD,Defender,2009-05-03,17,Belgium,FACT,true,1.0,https://www.fotmob.com/api/data/teams?id=675812,2026-09-22T18:30:11.545335+00:00,2026-09-22T18:30:11.545335+00:00,"{""id"":1819450,""name"":""Amélie Van holderbeke"",""role"":{""key"":""defender_long"",""fallback"":""Defender""},""dateOfBirth"":""2009-05-03"",""age"":17,""cname"":""Belgium"",""ccode"":""BEL"",""shirtNumber"":15}"
50362133,OH Leuven Women,fotmob,675812,929531,Agathe Ollivier,CURRENT_SQUAD,Defender,1998-04-02,28,France,FACT,true,1.0,https://www.fotmob.com/api/data/teams?id=675812,2026-09-22T18:30:11.545335+00:00,2026-09-22T18:30:11.545335+00:00,"{""id"":929531,""name"":""Agathe Ollivier"",""role"":{""key"":""defender_long"",""fallback"":""Defender""},""dateOfBirth"":""1998-04-02"",""age"":28,""cname"":""France"",""ccode"":""FRA"",""shirtNumber"":25}"
50362133,OH Leuven Women,fotmob,675812,2240172,Sterre Gielen,CURRENT_SQUAD,Defender,2002-02-11,24,Belgium,FACT,true,1.0,https://www.fotmob.com/api/data/teams?id=675812,2026-09-22T18:30:11.545335+00:00,2026-09-22T18:30:11.545335+00:00,"{""id"":2240172,""name"":""Sterre Gielen"",""role"":{""key"":""defender_long"",""fallback"":""Defender""},""dateOfBirth"":""2002-02-11"",""age"":24,""cname"":""Belgium"",""ccode"":""BEL"",""shirtNumber"":28}"
50362133,OH Leuven Women,fotmob,675812,1819448,Norah Buijsrogge,CURRENT_SQUAD,Defender,2009-01-27,17,Belgium,FACT,true,1.0,https://www.fotmob.com/api/data/teams?id=675812,2026-09-22T18:30:11.545335+00:00,2026-09-22T18:30:11.545335+00:00,"{""id"":1819448,""name"":""Norah Buijsrogge"",""role"":{""key"":""defender_long"",""fallback"":""Defender""},""dateOfBirth"":""2009-01-27"",""age"":17,""cname"":""Belgium"",""ccode"":""BEL"",""shirtNumber"":31}"
50362133,OH Leuven Women,fotmob,675812,2240175,Anna Corneillie,CURRENT_SQUAD,Midfielder,2010-01-18,16,Belgium,FACT,true,1.0,https://www.fotmob.com/api/data/teams?id=675812,2026-09-22T18:30:11.545335+00:00,2026-09-22T18:30:11.545335+00:00,"{""id"":2240175,""name"":""Anna Corneillie"",""role"":{""key"":""midfielder_long"",""fallback"":""Midfielder""},""dateOfBirth"":""2010-01-18"",""age"":16,""cname"":""Belgium"",""ccode"":""BEL""}"
50362133,OH Leuven Women,fotmob,675812,2029835,Ella Loix,CURRENT_SQUAD,Midfielder,2009-02-25,17,Belgium,FACT,true,1.0,https://www.fotmob.com/api/data/teams?id=675812,2026-09-22T18:30:11.545335+00:00,2026-09-22T18:30:11.545335+00:00,"{""id"":2029835,""name"":""Ella Loix"",""role"":{""key"":""midfielder_long"",""fallback"":""Midfielder""},""dateOfBirth"":""2009-02-25"",""age"":17,""cname"":""Belgium"",""ccode"":""BEL""}"
50362133,OH Leuven Women,fotmob,675812,2240177,Estelle Mathot,CURRENT_SQUAD,Midfielder,2010-03-13,16,Belgium,FACT,true,1.0,https://www.fotmob.com/api/data/teams?id=675812,2026-09-22T18:30:11.545335+00:00,2026-09-22T18:30:11.545335+00:00,"{""id"":2240177,""name"":""Estelle Mathot"",""role"":{""key"":""midfielder_long"",""fallback"":""Midfielder""},""dateOfBirth"":""2010-03-13"",""age"":16,""cname"":""Belgium"",""ccode"":""BEL""}"
50362133,OH Leuven Women,fotmob,675812,2240180,Fleur Nuyts,CURRENT_SQUAD,Midfielder,2009-05-02,17,Belgium,FACT,true,1.0,https://www.fotmob.com/api/data/teams?id=675812,2026-09-22T18:30:11.545335+00:00,2026-09-22T18:30:11.545335+00:00,"{""id"":2240180,""name"":""Fleur Nuyts"",""role"":{""key"":""midfielder_long"",""fallback"":""Midfielder""},""dateOfBirth"":""2009-05-02"",""age"":17,""cname"":""Belgium"",""ccode"":""BEL""}"
50362133,OH Leuven Women,fotmob,675812,2240178,Flo'ke van Looveren,CURRENT_SQUAD,Midfielder,2010-03-26,16,Belgium,FACT,true,1.0,https://www.fotmob.com/api/data/teams?id=675812,2026-09-22T18:30:11.545335+00:00,2026-09-22T18:30:11.545335+00:00,"{""id"":2240178,""name"":""Flo'ke van Looveren"",""role"":{""key"":""midfielder_long"",""fallback"":""Midfielder""},""dateOfBirth"":""2010-03-26"",""age"":16,""cname"":""Belgium"",""ccode"":""BEL""}"
50362133,OH Leuven Women,fotmob,675812,2240176,Loren de Decker,CURRENT_SQUAD,Midfielder,2010-05-07,16,Belgium,FACT,true,1.0,https://www.fotmob.com/api/data/teams?id=675812,2026-09-22T18:30:11.545335+00:00,2026-09-22T18:30:11.545335+00:00,"{""id"":2240176,""name"":""Loren de Decker"",""role"":{""key"":""midfielder_long"",""fallback"":""Midfielder""},""dateOfBirth"":""2010-05-07"",""age"":16,""cname"":""Belgium"",""ccode"":""BEL""}"
50362133,OH Leuven Women,fotmob,675812,1819435,Alixe Bosteels,CURRENT_SQUAD,Midfielder,2004-05-29,22,Belgium,FACT,true,1.0,https://www.fotmob.com/api/data/teams?id=675812,2026-09-22T18:30:11.545335+00:00,2026-09-22T18:30:11.545335+00:00,"{""id"":1819435,""name"":""Alixe Bosteels"",""role"":{""key"":""midfielder_long"",""fallback"":""Midfielder""},""dateOfBirth"":""2004-05-29"",""age"":22,""cname"":""Belgium"",""ccode"":""BEL"",""shirtNumber"":7}"
50362133,OH Leuven Women,fotmob,675812,1423257,Manon van Raay,CURRENT_SQUAD,Midfielder,2003-07-16,23,Netherlands,FACT,true,1.0,https://www.fotmob.com/api/data/teams?id=675812,2026-09-22T18:30:11.545335+00:00,2026-09-22T18:30:11.545335+00:00,"{""id"":1423257,""name"":""Manon van Raay"",""role"":{""key"":""midfielder_long"",""fallback"":""Midfielder""},""dateOfBirth"":""2003-07-16"",""age"":23,""cname"":""Netherlands"",""ccode"":""NED"",""shirtNumber"":8}"
50362133,OH Leuven Women,fotmob,675812,1819449,Lily Hoekx,CURRENT_SQUAD,Midfielder,2009-07-11,17,Belgium,FACT,true,1.0,https://www.fotmob.com/api/data/teams?id=675812,2026-09-22T18:30:11.545335+00:00,2026-09-22T18:30:11.545335+00:00,"{""id"":1819449,""name"":""Lily Hoekx"",""role"":{""key"":""midfielder_long"",""fallback"":""Midfielder""},""dateOfBirth"":""2009-07-11"",""age"":17,""cname"":""Belgium"",""ccode"":""BEL"",""shirtNumber"":18}"
50362133,OH Leuven Women,fotmob,675812,1214621,Jeslynn Kuijpers,CURRENT_SQUAD,Midfielder,1995-06-23,31,Netherlands,FACT,true,1.0,https://www.fotmob.com/api/data/teams?id=675812,2026-09-22T18:30:11.545335+00:00,2026-09-22T18:30:11.545335+00:00,"{""id"":1214621,""name"":""Jeslynn Kuijpers"",""role"":{""key"":""midfielder_long"",""fallback"":""Midfielder""},""dateOfBirth"":""1995-06-23"",""age"":31,""cname"":""Netherlands"",""ccode"":""NED"",""shirtNumber"":19}"
50362133,OH Leuven Women,fotmob,675812,1819443,Flo Hermans,CURRENT_SQUAD,Midfielder,2008-01-06,18,Belgium,FACT,true,1.0,https://www.fotmob.com/api/data/teams?id=675812,2026-09-22T18:30:11.545335+00:00,2026-09-22T18:30:11.545335+00:00,"{""id"":1819443,""name"":""Flo Hermans"",""role"":{""key"":""midfielder_long"",""fallback"":""Midfielder""},""dateOfBirth"":""2008-01-06"",""age"":18,""cname"":""Belgium"",""ccode"":""BEL"",""shirtNumber"":21}"
50362133,OH Leuven Women,fotmob,675812,1819444,Nel Neyrinck,CURRENT_SQUAD,Midfielder,2008-11-07,17,Belgium,FACT,true,1.0,https://www.fotmob.com/api/data/teams?id=675812,2026-09-22T18:30:11.545335+00:00,2026-09-22T18:30:11.545335+00:00,"{""id"":1819444,""name"":""Nel Neyrinck"",""role"":{""key"":""midfielder_long"",""fallback"":""Midfielder""},""dateOfBirth"":""2008-11-07"",""age"":17,""cname"":""Belgium"",""ccode"":""BEL"",""shirtNumber"":22}"
50362133,OH Leuven Women,fotmob,675812,1819451,Lili Verstrepen,CURRENT_SQUAD,Midfielder,2009-05-23,17,Belgium,FACT,true,1.0,https://www.fotmob.com/api/data/teams?id=675812,2026-09-22T18:30:11.545335+00:00,2026-09-22T18:30:11.545335+00:00,"{""id"":1819451,""name"":""Lili Verstrepen"",""role"":{""key"":""midfielder_long"",""fallback"":""Midfielder""},""dateOfBirth"":""2009-05-23"",""age"":17,""cname"":""Belgium"",""ccode"":""BEL"",""shirtNumber"":23}"
50362133,OH Leuven Women,fotmob,675812,1839798,Lieke Cremers,CURRENT_SQUAD,Midfielder,,,Netherlands,FACT,true,1.0,https://www.fotmob.com/api/data/teams?id=675812,2026-09-22T18:30:11.545335+00:00,2026-09-22T18:30:11.545335+00:00,"{""id"":1839798,""name"":""Lieke Cremers"",""role"":{""key"":""midfielder_long"",""fallback"":""Midfielder""},""age"":0,""cname"":""Netherlands"",""ccode"":""NED"",""shirtNumber"":24}"
50362133,OH Leuven Women,fotmob,675812,858262,Julie Biesmans,CURRENT_SQUAD,Midfielder,1994-05-04,32,Belgium,FACT,true,1.0,https://www.fotmob.com/api/data/teams?id=675812,2026-09-22T18:30:11.545335+00:00,2026-09-22T18:30:11.545335+00:00,"{""id"":858262,""name"":""Julie Biesmans"",""role"":{""key"":""midfielder_long"",""fallback"":""Midfielder""},""dateOfBirth"":""1994-05-04"",""age"":32,""cname"":""Belgium"",""ccode"":""BEL"",""shirtNumber"":30}"
50362133,OH Leuven Women,fotmob,675812,1356023,Jada Conijnenberg,CURRENT_SQUAD,Attacker,2003-08-26,23,Netherlands,FACT,true,1.0,https://www.fotmob.com/api/data/teams?id=675812,2026-09-22T18:30:11.545335+00:00,2026-09-22T18:30:11.545335+00:00,"{""id"":1356023,""name"":""Jada Conijnenberg"",""role"":{""key"":""attacker_long"",""fallback"":""Attacker""},""dateOfBirth"":""2003-08-26"",""age"":23,""cname"":""Netherlands"",""ccode"":""NED"",""shirtNumber"":9}"
50362133,OH Leuven Women,fotmob,675812,1691421,Ioanna Papatheodorou,CURRENT_SQUAD,Attacker,2003-11-27,22,Greece,FACT,true,1.0,https://www.fotmob.com/api/data/teams?id=675812,2026-09-22T18:30:11.545335+00:00,2026-09-22T18:30:11.545335+00:00,"{""id"":1691421,""name"":""Ioanna Papatheodorou"",""role"":{""key"":""attacker_long"",""fallback"":""Attacker""},""dateOfBirth"":""2003-11-27"",""age"":22,""cname"":""Greece"",""ccode"":""GRE"",""shirtNumber"":11}"
50362133,OH Leuven Women,fotmob,675812,1806114,Kadhiya De Ceuster,CURRENT_SQUAD,Attacker,2008-12-27,17,Belgium,FACT,true,1.0,https://www.fotmob.com/api/data/teams?id=675812,2026-09-22T18:30:11.545335+00:00,2026-09-22T18:30:11.545335+00:00,"{""id"":1806114,""name"":""Kadhiya De Ceuster"",""role"":{""key"":""attacker_long"",""fallback"":""Attacker""},""dateOfBirth"":""2008-12-27"",""age"":17,""cname"":""Belgium"",""ccode"":""BEL"",""shirtNumber"":16}"
50362133,OH Leuven Women,fotmob,675812,1819442,Anouk van Praet,CURRENT_SQUAD,Attacker,2008-05-29,18,Belgium,FACT,true,1.0,https://www.fotmob.com/api/data/teams?id=675812,2026-09-22T18:30:11.545335+00:00,2026-09-22T18:30:11.545335+00:00,"{""id"":1819442,""name"":""Anouk van Praet"",""role"":{""key"":""attacker_long"",""fallback"":""Attacker""},""dateOfBirth"":""2008-05-29"",""age"":18,""cname"":""Belgium"",""ccode"":""BEL"",""shirtNumber"":17}"
50362133,OH Leuven Women,fotmob,675812,1806115,Manon Heremans,CURRENT_SQUAD,Attacker,2008-09-22,18,Belgium,FACT,true,1.0,https://www.fotmob.com/api/data/teams?id=675812,2026-09-22T18:30:11.545335+00:00,2026-09-22T18:30:11.545335+00:00,"{""id"":1806115,""name"":""Manon Heremans"",""role"":{""key"":""attacker_long"",""fallback"":""Attacker""},""dateOfBirth"":""2008-09-22"",""age"":18,""cname"":""Belgium"",""ccode"":""BEL"",""shirtNumber"":20}"
50362133,OH Leuven Women,fotmob,675812,1626441,Isabella Dekker,CURRENT_SQUAD,Attacker,2003-05-04,23,Netherlands,FACT,true,1.0,https://www.fotmob.com/api/data/teams?id=675812,2026-09-22T18:30:11.545335+00:00,2026-09-22T18:30:11.545335+00:00,"{""id"":1626441,""name"":""Isabella Dekker"",""role"":{""key"":""attacker_long"",""fallback"":""Attacker""},""dateOfBirth"":""2003-05-04"",""age"":23,""cname"":""Netherlands"",""ccode"":""NED"",""shirtNumber"":26}"
50362133,OH Leuven Women,fotmob,675812,1819454,Lente Gerard,CURRENT_SQUAD,Attacker,2009-03-26,17,Belgium,FACT,true,1.0,https://www.fotmob.com/api/data/teams?id=675812,2026-09-22T18:30:11.545335+00:00,2026-09-22T18:30:11.545335+00:00,"{""id"":1819454,""name"":""Lente Gerard"",""role"":{""key"":""attacker_long"",""fallback"":""Attacker""},""dateOfBirth"":""2009-03-26"",""age"":17,""cname"":""Belgium"",""ccode"":""BEL"",""shirtNumber"":41}"
50600409,Birmingham Women,fotmob,258658,1419214,Amy Merricks,CURRENT_SQUAD,Coach,,,England,FACT,true,1.0,https://www.fotmob.com/api/data/teams?id=258658,2026-09-22T18:30:11.545335+00:00,2026-09-22T18:30:11.545335+00:00,"{""id"":1419214,""name"":""Amy Merricks"",""role"":{""key"":""coach"",""fallback"":""Coach""},""age"":0,""cname"":""England"",""ccode"":""ENG""}"
50600409,Birmingham Women,fotmob,258658,1826984,Lucy Thomas,CURRENT_SQUAD,Keeper,2000-03-21,26,England,FACT,true,1.0,https://www.fotmob.com/api/data/teams?id=258658,2026-09-22T18:30:11.545335+00:00,2026-09-22T18:30:11.545335+00:00,"{""id"":1826984,""name"":""Lucy Thomas"",""role"":{""key"":""keeper_long"",""fallback"":""Keeper""},""dateOfBirth"":""2000-03-21"",""age"":26,""cname"":""England"",""ccode"":""ENG"",""shirtNumber"":1}"
50600409,Birmingham Women,fotmob,258658,939626,Sophie Baggaley,CURRENT_SQUAD,Keeper,1996-11-29,29,England,FACT,true,1.0,https://www.fotmob.com/api/data/teams?id=258658,2026-09-22T18:30:11.545335+00:00,2026-09-22T18:30:11.545335+00:00,"{""id"":939626,""name"":""Sophie Baggaley"",""role"":{""key"":""keeper_long"",""fallback"":""Keeper""},""dateOfBirth"":""1996-11-29"",""age"":29,""cname"":""England"",""ccode"":""ENG"",""shirtNumber"":23}"
50600409,Birmingham Women,fotmob,258658,1181904,Katie Startup,CURRENT_SQUAD,Keeper,1999-01-28,27,England,FACT,true,1.0,https://www.fotmob.com/api/data/teams?id=258658,2026-09-22T18:30:11.545335+00:00,2026-09-22T18:30:11.545335+00:00,"{""id"":1181904,""name"":""Katie Startup"",""role"":{""key"":""keeper_long"",""fallback"":""Keeper""},""dateOfBirth"":""1999-01-28"",""age"":27,""cname"":""England"",""ccode"":""ENG"",""shirtNumber"":40}"
50600409,Birmingham Women,fotmob,258658,1082547,Martha Harris,CURRENT_SQUAD,Defender,1994-08-19,32,England,FACT,true,1.0,https://www.fotmob.com/api/data/teams?id=258658,2026-09-22T18:30:11.545335+00:00,2026-09-22T18:30:11.545335+00:00,"{""id"":1082547,""name"":""Martha Harris"",""role"":{""key"":""defender_long"",""fallback"":""Defender""},""dateOfBirth"":""1994-08-19"",""age"":32,""cname"":""England"",""ccode"":""ENG"",""shirtNumber"":2}"
50600409,Birmingham Women,fotmob,258658,1315310,Marie Levasseur,CURRENT_SQUAD,Defender,1997-05-18,29,Canada,FACT,true,1.0,https://www.fotmob.com/api/data/teams?id=258658,2026-09-22T18:30:11.545335+00:00,2026-09-22T18:30:11.545335+00:00,"{""id"":1315310,""name"":""Marie Levasseur"",""role"":{""key"":""defender_long"",""fallback"":""Defender""},""dateOfBirth"":""1997-05-18"",""age"":29,""cname"":""Canada"",""ccode"":""CAN"",""shirtNumber"":3}"
50600409,Birmingham Women,fotmob,258658,1346001,Jade Rastocle,CURRENT_SQUAD,Defender,2004-07-12,22,France,FACT,true,1.0,https://www.fotmob.com/api/data/teams?id=258658,2026-09-22T18:30:11.545335+00:00,2026-09-22T18:30:11.545335+00:00,"{""id"":1346001,""name"":""Jade Rastocle"",""role"":{""key"":""defender_long"",""fallback"":""Defender""},""dateOfBirth"":""2004-07-12"",""age"":22,""cname"":""France"",""ccode"":""FRA"",""shirtNumber"":4}"
50600409,Birmingham Women,fotmob,258658,1437327,Shannon Cooke,CURRENT_SQUAD,Defender,2000-02-02,26,England,FACT,true,1.0,https://www.fotmob.com/api/data/teams?id=258658,2026-09-22T18:30:11.545335+00:00,2026-09-22T18:30:11.545335+00:00,"{""id"":1437327,""name"":""Shannon Cooke"",""role"":{""key"":""defender_long"",""fallback"":""Defender""},""dateOfBirth"":""2000-02-02"",""age"":26,""cname"":""England"",""ccode"":""ENG"",""shirtNumber"":6}"
50600409,Birmingham Women,fotmob,258658,1081976,Rebecca Holloway,CURRENT_SQUAD,Defender,1995-08-25,31,Northern Ireland,FACT,true,1.0,https://www.fotmob.com/api/data/teams?id=258658,2026-09-22T18:30:11.545335+00:00,2026-09-22T18:30:11.545335+00:00,"{""id"":1081976,""name"":""Rebecca Holloway"",""role"":{""key"":""defender_long"",""fallback"":""Defender""},""dateOfBirth"":""1995-08-25"",""age"":31,""cname"":""Northern Ireland"",""ccode"":""NIR"",""shirtNumber"":15}"
50600409,Birmingham Women,fotmob,258658,1077530,Rebecca McKenna,CURRENT_SQUAD,Defender,2001-04-13,25,Northern Ireland,FACT,true,1.0,https://www.fotmob.com/api/data/teams?id=258658,2026-09-22T18:30:11.545335+00:00,2026-09-22T18:30:11.545335+00:00,"{""id"":1077530,""name"":""Rebecca McKenna"",""role"":{""key"":""defender_long"",""fallback"":""Defender""},""dateOfBirth"":""2001-04-13"",""age"":25,""cname"":""Northern Ireland"",""ccode"":""NIR"",""shirtNumber"":18}"
50600409,Birmingham Women,fotmob,258658,939849,Millie Turner,CURRENT_SQUAD,Defender,1996-07-07,30,England,FACT,true,1.0,https://www.fotmob.com/api/data/teams?id=258658,2026-09-22T18:30:11.545335+00:00,2026-09-22T18:30:11.545335+00:00,"{""id"":939849,""name"":""Millie Turner"",""role"":{""key"":""defender_long"",""fallback"":""Defender""},""dateOfBirth"":""1996-07-07"",""age"":30,""cname"":""England"",""ccode"":""ENG"",""shirtNumber"":21}"
50600409,Birmingham Women,fotmob,258658,1686848,Neve Herron,CURRENT_SQUAD,Defender,2003-06-27,23,England,FACT,true,1.0,https://www.fotmob.com/api/data/teams?id=258658,2026-09-22T18:30:11.545335+00:00,2026-09-22T18:30:11.545335+00:00,"{""id"":1686848,""name"":""Neve Herron"",""role"":{""key"":""defender_long"",""fallback"":""Defender""},""dateOfBirth"":""2003-06-27"",""age"":23,""cname"":""England"",""ccode"":""ENG"",""shirtNumber"":30}"
50600409,Birmingham Women,fotmob,258658,646764,Lee Geum-Min,CURRENT_SQUAD,Midfielder,1994-04-07,32,Korea Republic,FACT,true,1.0,https://www.fotmob.com/api/data/teams?id=258658,2026-09-22T18:30:11.545335+00:00,2026-09-22T18:30:11.545335+00:00,"{""id"":646764,""name"":""Lee Geum-Min"",""role"":{""key"":""midfielder_long"",""fallback"":""Midfielder""},""dateOfBirth"":""1994-04-07"",""age"":32,""cname"":""Korea Republic"",""ccode"":""KOR"",""shirtNumber"":7}"
50600409,Birmingham Women,fotmob,258658,314998,Lisa Naalsund,CURRENT_SQUAD,Midfielder,1995-06-11,31,Norway,FACT,true,1.0,https://www.fotmob.com/api/data/teams?id=258658,2026-09-22T18:30:11.545335+00:00,2026-09-22T18:30:11.545335+00:00,"{""id"":314998,""name"":""Lisa Naalsund"",""role"":{""key"":""midfielder_long"",""fallback"":""Midfielder""},""dateOfBirth"":""1995-06-11"",""age"":31,""cname"":""Norway"",""ccode"":""NOR"",""shirtNumber"":8}"
50600409,Birmingham Women,fotmob,258658,1397114,Wilma Leidhammar,CURRENT_SQUAD,Midfielder,2003-06-16,23,Sweden,FACT,true,1.0,https://www.fotmob.com/api/data/teams?id=258658,2026-09-22T18:30:11.545335+00:00,2026-09-22T18:30:11.545335+00:00,"{""id"":1397114,""name"":""Wilma Leidhammar"",""role"":{""key"":""midfielder_long"",""fallback"":""Midfielder""},""dateOfBirth"":""2003-06-16"",""age"":23,""cname"":""Sweden"",""ccode"":""SWE"",""shirtNumber"":10}"
50600409,Birmingham Women,fotmob,258658,1620100,Suzu Amano,CURRENT_SQUAD,Midfielder,2004-02-18,22,Japan,FACT,true,1.0,https://www.fotmob.com/api/data/teams?id=258658,2026-09-22T18:30:11.545335+00:00,2026-09-22T18:30:11.545335+00:00,"{""id"":1620100,""name"":""Suzu Amano"",""role"":{""key"":""midfielder_long"",""fallback"":""Midfielder""},""dateOfBirth"":""2004-02-18"",""age"":22,""cname"":""Japan"",""ccode"":""JPN"",""shirtNumber"":14}"
50600409,Birmingham Women,fotmob,258658,1091649,Chelsea Cornet,CURRENT_SQUAD,Midfielder,1998-04-19,28,Scotland,FACT,true,1.0,https://www.fotmob.com/api/data/teams?id=258658,2026-09-22T18:30:11.545335+00:00,2026-09-22T18:30:11.545335+00:00,"{""id"":1091649,""name"":""Chelsea Cornet"",""role"":{""key"":""midfielder_long"",""fallback"":""Midfielder""},""dateOfBirth"":""1998-04-19"",""age"":28,""cname"":""Scotland"",""ccode"":""SCO"",""shirtNumber"":19}"
50600409,Birmingham Women,fotmob,258658,1055850,Asato Miyagawa,CURRENT_SQUAD,Midfielder,1998-02-24,28,Japan,FACT,true,1.0,https://www.fotmob.com/api/data/teams?id=258658,2026-09-22T18:30:11.545335+00:00,2026-09-22T18:30:11.545335+00:00,"{""id"":1055850,""name"":""Asato Miyagawa"",""role"":{""key"":""midfielder_long"",""fallback"":""Midfielder""},""dateOfBirth"":""1998-02-24"",""age"":28,""cname"":""Japan"",""ccode"":""JPN"",""shirtNumber"":26}"
50600409,Birmingham Women,fotmob,258658,887402,Simone Magill,CURRENT_SQUAD,Attacker,1994-11-01,31,Northern Ireland,FACT,true,1.0,https://www.fotmob.com/api/data/teams?id=258658,2026-09-22T18:30:11.545335+00:00,2026-09-22T18:30:11.545335+00:00,"{""id"":887402,""name"":""Simone Magill"",""role"":{""key"":""attacker_long"",""fallback"":""Attacker""},""dateOfBirth"":""1994-11-01"",""age"":31,""cname"":""Northern Ireland"",""ccode"":""NIR"",""shirtNumber"":9}"
50600409,Birmingham Women,fotmob,258658,1314649,Lily Crosthwaite,CURRENT_SQUAD,Attacker,2002-10-26,23,England,FACT,true,1.0,https://www.fotmob.com/api/data/teams?id=258658,2026-09-22T18:30:11.545335+00:00,2026-09-22T18:30:11.545335+00:00,"{""id"":1314649,""name"":""Lily Crosthwaite"",""role"":{""key"":""attacker_long"",""fallback"":""Attacker""},""dateOfBirth"":""2002-10-26"",""age"":23,""cname"":""England"",""ccode"":""ENG"",""shirtNumber"":16}"
50600409,Birmingham Women,fotmob,258658,1406595,Chancelle Effa Effa,CURRENT_SQUAD,Attacker,2006-09-14,20,France,FACT,true,1.0,https://www.fotmob.com/api/data/teams?id=258658,2026-09-22T18:30:11.545335+00:00,2026-09-22T18:30:11.545335+00:00,"{""id"":1406595,""name"":""Chancelle Effa Effa"",""role"":{""key"":""attacker_long"",""fallback"":""Attacker""},""dateOfBirth"":""2006-09-14"",""age"":20,""cname"":""France"",""ccode"":""FRA"",""shirtNumber"":20}"
50600409,Birmingham Women,fotmob,258658,1214987,Océane Hurtré,CURRENT_SQUAD,Attacker,2004-02-17,22,France,FACT,true,1.0,https://www.fotmob.com/api/data/teams?id=258658,2026-09-22T18:30:11.545335+00:00,2026-09-22T18:30:11.545335+00:00,"{""id"":1214987,""name"":""Océane Hurtré"",""role"":{""key"":""attacker_long"",""fallback"":""Attacker""},""dateOfBirth"":""2004-02-17"",""age"":22,""cname"":""France"",""ccode"":""FRA"",""shirtNumber"":22}"
50600409,Birmingham Women,fotmob,258658,1243898,Veatriki Sarri,CURRENT_SQUAD,Attacker,1998-01-01,28,Greece,FACT,true,1.0,https://www.fotmob.com/api/data/teams?id=258658,2026-09-22T18:30:11.545335+00:00,2026-09-22T18:30:11.545335+00:00,"{""id"":1243898,""name"":""Veatriki Sarri"",""role"":{""key"":""attacker_long"",""fallback"":""Attacker""},""dateOfBirth"":""1998-01-01"",""age"":28,""cname"":""Greece"",""ccode"":""GRE"",""shirtNumber"":27}"
50600446,HB Koge Women,fotmob,1170164,1812106,Kristian Mørch,CURRENT_SQUAD,Coach,1987-08-07,39,Denmark,FACT,true,1.0,https://www.fotmob.com/api/data/teams?id=1170164,2026-09-22T18:30:11.545335+00:00,2026-09-22T18:30:11.545335+00:00,"{""id"":1812106,""name"":""Kristian Mørch"",""role"":{""key"":""coach"",""fallback"":""Coach""},""dateOfBirth"":""1987-08-07"",""age"":39,""cname"":""Denmark"",""ccode"":""DEN""}"
50600446,HB Koge Women,fotmob,1170164,1295282,Alberte Vingum,CURRENT_SQUAD,Keeper,2004-11-14,21,Denmark,FACT,true,1.0,https://www.fotmob.com/api/data/teams?id=1170164,2026-09-22T18:30:11.545335+00:00,2026-09-22T18:30:11.545335+00:00,"{""id"":1295282,""name"":""Alberte Vingum"",""role"":{""key"":""keeper_long"",""fallback"":""Keeper""},""dateOfBirth"":""2004-11-14"",""age"":21,""cname"":""Denmark"",""ccode"":""DEN"",""shirtNumber"":1}"
50600446,HB Koge Women,fotmob,1170164,1444314,Emilie Møller,CURRENT_SQUAD,Keeper,2006-02-23,20,Denmark,FACT,true,1.0,https://www.fotmob.com/api/data/teams?id=1170164,2026-09-22T18:30:11.545335+00:00,2026-09-22T18:30:11.545335+00:00,"{""id"":1444314,""name"":""Emilie Møller"",""role"":{""key"":""keeper_long"",""fallback"":""Keeper""},""dateOfBirth"":""2006-02-23"",""age"":20,""cname"":""Denmark"",""ccode"":""DEN"",""shirtNumber"":30}"
50600446,HB Koge Women,fotmob,1170164,1504614,Lauren Kozal,CURRENT_SQUAD,Keeper,2000-07-11,26,USA,FACT,true,1.0,https://www.fotmob.com/api/data/teams?id=1170164,2026-09-22T18:30:11.545335+00:00,2026-09-22T18:30:11.545335+00:00,"{""id"":1504614,""name"":""Lauren Kozal"",""role"":{""key"":""keeper_long"",""fallback"":""Keeper""},""dateOfBirth"":""2000-07-11"",""age"":26,""cname"":""USA"",""ccode"":""USA"",""shirtNumber"":66}"
50600446,HB Koge Women,fotmob,1170164,1170523,Maria Uhre,CURRENT_SQUAD,Defender,1999-10-05,26,Denmark,FACT,true,1.0,https://www.fotmob.com/api/data/teams?id=1170164,2026-09-22T18:30:11.545335+00:00,2026-09-22T18:30:11.545335+00:00,"{""id"":1170523,""name"":""Maria Uhre"",""role"":{""key"":""defender_long"",""fallback"":""Defender""},""dateOfBirth"":""1999-10-05"",""age"":26,""cname"":""Denmark"",""ccode"":""DEN"",""shirtNumber"":2}"
50600446,HB Koge Women,fotmob,1170164,1785317,Macy Schultz,CURRENT_SQUAD,Defender,2000-12-28,25,USA,FACT,true,1.0,https://www.fotmob.com/api/data/teams?id=1170164,2026-09-22T18:30:11.545335+00:00,2026-09-22T18:30:11.545335+00:00,"{""id"":1785317,""name"":""Macy Schultz"",""role"":{""key"":""defender_long"",""fallback"":""Defender""},""dateOfBirth"":""2000-12-28"",""age"":25,""cname"":""USA"",""ccode"":""USA"",""shirtNumber"":3}"
50600446,HB Koge Women,fotmob,1170164,1822624,Yukina Sakabe,CURRENT_SQUAD,Defender,2003-09-17,23,Japan,FACT,true,1.0,https://www.fotmob.com/api/data/teams?id=1170164,2026-09-22T18:30:11.545335+00:00,2026-09-22T18:30:11.545335+00:00,"{""id"":1822624,""name"":""Yukina Sakabe"",""role"":{""key"":""defender_long"",""fallback"":""Defender""},""dateOfBirth"":""2003-09-17"",""age"":23,""cname"":""Japan"",""ccode"":""JPN"",""shirtNumber"":4}"
50600446,HB Koge Women,fotmob,1170164,1727507,Sydney Jones,CURRENT_SQUAD,Defender,2002-10-24,23,USA,FACT,true,1.0,https://www.fotmob.com/api/data/teams?id=1170164,2026-09-22T18:30:11.545335+00:00,2026-09-22T18:30:11.545335+00:00,"{""id"":1727507,""name"":""Sydney Jones"",""role"":{""key"":""defender_long"",""fallback"":""Defender""},""dateOfBirth"":""2002-10-24"",""age"":23,""cname"":""USA"",""ccode"":""USA"",""shirtNumber"":5}"
50600446,HB Koge Women,fotmob,1170164,1561466,Ida Jørgensen,CURRENT_SQUAD,Defender,2005-03-03,21,Denmark,FACT,true,1.0,https://www.fotmob.com/api/data/teams?id=1170164,2026-09-22T18:30:11.545335+00:00,2026-09-22T18:30:11.545335+00:00,"{""id"":1561466,""name"":""Ida Jørgensen"",""role"":{""key"":""defender_long"",""fallback"":""Defender""},""dateOfBirth"":""2005-03-03"",""age"":21,""cname"":""Denmark"",""ccode"":""DEN"",""shirtNumber"":15}"
50600446,HB Koge Women,fotmob,1170164,1444312,Augusta Callesen,CURRENT_SQUAD,Defender,2006-03-24,20,Denmark,FACT,true,1.0,https://www.fotmob.com/api/data/teams?id=1170164,2026-09-22T18:30:11.545335+00:00,2026-09-22T18:30:11.545335+00:00,"{""id"":1444312,""name"":""Augusta Callesen"",""role"":{""key"":""defender_long"",""fallback"":""Defender""},""dateOfBirth"":""2006-03-24"",""age"":20,""cname"":""Denmark"",""ccode"":""DEN"",""shirtNumber"":25}"
50600446,HB Koge Women,fotmob,1170164,210836,Simone Boye,CURRENT_SQUAD,Defender,1992-03-03,34,Denmark,FACT,true,1.0,https://www.fotmob.com/api/data/teams?id=1170164,2026-09-22T18:30:11.545335+00:00,2026-09-22T18:30:11.545335+00:00,"{""id"":210836,""name"":""Simone Boye"",""role"":{""key"":""defender_long"",""fallback"":""Defender""},""dateOfBirth"":""1992-03-03"",""age"":34,""cname"":""Denmark"",""ccode"":""DEN"",""shirtNumber"":28}"
50600446,HB Koge Women,fotmob,1170164,1708281,Aemu Oyama,CURRENT_SQUAD,Midfielder,2004-09-19,22,Japan,FACT,true,1.0,https://www.fotmob.com/api/data/teams?id=1170164,2026-09-22T18:30:11.545335+00:00,2026-09-22T18:30:11.545335+00:00,"{""id"":1708281,""name"":""Aemu Oyama"",""role"":{""key"":""midfielder_long"",""fallback"":""Midfielder""},""dateOfBirth"":""2004-09-19"",""age"":22,""cname"":""Japan"",""ccode"":""JPN"",""shirtNumber"":6}"
50600446,HB Koge Women,fotmob,1170164,1235275,Sarah Thygesen,CURRENT_SQUAD,Midfielder,2003-11-05,22,Denmark,FACT,true,1.0,https://www.fotmob.com/api/data/teams?id=1170164,2026-09-22T18:30:11.545335+00:00,2026-09-22T18:30:11.545335+00:00,"{""id"":1235275,""name"":""Sarah Thygesen"",""role"":{""key"":""midfielder_long"",""fallback"":""Midfielder""},""dateOfBirth"":""2003-11-05"",""age"":22,""cname"":""Denmark"",""ccode"":""DEN"",""shirtNumber"":12}"
50600446,HB Koge Women,fotmob,1170164,1676576,Catherine Paulson,CURRENT_SQUAD,Midfielder,2001-11-05,24,USA,FACT,true,1.0,https://www.fotmob.com/api/data/teams?id=1170164,2026-09-22T18:30:11.545335+00:00,2026-09-22T18:30:11.545335+00:00,"{""id"":1676576,""name"":""Catherine Paulson"",""role"":{""key"":""midfielder_long"",""fallback"":""Midfielder""},""dateOfBirth"":""2001-11-05"",""age"":24,""cname"":""USA"",""ccode"":""USA"",""shirtNumber"":13}"
50600446,HB Koge Women,fotmob,1170164,685121,Mille Gejl,CURRENT_SQUAD,Midfielder,1999-09-23,26,Denmark,FACT,true,1.0,https://www.fotmob.com/api/data/teams?id=1170164,2026-09-22T18:30:11.545335+00:00,2026-09-22T18:30:11.545335+00:00,"{""id"":685121,""name"":""Mille Gejl"",""role"":{""key"":""midfielder_long"",""fallback"":""Midfielder""},""dateOfBirth"":""1999-09-23"",""age"":26,""cname"":""Denmark"",""ccode"":""DEN"",""shirtNumber"":23}"
50600446,HB Koge Women,fotmob,1170164,1229840,Laura Munk Hermann,CURRENT_SQUAD,Midfielder,2003-01-28,23,Denmark,FACT,true,1.0,https://www.fotmob.com/api/data/teams?id=1170164,2026-09-22T18:30:11.545335+00:00,2026-09-22T18:30:11.545335+00:00,"{""id"":1229840,""name"":""Laura Munk Hermann"",""role"":{""key"":""midfielder_long"",""fallback"":""Midfielder""},""dateOfBirth"":""2003-01-28"",""age"":23,""cname"":""Denmark"",""ccode"":""DEN"",""shirtNumber"":24}"
50600446,HB Koge Women,fotmob,1170164,1674886,Jereko,CURRENT_SQUAD,Midfielder,1997-09-04,29,Kenya,FACT,true,1.0,https://www.fotmob.com/api/data/teams?id=1170164,2026-09-22T18:30:11.545335+00:00,2026-09-22T18:30:11.545335+00:00,"{""id"":1674886,""name"":""Jereko"",""role"":{""key"":""midfielder_long"",""fallback"":""Midfielder""},""dateOfBirth"":""1997-09-04"",""age"":29,""cname"":""Kenya"",""ccode"":""KEN"",""shirtNumber"":33}"
50600446,HB Koge Women,fotmob,1170164,1170524,Kyra Carusa,CURRENT_SQUAD,Attacker,1995-11-14,30,Republic of Ireland,FACT,true,1.0,https://www.fotmob.com/api/data/teams?id=1170164,2026-09-22T18:30:11.545335+00:00,2026-09-22T18:30:11.545335+00:00,"{""id"":1170524,""name"":""Kyra Carusa"",""role"":{""key"":""attacker_long"",""fallback"":""Attacker""},""dateOfBirth"":""1995-11-14"",""age"":30,""cname"":""Republic of Ireland"",""ccode"":""IRL"",""shirtNumber"":7}"
50600446,HB Koge Women,fotmob,1170164,1647259,Mai Wendicke,CURRENT_SQUAD,Attacker,2006-07-15,20,Denmark,FACT,true,1.0,https://www.fotmob.com/api/data/teams?id=1170164,2026-09-22T18:30:11.545335+00:00,2026-09-22T18:30:11.545335+00:00,"{""id"":1647259,""name"":""Mai Wendicke"",""role"":{""key"":""attacker_long"",""fallback"":""Attacker""},""dateOfBirth"":""2006-07-15"",""age"":20,""cname"":""Denmark"",""ccode"":""DEN"",""shirtNumber"":8}"
50600446,HB Koge Women,fotmob,1170164,36792,Nadia Nadim,CURRENT_SQUAD,Attacker,1988-01-02,38,Denmark,FACT,true,1.0,https://www.fotmob.com/api/data/teams?id=1170164,2026-09-22T18:30:11.545335+00:00,2026-09-22T18:30:11.545335+00:00,"{""id"":36792,""name"":""Nadia Nadim"",""role"":{""key"":""attacker_long"",""fallback"":""Attacker""},""dateOfBirth"":""1988-01-02"",""age"":38,""cname"":""Denmark"",""ccode"":""DEN"",""shirtNumber"":9}"
50600446,HB Koge Women,fotmob,1170164,1796708,Samantha Williams,CURRENT_SQUAD,Attacker,2001-12-04,24,USA,FACT,true,1.0,https://www.fotmob.com/api/data/teams?id=1170164,2026-09-22T18:30:11.545335+00:00,2026-09-22T18:30:11.545335+00:00,"{""id"":1796708,""name"":""Samantha Williams"",""role"":{""key"":""attacker_long"",""fallback"":""Attacker""},""dateOfBirth"":""2001-12-04"",""age"":24,""cname"":""USA"",""ccode"":""USA"",""shirtNumber"":14}"
50600446,HB Koge Women,fotmob,1170164,741210,Rikke Madsen,CURRENT_SQUAD,Attacker,1997-08-09,29,Denmark,FACT,true,1.0,https://www.fotmob.com/api/data/teams?id=1170164,2026-09-22T18:30:11.545335+00:00,2026-09-22T18:30:11.545335+00:00,"{""id"":741210,""name"":""Rikke Madsen"",""role"":{""key"":""attacker_long"",""fallback"":""Attacker""},""dateOfBirth"":""1997-08-09"",""age"":29,""cname"":""Denmark"",""ccode"":""DEN"",""shirtNumber"":17}"
50600446,HB Koge Women,fotmob,1170164,1349457,Emelía Óskarsdóttir,CURRENT_SQUAD,Attacker,2006-03-05,20,Iceland,FACT,true,1.0,https://www.fotmob.com/api/data/teams?id=1170164,2026-09-22T18:30:11.545335+00:00,2026-09-22T18:30:11.545335+00:00,"{""id"":1349457,""name"":""Emelía Óskarsdóttir"",""role"":{""key"":""attacker_long"",""fallback"":""Attacker""},""dateOfBirth"":""2006-03-05"",""age"":20,""cname"":""Iceland"",""ccode"":""ISL"",""shirtNumber"":22}"
50600446,HB Koge Women,fotmob,1170164,1728510,Flora Marta Lacho,CURRENT_SQUAD,Attacker,1999-03-16,27,Angola,FACT,true,1.0,https://www.fotmob.com/api/data/teams?id=1170164,2026-09-22T18:30:11.545335+00:00,2026-09-22T18:30:11.545335+00:00,"{""id"":1728510,""name"":""Flora Marta Lacho"",""role"":{""key"":""attacker_long"",""fallback"":""Attacker""},""dateOfBirth"":""1999-03-16"",""age"":27,""cname"":""Angola"",""ccode"":""ANG"",""shirtNumber"":26}"
