canonical_team_id,source,alias,normalized_alias,confidence,status,first_seen_hkt,last_seen_hkt,evidence_event_id
hkjc:50000008,FOREBET,Milan,milan,1.000,CONFIRMED_EVENT,2026-09-20T15:10:24+08:00,2026-09-20T15:10:24+08:00,FB5380
hkjc:50000008,HKJC_EN,AC Milan,ac milan,1.000,CONFIRMED_EVENT,2026-09-20T15:10:24+08:00,2026-09-20T15:10:24+08:00,FB5380
hkjc:50000008,HKJC_ZH,AC米蘭,AC米蘭,1.000,CONFIRMED_EVENT,2026-09-20T15:10:24+08:00,2026-09-20T15:10:24+08:00,FB5380
hkjc:50000022,FOREBET,AFC Wimbledon,afc wimbledon,1.000,CONFIRMED_EVENT,2026-09-26T09:48:00+08:00,2026-09-26T09:48:00+08:00,FB5770
hkjc:50000022,HKJC_EN,AFC Wimbledon,afc wimbledon,1.000,CONFIRMED_EVENT,2026-09-25T09:43:21+08:00,2026-09-26T09:48:00+08:00,FB5770
hkjc:50000022,HKJC_ZH,AFC 溫布頓,AFC 溫布頓,1.000,CONFIRMED_EVENT,2026-09-26T09:48:00+08:00,2026-09-26T09:48:00+08:00,FB5770
hkjc:50000023,FOREBET,AGF Aarhus,agf aarhus,1.000,CONFIRMED_EVENT,2026-09-20T15:10:24+08:00,2026-09-20T15:10:24+08:00,FB5407
hkjc:50000023,HKJC_EN,AGF Aarhus,agf aarhus,1.000,CONFIRMED_EVENT,2026-09-20T15:10:24+08:00,2026-09-20T15:10:24+08:00,FB5407
hkjc:50000023,HKJC_ZH,阿侯斯,阿侯斯,1.000,CONFIRMED_EVENT,2026-09-20T15:10:24+08:00,2026-09-20T15:10:24+08:00,FB5407
hkjc:50000026,FOREBET,AIK Fotboll,aik fotboll,1.000,CONFIRMED_EVENT,2026-09-20T15:10:24+08:00,2026-09-20T15:10:24+08:00,FB5516
hkjc:50000026,HKJC_EN,AIK Solna,aik solna,1.000,CONFIRMED_EVENT,2026-09-20T15:10:24+08:00,2026-09-20T15:10:24+08:00,FB5516
hkjc:50000026,HKJC_ZH,AIK蘇納,AIK蘇納,1.000,CONFIRMED_EVENT,2026-09-20T15:10:24+08:00,2026-09-20T15:10:24+08:00,FB5516
hkjc:50000039,FOREBET,AZ Alkmaar,az alkmaar,1.000,CONFIRMED_EVENT,2026-09-20T15:10:24+08:00,2026-09-20T15:10:24+08:00,FB5361
hkjc:50000039,HKJC_EN,AZ Alkmaar,az alkmaar,1.000,CONFIRMED_EVENT,2026-09-20T15:10:24+08:00,2026-09-20T15:10:24+08:00,FB5361
hkjc:50000039,HKJC_ZH,阿爾克馬爾,阿爾克馬爾,1.000,CONFIRMED_EVENT,2026-09-20T15:10:24+08:00,2026-09-20T15:10:24+08:00,FB5361
hkjc:50000049,FOREBET,Accrington Stanley,accrington stanley,1.000,CONFIRMED_EVENT,2026-09-26T09:48:00+08:00,2026-09-26T09:48:00+08:00,FB5779
hkjc:50000049,HKJC_EN,Accrington Stanley,accrington stanley,1.000,CONFIRMED_EVENT,2026-09-25T09:43:21+08:00,2026-09-26T09:48:00+08:00,FB5779
hkjc:50000049,HKJC_ZH,阿克寧頓,阿克寧頓,1.000,CONFIRMED_EVENT,2026-09-26T09:48:00+08:00,2026-09-26T09:48:00+08:00,FB5779
hkjc:50000097,HKJC_EN,Al Jazira,al jazira,1.000,CONFIRMED_EVENT,2026-09-20T15:10:24+08:00,2026-09-20T15:10:24+08:00,FB5548
hkjc:50000100,FOREBET,Al Nasr Dubai,al nasr dubai,0.960,CONFIRMED_EVENT,2026-09-20T15:10:24+08:00,2026-09-20T15:10:24+08:00,FB5561
hkjc:50000100,HKJC_EN,Al Nasr SC,al nasr sc,1.000,CONFIRMED_EVENT,2026-09-20T15:10:24+08:00,2026-09-20T15:10:24+08:00,FB5561
hkjc:50000100,HKJC_ZH,阿爾納沙,阿爾納沙,1.000,CONFIRMED_EVENT,2026-09-20T15:10:24+08:00,2026-09-20T15:10:24+08:00,FB5561
hkjc:50000111,HKJC_EN,Al Wahda,al wahda,1.000,CONFIRMED_EVENT,2026-09-20T15:10:24+08:00,2026-09-20T15:10:24+08:00,FB5548
hkjc:50000121,HKJC_EN,Albacete,albacete,1.000,CONFIRMED_EVENT,2026-09-25T09:43:21+08:00,2026-09-25T09:43:21+08:00,FB5708
hkjc:50000122,FOREBET,Albania,albania,1.000,CONFIRMED_EVENT,2026-09-26T09:48:00+08:00,2026-09-26T09:48:00+08:00,FB5750
hkjc:50000122,HKJC_EN,Albania,albania,1.000,CONFIRMED_EVENT,2026-09-25T09:43:21+08:00,2026-09-26T09:48:00+08:00,FB5750
hkjc:50000122,HKJC_ZH,阿爾巴尼亞,阿爾巴尼亞,1.000,CONFIRMED_EVENT,2026-09-26T09:48:00+08:00,2026-09-26T09:48:00+08:00,FB5750
hkjc:50000127,FOREBET,Albirex Niigata,albirex niigata,1.000,CONFIRMED_EVENT,2026-09-26T09:48:00+08:00,2026-09-26T09:48:00+08:00,FB5726
hkjc:50000127,HKJC_EN,Albirex Niigata,albirex niigata,1.000,CONFIRMED_EVENT,2026-09-25T09:43:21+08:00,2026-09-26T09:48:00+08:00,FB5726
hkjc:50000127,HKJC_ZH,新潟天鵝,新潟天鵝,1.000,CONFIRMED_EVENT,2026-09-26T09:48:00+08:00,2026-09-26T09:48:00+08:00,FB5726
hkjc:50000131,HKJC_EN,Aldosivi,aldosivi,1.000,CONFIRMED_EVENT,2026-09-20T15:10:24+08:00,2026-09-20T15:10:24+08:00,FB5501
hkjc:50000138,HKJC_EN,Algeria,algeria,1.000,CONFIRMED_EVENT,2026-09-25T09:43:21+08:00,2026-09-25T09:43:21+08:00,FB5762
hkjc:50000155,HKJC_EN,Almere City,almere city,1.000,CONFIRMED_EVENT,2026-09-25T09:43:21+08:00,2026-09-25T09:43:21+08:00,FB5709
hkjc:50000156,FOREBET,UD Almería,ud almeria,1.000,CONFIRMED_EVENT,2026-09-26T09:48:00+08:00,2026-09-26T09:48:00+08:00,FB5798
hkjc:50000156,HKJC_EN,Almeria,almeria,1.000,CONFIRMED_EVENT,2026-09-25T09:43:21+08:00,2026-09-26T09:48:00+08:00,FB5798
hkjc:50000156,HKJC_ZH,艾美利亞,艾美利亞,1.000,CONFIRMED_EVENT,2026-09-26T09:48:00+08:00,2026-09-26T09:48:00+08:00,FB5798
hkjc:50000163,FOREBET,Estrela Amadora,estrela amadora,1.000,CONFIRMED_EVENT,2026-09-20T15:10:24+08:00,2026-09-20T15:10:24+08:00,FB5401
hkjc:50000163,HKJC_EN,Amadora,amadora,1.000,CONFIRMED_EVENT,2026-09-20T15:10:24+08:00,2026-09-20T15:10:24+08:00,FB5401
hkjc:50000163,HKJC_ZH,艾馬多拉,艾馬多拉,1.000,CONFIRMED_EVENT,2026-09-20T15:10:24+08:00,2026-09-20T15:10:24+08:00,FB5401
hkjc:50000165,HKJC_EN,America Mineiro,america mineiro,1.000,CONFIRMED_EVENT,2026-09-26T09:48:00+08:00,2026-09-26T09:48:00+08:00,FB5851
hkjc:50000176,FOREBET,Andorra,andorra,1.000,CONFIRMED_EVENT,2026-09-26T09:48:00+08:00,2026-09-26T09:48:00+08:00,FB5887
hkjc:50000176,HKJC_EN,Andorra,andorra,1.000,CONFIRMED_EVENT,2026-09-26T09:48:00+08:00,2026-09-26T09:48:00+08:00,FB5887
hkjc:50000176,HKJC_ZH,安道爾,安道爾,1.000,CONFIRMED_EVENT,2026-09-26T09:48:00+08:00,2026-09-26T09:48:00+08:00,FB5887
hkjc:50000180,HKJC_EN,Angola,angola,1.000,CONFIRMED_EVENT,2026-09-25T09:43:21+08:00,2026-09-25T09:43:21+08:00,FB5758
hkjc:50000186,FOREBET,Antofagasta,antofagasta,1.000,CONFIRMED_EVENT,2026-09-24T11:14:49+08:00,2026-09-26T09:48:00+08:00,FB5861
hkjc:50000186,HKJC_EN,Antofagasta,antofagasta,1.000,CONFIRMED_EVENT,2026-09-24T11:14:49+08:00,2026-09-26T09:48:00+08:00,FB5861
hkjc:50000186,HKJC_ZH,安圖法加斯達,安圖法加斯達,1.000,CONFIRMED_EVENT,2026-09-24T11:14:49+08:00,2026-09-26T09:48:00+08:00,FB5861
hkjc:50000187,FOREBET,Royal Antwerp,royal antwerp,1.000,CONFIRMED_EVENT,2026-09-20T15:10:24+08:00,2026-09-20T15:10:24+08:00,FB5484
hkjc:50000187,HKJC_EN,Antwerp,antwerp,1.000,CONFIRMED_EVENT,2026-09-20T15:10:24+08:00,2026-09-20T15:10:24+08:00,FB5484
hkjc:50000187,HKJC_ZH,安特衛普,安特衛普,1.000,CONFIRMED_EVENT,2026-09-20T15:10:24+08:00,2026-09-20T15:10:24+08:00,FB5484
hkjc:50000228,FOREBET,Argentinos Juniors,argentinos juniors,1.000,CONFIRMED_EVENT,2026-09-20T15:10:24+08:00,2026-09-20T15:10:24+08:00,FB5498
hkjc:50000228,HKJC_EN,Argentinos Juniors,argentinos juniors,1.000,CONFIRMED_EVENT,2026-09-20T15:10:24+08:00,2026-09-20T15:10:24+08:00,FB5498
hkjc:50000228,HKJC_ZH,小阿根廷人,小阿根廷人,1.000,CONFIRMED_EVENT,2026-09-20T15:10:24+08:00,2026-09-20T15:10:24+08:00,FB5498
hkjc:50000231,HKJC_EN,Phoenix Rising,phoenix rising,1.000,CONFIRMED_EVENT,2026-09-20T15:10:24+08:00,2026-09-26T09:48:00+08:00,FB5783
hkjc:50000236,FOREBET,Armenia,armenia,1.000,CONFIRMED_EVENT,2026-09-25T09:43:21+08:00,2026-09-25T09:43:21+08:00,FB5716
hkjc:50000236,HKJC_EN,Armenia,armenia,1.000,CONFIRMED_EVENT,2026-09-25T09:43:21+08:00,2026-09-25T09:43:21+08:00,FB5716
hkjc:50000236,HKJC_ZH,阿美尼亞,阿美尼亞,1.000,CONFIRMED_EVENT,2026-09-25T09:43:21+08:00,2026-09-25T09:43:21+08:00,FB5716
hkjc:50000252,FOREBET,Atalanta,atalanta,1.000,CONFIRMED_EVENT,2026-09-20T15:10:24+08:00,2026-09-20T15:10:24+08:00,FB5497
hkjc:50000252,HKJC_EN,Atalanta,atalanta,1.000,CONFIRMED_EVENT,2026-09-20T15:10:24+08:00,2026-09-20T15:10:24+08:00,FB5497
hkjc:50000252,HKJC_ZH,阿特蘭大,阿特蘭大,1.000,CONFIRMED_EVENT,2026-09-20T15:10:24+08:00,2026-09-20T15:10:24+08:00,FB5497
hkjc:50000253,HKJC_EN,Athletico Paranaense,athletico paranaense,1.000,CONFIRMED_EVENT,2026-09-20T15:10:24+08:00,2026-09-20T15:10:24+08:00,FB5468
hkjc:50000255,FOREBET,Atlanta United,atlanta united,1.000,CONFIRMED_EVENT,2026-09-26T09:48:00+08:00,2026-09-26T09:48:00+08:00,FB5820
hkjc:50000255,HKJC_EN,Atlanta Utd,atlanta utd,1.000,CONFIRMED_EVENT,2026-09-20T15:10:24+08:00,2026-09-26T09:48:00+08:00,FB5820
hkjc:50000255,HKJC_ZH,阿特蘭大聯,阿特蘭大聯,1.000,CONFIRMED_EVENT,2026-09-26T09:48:00+08:00,2026-09-26T09:48:00+08:00,FB5820
hkjc:50000257,FOREBET,Atlante FC,atlante fc,1.000,CONFIRMED_EVENT,2026-09-25T09:43:21+08:00,2026-09-26T09:48:00+08:00,FB5718
hkjc:50000257,HKJC_EN,Atlante,atlante,1.000,CONFIRMED_EVENT,2026-09-25T09:43:21+08:00,2026-09-26T09:48:00+08:00,FB5718
hkjc:50000257,HKJC_ZH,阿蘭特,阿蘭特,1.000,CONFIRMED_EVENT,2026-09-25T09:43:21+08:00,2026-09-26T09:48:00+08:00,FB5718
hkjc:50000258,FOREBET,Club Atlas,club atlas,1.000,CONFIRMED_EVENT,2026-09-25T09:43:21+08:00,2026-09-26T09:48:00+08:00,FB5707
hkjc:50000258,HKJC_EN,Atlas,atlas,1.000,CONFIRMED_EVENT,2026-09-25T09:43:21+08:00,2026-09-26T09:48:00+08:00,FB5707
hkjc:50000258,HKJC_ZH,阿特拿斯,阿特拿斯,1.000,CONFIRMED_EVENT,2026-09-25T09:43:21+08:00,2026-09-26T09:48:00+08:00,FB5707
hkjc:50000264,FOREBET,Atlético GO,atletico go,1.000,CONFIRMED_EVENT,2026-09-26T09:48:00+08:00,2026-09-26T09:48:00+08:00,FB5843
hkjc:50000264,HKJC_EN,Atletico Goianiense,atletico goianiense,1.000,CONFIRMED_EVENT,2026-09-26T09:48:00+08:00,2026-09-26T09:48:00+08:00,FB5843
hkjc:50000264,HKJC_ZH,戈亞尼恩斯,戈亞尼恩斯,1.000,CONFIRMED_EVENT,2026-09-26T09:48:00+08:00,2026-09-26T09:48:00+08:00,FB5843
hkjc:50000267,FOREBET,Atlético Madrid,atletico madrid,1.000,CONFIRMED_EVENT,2026-09-20T15:10:24+08:00,2026-09-20T15:10:24+08:00,FB5362
hkjc:50000267,HKJC_EN,Atletico Madrid,atletico madrid,1.000,CONFIRMED_EVENT,2026-09-20T15:10:24+08:00,2026-09-20T15:10:24+08:00,FB5362
hkjc:50000267,HKJC_ZH,馬德里體育會,馬德里體育會,1.000,CONFIRMED_EVENT,2026-09-20T15:10:24+08:00,2026-09-20T15:10:24+08:00,FB5362
hkjc:50000276,FOREBET,Atlético Mineiro,atletico mineiro,1.000,CONFIRMED_EVENT,2026-09-16T07:13:56+08:00,2026-09-16T09:31:59+08:00,FB5152
hkjc:50000276,HKJC_EN,Atletico Mineiro,atletico mineiro,1.000,CONFIRMED_EVENT,2026-09-16T07:13:56+08:00,2026-09-16T09:31:59+08:00,FB5152
hkjc:50000276,HKJC_ZH,明尼路,明尼路,1.000,CONFIRMED_EVENT,2026-09-16T07:13:56+08:00,2026-09-16T09:31:59+08:00,FB5152
hkjc:50000281,FOREBET,Atlético San Luis,atletico san luis,1.000,CONFIRMED_EVENT,2026-09-26T09:48:00+08:00,2026-09-26T09:48:00+08:00,FB5835
hkjc:50000281,HKJC_EN,Atletico San Luis,atletico san luis,1.000,CONFIRMED_EVENT,2026-09-20T15:10:24+08:00,2026-09-26T09:48:00+08:00,FB5835
hkjc:50000281,HKJC_ZH,聖路易斯體育會,聖路易斯體育會,1.000,CONFIRMED_EVENT,2026-09-26T09:48:00+08:00,2026-09-26T09:48:00+08:00,FB5835
hkjc:50000283,FOREBET,Atlético Tucumán,atletico tucuman,1.000,CONFIRMED_EVENT,2026-09-16T07:13:56+08:00,2026-09-16T09:31:59+08:00,FB5156
hkjc:50000283,HKJC_EN,Atletico Tucuman,atletico tucuman,1.000,CONFIRMED_EVENT,2026-09-16T07:13:56+08:00,2026-09-20T15:10:24+08:00,FB5501
hkjc:50000283,HKJC_ZH,圖庫曼體育會,圖庫曼體育會,1.000,CONFIRMED_EVENT,2026-09-16T07:13:56+08:00,2026-09-16T09:31:59+08:00,FB5156
hkjc:50000291,HKJC_EN,Audax Italiano,audax italiano,1.000,CONFIRMED_EVENT,2026-09-24T11:14:49+08:00,2026-09-25T09:43:21+08:00,FB5704
hkjc:50000298,FOREBET,Austin FC,austin fc,1.000,CONFIRMED_EVENT,2026-09-26T09:48:00+08:00,2026-09-26T09:48:00+08:00,FB5823
hkjc:50000298,HKJC_EN,Austin FC,austin fc,1.000,CONFIRMED_EVENT,2026-09-20T15:10:24+08:00,2026-09-26T09:48:00+08:00,FB5823
hkjc:50000298,HKJC_ZH,FC奧斯汀,FC奧斯汀,1.000,CONFIRMED_EVENT,2026-09-26T09:48:00+08:00,2026-09-26T09:48:00+08:00,FB5823
hkjc:50000299,HKJC_EN,Australia,australia,1.000,CONFIRMED_EVENT,2026-09-25T09:43:21+08:00,2026-09-25T09:43:21+08:00,FB5719
hkjc:50000320,FOREBET,Austria,austria,1.000,CONFIRMED_EVENT,2026-09-24T11:14:49+08:00,2026-09-26T09:48:00+08:00,FB5885
hkjc:50000320,HKJC_EN,Austria,austria,1.000,CONFIRMED_EVENT,2026-09-24T11:14:49+08:00,2026-09-26T09:48:00+08:00,FB5885
hkjc:50000320,HKJC_ZH,奧地利,奧地利,1.000,CONFIRMED_EVENT,2026-09-24T11:14:49+08:00,2026-09-26T09:48:00+08:00,FB5885
hkjc:50000326,FOREBET,Auxerre,auxerre,1.000,CONFIRMED_EVENT,2026-09-20T15:10:24+08:00,2026-09-20T15:10:24+08:00,FB5368
hkjc:50000326,HKJC_EN,Auxerre,auxerre,1.000,CONFIRMED_EVENT,2026-09-20T15:10:24+08:00,2026-09-20T15:10:24+08:00,FB5368
hkjc:50000326,HKJC_ZH,歐塞爾,歐塞爾,1.000,CONFIRMED_EVENT,2026-09-20T15:10:24+08:00,2026-09-20T15:10:24+08:00,FB5368
hkjc:50000327,HKJC_EN,Avai,avai,1.000,CONFIRMED_EVENT,2026-09-26T09:48:00+08:00,2026-09-26T09:48:00+08:00,FB5845
hkjc:50000337,FOREBET,Azerbaijan,azerbaijan,1.000,CONFIRMED_EVENT,2026-09-26T09:48:00+08:00,2026-09-26T09:48:00+08:00,FB5884
hkjc:50000337,HKJC_EN,Azerbaijan,azerbaijan,1.000,CONFIRMED_EVENT,2026-09-26T09:48:00+08:00,2026-09-26T09:48:00+08:00,FB5884
hkjc:50000337,HKJC_ZH,阿塞拜疆,阿塞拜疆,1.000,CONFIRMED_EVENT,2026-09-26T09:48:00+08:00,2026-09-26T09:48:00+08:00,FB5884
hkjc:50000338,HKJC_EN,Azerbaijan U21,azerbaijan u21,1.000,CONFIRMED_EVENT,2026-09-25T09:43:21+08:00,2026-09-25T09:43:21+08:00,FB5766
hkjc:50000342,HKJC_EN,BG Pathum Utd,bg pathum utd,1.000,CONFIRMED_EVENT,2026-09-20T15:10:24+08:00,2026-09-20T15:10:24+08:00,FB5421
hkjc:50000347,HKJC_EN,Bahia,bahia,1.000,CONFIRMED_EVENT,2026-09-20T15:10:24+08:00,2026-09-20T15:10:24+08:00,FB5468
hkjc:50000349,FOREBET,Bahrain,bahrain,1.000,CONFIRMED_EVENT,2026-09-24T11:14:49+08:00,2026-09-24T11:14:49+08:00,FB5699
hkjc:50000349,HKJC_EN,Bahrain,bahrain,1.000,CONFIRMED_EVENT,2026-09-24T11:14:49+08:00,2026-09-24T11:14:49+08:00,FB5699
hkjc:50000349,HKJC_ZH,巴林,巴林,1.000,CONFIRMED_EVENT,2026-09-24T11:14:49+08:00,2026-09-24T11:14:49+08:00,FB5699
hkjc:50000360,HKJC_EN,Bangkok Utd,bangkok utd,1.000,CONFIRMED_EVENT,2026-09-20T15:10:24+08:00,2026-09-20T15:10:24+08:00,FB5421
hkjc:50000361,HKJC_EN,Bangladesh,bangladesh,1.000,CONFIRMED_EVENT,2026-09-25T09:43:21+08:00,2026-09-25T09:43:21+08:00,FB5785
hkjc:50000365,FOREBET,Baniyas,baniyas,1.000,CONFIRMED_EVENT,2026-09-20T15:10:24+08:00,2026-09-20T15:10:24+08:00,FB5549
hkjc:50000365,HKJC_EN,Baniyas,baniyas,1.000,CONFIRMED_EVENT,2026-09-20T15:10:24+08:00,2026-09-20T15:10:24+08:00,FB5549
hkjc:50000365,HKJC_ZH,賓尼耶斯,賓尼耶斯,1.000,CONFIRMED_EVENT,2026-09-20T15:10:24+08:00,2026-09-20T15:10:24+08:00,FB5549
hkjc:50000398,HKJC_EN,Barracas Central,barracas central,1.000,CONFIRMED_EVENT,2026-09-20T15:10:24+08:00,2026-09-20T15:10:24+08:00,FB5508
hkjc:50000401,FOREBET,FC Basel,fc basel,1.000,CONFIRMED_EVENT,2026-09-20T15:10:24+08:00,2026-09-20T15:10:24+08:00,FB5490
hkjc:50000401,HKJC_EN,Basel,basel,1.000,CONFIRMED_EVENT,2026-09-20T15:10:24+08:00,2026-09-20T15:10:24+08:00,FB5490
hkjc:50000401,HKJC_ZH,巴素利,巴素利,1.000,CONFIRMED_EVENT,2026-09-20T15:10:24+08:00,2026-09-20T15:10:24+08:00,FB5490
hkjc:50000430,FOREBET,Belarus,belarus,1.000,CONFIRMED_EVENT,2026-09-26T09:48:00+08:00,2026-09-26T09:48:00+08:00,FB5750
hkjc:50000430,HKJC_EN,Belarus,belarus,1.000,CONFIRMED_EVENT,2026-09-25T09:43:21+08:00,2026-09-26T09:48:00+08:00,FB5750
hkjc:50000430,HKJC_ZH,白俄羅斯,白俄羅斯,1.000,CONFIRMED_EVENT,2026-09-26T09:48:00+08:00,2026-09-26T09:48:00+08:00,FB5750
hkjc:50000432,FOREBET,Belarus U21,belarus u21,1.000,CONFIRMED_EVENT,2026-09-24T11:14:49+08:00,2026-09-24T11:14:49+08:00,FB5616
hkjc:50000432,HKJC_EN,Belarus U21,belarus u21,1.000,CONFIRMED_EVENT,2026-09-24T11:14:49+08:00,2026-09-24T11:14:49+08:00,FB5616
hkjc:50000432,HKJC_ZH,白俄羅斯U21,白俄羅斯U21,1.000,CONFIRMED_EVENT,2026-09-24T11:14:49+08:00,2026-09-24T11:14:49+08:00,FB5616
hkjc:50000438,FOREBET,Belgium,belgium,1.000,CONFIRMED_EVENT,2026-09-25T09:43:21+08:00,2026-09-25T09:43:21+08:00,FB5710
hkjc:50000438,HKJC_EN,Belgium,belgium,1.000,CONFIRMED_EVENT,2026-09-25T09:43:21+08:00,2026-09-25T09:43:21+08:00,FB5710
hkjc:50000438,HKJC_ZH,比利時,比利時,1.000,CONFIRMED_EVENT,2026-09-25T09:43:21+08:00,2026-09-25T09:43:21+08:00,FB5710
hkjc:50000439,FOREBET,Belgium U21,belgium u21,1.000,CONFIRMED_EVENT,2026-09-24T11:14:49+08:00,2026-09-24T11:14:49+08:00,FB5616
hkjc:50000439,HKJC_EN,Belgium U21,belgium u21,1.000,CONFIRMED_EVENT,2026-09-24T11:14:49+08:00,2026-09-24T11:14:49+08:00,FB5616
hkjc:50000439,HKJC_ZH,比利時U21,比利時U21,1.000,CONFIRMED_EVENT,2026-09-24T11:14:49+08:00,2026-09-24T11:14:49+08:00,FB5616
hkjc:50000445,HKJC_EN,Belgrano,belgrano,1.000,CONFIRMED_EVENT,2026-09-20T15:10:24+08:00,2026-09-20T15:10:24+08:00,FB5550
hkjc:50000449,FOREBET,SL Benfica,sl benfica,1.000,CONFIRMED_EVENT,2026-09-20T15:10:24+08:00,2026-09-20T15:10:24+08:00,FB5399
hkjc:50000449,HKJC_EN,Benfica,benfica,1.000,CONFIRMED_EVENT,2026-09-20T15:10:24+08:00,2026-09-20T15:10:24+08:00,FB5399
hkjc:50000449,HKJC_ZH,賓菲加,賓菲加,1.000,CONFIRMED_EVENT,2026-09-20T15:10:24+08:00,2026-09-20T15:10:24+08:00,FB5399
hkjc:50000462,FOREBET,Real Betis,real betis,1.000,CONFIRMED_EVENT,2026-09-20T15:10:24+08:00,2026-09-20T15:10:24+08:00,FB5492
hkjc:50000462,HKJC_EN,Betis,betis,1.000,CONFIRMED_EVENT,2026-09-20T15:10:24+08:00,2026-09-20T15:10:24+08:00,FB5492
hkjc:50000462,HKJC_ZH,貝迪斯,貝迪斯,1.000,CONFIRMED_EVENT,2026-09-20T15:10:24+08:00,2026-09-20T15:10:24+08:00,FB5492
hkjc:50000464,FOREBET,Arminia Bielefeld,arminia bielefeld,1.000,CONFIRMED_EVENT,2026-09-20T15:10:24+08:00,2026-09-20T15:10:24+08:00,FB5415
hkjc:50000464,HKJC_EN,Bielefeld,bielefeld,1.000,CONFIRMED_EVENT,2026-09-20T15:10:24+08:00,2026-09-20T15:10:24+08:00,FB5415
hkjc:50000464,HKJC_ZH,比勒費爾德,比勒費爾德,1.000,CONFIRMED_EVENT,2026-09-20T15:10:24+08:00,2026-09-20T15:10:24+08:00,FB5415
hkjc:50000474,FOREBET,Blaublitz Akita,blaublitz akita,1.000,CONFIRMED_EVENT,2026-09-26T09:48:00+08:00,2026-09-26T09:48:00+08:00,FB5726
hkjc:50000474,HKJC_EN,Blaublitz Akita,blaublitz akita,1.000,CONFIRMED_EVENT,2026-09-25T09:43:21+08:00,2026-09-26T09:48:00+08:00,FB5726
hkjc:50000474,HKJC_ZH,秋田藍閃電,秋田藍閃電,1.000,CONFIRMED_EVENT,2026-09-26T09:48:00+08:00,2026-09-26T09:48:00+08:00,FB5726
hkjc:50000481,FOREBET,Boca Juniors,boca juniors,1.000,CONFIRMED_EVENT,2026-09-26T09:48:00+08:00,2026-09-26T09:48:00+08:00,FB5793
hkjc:50000481,HKJC_EN,Boca Juniors,boca juniors,1.000,CONFIRMED_EVENT,2026-09-20T15:10:24+08:00,2026-09-26T09:48:00+08:00,FB5793
hkjc:50000481,HKJC_ZH,小保加,小保加,1.000,CONFIRMED_EVENT,2026-09-26T09:48:00+08:00,2026-09-26T09:48:00+08:00,FB5793
hkjc:50000482,FOREBET,Bochum,bochum,1.000,CONFIRMED_EVENT,2026-09-20T15:10:24+08:00,2026-09-20T15:10:24+08:00,FB5359
hkjc:50000482,HKJC_EN,Bochum,bochum,1.000,CONFIRMED_EVENT,2026-09-20T15:10:24+08:00,2026-09-20T15:10:24+08:00,FB5359
hkjc:50000482,HKJC_ZH,波琴,波琴,1.000,CONFIRMED_EVENT,2026-09-20T15:10:24+08:00,2026-09-20T15:10:24+08:00,FB5359
hkjc:50000483,HKJC_EN,Bodo Glimt,bodo glimt,1.000,CONFIRMED_EVENT,2026-09-20T15:10:24+08:00,2026-09-20T15:10:24+08:00,FB5391
hkjc:50000490,FOREBET,Bolton Wanderers,bolton wanderers,1.000,CONFIRMED_EVENT,2026-09-20T15:10:24+08:00,2026-09-20T15:10:24+08:00,FB5537
hkjc:50000490,HKJC_EN,Bolton,bolton,1.000,CONFIRMED_EVENT,2026-09-20T15:10:24+08:00,2026-09-20T15:10:24+08:00,FB5537
hkjc:50000490,HKJC_ZH,保頓,保頓,1.000,CONFIRMED_EVENT,2026-09-20T15:10:24+08:00,2026-09-20T15:10:24+08:00,FB5537
hkjc:50000498,FOREBET,Bosnia and Herzegovina,bosnia and herzegovina,0.950,CONFIRMED_EVENT,2026-09-25T09:43:21+08:00,2026-09-25T09:43:21+08:00,FB5713
hkjc:50000498,HKJC_EN,Bosnia-Herzegovina,bosnia herzegovina,1.000,CONFIRMED_EVENT,2026-09-25T09:43:21+08:00,2026-09-25T09:43:21+08:00,FB5713
hkjc:50000498,HKJC_ZH,波斯尼亞,波斯尼亞,1.000,CONFIRMED_EVENT,2026-09-25T09:43:21+08:00,2026-09-25T09:43:21+08:00,FB5713
hkjc:50000500,FOREBET,Boston River,boston river,1.000,CONFIRMED_EVENT,2026-09-26T09:48:00+08:00,2026-09-26T09:48:00+08:00,FB5817
hkjc:50000500,HKJC_EN,Boston River,boston river,1.000,CONFIRMED_EVENT,2026-09-26T09:48:00+08:00,2026-09-26T09:48:00+08:00,FB5817
hkjc:50000500,HKJC_ZH,波士頓河,波士頓河,1.000,CONFIRMED_EVENT,2026-09-26T09:48:00+08:00,2026-09-26T09:48:00+08:00,FB5817
hkjc:50000502,FOREBET,Botafogo,botafogo,1.000,CONFIRMED_EVENT,2026-09-16T07:13:56+08:00,2026-09-16T09:31:59+08:00,FB5180
hkjc:50000502,HKJC_EN,Botafogo,botafogo,1.000,CONFIRMED_EVENT,2026-09-16T07:13:56+08:00,2026-09-16T09:31:59+08:00,FB5180
hkjc:50000502,HKJC_ZH,保地花高,保地花高,1.000,CONFIRMED_EVENT,2026-09-16T07:13:56+08:00,2026-09-16T09:31:59+08:00,FB5180
hkjc:50000506,FOREBET,Botswana,botswana,1.000,CONFIRMED_EVENT,2026-09-24T11:14:49+08:00,2026-09-24T11:14:49+08:00,FB5692
hkjc:50000506,HKJC_EN,Botswana,botswana,1.000,CONFIRMED_EVENT,2026-09-24T11:14:49+08:00,2026-09-24T11:14:49+08:00,FB5692
hkjc:50000506,HKJC_ZH,博茲瓦納,博茲瓦納,1.000,CONFIRMED_EVENT,2026-09-24T11:14:49+08:00,2026-09-24T11:14:49+08:00,FB5692
hkjc:50000510,FOREBET,Bournemouth,bournemouth,1.000,CONFIRMED_EVENT,2026-09-20T15:10:24+08:00,2026-09-20T15:10:24+08:00,FB5437
hkjc:50000510,HKJC_EN,Bournemouth,bournemouth,1.000,CONFIRMED_EVENT,2026-09-20T15:10:24+08:00,2026-09-20T15:10:24+08:00,FB5437
hkjc:50000510,HKJC_ZH,般尼茅夫,般尼茅夫,1.000,CONFIRMED_EVENT,2026-09-20T15:10:24+08:00,2026-09-20T15:10:24+08:00,FB5437
hkjc:50000515,HKJC_EN,Braga,braga,1.000,CONFIRMED_EVENT,2026-09-20T15:10:24+08:00,2026-09-20T15:10:24+08:00,FB5396
hkjc:50000518,HKJC_EN,Brann,brann,1.000,CONFIRMED_EVENT,2026-09-20T15:10:24+08:00,2026-09-20T15:10:24+08:00,FB5391
hkjc:50000524,HKJC_EN,Brazil,brazil,1.000,CONFIRMED_EVENT,2026-09-25T09:43:21+08:00,2026-09-25T09:43:21+08:00,FB5719
hkjc:50000572,FOREBET,Brest,brest,1.000,CONFIRMED_EVENT,2026-09-20T15:10:24+08:00,2026-09-20T15:10:24+08:00,FB5368
hkjc:50000572,HKJC_EN,Brest,brest,1.000,CONFIRMED_EVENT,2026-09-20T15:10:24+08:00,2026-09-20T15:10:24+08:00,FB5368
hkjc:50000572,HKJC_ZH,比斯特,比斯特,1.000,CONFIRMED_EVENT,2026-09-20T15:10:24+08:00,2026-09-20T15:10:24+08:00,FB5368
hkjc:50000578,FOREBET,Bristol Rovers,bristol rovers,1.000,CONFIRMED_EVENT,2026-09-26T09:48:00+08:00,2026-09-26T09:48:00+08:00,FB5777
hkjc:50000578,HKJC_EN,Bristol Rovers,bristol rovers,1.000,CONFIRMED_EVENT,2026-09-25T09:43:21+08:00,2026-09-26T09:48:00+08:00,FB5777
hkjc:50000578,HKJC_ZH,布里斯托流浪,布里斯托流浪,1.000,CONFIRMED_EVENT,2026-09-26T09:48:00+08:00,2026-09-26T09:48:00+08:00,FB5777
hkjc:50000583,HKJC_EN,Brondby,brondby,1.000,CONFIRMED_EVENT,2026-09-20T15:10:24+08:00,2026-09-20T15:10:24+08:00,FB5402
hkjc:50000586,HKJC_EN,Bruges,bruges,1.000,CONFIRMED_EVENT,2026-09-20T15:10:24+08:00,2026-09-20T15:10:24+08:00,FB5493
hkjc:50000593,FOREBET,Bulgaria,bulgaria,1.000,CONFIRMED_EVENT,2026-09-26T09:48:00+08:00,2026-09-26T09:48:00+08:00,FB5754
hkjc:50000593,HKJC_EN,Bulgaria,bulgaria,1.000,CONFIRMED_EVENT,2026-09-25T09:43:21+08:00,2026-09-26T09:48:00+08:00,FB5754
hkjc:50000593,HKJC_ZH,保加利亞,保加利亞,1.000,CONFIRMED_EVENT,2026-09-26T09:48:00+08:00,2026-09-26T09:48:00+08:00,FB5754
hkjc:50000594,HKJC_EN,Bulgaria U21,bulgaria u21,1.000,CONFIRMED_EVENT,2026-09-25T09:43:21+08:00,2026-09-25T09:43:21+08:00,FB5740
hkjc:50000597,FOREBET,Burgos CF,burgos cf,1.000,CONFIRMED_EVENT,2026-09-20T15:10:24+08:00,2026-09-26T09:48:00+08:00,FB5800
hkjc:50000597,HKJC_EN,Burgos,burgos,1.000,CONFIRMED_EVENT,2026-09-20T15:10:24+08:00,2026-09-26T09:48:00+08:00,FB5800
hkjc:50000597,HKJC_ZH,貝高斯,貝高斯,1.000,CONFIRMED_EVENT,2026-09-20T15:10:24+08:00,2026-09-26T09:48:00+08:00,FB5800
hkjc:50000598,FOREBET,Buriram United,buriram united,0.940,CONFIRMED_EVENT,2026-09-20T15:10:24+08:00,2026-09-20T15:10:24+08:00,FB5430
hkjc:50000598,HKJC_EN,Buriram Utd,buriram utd,1.000,CONFIRMED_EVENT,2026-09-20T15:10:24+08:00,2026-09-20T15:10:24+08:00,FB5430
hkjc:50000598,HKJC_ZH,武里南聯,武里南聯,1.000,CONFIRMED_EVENT,2026-09-20T15:10:24+08:00,2026-09-20T15:10:24+08:00,FB5430
hkjc:50000604,FOREBET,Burton Albion,burton albion,1.000,CONFIRMED_EVENT,2026-09-26T09:48:00+08:00,2026-09-26T09:48:00+08:00,FB5771
hkjc:50000604,HKJC_EN,Burton Albion,burton albion,1.000,CONFIRMED_EVENT,2026-09-25T09:43:21+08:00,2026-09-26T09:48:00+08:00,FB5771
hkjc:50000604,HKJC_ZH,伯頓,伯頓,1.000,CONFIRMED_EVENT,2026-09-26T09:48:00+08:00,2026-09-26T09:48:00+08:00,FB5771
hkjc:50000613,HKJC_EN,CA Cerro,ca cerro,1.000,CONFIRMED_EVENT,2026-09-26T09:48:00+08:00,2026-09-26T09:48:00+08:00,FB5814
hkjc:50000617,HKJC_EN,CA Platense,ca platense,1.000,CONFIRMED_EVENT,2026-09-20T15:10:24+08:00,2026-09-20T15:10:24+08:00,FB5505
hkjc:50000628,HKJC_EN,CF America,cf america,1.000,CONFIRMED_EVENT,2026-09-20T15:10:24+08:00,2026-09-26T09:48:00+08:00,FB5833
hkjc:50000630,FOREBET,Granada,granada,1.000,CONFIRMED_EVENT,2026-09-20T15:10:24+08:00,2026-09-26T09:48:00+08:00,FB5795
hkjc:50000630,HKJC_EN,CF Granada,cf granada,1.000,CONFIRMED_EVENT,2026-09-20T15:10:24+08:00,2026-09-26T09:48:00+08:00,FB5795
hkjc:50000630,HKJC_ZH,CF格蘭納達,CF格蘭納達,1.000,CONFIRMED_EVENT,2026-09-20T15:10:24+08:00,2026-09-26T09:48:00+08:00,FB5795
hkjc:50000632,FOREBET,Montreal Impact,montreal impact,1.000,CONFIRMED_EVENT,2026-09-26T09:48:00+08:00,2026-09-26T09:48:00+08:00,FB5824
hkjc:50000632,HKJC_EN,CF Montreal,cf montreal,1.000,CONFIRMED_EVENT,2026-09-26T09:48:00+08:00,2026-09-26T09:48:00+08:00,FB5824
hkjc:50000632,HKJC_ZH,CF蒙特利爾,CF蒙特利爾,1.000,CONFIRMED_EVENT,2026-09-26T09:48:00+08:00,2026-09-26T09:48:00+08:00,FB5824
hkjc:50000636,FOREBET,CRB AL,crb al,1.000,CONFIRMED_EVENT,2026-09-26T09:48:00+08:00,2026-09-26T09:48:00+08:00,FB5846
hkjc:50000636,HKJC_EN,CRB,crb,1.000,CONFIRMED_EVENT,2026-09-26T09:48:00+08:00,2026-09-26T09:48:00+08:00,FB5846
hkjc:50000636,HKJC_ZH,CRB,CRB,1.000,CONFIRMED_EVENT,2026-09-26T09:48:00+08:00,2026-09-26T09:48:00+08:00,FB5846
hkjc:50000644,FOREBET,Cadiz,cadiz,1.000,CONFIRMED_EVENT,2026-09-26T09:48:00+08:00,2026-09-26T09:48:00+08:00,FB5796
hkjc:50000644,HKJC_EN,Cadiz,cadiz,1.000,CONFIRMED_EVENT,2026-09-25T09:43:21+08:00,2026-09-26T09:48:00+08:00,FB5796
hkjc:50000644,HKJC_ZH,卡迪斯,卡迪斯,1.000,CONFIRMED_EVENT,2026-09-26T09:48:00+08:00,2026-09-26T09:48:00+08:00,FB5796
hkjc:50000654,FOREBET,Cambridge Utd,cambridge utd,1.000,CONFIRMED_EVENT,2026-09-26T09:48:00+08:00,2026-09-26T09:48:00+08:00,FB5770
hkjc:50000654,HKJC_EN,Cambridge Utd,cambridge utd,1.000,CONFIRMED_EVENT,2026-09-25T09:43:21+08:00,2026-09-26T09:48:00+08:00,FB5770
hkjc:50000654,HKJC_ZH,劍橋聯,劍橋聯,1.000,CONFIRMED_EVENT,2026-09-26T09:48:00+08:00,2026-09-26T09:48:00+08:00,FB5770
hkjc:50000656,FOREBET,Cameroon,cameroon,1.000,CONFIRMED_EVENT,2026-09-24T11:14:49+08:00,2026-09-24T11:14:49+08:00,FB5694
hkjc:50000656,HKJC_EN,Cameroon,cameroon,1.000,CONFIRMED_EVENT,2026-09-24T11:14:49+08:00,2026-09-24T11:14:49+08:00,FB5694
hkjc:50000656,HKJC_ZH,喀麥隆,喀麥隆,1.000,CONFIRMED_EVENT,2026-09-24T11:14:49+08:00,2026-09-24T11:14:49+08:00,FB5694
hkjc:50000666,HKJC_EN,Canada,canada,1.000,CONFIRMED_EVENT,2026-09-26T09:48:00+08:00,2026-09-26T09:48:00+08:00,FB5875
hkjc:50000673,HKJC_EN,Cape Verde Islands,cape verde islands,1.000,CONFIRMED_EVENT,2026-09-25T09:43:21+08:00,2026-09-25T09:43:21+08:00,FB5759
hkjc:50000686,FOREBET,Casa Pia AC,casa pia ac,0.980,CONFIRMED_EVENT,2026-09-20T15:10:24+08:00,2026-09-20T15:10:24+08:00,FB5397
hkjc:50000686,HKJC_EN,Casa Pia AC,casa pia ac,1.000,CONFIRMED_EVENT,2026-09-20T15:10:24+08:00,2026-09-20T15:10:24+08:00,FB5397
hkjc:50000686,HKJC_ZH,AC卡薩比亞,AC卡薩比亞,1.000,CONFIRMED_EVENT,2026-09-20T15:10:24+08:00,2026-09-20T15:10:24+08:00,FB5397
hkjc:50000687,HKJC_EN,Castellon,castellon,1.000,CONFIRMED_EVENT,2026-09-25T09:43:21+08:00,2026-09-26T09:48:00+08:00,FB5802
hkjc:50000692,FOREBET,Ceará SC,ceara sc,1.000,CONFIRMED_EVENT,2026-09-26T09:48:00+08:00,2026-09-26T09:48:00+08:00,FB5842
hkjc:50000692,HKJC_EN,Ceara,ceara,1.000,CONFIRMED_EVENT,2026-09-26T09:48:00+08:00,2026-09-26T09:48:00+08:00,FB5842
hkjc:50000692,HKJC_ZH,施亞拉,施亞拉,1.000,CONFIRMED_EVENT,2026-09-26T09:48:00+08:00,2026-09-26T09:48:00+08:00,FB5842
hkjc:50000695,FOREBET,Celtic,celtic,1.000,CONFIRMED_EVENT,2026-09-20T15:10:24+08:00,2026-09-20T15:10:24+08:00,FB5481
hkjc:50000695,HKJC_EN,Celtic,celtic,1.000,CONFIRMED_EVENT,2026-09-20T15:10:24+08:00,2026-09-20T15:10:24+08:00,FB5481
hkjc:50000695,HKJC_ZH,些路迪,些路迪,1.000,CONFIRMED_EVENT,2026-09-20T15:10:24+08:00,2026-09-20T15:10:24+08:00,FB5481
hkjc:50000696,FOREBET,Central African Rep,central african rep,0.980,CONFIRMED_EVENT,2026-09-24T11:14:49+08:00,2026-09-24T11:14:49+08:00,FB5693
hkjc:50000696,HKJC_EN,Central African Republic,central african republic,1.000,CONFIRMED_EVENT,2026-09-24T11:14:49+08:00,2026-09-24T11:14:49+08:00,FB5693
hkjc:50000696,HKJC_ZH,中非共和國,中非共和國,1.000,CONFIRMED_EVENT,2026-09-24T11:14:49+08:00,2026-09-24T11:14:49+08:00,FB5693
hkjc:50000705,FOREBET,AD Ceuta,ad ceuta,1.000,CONFIRMED_EVENT,2026-09-20T15:10:24+08:00,2026-09-26T09:48:00+08:00,FB5794
hkjc:50000705,HKJC_EN,Ceuta,ceuta,1.000,CONFIRMED_EVENT,2026-09-20T15:10:24+08:00,2026-09-26T09:48:00+08:00,FB5794
hkjc:50000705,HKJC_ZH,施奧達,施奧達,1.000,CONFIRMED_EVENT,2026-09-20T15:10:24+08:00,2026-09-26T09:48:00+08:00,FB5794
hkjc:50000714,FOREBET,Charlotte FC,charlotte fc,1.000,CONFIRMED_EVENT,2026-09-26T09:48:00+08:00,2026-09-26T09:48:00+08:00,FB5831
hkjc:50000714,HKJC_EN,Charlotte FC,charlotte fc,1.000,CONFIRMED_EVENT,2026-09-26T09:48:00+08:00,2026-09-26T09:48:00+08:00,FB5831
hkjc:50000714,HKJC_ZH,夏洛特FC,夏洛特FC,1.000,CONFIRMED_EVENT,2026-09-26T09:48:00+08:00,2026-09-26T09:48:00+08:00,FB5831
hkjc:50000732,FOREBET,Cheltenham,cheltenham,1.000,CONFIRMED_EVENT,2026-09-26T09:48:00+08:00,2026-09-26T09:48:00+08:00,FB5775
hkjc:50000732,HKJC_EN,Cheltenham,cheltenham,1.000,CONFIRMED_EVENT,2026-09-25T09:43:21+08:00,2026-09-26T09:48:00+08:00,FB5775
hkjc:50000732,HKJC_ZH,車頓咸,車頓咸,1.000,CONFIRMED_EVENT,2026-09-26T09:48:00+08:00,2026-09-26T09:48:00+08:00,FB5775
hkjc:50000738,FOREBET,Chesterfield,chesterfield,1.000,CONFIRMED_EVENT,2026-09-26T09:48:00+08:00,2026-09-26T09:48:00+08:00,FB5775
hkjc:50000738,HKJC_EN,Chesterfield,chesterfield,1.000,CONFIRMED_EVENT,2026-09-25T09:43:21+08:00,2026-09-26T09:48:00+08:00,FB5775
hkjc:50000738,HKJC_ZH,車士打菲特,車士打菲特,1.000,CONFIRMED_EVENT,2026-09-26T09:48:00+08:00,2026-09-26T09:48:00+08:00,FB5775
hkjc:50000741,FOREBET,Chicago Fire,chicago fire,1.000,CONFIRMED_EVENT,2026-09-26T09:48:00+08:00,2026-09-26T09:48:00+08:00,FB5831
hkjc:50000741,HKJC_EN,Chicago Fire,chicago fire,1.000,CONFIRMED_EVENT,2026-09-20T15:10:24+08:00,2026-09-26T09:48:00+08:00,FB5831
hkjc:50000741,HKJC_ZH,芝加哥火燄,芝加哥火燄,1.000,CONFIRMED_EVENT,2026-09-26T09:48:00+08:00,2026-09-26T09:48:00+08:00,FB5831
hkjc:50000743,HKJC_EN,Chile,chile,1.000,CONFIRMED_EVENT,2026-09-26T09:48:00+08:00,2026-09-26T09:48:00+08:00,FB5875
hkjc:50000760,HKJC_EN,China,china,1.000,CONFIRMED_EVENT,2026-09-24T11:14:49+08:00,2026-09-24T11:14:49+08:00,FB5661
hkjc:50000761,HKJC_EN,China AM,china am,1.000,CONFIRMED_EVENT,2026-09-20T15:10:24+08:00,2026-09-26T09:48:00+08:00,FB5720
hkjc:50000765,HKJC_EN,China Women,china women,1.000,CONFIRMED_EVENT,2026-09-20T15:10:24+08:00,2026-09-25T09:43:21+08:00,FB5667
hkjc:50000768,HKJC_EN,Chinese Taipei Women,chinese taipei women,1.000,CONFIRMED_EVENT,2026-09-20T15:10:24+08:00,2026-09-25T09:43:21+08:00,FB5666
hkjc:50000770,FOREBET,Chonburi FC,chonburi fc,0.940,CONFIRMED_EVENT,2026-09-20T15:10:24+08:00,2026-09-20T15:10:24+08:00,FB5430
hkjc:50000770,HKJC_EN,Chonburi,chonburi,1.000,CONFIRMED_EVENT,2026-09-20T15:10:24+08:00,2026-09-20T15:10:24+08:00,FB5430
hkjc:50000770,HKJC_ZH,春武里,春武里,1.000,CONFIRMED_EVENT,2026-09-20T15:10:24+08:00,2026-09-20T15:10:24+08:00,FB5430
hkjc:50000783,FOREBET,Club León,club leon,1.000,CONFIRMED_EVENT,2026-09-20T15:10:24+08:00,2026-09-20T15:10:24+08:00,FB5458
hkjc:50000783,HKJC_EN,Club Leon,club leon,1.000,CONFIRMED_EVENT,2026-09-20T15:10:24+08:00,2026-09-26T09:48:00+08:00,FB5834
hkjc:50000783,HKJC_ZH,利昂,利昂,1.000,CONFIRMED_EVENT,2026-09-20T15:10:24+08:00,2026-09-20T15:10:24+08:00,FB5458
hkjc:50000793,FOREBET,Colchester Utd,colchester utd,1.000,CONFIRMED_EVENT,2026-09-26T09:48:00+08:00,2026-09-26T09:48:00+08:00,FB5778
hkjc:50000793,HKJC_EN,Colchester,colchester,1.000,CONFIRMED_EVENT,2026-09-25T09:43:21+08:00,2026-09-26T09:48:00+08:00,FB5778
hkjc:50000793,HKJC_ZH,高車士打,高車士打,1.000,CONFIRMED_EVENT,2026-09-26T09:48:00+08:00,2026-09-26T09:48:00+08:00,FB5778
hkjc:50000796,HKJC_EN,Colo Colo,colo colo,1.000,CONFIRMED_EVENT,2026-09-24T11:14:49+08:00,2026-09-25T09:43:21+08:00,FB5704
hkjc:50000798,HKJC_EN,Colombia,colombia,1.000,CONFIRMED_EVENT,2026-09-26T09:48:00+08:00,2026-09-26T09:48:00+08:00,FB5873
hkjc:50000818,FOREBET,Colorado Rapids,colorado rapids,1.000,CONFIRMED_EVENT,2026-09-26T09:48:00+08:00,2026-09-26T09:48:00+08:00,FB5832
hkjc:50000818,HKJC_EN,Colorado Rapids,colorado rapids,1.000,CONFIRMED_EVENT,2026-09-20T15:10:24+08:00,2026-09-26T09:48:00+08:00,FB5832
hkjc:50000818,HKJC_ZH,科羅拉多急流,科羅拉多急流,1.000,CONFIRMED_EVENT,2026-09-26T09:48:00+08:00,2026-09-26T09:48:00+08:00,FB5832
hkjc:50000820,FOREBET,Columbus Crew,columbus crew,1.000,CONFIRMED_EVENT,2026-09-26T09:48:00+08:00,2026-09-26T09:48:00+08:00,FB5828
hkjc:50000820,HKJC_EN,Columbus Crew,columbus crew,1.000,CONFIRMED_EVENT,2026-09-26T09:48:00+08:00,2026-09-26T09:48:00+08:00,FB5828
hkjc:50000820,HKJC_ZH,哥倫布機員,哥倫布機員,1.000,CONFIRMED_EVENT,2026-09-26T09:48:00+08:00,2026-09-26T09:48:00+08:00,FB5828
hkjc:50000823,FOREBET,Comoros,comoros,1.000,CONFIRMED_EVENT,2026-09-24T11:14:49+08:00,2026-09-24T11:14:49+08:00,FB5694
hkjc:50000823,HKJC_EN,Comoros,comoros,1.000,CONFIRMED_EVENT,2026-09-24T11:14:49+08:00,2026-09-24T11:14:49+08:00,FB5694
hkjc:50000823,HKJC_ZH,科摩羅,科摩羅,1.000,CONFIRMED_EVENT,2026-09-24T11:14:49+08:00,2026-09-24T11:14:49+08:00,FB5694
hkjc:50000828,FOREBET,Congo,congo,1.000,CONFIRMED_EVENT,2026-09-24T11:14:49+08:00,2026-09-24T11:14:49+08:00,FB5691
hkjc:50000828,HKJC_EN,Congo,congo,1.000,CONFIRMED_EVENT,2026-09-24T11:14:49+08:00,2026-09-24T11:14:49+08:00,FB5691
hkjc:50000828,HKJC_ZH,剛果,剛果,1.000,CONFIRMED_EVENT,2026-09-24T11:14:49+08:00,2026-09-24T11:14:49+08:00,FB5691
hkjc:50000833,HKJC_EN,Copenhagen,copenhagen,1.000,CONFIRMED_EVENT,2026-09-20T15:10:24+08:00,2026-09-20T15:10:24+08:00,FB5402
hkjc:50000837,FOREBET,Córdoba,cordoba,1.000,CONFIRMED_EVENT,2026-09-26T09:48:00+08:00,2026-09-26T09:48:00+08:00,FB5797
hkjc:50000837,HKJC_EN,Cordoba,cordoba,1.000,CONFIRMED_EVENT,2026-09-25T09:43:21+08:00,2026-09-26T09:48:00+08:00,FB5797
hkjc:50000837,HKJC_ZH,科爾多瓦,科爾多瓦,1.000,CONFIRMED_EVENT,2026-09-26T09:48:00+08:00,2026-09-26T09:48:00+08:00,FB5797
hkjc:50000838,FOREBET,Corinthians,corinthians,1.000,CONFIRMED_EVENT,2026-09-16T07:13:56+08:00,2026-09-20T15:10:24+08:00,FB5465
hkjc:50000838,HKJC_EN,Corinthians,corinthians,1.000,CONFIRMED_EVENT,2026-09-16T07:13:56+08:00,2026-09-20T15:10:24+08:00,FB5465
hkjc:50000838,HKJC_ZH,哥連泰斯,哥連泰斯,1.000,CONFIRMED_EVENT,2026-09-16T07:13:56+08:00,2026-09-20T15:10:24+08:00,FB5465
hkjc:50000847,FOREBET,Costa Rica,costa rica,1.000,CONFIRMED_EVENT,2026-09-24T11:14:49+08:00,2026-09-25T09:43:21+08:00,FB5688
hkjc:50000847,HKJC_EN,Costa Rica,costa rica,1.000,CONFIRMED_EVENT,2026-09-24T11:14:49+08:00,2026-09-25T09:43:21+08:00,FB5688
hkjc:50000847,HKJC_ZH,哥斯達黎加,哥斯達黎加,1.000,CONFIRMED_EVENT,2026-09-24T11:14:49+08:00,2026-09-25T09:43:21+08:00,FB5688
hkjc:50000857,HKJC_EN,Cote d'Ivoire,cote d ivoire,1.000,CONFIRMED_EVENT,2026-09-24T11:14:49+08:00,2026-09-24T11:14:49+08:00,FB5696
hkjc:50000883,FOREBET,Energie Cottbus,energie cottbus,1.000,CONFIRMED_EVENT,2026-09-20T15:10:24+08:00,2026-09-20T15:10:24+08:00,FB5414
hkjc:50000883,HKJC_EN,Cottbus,cottbus,1.000,CONFIRMED_EVENT,2026-09-20T15:10:24+08:00,2026-09-20T15:10:24+08:00,FB5414
hkjc:50000883,HKJC_ZH,科特布斯,科特布斯,1.000,CONFIRMED_EVENT,2026-09-20T15:10:24+08:00,2026-09-20T15:10:24+08:00,FB5414
hkjc:50000893,FOREBET,Crewe Alexandra,crewe alexandra,1.000,CONFIRMED_EVENT,2026-09-26T09:48:00+08:00,2026-09-26T09:48:00+08:00,FB5774
hkjc:50000893,HKJC_EN,Crewe,crewe,1.000,CONFIRMED_EVENT,2026-09-25T09:43:21+08:00,2026-09-26T09:48:00+08:00,FB5774
hkjc:50000893,HKJC_ZH,克魯,克魯,1.000,CONFIRMED_EVENT,2026-09-26T09:48:00+08:00,2026-09-26T09:48:00+08:00,FB5774
hkjc:50000894,HKJC_EN,Criciuma,criciuma,1.000,CONFIRMED_EVENT,2026-09-20T15:10:24+08:00,2026-09-26T09:48:00+08:00,FB5845
hkjc:50000895,FOREBET,Croatia,croatia,1.000,CONFIRMED_EVENT,2026-09-26T09:48:00+08:00,2026-09-26T09:48:00+08:00,FB5749
hkjc:50000895,HKJC_EN,Croatia,croatia,1.000,CONFIRMED_EVENT,2026-09-25T09:43:21+08:00,2026-09-26T09:48:00+08:00,FB5749
hkjc:50000895,HKJC_ZH,克羅地亞,克羅地亞,1.000,CONFIRMED_EVENT,2026-09-26T09:48:00+08:00,2026-09-26T09:48:00+08:00,FB5749
hkjc:50000897,FOREBET,Croatia U21,croatia u21,1.000,CONFIRMED_EVENT,2026-09-26T09:48:00+08:00,2026-09-26T09:48:00+08:00,FB5781
hkjc:50000897,HKJC_EN,Croatia U21,croatia u21,1.000,CONFIRMED_EVENT,2026-09-25T09:43:21+08:00,2026-09-26T09:48:00+08:00,FB5781
hkjc:50000897,HKJC_ZH,克羅地亞U21,克羅地亞U21,1.000,CONFIRMED_EVENT,2026-09-26T09:48:00+08:00,2026-09-26T09:48:00+08:00,FB5781
hkjc:50000902,FOREBET,Cruz Azul,cruz azul,1.000,CONFIRMED_EVENT,2026-09-26T09:48:00+08:00,2026-09-26T09:48:00+08:00,FB5863
hkjc:50000902,HKJC_EN,Cruz Azul,cruz azul,1.000,CONFIRMED_EVENT,2026-09-20T15:10:24+08:00,2026-09-26T09:48:00+08:00,FB5863
hkjc:50000902,HKJC_ZH,藍十字,藍十字,1.000,CONFIRMED_EVENT,2026-09-26T09:48:00+08:00,2026-09-26T09:48:00+08:00,FB5863
hkjc:50000903,FOREBET,Cruzeiro,cruzeiro,1.000,CONFIRMED_EVENT,2026-09-20T15:10:24+08:00,2026-09-20T15:10:24+08:00,FB5466
hkjc:50000903,HKJC_EN,Cruzeiro,cruzeiro,1.000,CONFIRMED_EVENT,2026-09-20T15:10:24+08:00,2026-09-20T15:10:24+08:00,FB5466
hkjc:50000903,HKJC_ZH,高士路,高士路,1.000,CONFIRMED_EVENT,2026-09-20T15:10:24+08:00,2026-09-20T15:10:24+08:00,FB5466
hkjc:50000905,FOREBET,Crystal Palace,crystal palace,1.000,CONFIRMED_EVENT,2026-09-20T15:10:24+08:00,2026-09-20T15:10:24+08:00,FB5438
hkjc:50000905,HKJC_EN,Crystal Palace,crystal palace,1.000,CONFIRMED_EVENT,2026-09-20T15:10:24+08:00,2026-09-20T15:10:24+08:00,FB5438
hkjc:50000905,HKJC_ZH,水晶宮,水晶宮,1.000,CONFIRMED_EVENT,2026-09-20T15:10:24+08:00,2026-09-20T15:10:24+08:00,FB5438
hkjc:50000909,FOREBET,Cuiabá,cuiaba,1.000,CONFIRMED_EVENT,2026-09-26T09:48:00+08:00,2026-09-26T09:48:00+08:00,FB5846
hkjc:50000909,HKJC_EN,Cuiaba,cuiaba,1.000,CONFIRMED_EVENT,2026-09-20T15:10:24+08:00,2026-09-26T09:48:00+08:00,FB5846
hkjc:50000909,HKJC_ZH,古亞巴,古亞巴,1.000,CONFIRMED_EVENT,2026-09-26T09:48:00+08:00,2026-09-26T09:48:00+08:00,FB5846
hkjc:50000912,FOREBET,Curaçao,curacao,1.000,CONFIRMED_EVENT,2026-09-24T11:14:49+08:00,2026-09-25T09:43:21+08:00,FB5688
hkjc:50000912,HKJC_EN,Curacao,curacao,1.000,CONFIRMED_EVENT,2026-09-24T11:14:49+08:00,2026-09-25T09:43:21+08:00,FB5688
hkjc:50000912,HKJC_ZH,庫拉索,庫拉索,1.000,CONFIRMED_EVENT,2026-09-24T11:14:49+08:00,2026-09-25T09:43:21+08:00,FB5688
hkjc:50000913,FOREBET,Curicó Unido,curico unido,1.000,CONFIRMED_EVENT,2026-09-26T09:48:00+08:00,2026-09-26T09:48:00+08:00,FB5850
hkjc:50000913,HKJC_EN,Curico Unido,curico unido,1.000,CONFIRMED_EVENT,2026-09-26T09:48:00+08:00,2026-09-26T09:48:00+08:00,FB5850
hkjc:50000913,HKJC_ZH,古里高聯,古里高聯,1.000,CONFIRMED_EVENT,2026-09-26T09:48:00+08:00,2026-09-26T09:48:00+08:00,FB5850
hkjc:50000915,FOREBET,Cyprus,cyprus,1.000,CONFIRMED_EVENT,2026-09-25T09:43:21+08:00,2026-09-25T09:43:21+08:00,FB5711
hkjc:50000915,HKJC_EN,Cyprus,cyprus,1.000,CONFIRMED_EVENT,2026-09-25T09:43:21+08:00,2026-09-25T09:43:21+08:00,FB5711
hkjc:50000915,HKJC_ZH,塞浦路斯,塞浦路斯,1.000,CONFIRMED_EVENT,2026-09-25T09:43:21+08:00,2026-09-25T09:43:21+08:00,FB5711
hkjc:50000917,FOREBET,Czech Republic,czech republic,1.000,CONFIRMED_EVENT,2026-09-26T09:48:00+08:00,2026-09-26T09:48:00+08:00,FB5749
hkjc:50000917,HKJC_EN,Czechia,czechia,1.000,CONFIRMED_EVENT,2026-09-25T09:43:21+08:00,2026-09-26T09:48:00+08:00,FB5749
hkjc:50000917,HKJC_ZH,捷克,捷克,1.000,CONFIRMED_EVENT,2026-09-26T09:48:00+08:00,2026-09-26T09:48:00+08:00,FB5749
hkjc:50000919,HKJC_EN,Czechia U21,czechia u21,1.000,CONFIRMED_EVENT,2026-09-25T09:43:21+08:00,2026-09-25T09:43:21+08:00,FB5766
hkjc:50000923,FOREBET,DR Congo,dr congo,0.971,CONFIRMED_EVENT,2026-09-24T11:14:49+08:00,2026-09-24T11:14:49+08:00,FB5695
hkjc:50000923,HKJC_EN,D R Congo,d r congo,1.000,CONFIRMED_EVENT,2026-09-24T11:14:49+08:00,2026-09-24T11:14:49+08:00,FB5695
hkjc:50000923,HKJC_ZH,剛果民主共和國,剛果民主共和國,1.000,CONFIRMED_EVENT,2026-09-24T11:14:49+08:00,2026-09-24T11:14:49+08:00,FB5695
hkjc:50000925,FOREBET,DC United,dc united,1.000,CONFIRMED_EVENT,2026-09-26T09:48:00+08:00,2026-09-26T09:48:00+08:00,FB5829
hkjc:50000925,HKJC_EN,DC United,dc united,1.000,CONFIRMED_EVENT,2026-09-26T09:48:00+08:00,2026-09-26T09:48:00+08:00,FB5829
hkjc:50000925,HKJC_ZH,華盛頓聯隊,華盛頓聯隊,1.000,CONFIRMED_EVENT,2026-09-26T09:48:00+08:00,2026-09-26T09:48:00+08:00,FB5829
hkjc:50000928,FOREBET,Daejeon Citizen,daejeon citizen,0.940,CONFIRMED_EVENT,2026-09-20T15:10:24+08:00,2026-09-20T15:10:24+08:00,FB5350
hkjc:50000928,HKJC_EN,Daejeon Citizen,daejeon citizen,1.000,CONFIRMED_EVENT,2026-09-20T15:10:24+08:00,2026-09-20T15:10:24+08:00,FB5350
hkjc:50000928,HKJC_ZH,大田市民,大田市民,1.000,CONFIRMED_EVENT,2026-09-20T15:10:24+08:00,2026-09-20T15:10:24+08:00,FB5350
hkjc:50000932,FOREBET,Danubio FC,danubio fc,1.000,CONFIRMED_EVENT,2026-09-26T09:48:00+08:00,2026-09-26T09:48:00+08:00,FB5813
hkjc:50000932,HKJC_EN,Danubio,danubio,1.000,CONFIRMED_EVENT,2026-09-26T09:48:00+08:00,2026-09-26T09:48:00+08:00,FB5813
hkjc:50000932,HKJC_ZH,達奴比奧,達奴比奧,1.000,CONFIRMED_EVENT,2026-09-26T09:48:00+08:00,2026-09-26T09:48:00+08:00,FB5813
hkjc:50000940,FOREBET,De Graafschap,de graafschap,1.000,CONFIRMED_EVENT,2026-09-20T15:10:24+08:00,2026-09-26T09:48:00+08:00,FB5737
hkjc:50000940,HKJC_EN,De Graafschap,de graafschap,1.000,CONFIRMED_EVENT,2026-09-20T15:10:24+08:00,2026-09-26T09:48:00+08:00,FB5737
hkjc:50000940,HKJC_ZH,迪加史卓普,迪加史卓普,1.000,CONFIRMED_EVENT,2026-09-20T15:10:24+08:00,2026-09-26T09:48:00+08:00,FB5737
hkjc:50000944,FOREBET,Defensor Sporting,defensor sporting,1.000,CONFIRMED_EVENT,2026-09-20T15:10:24+08:00,2026-09-26T09:48:00+08:00,FB5813
hkjc:50000944,HKJC_EN,Defensor Sporting,defensor sporting,1.000,CONFIRMED_EVENT,2026-09-20T15:10:24+08:00,2026-09-26T09:48:00+08:00,FB5813
hkjc:50000944,HKJC_ZH,迪芬沙士砵亭,迪芬沙士砵亭,1.000,CONFIRMED_EVENT,2026-09-20T15:10:24+08:00,2026-09-26T09:48:00+08:00,FB5813
hkjc:50000945,FOREBET,Degerfors IF,degerfors if,1.000,CONFIRMED_EVENT,2026-09-20T15:10:24+08:00,2026-09-20T15:10:24+08:00,FB5555
hkjc:50000945,HKJC_EN,Degerfors,degerfors,1.000,CONFIRMED_EVENT,2026-09-20T15:10:24+08:00,2026-09-20T15:10:24+08:00,FB5555
hkjc:50000945,HKJC_ZH,迪加科斯,迪加科斯,1.000,CONFIRMED_EVENT,2026-09-20T15:10:24+08:00,2026-09-20T15:10:24+08:00,FB5555
hkjc:50000947,FOREBET,FC Den Bosch,fc den bosch,1.000,CONFIRMED_EVENT,2026-09-26T09:48:00+08:00,2026-09-26T09:48:00+08:00,FB5737
hkjc:50000947,HKJC_EN,Den Bosch,den bosch,1.000,CONFIRMED_EVENT,2026-09-25T09:43:21+08:00,2026-09-26T09:48:00+08:00,FB5737
hkjc:50000947,HKJC_ZH,丹保殊,丹保殊,1.000,CONFIRMED_EVENT,2026-09-26T09:48:00+08:00,2026-09-26T09:48:00+08:00,FB5737
hkjc:50000950,FOREBET,Denmark,denmark,1.000,CONFIRMED_EVENT,2026-09-24T11:14:49+08:00,2026-09-26T09:48:00+08:00,FB5886
hkjc:50000950,HKJC_EN,Denmark,denmark,1.000,CONFIRMED_EVENT,2026-09-24T11:14:49+08:00,2026-09-26T09:48:00+08:00,FB5886
hkjc:50000950,HKJC_ZH,丹麥,丹麥,1.000,CONFIRMED_EVENT,2026-09-24T11:14:49+08:00,2026-09-26T09:48:00+08:00,FB5886
hkjc:50000964,FOREBET,Deportivo La Coruña,deportivo la coruna,1.000,CONFIRMED_EVENT,2026-09-20T15:10:24+08:00,2026-09-20T15:10:24+08:00,FB5492
hkjc:50000964,HKJC_EN,Deportivo,deportivo,1.000,CONFIRMED_EVENT,2026-09-20T15:10:24+08:00,2026-09-20T15:10:24+08:00,FB5492
hkjc:50000964,HKJC_ZH,拉科魯尼亞,拉科魯尼亞,1.000,CONFIRMED_EVENT,2026-09-20T15:10:24+08:00,2026-09-20T15:10:24+08:00,FB5492
hkjc:50000974,FOREBET,Ñublense,nublense,1.000,CONFIRMED_EVENT,2026-09-26T09:48:00+08:00,2026-09-26T09:48:00+08:00,FB5840
hkjc:50000974,HKJC_EN,Deportivo Nublense,deportivo nublense,1.000,CONFIRMED_EVENT,2026-09-26T09:48:00+08:00,2026-09-26T09:48:00+08:00,FB5840
hkjc:50000974,HKJC_ZH,紐柏萊斯,紐柏萊斯,1.000,CONFIRMED_EVENT,2026-09-26T09:48:00+08:00,2026-09-26T09:48:00+08:00,FB5840
hkjc:50000998,FOREBET,Djurgårdens,djurgardens,1.000,CONFIRMED_EVENT,2026-09-20T15:10:24+08:00,2026-09-20T15:10:24+08:00,FB5514
hkjc:50000998,HKJC_EN,Djurgardens,djurgardens,1.000,CONFIRMED_EVENT,2026-09-20T15:10:24+08:00,2026-09-20T15:10:24+08:00,FB5514
hkjc:50000998,HKJC_ZH,佐加頓斯,佐加頓斯,1.000,CONFIRMED_EVENT,2026-09-20T15:10:24+08:00,2026-09-20T15:10:24+08:00,FB5514
hkjc:50001003,FOREBET,Dorados Sinaloa,dorados sinaloa,1.000,CONFIRMED_EVENT,2026-09-26T09:48:00+08:00,2026-09-26T09:48:00+08:00,FB5860
hkjc:50001003,HKJC_EN,Dorados,dorados,1.000,CONFIRMED_EVENT,2026-09-20T15:10:24+08:00,2026-09-26T09:48:00+08:00,FB5860
hkjc:50001003,HKJC_ZH,多拉多斯,多拉多斯,1.000,CONFIRMED_EVENT,2026-09-26T09:48:00+08:00,2026-09-26T09:48:00+08:00,FB5860
hkjc:50001004,HKJC_EN,Dordrecht,dordrecht,1.000,CONFIRMED_EVENT,2026-09-25T09:43:21+08:00,2026-09-25T09:43:21+08:00,FB5709
hkjc:50001042,HKJC_EN,Ecuador,ecuador,1.000,CONFIRMED_EVENT,2026-09-24T11:14:49+08:00,2026-09-24T11:14:49+08:00,FB5660
hkjc:50001051,HKJC_EN,Egypt,egypt,1.000,CONFIRMED_EVENT,2026-09-25T09:43:21+08:00,2026-09-25T09:43:21+08:00,FB5758
hkjc:50001060,FOREBET,Eibar,eibar,1.000,CONFIRMED_EVENT,2026-09-26T09:48:00+08:00,2026-09-26T09:48:00+08:00,FB5799
hkjc:50001060,HKJC_EN,Eibar,eibar,1.000,CONFIRMED_EVENT,2026-09-25T09:43:21+08:00,2026-09-26T09:48:00+08:00,FB5799
hkjc:50001060,HKJC_ZH,伊巴,伊巴,1.000,CONFIRMED_EVENT,2026-09-26T09:48:00+08:00,2026-09-26T09:48:00+08:00,FB5799
hkjc:50001066,FOREBET,El Salvador,el salvador,1.000,CONFIRMED_EVENT,2026-09-26T09:48:00+08:00,2026-09-26T09:48:00+08:00,FB5807
hkjc:50001066,HKJC_EN,El Salvador,el salvador,1.000,CONFIRMED_EVENT,2026-09-25T09:43:21+08:00,2026-09-26T09:48:00+08:00,FB5807
hkjc:50001066,HKJC_ZH,薩爾瓦多,薩爾瓦多,1.000,CONFIRMED_EVENT,2026-09-26T09:48:00+08:00,2026-09-26T09:48:00+08:00,FB5807
hkjc:50001069,FOREBET,Elfsborg,elfsborg,1.000,CONFIRMED_EVENT,2026-09-20T15:10:24+08:00,2026-09-20T15:10:24+08:00,FB5514
hkjc:50001069,HKJC_EN,Elfsborg,elfsborg,1.000,CONFIRMED_EVENT,2026-09-20T15:10:24+08:00,2026-09-20T15:10:24+08:00,FB5514
hkjc:50001069,HKJC_ZH,艾夫斯堡,艾夫斯堡,1.000,CONFIRMED_EVENT,2026-09-20T15:10:24+08:00,2026-09-20T15:10:24+08:00,FB5514
hkjc:50001071,FOREBET,SV Elversberg,sv elversberg,1.000,CONFIRMED_EVENT,2026-09-20T15:10:24+08:00,2026-09-20T15:10:24+08:00,FB5372
hkjc:50001071,HKJC_EN,Elversberg,elversberg,1.000,CONFIRMED_EVENT,2026-09-20T15:10:24+08:00,2026-09-20T15:10:24+08:00,FB5372
hkjc:50001071,HKJC_ZH,艾華斯堡,艾華斯堡,1.000,CONFIRMED_EVENT,2026-09-20T15:10:24+08:00,2026-09-20T15:10:24+08:00,FB5372
hkjc:50001074,FOREBET,Emmen,emmen,1.000,CONFIRMED_EVENT,2026-09-26T09:48:00+08:00,2026-09-26T09:48:00+08:00,FB5732
hkjc:50001074,HKJC_EN,Emmen,emmen,1.000,CONFIRMED_EVENT,2026-09-25T09:43:21+08:00,2026-09-26T09:48:00+08:00,FB5732
hkjc:50001074,HKJC_ZH,安曼,安曼,1.000,CONFIRMED_EVENT,2026-09-26T09:48:00+08:00,2026-09-26T09:48:00+08:00,FB5732
hkjc:50001076,FOREBET,England,england,1.000,CONFIRMED_EVENT,2026-09-26T09:48:00+08:00,2026-09-26T09:48:00+08:00,FB5748
hkjc:50001076,HKJC_EN,England,england,1.000,CONFIRMED_EVENT,2026-09-25T09:43:21+08:00,2026-09-26T09:48:00+08:00,FB5748
hkjc:50001076,HKJC_ZH,英格蘭,英格蘭,1.000,CONFIRMED_EVENT,2026-09-26T09:48:00+08:00,2026-09-26T09:48:00+08:00,FB5748
hkjc:50001110,FOREBET,Equatorial Guinea,equatorial guinea,0.971,CONFIRMED_EVENT,2026-09-24T11:14:49+08:00,2026-09-24T11:14:49+08:00,FB5695
hkjc:50001110,HKJC_EN,Equatorial Guinea,equatorial guinea,1.000,CONFIRMED_EVENT,2026-09-24T11:14:49+08:00,2026-09-24T11:14:49+08:00,FB5695
hkjc:50001110,HKJC_ZH,赤道畿內亞,赤道畿內亞,1.000,CONFIRMED_EVENT,2026-09-24T11:14:49+08:00,2026-09-24T11:14:49+08:00,FB5695
hkjc:50001123,FOREBET,Estonia,estonia,1.000,CONFIRMED_EVENT,2026-09-26T09:48:00+08:00,2026-09-26T09:48:00+08:00,FB5753
hkjc:50001123,HKJC_EN,Estonia,estonia,1.000,CONFIRMED_EVENT,2026-09-25T09:43:21+08:00,2026-09-26T09:48:00+08:00,FB5753
hkjc:50001123,HKJC_ZH,愛沙尼亞,愛沙尼亞,1.000,CONFIRMED_EVENT,2026-09-26T09:48:00+08:00,2026-09-26T09:48:00+08:00,FB5753
hkjc:50001125,FOREBET,GD Estoril,gd estoril,0.980,CONFIRMED_EVENT,2026-09-20T15:10:24+08:00,2026-09-20T15:10:24+08:00,FB5397
hkjc:50001125,HKJC_EN,Estoril,estoril,1.000,CONFIRMED_EVENT,2026-09-20T15:10:24+08:00,2026-09-20T15:10:24+08:00,FB5397
hkjc:50001125,HKJC_ZH,艾斯杜尼,艾斯杜尼,1.000,CONFIRMED_EVENT,2026-09-20T15:10:24+08:00,2026-09-20T15:10:24+08:00,FB5397
hkjc:50001126,FOREBET,Estudiantes La Plata,estudiantes la plata,0.980,CONFIRMED_EVENT,2026-09-16T07:13:56+08:00,2026-09-16T09:31:59+08:00,FB5153
hkjc:50001126,HKJC_EN,Estudiantes,estudiantes,1.000,CONFIRMED_EVENT,2026-09-16T07:13:56+08:00,2026-09-26T09:48:00+08:00,FB5879
hkjc:50001126,HKJC_ZH,學生隊,學生隊,1.000,CONFIRMED_EVENT,2026-09-16T07:13:56+08:00,2026-09-16T09:31:59+08:00,FB5153
hkjc:50001129,HKJC_EN,Estudiantes Rio Cuarto,estudiantes rio cuarto,1.000,CONFIRMED_EVENT,2026-09-20T15:10:24+08:00,2026-09-20T15:10:24+08:00,FB5550
hkjc:50001133,HKJC_EN,Ethiopia,ethiopia,1.000,CONFIRMED_EVENT,2026-09-25T09:43:21+08:00,2026-09-25T09:43:21+08:00,FB5760
hkjc:50001139,FOREBET,Everton de Vina,everton de vina,1.000,CONFIRMED_EVENT,2026-09-24T11:14:49+08:00,2026-09-24T11:14:49+08:00,FB5636
hkjc:50001139,HKJC_EN,Everton VM,everton vm,1.000,CONFIRMED_EVENT,2026-09-24T11:14:49+08:00,2026-09-24T11:14:49+08:00,FB5636
hkjc:50001139,HKJC_ZH,維拿迪馬愛華頓,維拿迪馬愛華頓,1.000,CONFIRMED_EVENT,2026-09-24T11:14:49+08:00,2026-09-24T11:14:49+08:00,FB5636
hkjc:50001142,FOREBET,Exeter City,exeter city,1.000,CONFIRMED_EVENT,2026-09-26T09:48:00+08:00,2026-09-26T09:48:00+08:00,FB5777
hkjc:50001142,HKJC_EN,Exeter City,exeter city,1.000,CONFIRMED_EVENT,2026-09-25T09:43:21+08:00,2026-09-26T09:48:00+08:00,FB5777
hkjc:50001142,HKJC_ZH,埃克塞特,埃克塞特,1.000,CONFIRMED_EVENT,2026-09-26T09:48:00+08:00,2026-09-26T09:48:00+08:00,FB5777
hkjc:50001144,FOREBET,FC Andorra,fc andorra,1.000,CONFIRMED_EVENT,2026-09-26T09:48:00+08:00,2026-09-26T09:48:00+08:00,FB5795
hkjc:50001144,HKJC_EN,FC Andorra,fc andorra,1.000,CONFIRMED_EVENT,2026-09-25T09:43:21+08:00,2026-09-26T09:48:00+08:00,FB5795
hkjc:50001144,HKJC_ZH,FC安道爾,FC安道爾,1.000,CONFIRMED_EVENT,2026-09-26T09:48:00+08:00,2026-09-26T09:48:00+08:00,FB5795
hkjc:50001152,FOREBET,FC Cincinnati,fc cincinnati,1.000,CONFIRMED_EVENT,2026-09-26T09:48:00+08:00,2026-09-26T09:48:00+08:00,FB5824
hkjc:50001152,HKJC_EN,FC Cincinnati,fc cincinnati,1.000,CONFIRMED_EVENT,2026-09-20T15:10:24+08:00,2026-09-26T09:48:00+08:00,FB5824
hkjc:50001152,HKJC_ZH,FC辛辛那提,FC辛辛那提,1.000,CONFIRMED_EVENT,2026-09-26T09:48:00+08:00,2026-09-26T09:48:00+08:00,FB5824
hkjc:50001153,FOREBET,FC Dallas,fc dallas,1.000,CONFIRMED_EVENT,2026-09-26T09:48:00+08:00,2026-09-26T09:48:00+08:00,FB5821
hkjc:50001153,HKJC_EN,FC Dallas,fc dallas,1.000,CONFIRMED_EVENT,2026-09-20T15:10:24+08:00,2026-09-26T09:48:00+08:00,FB5821
hkjc:50001153,HKJC_ZH,FC達拉斯,FC達拉斯,1.000,CONFIRMED_EVENT,2026-09-26T09:48:00+08:00,2026-09-26T09:48:00+08:00,FB5821
hkjc:50001157,FOREBET,FC Eindhoven,fc eindhoven,1.000,CONFIRMED_EVENT,2026-09-26T09:48:00+08:00,2026-09-26T09:48:00+08:00,FB5736
hkjc:50001157,HKJC_EN,FC Eindhoven,fc eindhoven,1.000,CONFIRMED_EVENT,2026-09-25T09:43:21+08:00,2026-09-26T09:48:00+08:00,FB5736
hkjc:50001157,HKJC_ZH,FC燕豪芬,FC燕豪芬,1.000,CONFIRMED_EVENT,2026-09-26T09:48:00+08:00,2026-09-26T09:48:00+08:00,FB5736
hkjc:50001167,FOREBET,FC Imabari,fc imabari,1.000,CONFIRMED_EVENT,2026-09-26T09:48:00+08:00,2026-09-26T09:48:00+08:00,FB5729
hkjc:50001167,HKJC_EN,FC Imabari,fc imabari,1.000,CONFIRMED_EVENT,2026-09-25T09:43:21+08:00,2026-09-26T09:48:00+08:00,FB5729
hkjc:50001167,HKJC_ZH,FC今治,FC今治,1.000,CONFIRMED_EVENT,2026-09-26T09:48:00+08:00,2026-09-26T09:48:00+08:00,FB5729
hkjc:50001183,FOREBET,FC Seoul,fc seoul,1.000,CONFIRMED_EVENT,2026-09-20T15:10:24+08:00,2026-09-20T15:10:24+08:00,FB5420
hkjc:50001183,HKJC_EN,FC Seoul,fc seoul,1.000,CONFIRMED_EVENT,2026-09-20T15:10:24+08:00,2026-09-20T15:10:24+08:00,FB5420
hkjc:50001183,HKJC_ZH,FC首爾,FC首爾,1.000,CONFIRMED_EVENT,2026-09-20T15:10:24+08:00,2026-09-20T15:10:24+08:00,FB5420
hkjc:50001193,HKJC_EN,FC Tulsa,fc tulsa,1.000,CONFIRMED_EVENT,2026-09-25T09:43:21+08:00,2026-09-25T09:43:21+08:00,FB5782
hkjc:50001196,FOREBET,Yokohama FC,yokohama fc,1.000,CONFIRMED_EVENT,2026-09-26T09:48:00+08:00,2026-09-26T09:48:00+08:00,FB5728
hkjc:50001196,HKJC_EN,FC Yokohama,fc yokohama,1.000,CONFIRMED_EVENT,2026-09-25T09:43:21+08:00,2026-09-26T09:48:00+08:00,FB5728
hkjc:50001196,HKJC_ZH,FC橫濱,FC橫濱,1.000,CONFIRMED_EVENT,2026-09-26T09:48:00+08:00,2026-09-26T09:48:00+08:00,FB5728
hkjc:50001224,FOREBET,Faroe Islands,faroe islands,1.000,CONFIRMED_EVENT,2026-09-26T09:48:00+08:00,2026-09-26T09:48:00+08:00,FB5767
hkjc:50001224,HKJC_EN,Faroe Islands,faroe islands,1.000,CONFIRMED_EVENT,2026-09-25T09:43:21+08:00,2026-09-26T09:48:00+08:00,FB5767
hkjc:50001224,HKJC_ZH,法羅群島,法羅群島,1.000,CONFIRMED_EVENT,2026-09-26T09:48:00+08:00,2026-09-26T09:48:00+08:00,FB5767
hkjc:50001238,FOREBET,Feyenoord,feyenoord,1.000,CONFIRMED_EVENT,2026-09-20T15:10:24+08:00,2026-09-20T15:10:24+08:00,FB5355
hkjc:50001238,HKJC_EN,Feyenoord,feyenoord,1.000,CONFIRMED_EVENT,2026-09-20T15:10:24+08:00,2026-09-20T15:10:24+08:00,FB5355
hkjc:50001238,HKJC_ZH,飛燕諾,飛燕諾,1.000,CONFIRMED_EVENT,2026-09-20T15:10:24+08:00,2026-09-20T15:10:24+08:00,FB5355
hkjc:50001242,FOREBET,Finland,finland,1.000,CONFIRMED_EVENT,2026-09-26T09:48:00+08:00,2026-09-26T09:48:00+08:00,FB5751
hkjc:50001242,HKJC_EN,Finland,finland,1.000,CONFIRMED_EVENT,2026-09-25T09:43:21+08:00,2026-09-26T09:48:00+08:00,FB5751
hkjc:50001242,HKJC_ZH,芬蘭,芬蘭,1.000,CONFIRMED_EVENT,2026-09-26T09:48:00+08:00,2026-09-26T09:48:00+08:00,FB5751
hkjc:50001243,HKJC_EN,Finland U21,finland u21,1.000,CONFIRMED_EVENT,2026-09-25T09:43:21+08:00,2026-09-25T09:43:21+08:00,FB5765
hkjc:50001245,FOREBET,Fiorentina,fiorentina,1.000,CONFIRMED_EVENT,2026-09-20T15:10:24+08:00,2026-09-20T15:10:24+08:00,FB5376
hkjc:50001245,HKJC_EN,Fiorentina,fiorentina,1.000,CONFIRMED_EVENT,2026-09-20T15:10:24+08:00,2026-09-20T15:10:24+08:00,FB5376
hkjc:50001245,HKJC_ZH,費倫天拿,費倫天拿,1.000,CONFIRMED_EVENT,2026-09-20T15:10:24+08:00,2026-09-20T15:10:24+08:00,FB5376
hkjc:50001246,HKJC_EN,Flamengo,flamengo,1.000,CONFIRMED_EVENT,2026-09-20T15:10:24+08:00,2026-09-20T15:10:24+08:00,FB5467
hkjc:50001248,FOREBET,Fleetwood Town,fleetwood town,1.000,CONFIRMED_EVENT,2026-09-26T09:48:00+08:00,2026-09-26T09:48:00+08:00,FB5773
hkjc:50001248,HKJC_EN,Fleetwood,fleetwood,1.000,CONFIRMED_EVENT,2026-09-25T09:43:21+08:00,2026-09-26T09:48:00+08:00,FB5773
hkjc:50001248,HKJC_ZH,費列活特,費列活特,1.000,CONFIRMED_EVENT,2026-09-26T09:48:00+08:00,2026-09-26T09:48:00+08:00,FB5773
hkjc:50001254,FOREBET,Fluminense,fluminense,1.000,CONFIRMED_EVENT,2026-09-20T15:10:24+08:00,2026-09-20T15:10:24+08:00,FB5465
hkjc:50001254,HKJC_EN,Fluminense,fluminense,1.000,CONFIRMED_EVENT,2026-09-20T15:10:24+08:00,2026-09-20T15:10:24+08:00,FB5465
hkjc:50001254,HKJC_ZH,富明尼斯,富明尼斯,1.000,CONFIRMED_EVENT,2026-09-20T15:10:24+08:00,2026-09-20T15:10:24+08:00,FB5465
hkjc:50001265,HKJC_EN,Fortaleza,fortaleza,1.000,CONFIRMED_EVENT,2026-09-26T09:48:00+08:00,2026-09-26T09:48:00+08:00,FB5847
hkjc:50001268,FOREBET,France,france,1.000,CONFIRMED_EVENT,2026-09-25T09:43:21+08:00,2026-09-25T09:43:21+08:00,FB5717
hkjc:50001268,HKJC_EN,France,france,1.000,CONFIRMED_EVENT,2026-09-25T09:43:21+08:00,2026-09-25T09:43:21+08:00,FB5717
hkjc:50001268,HKJC_ZH,法國,法國,1.000,CONFIRMED_EVENT,2026-09-25T09:43:21+08:00,2026-09-25T09:43:21+08:00,FB5717
hkjc:50001272,HKJC_EN,France U21,france u21,1.000,CONFIRMED_EVENT,2026-09-25T09:43:21+08:00,2026-09-25T09:43:21+08:00,FB5738
hkjc:50001310,FOREBET,Fredrikstad,fredrikstad,1.000,CONFIRMED_EVENT,2026-09-20T15:10:24+08:00,2026-09-20T15:10:24+08:00,FB5417
hkjc:50001310,HKJC_EN,Fredrikstad,fredrikstad,1.000,CONFIRMED_EVENT,2026-09-20T15:10:24+08:00,2026-09-20T15:10:24+08:00,FB5417
hkjc:50001310,HKJC_ZH,費德列斯達,費德列斯達,1.000,CONFIRMED_EVENT,2026-09-20T15:10:24+08:00,2026-09-20T15:10:24+08:00,FB5417
hkjc:50001314,FOREBET,Frosinone,frosinone,1.000,CONFIRMED_EVENT,2026-09-20T15:10:24+08:00,2026-09-20T15:10:24+08:00,FB5379
hkjc:50001314,HKJC_EN,Frosinone,frosinone,1.000,CONFIRMED_EVENT,2026-09-20T15:10:24+08:00,2026-09-20T15:10:24+08:00,FB5379
hkjc:50001314,HKJC_ZH,費辛隆尼,費辛隆尼,1.000,CONFIRMED_EVENT,2026-09-20T15:10:24+08:00,2026-09-20T15:10:24+08:00,FB5379
hkjc:50001318,FOREBET,Fujieda MYFC,fujieda myfc,1.000,CONFIRMED_EVENT,2026-09-26T09:48:00+08:00,2026-09-26T09:48:00+08:00,FB5727
hkjc:50001318,HKJC_EN,Fujieda MYFC,fujieda myfc,1.000,CONFIRMED_EVENT,2026-09-25T09:43:21+08:00,2026-09-26T09:48:00+08:00,FB5727
hkjc:50001318,HKJC_ZH,藤枝MYFC,藤枝MYFC,1.000,CONFIRMED_EVENT,2026-09-26T09:48:00+08:00,2026-09-26T09:48:00+08:00,FB5727
hkjc:50001320,FOREBET,Fulham,fulham,1.000,CONFIRMED_EVENT,2026-09-20T15:10:24+08:00,2026-09-20T15:10:24+08:00,FB5339
hkjc:50001320,HKJC_EN,Fulham,fulham,1.000,CONFIRMED_EVENT,2026-09-20T15:10:24+08:00,2026-09-20T15:10:24+08:00,FB5339
hkjc:50001320,HKJC_ZH,富咸,富咸,1.000,CONFIRMED_EVENT,2026-09-20T15:10:24+08:00,2026-09-20T15:10:24+08:00,FB5339
hkjc:50001322,FOREBET,GAIS,gais,1.000,CONFIRMED_EVENT,2026-09-20T15:10:24+08:00,2026-09-20T15:10:24+08:00,FB5554
hkjc:50001322,HKJC_EN,GAIS,gais,1.000,CONFIRMED_EVENT,2026-09-20T15:10:24+08:00,2026-09-20T15:10:24+08:00,FB5554
hkjc:50001322,HKJC_ZH,加爾斯,加爾斯,1.000,CONFIRMED_EVENT,2026-09-20T15:10:24+08:00,2026-09-20T15:10:24+08:00,FB5554
hkjc:50001326,HKJC_EN,Gabon,gabon,1.000,CONFIRMED_EVENT,2026-09-25T09:43:21+08:00,2026-09-25T09:43:21+08:00,FB5788
hkjc:50001338,FOREBET,Gamba Osaka,gamba osaka,1.000,CONFIRMED_EVENT,2026-09-20T15:10:24+08:00,2026-09-20T15:10:24+08:00,FB5383
hkjc:50001338,HKJC_EN,Gamba Osaka,gamba osaka,1.000,CONFIRMED_EVENT,2026-09-20T15:10:24+08:00,2026-09-20T15:10:24+08:00,FB5383
hkjc:50001338,HKJC_ZH,大阪飛腳,大阪飛腳,1.000,CONFIRMED_EVENT,2026-09-20T15:10:24+08:00,2026-09-20T15:10:24+08:00,FB5383
hkjc:50001343,FOREBET,Gangwon FC,gangwon fc,1.000,CONFIRMED_EVENT,2026-09-20T15:10:24+08:00,2026-09-26T09:48:00+08:00,FB5687
hkjc:50001343,HKJC_EN,Gangwon FC,gangwon fc,1.000,CONFIRMED_EVENT,2026-09-20T15:10:24+08:00,2026-09-26T09:48:00+08:00,FB5687
hkjc:50001343,HKJC_ZH,FC江原,FC江原,1.000,CONFIRMED_EVENT,2026-09-20T15:10:24+08:00,2026-09-26T09:48:00+08:00,FB5687
hkjc:50001352,HKJC_EN,Genk,genk,1.000,CONFIRMED_EVENT,2026-09-20T15:10:24+08:00,2026-09-20T15:10:24+08:00,FB5493
hkjc:50001353,FOREBET,Genoa,genoa,1.000,CONFIRMED_EVENT,2026-09-20T15:10:24+08:00,2026-09-20T15:10:24+08:00,FB5377
hkjc:50001353,HKJC_EN,Genoa,genoa,1.000,CONFIRMED_EVENT,2026-09-20T15:10:24+08:00,2026-09-20T15:10:24+08:00,FB5377
hkjc:50001353,HKJC_ZH,熱拿亞,熱拿亞,1.000,CONFIRMED_EVENT,2026-09-20T15:10:24+08:00,2026-09-20T15:10:24+08:00,FB5377
hkjc:50001354,FOREBET,Georgia,georgia,0.980,CONFIRMED_EVENT,2026-09-25T09:43:21+08:00,2026-09-25T09:43:21+08:00,FB5715
hkjc:50001354,HKJC_EN,Georgia,georgia,1.000,CONFIRMED_EVENT,2026-09-25T09:43:21+08:00,2026-09-25T09:43:21+08:00,FB5715
hkjc:50001354,HKJC_ZH,格魯吉亞,格魯吉亞,1.000,CONFIRMED_EVENT,2026-09-25T09:43:21+08:00,2026-09-25T09:43:21+08:00,FB5715
hkjc:50001355,FOREBET,Georgia U21,georgia u21,1.000,CONFIRMED_EVENT,2026-09-26T09:48:00+08:00,2026-09-26T09:48:00+08:00,FB5745
hkjc:50001355,HKJC_EN,Georgia U21,georgia u21,1.000,CONFIRMED_EVENT,2026-09-25T09:43:21+08:00,2026-09-26T09:48:00+08:00,FB5745
hkjc:50001355,HKJC_ZH,格魯吉亞U21,格魯吉亞U21,1.000,CONFIRMED_EVENT,2026-09-26T09:48:00+08:00,2026-09-26T09:48:00+08:00,FB5745
hkjc:50001357,FOREBET,Germany,germany,1.000,CONFIRMED_EVENT,2026-09-24T11:14:49+08:00,2026-09-26T09:48:00+08:00,FB5889
hkjc:50001357,HKJC_EN,Germany,germany,1.000,CONFIRMED_EVENT,2026-09-24T11:14:49+08:00,2026-09-26T09:48:00+08:00,FB5889
hkjc:50001357,HKJC_ZH,德國,德國,1.000,CONFIRMED_EVENT,2026-09-24T11:14:49+08:00,2026-09-26T09:48:00+08:00,FB5889
hkjc:50001393,FOREBET,Getafe,getafe,1.000,CONFIRMED_EVENT,2026-09-20T15:10:24+08:00,2026-09-20T15:10:24+08:00,FB5486
hkjc:50001393,HKJC_EN,Getafe,getafe,1.000,CONFIRMED_EVENT,2026-09-20T15:10:24+08:00,2026-09-20T15:10:24+08:00,FB5486
hkjc:50001393,HKJC_ZH,基達菲,基達菲,1.000,CONFIRMED_EVENT,2026-09-20T15:10:24+08:00,2026-09-20T15:10:24+08:00,FB5486
hkjc:50001394,HKJC_EN,Ghana,ghana,1.000,CONFIRMED_EVENT,2026-09-24T11:14:49+08:00,2026-09-24T11:14:49+08:00,FB5696
hkjc:50001415,FOREBET,Gibraltar,gibraltar,1.000,CONFIRMED_EVENT,2026-09-26T09:48:00+08:00,2026-09-26T09:48:00+08:00,FB5887
hkjc:50001415,HKJC_EN,Gibraltar,gibraltar,1.000,CONFIRMED_EVENT,2026-09-26T09:48:00+08:00,2026-09-26T09:48:00+08:00,FB5887
hkjc:50001415,HKJC_ZH,直布羅陀,直布羅陀,1.000,CONFIRMED_EVENT,2026-09-26T09:48:00+08:00,2026-09-26T09:48:00+08:00,FB5887
hkjc:50001417,FOREBET,Sporting Gijón,sporting gijon,1.000,CONFIRMED_EVENT,2026-09-26T09:48:00+08:00,2026-09-26T09:48:00+08:00,FB5801
hkjc:50001417,HKJC_EN,Gijon,gijon,1.000,CONFIRMED_EVENT,2026-09-25T09:43:21+08:00,2026-09-26T09:48:00+08:00,FB5801
hkjc:50001417,HKJC_ZH,希杭,希杭,1.000,CONFIRMED_EVENT,2026-09-26T09:48:00+08:00,2026-09-26T09:48:00+08:00,FB5801
hkjc:50001419,FOREBET,Gillingham,gillingham,1.000,CONFIRMED_EVENT,2026-09-26T09:48:00+08:00,2026-09-26T09:48:00+08:00,FB5784
hkjc:50001419,HKJC_EN,Gillingham,gillingham,1.000,CONFIRMED_EVENT,2026-09-25T09:43:21+08:00,2026-09-26T09:48:00+08:00,FB5784
hkjc:50001419,HKJC_ZH,基寧咸,基寧咸,1.000,CONFIRMED_EVENT,2026-09-26T09:48:00+08:00,2026-09-26T09:48:00+08:00,FB5784
hkjc:50001424,HKJC_EN,Girona,girona,1.000,CONFIRMED_EVENT,2026-09-25T09:43:21+08:00,2026-09-25T09:43:21+08:00,FB5708
hkjc:50001431,FOREBET,Go Ahead Eagles,go ahead eagles,1.000,CONFIRMED_EVENT,2026-09-20T15:10:24+08:00,2026-09-20T15:10:24+08:00,FB5491
hkjc:50001431,HKJC_EN,Go Ahead Eagles,go ahead eagles,1.000,CONFIRMED_EVENT,2026-09-20T15:10:24+08:00,2026-09-20T15:10:24+08:00,FB5491
hkjc:50001431,HKJC_ZH,伊高斯,伊高斯,1.000,CONFIRMED_EVENT,2026-09-20T15:10:24+08:00,2026-09-20T15:10:24+08:00,FB5491
hkjc:50001433,FOREBET,Goiás,goias,1.000,CONFIRMED_EVENT,2026-09-26T09:48:00+08:00,2026-09-26T09:48:00+08:00,FB5843
hkjc:50001433,HKJC_EN,Goias,goias,1.000,CONFIRMED_EVENT,2026-09-26T09:48:00+08:00,2026-09-26T09:48:00+08:00,FB5843
hkjc:50001433,HKJC_ZH,戈亞斯,戈亞斯,1.000,CONFIRMED_EVENT,2026-09-26T09:48:00+08:00,2026-09-26T09:48:00+08:00,FB5843
hkjc:50001451,FOREBET,Greece,greece,1.000,CONFIRMED_EVENT,2026-09-24T11:14:49+08:00,2026-09-26T09:48:00+08:00,FB5889
hkjc:50001451,HKJC_EN,Greece,greece,1.000,CONFIRMED_EVENT,2026-09-24T11:14:49+08:00,2026-09-26T09:48:00+08:00,FB5889
hkjc:50001451,HKJC_ZH,希臘,希臘,1.000,CONFIRMED_EVENT,2026-09-24T11:14:49+08:00,2026-09-26T09:48:00+08:00,FB5889
hkjc:50001453,FOREBET,Greece U21,greece u21,1.000,CONFIRMED_EVENT,2026-09-26T09:48:00+08:00,2026-09-26T09:48:00+08:00,FB5745
hkjc:50001453,HKJC_EN,Greece U21,greece u21,1.000,CONFIRMED_EVENT,2026-09-25T09:43:21+08:00,2026-09-26T09:48:00+08:00,FB5745
hkjc:50001453,HKJC_ZH,希臘U21,希臘U21,1.000,CONFIRMED_EVENT,2026-09-26T09:48:00+08:00,2026-09-26T09:48:00+08:00,FB5745
hkjc:50001456,FOREBET,Grêmio,gremio,1.000,CONFIRMED_EVENT,2026-09-16T07:13:56+08:00,2026-09-20T15:10:24+08:00,FB5469
hkjc:50001456,HKJC_EN,Gremio,gremio,1.000,CONFIRMED_EVENT,2026-09-16T07:13:56+08:00,2026-09-20T15:10:24+08:00,FB5469
hkjc:50001456,HKJC_ZH,甘美奧,甘美奧,1.000,CONFIRMED_EVENT,2026-09-16T07:13:56+08:00,2026-09-20T15:10:24+08:00,FB5469
hkjc:50001462,FOREBET,Grimsby Town,grimsby town,1.000,CONFIRMED_EVENT,2026-09-26T09:48:00+08:00,2026-09-26T09:48:00+08:00,FB5772
hkjc:50001462,HKJC_EN,Grimsby,grimsby,1.000,CONFIRMED_EVENT,2026-09-25T09:43:21+08:00,2026-09-26T09:48:00+08:00,FB5772
hkjc:50001462,HKJC_ZH,甘士比,甘士比,1.000,CONFIRMED_EVENT,2026-09-26T09:48:00+08:00,2026-09-26T09:48:00+08:00,FB5772
hkjc:50001468,FOREBET,Guadalajara Chivas,guadalajara chivas,1.000,CONFIRMED_EVENT,2026-09-26T09:48:00+08:00,2026-09-26T09:48:00+08:00,FB5862
hkjc:50001468,HKJC_EN,Guadalajara,guadalajara,1.000,CONFIRMED_EVENT,2026-09-20T15:10:24+08:00,2026-09-26T09:48:00+08:00,FB5862
hkjc:50001468,HKJC_ZH,瓜達拉哈拉,瓜達拉哈拉,1.000,CONFIRMED_EVENT,2026-09-26T09:48:00+08:00,2026-09-26T09:48:00+08:00,FB5862
hkjc:50001476,FOREBET,Guatemala,guatemala,1.000,CONFIRMED_EVENT,2026-09-26T09:48:00+08:00,2026-09-26T09:48:00+08:00,FB5805
hkjc:50001476,HKJC_EN,Guatemala,guatemala,1.000,CONFIRMED_EVENT,2026-09-25T09:43:21+08:00,2026-09-26T09:48:00+08:00,FB5805
hkjc:50001476,HKJC_ZH,危地馬拉,危地馬拉,1.000,CONFIRMED_EVENT,2026-09-26T09:48:00+08:00,2026-09-26T09:48:00+08:00,FB5805
hkjc:50001482,HKJC_EN,Guimaraes,guimaraes,1.000,CONFIRMED_EVENT,2026-09-20T15:10:24+08:00,2026-09-20T15:10:24+08:00,FB5400
hkjc:50001483,FOREBET,Guinea,guinea,1.000,CONFIRMED_EVENT,2026-09-26T09:48:00+08:00,2026-09-26T09:48:00+08:00,FB5877
hkjc:50001483,HKJC_EN,Guinea,guinea,1.000,CONFIRMED_EVENT,2026-09-26T09:48:00+08:00,2026-09-26T09:48:00+08:00,FB5877
hkjc:50001483,HKJC_ZH,畿內亞,畿內亞,1.000,CONFIRMED_EVENT,2026-09-26T09:48:00+08:00,2026-09-26T09:48:00+08:00,FB5877
hkjc:50001484,HKJC_EN,Guinea Bissau,guinea bissau,1.000,CONFIRMED_EVENT,2026-09-25T09:43:21+08:00,2026-09-25T09:43:21+08:00,FB5763
hkjc:50001491,FOREBET,Gwangju FC,gwangju fc,1.000,CONFIRMED_EVENT,2026-09-20T15:10:24+08:00,2026-09-20T15:10:24+08:00,FB5348
hkjc:50001491,HKJC_EN,Gwangju FC,gwangju fc,1.000,CONFIRMED_EVENT,2026-09-20T15:10:24+08:00,2026-09-20T15:10:24+08:00,FB5348
hkjc:50001491,HKJC_ZH,FC光州,FC光州,1.000,CONFIRMED_EVENT,2026-09-20T15:10:24+08:00,2026-09-20T15:10:24+08:00,FB5348
hkjc:50001493,FOREBET,Gyeongnam,gyeongnam,1.000,CONFIRMED_EVENT,2026-09-20T15:10:24+08:00,2026-09-20T15:10:24+08:00,FB5419
hkjc:50001493,HKJC_EN,Gyeongnam FC,gyeongnam fc,1.000,CONFIRMED_EVENT,2026-09-20T15:10:24+08:00,2026-09-20T15:10:24+08:00,FB5419
hkjc:50001493,HKJC_ZH,FC慶南,FC慶南,1.000,CONFIRMED_EVENT,2026-09-20T15:10:24+08:00,2026-09-20T15:10:24+08:00,FB5419
hkjc:50001499,FOREBET,Häcken,hacken,1.000,CONFIRMED_EVENT,2026-09-20T15:10:24+08:00,2026-09-20T15:10:24+08:00,FB5515
hkjc:50001499,HKJC_EN,Hacken,hacken,1.000,CONFIRMED_EVENT,2026-09-20T15:10:24+08:00,2026-09-20T15:10:24+08:00,FB5515
hkjc:50001499,HKJC_ZH,赫根,赫根,1.000,CONFIRMED_EVENT,2026-09-20T15:10:24+08:00,2026-09-20T15:10:24+08:00,FB5515
hkjc:50001501,FOREBET,Haiti,haiti,1.000,CONFIRMED_EVENT,2026-09-24T11:14:49+08:00,2026-09-25T09:43:21+08:00,FB5689
hkjc:50001501,HKJC_EN,Haiti,haiti,1.000,CONFIRMED_EVENT,2026-09-24T11:14:49+08:00,2026-09-25T09:43:21+08:00,FB5689
hkjc:50001501,HKJC_ZH,海地,海地,1.000,CONFIRMED_EVENT,2026-09-24T11:14:49+08:00,2026-09-25T09:43:21+08:00,FB5689
hkjc:50001509,FOREBET,Halmstads BK,halmstads bk,1.000,CONFIRMED_EVENT,2026-09-20T15:10:24+08:00,2026-09-20T15:10:24+08:00,FB5516
hkjc:50001509,HKJC_EN,Halmstads,halmstads,1.000,CONFIRMED_EVENT,2026-09-20T15:10:24+08:00,2026-09-20T15:10:24+08:00,FB5516
hkjc:50001509,HKJC_ZH,咸史達斯,咸史達斯,1.000,CONFIRMED_EVENT,2026-09-20T15:10:24+08:00,2026-09-20T15:10:24+08:00,FB5516
hkjc:50001510,FOREBET,HamKam,hamkam,1.000,CONFIRMED_EVENT,2026-09-20T15:10:24+08:00,2026-09-20T15:10:24+08:00,FB5416
hkjc:50001510,HKJC_EN,Ham-Kam,ham kam,1.000,CONFIRMED_EVENT,2026-09-20T15:10:24+08:00,2026-09-20T15:10:24+08:00,FB5416
hkjc:50001510,HKJC_ZH,咸卡,咸卡,1.000,CONFIRMED_EVENT,2026-09-20T15:10:24+08:00,2026-09-20T15:10:24+08:00,FB5416
hkjc:50001513,FOREBET,Hammarby IF,hammarby if,1.000,CONFIRMED_EVENT,2026-09-20T15:10:24+08:00,2026-09-20T15:10:24+08:00,FB5555
hkjc:50001513,HKJC_EN,Hammarby,hammarby,1.000,CONFIRMED_EVENT,2026-09-20T15:10:24+08:00,2026-09-20T15:10:24+08:00,FB5555
hkjc:50001513,HKJC_ZH,哈馬比,哈馬比,1.000,CONFIRMED_EVENT,2026-09-20T15:10:24+08:00,2026-09-20T15:10:24+08:00,FB5555
hkjc:50001515,FOREBET,Hannover 96,hannover 96,1.000,CONFIRMED_EVENT,2026-09-20T15:10:24+08:00,2026-09-20T15:10:24+08:00,FB5359
hkjc:50001515,HKJC_EN,Hannover,hannover,1.000,CONFIRMED_EVENT,2026-09-20T15:10:24+08:00,2026-09-20T15:10:24+08:00,FB5359
hkjc:50001515,HKJC_ZH,漢諾威,漢諾威,1.000,CONFIRMED_EVENT,2026-09-20T15:10:24+08:00,2026-09-20T15:10:24+08:00,FB5359
hkjc:50001532,FOREBET,Heidenheim,heidenheim,1.000,CONFIRMED_EVENT,2026-09-20T15:10:24+08:00,2026-09-20T15:10:24+08:00,FB5415
hkjc:50001532,HKJC_EN,Heidenheim,heidenheim,1.000,CONFIRMED_EVENT,2026-09-20T15:10:24+08:00,2026-09-20T15:10:24+08:00,FB5415
hkjc:50001532,HKJC_ZH,海登咸,海登咸,1.000,CONFIRMED_EVENT,2026-09-20T15:10:24+08:00,2026-09-20T15:10:24+08:00,FB5415
hkjc:50001534,FOREBET,Helmond Sport,helmond sport,1.000,CONFIRMED_EVENT,2026-09-26T09:48:00+08:00,2026-09-26T09:48:00+08:00,FB5733
hkjc:50001534,HKJC_EN,Helmond,helmond,1.000,CONFIRMED_EVENT,2026-09-25T09:43:21+08:00,2026-09-26T09:48:00+08:00,FB5733
hkjc:50001534,HKJC_ZH,靴蒙特,靴蒙特,1.000,CONFIRMED_EVENT,2026-09-26T09:48:00+08:00,2026-09-26T09:48:00+08:00,FB5733
hkjc:50001536,FOREBET,Heracles,heracles,1.000,CONFIRMED_EVENT,2026-09-26T09:48:00+08:00,2026-09-26T09:48:00+08:00,FB5731
hkjc:50001536,HKJC_EN,Heracles,heracles,1.000,CONFIRMED_EVENT,2026-09-25T09:43:21+08:00,2026-09-26T09:48:00+08:00,FB5731
hkjc:50001536,HKJC_ZH,荷華高斯,荷華高斯,1.000,CONFIRMED_EVENT,2026-09-26T09:48:00+08:00,2026-09-26T09:48:00+08:00,FB5731
hkjc:50001549,FOREBET,Hoffenheim,hoffenheim,1.000,CONFIRMED_EVENT,2026-09-20T15:10:24+08:00,2026-09-20T15:10:24+08:00,FB5511
hkjc:50001549,HKJC_EN,Hoffenheim,hoffenheim,1.000,CONFIRMED_EVENT,2026-09-20T15:10:24+08:00,2026-09-20T15:10:24+08:00,FB5511
hkjc:50001549,HKJC_ZH,賀芬咸,賀芬咸,1.000,CONFIRMED_EVENT,2026-09-20T15:10:24+08:00,2026-09-20T15:10:24+08:00,FB5511
hkjc:50001550,FOREBET,Consadole Sapporo,consadole sapporo,1.000,CONFIRMED_EVENT,2026-09-26T09:48:00+08:00,2026-09-26T09:48:00+08:00,FB5741
hkjc:50001550,HKJC_EN,Hokkaido Consadole Sapporo,hokkaido consadole sapporo,1.000,CONFIRMED_EVENT,2026-09-25T09:43:21+08:00,2026-09-26T09:48:00+08:00,FB5741
hkjc:50001550,HKJC_ZH,北海道札幌岡薩多,北海道札幌岡薩多,1.000,CONFIRMED_EVENT,2026-09-26T09:48:00+08:00,2026-09-26T09:48:00+08:00,FB5741
hkjc:50001554,HKJC_EN,Honduras,honduras,1.000,CONFIRMED_EVENT,2026-09-25T09:43:21+08:00,2026-09-25T09:43:21+08:00,FB5806
hkjc:50001564,FOREBET,AC Horsens,ac horsens,1.000,CONFIRMED_EVENT,2026-09-20T15:10:24+08:00,2026-09-20T15:10:24+08:00,FB5407
hkjc:50001564,HKJC_EN,Horsens,horsens,1.000,CONFIRMED_EVENT,2026-09-20T15:10:24+08:00,2026-09-20T15:10:24+08:00,FB5407
hkjc:50001564,HKJC_ZH,賀森斯,賀森斯,1.000,CONFIRMED_EVENT,2026-09-20T15:10:24+08:00,2026-09-20T15:10:24+08:00,FB5407
hkjc:50001566,FOREBET,Houston Dynamo,houston dynamo,1.000,CONFIRMED_EVENT,2026-09-26T09:48:00+08:00,2026-09-26T09:48:00+08:00,FB5826
hkjc:50001566,HKJC_EN,Houston Dynamo,houston dynamo,1.000,CONFIRMED_EVENT,2026-09-20T15:10:24+08:00,2026-09-26T09:48:00+08:00,FB5826
hkjc:50001566,HKJC_ZH,侯斯頓戴拿模,侯斯頓戴拿模,1.000,CONFIRMED_EVENT,2026-09-26T09:48:00+08:00,2026-09-26T09:48:00+08:00,FB5826
hkjc:50001573,FOREBET,Hungary,hungary,1.000,CONFIRMED_EVENT,2026-09-25T09:43:21+08:00,2026-09-25T09:43:21+08:00,FB5714
hkjc:50001573,HKJC_EN,Hungary,hungary,1.000,CONFIRMED_EVENT,2026-09-25T09:43:21+08:00,2026-09-25T09:43:21+08:00,FB5714
hkjc:50001573,HKJC_ZH,匈牙利,匈牙利,1.000,CONFIRMED_EVENT,2026-09-25T09:43:21+08:00,2026-09-25T09:43:21+08:00,FB5714
hkjc:50001575,FOREBET,Hungary U21,hungary u21,1.000,CONFIRMED_EVENT,2026-09-26T09:48:00+08:00,2026-09-26T09:48:00+08:00,FB5781
hkjc:50001575,HKJC_EN,Hungary U21,hungary u21,1.000,CONFIRMED_EVENT,2026-09-25T09:43:21+08:00,2026-09-26T09:48:00+08:00,FB5781
hkjc:50001575,HKJC_ZH,匈牙利U21,匈牙利U21,1.000,CONFIRMED_EVENT,2026-09-26T09:48:00+08:00,2026-09-26T09:48:00+08:00,FB5781
hkjc:50001577,FOREBET,Hwaseong FC,hwaseong fc,1.000,CONFIRMED_EVENT,2026-09-20T15:10:24+08:00,2026-09-20T15:10:24+08:00,FB5351
hkjc:50001577,HKJC_EN,Hwaseong FC,hwaseong fc,1.000,CONFIRMED_EVENT,2026-09-20T15:10:24+08:00,2026-09-20T15:10:24+08:00,FB5351
hkjc:50001577,HKJC_ZH,FC華城,FC華城,1.000,CONFIRMED_EVENT,2026-09-20T15:10:24+08:00,2026-09-20T15:10:24+08:00,FB5351
hkjc:50001583,FOREBET,Iceland,iceland,1.000,CONFIRMED_EVENT,2026-09-26T09:48:00+08:00,2026-09-26T09:48:00+08:00,FB5753
hkjc:50001583,HKJC_EN,Iceland,iceland,1.000,CONFIRMED_EVENT,2026-09-25T09:43:21+08:00,2026-09-26T09:48:00+08:00,FB5753
hkjc:50001583,HKJC_ZH,冰島,冰島,1.000,CONFIRMED_EVENT,2026-09-26T09:48:00+08:00,2026-09-26T09:48:00+08:00,FB5753
hkjc:50001584,HKJC_EN,Iceland U21,iceland u21,1.000,CONFIRMED_EVENT,2026-09-25T09:43:21+08:00,2026-09-25T09:43:21+08:00,FB5738
hkjc:50001589,FOREBET,Incheon United,incheon united,1.000,CONFIRMED_EVENT,2026-09-20T15:10:24+08:00,2026-09-26T09:48:00+08:00,FB5687
hkjc:50001589,HKJC_EN,Incheon Utd,incheon utd,1.000,CONFIRMED_EVENT,2026-09-20T15:10:24+08:00,2026-09-26T09:48:00+08:00,FB5687
hkjc:50001589,HKJC_ZH,仁川聯,仁川聯,1.000,CONFIRMED_EVENT,2026-09-20T15:10:24+08:00,2026-09-26T09:48:00+08:00,FB5687
hkjc:50001595,FOREBET,Independiente Rivadavia,independiente rivadavia,1.000,CONFIRMED_EVENT,2026-09-16T07:13:56+08:00,2026-09-16T09:31:59+08:00,FB5156
hkjc:50001595,HKJC_EN,Independiente Rivadavia,independiente rivadavia,1.000,CONFIRMED_EVENT,2026-09-16T07:13:56+08:00,2026-09-20T15:10:24+08:00,FB5508
hkjc:50001595,HKJC_ZH,利華達維亞獨立,利華達維亞獨立,1.000,CONFIRMED_EVENT,2026-09-16T07:13:56+08:00,2026-09-16T09:31:59+08:00,FB5156
hkjc:50001598,HKJC_EN,India,india,1.000,CONFIRMED_EVENT,2026-09-25T09:43:21+08:00,2026-09-25T09:43:21+08:00,FB5787
hkjc:50001601,HKJC_EN,Indonesia,indonesia,1.000,CONFIRMED_EVENT,2026-09-25T09:43:21+08:00,2026-09-25T09:43:21+08:00,FB5804
hkjc:50001605,FOREBET,Indy Eleven,indy eleven,1.000,CONFIRMED_EVENT,2026-09-20T15:10:24+08:00,2026-09-20T15:10:24+08:00,FB5551
hkjc:50001605,HKJC_EN,Indy Eleven,indy eleven,1.000,CONFIRMED_EVENT,2026-09-20T15:10:24+08:00,2026-09-20T15:10:24+08:00,FB5551
hkjc:50001605,HKJC_ZH,印地安納十一,印地安納十一,1.000,CONFIRMED_EVENT,2026-09-20T15:10:24+08:00,2026-09-20T15:10:24+08:00,FB5551
hkjc:50001609,FOREBET,Inter Miami CF,inter miami cf,1.000,CONFIRMED_EVENT,2026-09-26T09:48:00+08:00,2026-09-26T09:48:00+08:00,FB5828
hkjc:50001609,HKJC_EN,Inter Miami CF,inter miami cf,1.000,CONFIRMED_EVENT,2026-09-20T15:10:24+08:00,2026-09-26T09:48:00+08:00,FB5828
hkjc:50001609,HKJC_ZH,國際邁亞密,國際邁亞密,1.000,CONFIRMED_EVENT,2026-09-26T09:48:00+08:00,2026-09-26T09:48:00+08:00,FB5828
hkjc:50001617,HKJC_EN,Internacional,internacional,1.000,CONFIRMED_EVENT,2026-09-20T15:10:24+08:00,2026-09-20T15:10:24+08:00,FB5436
hkjc:50001621,FOREBET,Deportes Iquique,deportes iquique,1.000,CONFIRMED_EVENT,2026-09-24T11:14:49+08:00,2026-09-26T09:48:00+08:00,FB5861
hkjc:50001621,HKJC_EN,Iquique,iquique,1.000,CONFIRMED_EVENT,2026-09-24T11:14:49+08:00,2026-09-26T09:48:00+08:00,FB5861
hkjc:50001621,HKJC_ZH,伊基克,伊基克,1.000,CONFIRMED_EVENT,2026-09-24T11:14:49+08:00,2026-09-26T09:48:00+08:00,FB5861
hkjc:50001623,HKJC_EN,Iran,iran,1.000,CONFIRMED_EVENT,2026-09-24T11:14:49+08:00,2026-09-24T11:14:49+08:00,FB5698
hkjc:50001624,HKJC_EN,Iran AM,iran am,1.000,CONFIRMED_EVENT,2026-09-20T15:10:24+08:00,2026-09-20T15:10:24+08:00,FB5385
hkjc:50001639,FOREBET,Iraq,iraq,1.000,CONFIRMED_EVENT,2026-09-26T09:48:00+08:00,2026-09-26T09:48:00+08:00,FB5865
hkjc:50001639,HKJC_EN,Iraq,iraq,1.000,CONFIRMED_EVENT,2026-09-26T09:48:00+08:00,2026-09-26T09:48:00+08:00,FB5865
hkjc:50001639,HKJC_ZH,伊拉克,伊拉克,1.000,CONFIRMED_EVENT,2026-09-26T09:48:00+08:00,2026-09-26T09:48:00+08:00,FB5865
hkjc:50001650,FOREBET,Israel,israel,1.000,CONFIRMED_EVENT,2026-09-24T11:14:49+08:00,2026-09-26T09:48:00+08:00,FB5890
hkjc:50001650,HKJC_EN,Israel,israel,1.000,CONFIRMED_EVENT,2026-09-24T11:14:49+08:00,2026-09-26T09:48:00+08:00,FB5890
hkjc:50001650,HKJC_ZH,以色列,以色列,1.000,CONFIRMED_EVENT,2026-09-24T11:14:49+08:00,2026-09-26T09:48:00+08:00,FB5890
hkjc:50001655,FOREBET,Italy,italy,1.000,CONFIRMED_EVENT,2026-09-25T09:43:21+08:00,2026-09-25T09:43:21+08:00,FB5710
hkjc:50001655,HKJC_EN,Italy,italy,1.000,CONFIRMED_EVENT,2026-09-25T09:43:21+08:00,2026-09-25T09:43:21+08:00,FB5710
hkjc:50001655,HKJC_ZH,意大利,意大利,1.000,CONFIRMED_EVENT,2026-09-25T09:43:21+08:00,2026-09-25T09:43:21+08:00,FB5710
hkjc:50001681,FOREBET,Jamaica,jamaica,1.000,CONFIRMED_EVENT,2026-09-26T09:48:00+08:00,2026-09-26T09:48:00+08:00,FB5805
hkjc:50001681,HKJC_EN,Jamaica,jamaica,1.000,CONFIRMED_EVENT,2026-09-25T09:43:21+08:00,2026-09-26T09:48:00+08:00,FB5805
hkjc:50001681,HKJC_ZH,牙買加,牙買加,1.000,CONFIRMED_EVENT,2026-09-26T09:48:00+08:00,2026-09-26T09:48:00+08:00,FB5805
hkjc:50001684,HKJC_EN,Japan,japan,1.000,CONFIRMED_EVENT,2026-09-24T11:14:49+08:00,2026-09-24T11:14:49+08:00,FB5659
hkjc:50001685,HKJC_EN,Japan AM,japan am,1.000,CONFIRMED_EVENT,2026-09-20T15:10:24+08:00,2026-09-26T09:48:00+08:00,FB5721
hkjc:50001689,HKJC_EN,Japan Women,japan women,1.000,CONFIRMED_EVENT,2026-09-20T15:10:24+08:00,2026-09-25T09:43:21+08:00,FB5668
hkjc:50001710,FOREBET,Jeju United,jeju united,1.000,CONFIRMED_EVENT,2026-09-20T15:10:24+08:00,2026-09-20T15:10:24+08:00,FB5432
hkjc:50001710,HKJC_EN,Jeju SK,jeju sk,1.000,CONFIRMED_EVENT,2026-09-20T15:10:24+08:00,2026-09-20T15:10:24+08:00,FB5432
hkjc:50001710,HKJC_ZH,濟州SK,濟州SK,1.000,CONFIRMED_EVENT,2026-09-20T15:10:24+08:00,2026-09-20T15:10:24+08:00,FB5432
hkjc:50001712,FOREBET,Jeonbuk Hyundai,jeonbuk hyundai,1.000,CONFIRMED_EVENT,2026-09-20T15:10:24+08:00,2026-09-20T15:10:24+08:00,FB5348
hkjc:50001712,HKJC_EN,Jeonbuk Motors,jeonbuk motors,1.000,CONFIRMED_EVENT,2026-09-20T15:10:24+08:00,2026-09-20T15:10:24+08:00,FB5348
hkjc:50001712,HKJC_ZH,全北汽車,全北汽車,1.000,CONFIRMED_EVENT,2026-09-20T15:10:24+08:00,2026-09-20T15:10:24+08:00,FB5348
hkjc:50001730,HKJC_EN,Juarez,juarez,1.000,CONFIRMED_EVENT,2026-09-26T09:48:00+08:00,2026-09-26T09:48:00+08:00,FB5834
hkjc:50001732,FOREBET,Jubilo Iwata,jubilo iwata,1.000,CONFIRMED_EVENT,2026-09-26T09:48:00+08:00,2026-09-26T09:48:00+08:00,FB5742
hkjc:50001732,HKJC_EN,Jubilo Iwata,jubilo iwata,1.000,CONFIRMED_EVENT,2026-09-25T09:43:21+08:00,2026-09-26T09:48:00+08:00,FB5742
hkjc:50001732,HKJC_ZH,磐田山葉,磐田山葉,1.000,CONFIRMED_EVENT,2026-09-26T09:48:00+08:00,2026-09-26T09:48:00+08:00,FB5742
hkjc:50001737,HKJC_EN,Juventud Las Piedras,juventud las piedras,1.000,CONFIRMED_EVENT,2026-09-26T09:48:00+08:00,2026-09-26T09:48:00+08:00,FB5814
hkjc:50001739,HKJC_EN,Juventude,juventude,1.000,CONFIRMED_EVENT,2026-09-26T09:48:00+08:00,2026-09-26T09:48:00+08:00,FB5851
hkjc:50001741,FOREBET,Juventus,juventus,1.000,CONFIRMED_EVENT,2026-09-20T15:10:24+08:00,2026-09-20T15:10:24+08:00,FB5497
hkjc:50001741,HKJC_EN,Juventus,juventus,1.000,CONFIRMED_EVENT,2026-09-20T15:10:24+08:00,2026-09-20T15:10:24+08:00,FB5497
hkjc:50001741,HKJC_ZH,祖雲達斯,祖雲達斯,1.000,CONFIRMED_EVENT,2026-09-20T15:10:24+08:00,2026-09-20T15:10:24+08:00,FB5497
hkjc:50001762,HKJC_EN,KV Kortrijk,kv kortrijk,1.000,CONFIRMED_EVENT,2026-09-20T15:10:24+08:00,2026-09-20T15:10:24+08:00,FB5496
hkjc:50001762,HKJC_ZH,哥治,哥治,1.000,CONFIRMED_EVENT,2026-09-20T15:10:24+08:00,2026-09-20T15:10:24+08:00,FB5496
hkjc:50001768,FOREBET,Kalmar FF,kalmar ff,1.000,CONFIRMED_EVENT,2026-09-20T15:10:24+08:00,2026-09-20T15:10:24+08:00,FB5515
hkjc:50001768,HKJC_EN,Kalmar,kalmar,1.000,CONFIRMED_EVENT,2026-09-20T15:10:24+08:00,2026-09-20T15:10:24+08:00,FB5515
hkjc:50001768,HKJC_ZH,卡爾馬,卡爾馬,1.000,CONFIRMED_EVENT,2026-09-20T15:10:24+08:00,2026-09-20T15:10:24+08:00,FB5515
hkjc:50001775,FOREBET,Kashiwa Reysol,kashiwa reysol,1.000,CONFIRMED_EVENT,2026-09-20T15:10:24+08:00,2026-09-20T15:10:24+08:00,FB5426
hkjc:50001775,HKJC_EN,Kashiwa Reysol,kashiwa reysol,1.000,CONFIRMED_EVENT,2026-09-20T15:10:24+08:00,2026-09-20T15:10:24+08:00,FB5426
hkjc:50001775,HKJC_ZH,柏雷素爾,柏雷素爾,1.000,CONFIRMED_EVENT,2026-09-20T15:10:24+08:00,2026-09-20T15:10:24+08:00,FB5426
hkjc:50001776,FOREBET,Kataller Toyama,kataller toyama,1.000,CONFIRMED_EVENT,2026-09-26T09:48:00+08:00,2026-09-26T09:48:00+08:00,FB5728
hkjc:50001776,HKJC_EN,Kataller Toyama,kataller toyama,1.000,CONFIRMED_EVENT,2026-09-25T09:43:21+08:00,2026-09-26T09:48:00+08:00,FB5728
hkjc:50001776,HKJC_ZH,富山勝利,富山勝利,1.000,CONFIRMED_EVENT,2026-09-26T09:48:00+08:00,2026-09-26T09:48:00+08:00,FB5728
hkjc:50001782,FOREBET,Kazakhstan,kazakhstan,1.000,CONFIRMED_EVENT,2026-09-26T09:48:00+08:00,2026-09-26T09:48:00+08:00,FB5767
hkjc:50001782,HKJC_EN,Kazakhstan,kazakhstan,1.000,CONFIRMED_EVENT,2026-09-25T09:43:21+08:00,2026-09-26T09:48:00+08:00,FB5767
hkjc:50001782,HKJC_ZH,哈薩克,哈薩克,1.000,CONFIRMED_EVENT,2026-09-26T09:48:00+08:00,2026-09-26T09:48:00+08:00,FB5767
hkjc:50001803,HKJC_EN,Korea DPR AM,korea dpr am,1.000,CONFIRMED_EVENT,2026-09-20T15:10:24+08:00,2026-09-26T09:48:00+08:00,FB5721
hkjc:50001806,HKJC_EN,Korea DPR Women,korea dpr women,1.000,CONFIRMED_EVENT,2026-09-20T15:10:24+08:00,2026-09-25T09:43:21+08:00,FB5666
hkjc:50001807,HKJC_EN,Korea DPR Women U20,korea dpr women u20,1.000,CONFIRMED_EVENT,2026-09-20T15:10:24+08:00,2026-09-26T09:48:00+08:00,FB5808
hkjc:50001808,HKJC_EN,Korea Republic,korea republic,1.000,CONFIRMED_EVENT,2026-09-24T11:14:49+08:00,2026-09-24T11:14:49+08:00,FB5660
hkjc:50001809,HKJC_EN,Korea Republic AM,korea republic am,1.000,CONFIRMED_EVENT,2026-09-20T15:10:24+08:00,2026-09-25T09:43:21+08:00,FB5703
hkjc:50001814,HKJC_EN,Korea Republic Women,korea republic women,1.000,CONFIRMED_EVENT,2026-09-20T15:10:24+08:00,2026-09-25T09:43:21+08:00,FB5669
hkjc:50001834,FOREBET,Kosovo,kosovo,1.000,CONFIRMED_EVENT,2026-09-24T11:14:49+08:00,2026-09-26T09:48:00+08:00,FB5885
hkjc:50001834,HKJC_EN,Kosovo,kosovo,1.000,CONFIRMED_EVENT,2026-09-24T11:14:49+08:00,2026-09-26T09:48:00+08:00,FB5885
hkjc:50001834,HKJC_ZH,科索沃,科索沃,1.000,CONFIRMED_EVENT,2026-09-24T11:14:49+08:00,2026-09-26T09:48:00+08:00,FB5885
hkjc:50001841,FOREBET,Kuwait,kuwait,1.000,CONFIRMED_EVENT,2026-09-26T09:48:00+08:00,2026-09-26T09:48:00+08:00,FB5865
hkjc:50001841,HKJC_EN,Kuwait,kuwait,1.000,CONFIRMED_EVENT,2026-09-26T09:48:00+08:00,2026-09-26T09:48:00+08:00,FB5865
hkjc:50001841,HKJC_ZH,科威特,科威特,1.000,CONFIRMED_EVENT,2026-09-26T09:48:00+08:00,2026-09-26T09:48:00+08:00,FB5865
hkjc:50001842,HKJC_EN,Kuwait AM,kuwait am,1.000,CONFIRMED_EVENT,2026-09-20T15:10:24+08:00,2026-09-20T15:10:24+08:00,FB5576
hkjc:50001847,HKJC_EN,Kyrgyzstan AM,kyrgyzstan am,1.000,CONFIRMED_EVENT,2026-09-20T15:10:24+08:00,2026-09-20T15:10:24+08:00,FB5423
hkjc:50001852,FOREBET,Los Angeles Galaxy,los angeles galaxy,1.000,CONFIRMED_EVENT,2026-09-26T09:48:00+08:00,2026-09-26T09:48:00+08:00,FB5832
hkjc:50001852,HKJC_EN,LA Galaxy,la galaxy,1.000,CONFIRMED_EVENT,2026-09-20T15:10:24+08:00,2026-09-26T09:48:00+08:00,FB5832
hkjc:50001852,HKJC_ZH,洛杉磯銀河,洛杉磯銀河,1.000,CONFIRMED_EVENT,2026-09-26T09:48:00+08:00,2026-09-26T09:48:00+08:00,FB5832
hkjc:50001853,FOREBET,LASK Linz,lask linz,1.000,CONFIRMED_EVENT,2026-09-20T15:10:24+08:00,2026-09-20T15:10:24+08:00,FB5483
hkjc:50001853,HKJC_EN,LASK Linz,lask linz,1.000,CONFIRMED_EVENT,2026-09-20T15:10:24+08:00,2026-09-20T15:10:24+08:00,FB5483
hkjc:50001853,HKJC_ZH,寧斯,寧斯,1.000,CONFIRMED_EVENT,2026-09-20T15:10:24+08:00,2026-09-20T15:10:24+08:00,FB5483
hkjc:50001866,HKJC_EN,Lanus,lanus,1.000,CONFIRMED_EVENT,2026-09-20T15:10:24+08:00,2026-09-20T15:10:24+08:00,FB5507
hkjc:50001872,FOREBET,Las Palmas,las palmas,1.000,CONFIRMED_EVENT,2026-09-20T15:10:24+08:00,2026-09-26T09:48:00+08:00,FB5799
hkjc:50001872,HKJC_EN,Las Palmas,las palmas,1.000,CONFIRMED_EVENT,2026-09-20T15:10:24+08:00,2026-09-26T09:48:00+08:00,FB5799
hkjc:50001872,HKJC_ZH,拉斯彭馬斯,拉斯彭馬斯,1.000,CONFIRMED_EVENT,2026-09-20T15:10:24+08:00,2026-09-26T09:48:00+08:00,FB5799
hkjc:50001873,FOREBET,Latvia,latvia,1.000,CONFIRMED_EVENT,2026-09-25T09:43:21+08:00,2026-09-25T09:43:21+08:00,FB5716
hkjc:50001873,HKJC_EN,Latvia,latvia,1.000,CONFIRMED_EVENT,2026-09-25T09:43:21+08:00,2026-09-25T09:43:21+08:00,FB5716
hkjc:50001873,HKJC_ZH,拉脫維亞,拉脫維亞,1.000,CONFIRMED_EVENT,2026-09-25T09:43:21+08:00,2026-09-25T09:43:21+08:00,FB5716
hkjc:50001875,FOREBET,Lausanne-Sport,lausanne sport,1.000,CONFIRMED_EVENT,2026-09-20T15:10:24+08:00,2026-09-20T15:10:24+08:00,FB5489
hkjc:50001875,HKJC_EN,Lausanne,lausanne,1.000,CONFIRMED_EVENT,2026-09-20T15:10:24+08:00,2026-09-20T15:10:24+08:00,FB5489
hkjc:50001875,HKJC_ZH,洛桑,洛桑,1.000,CONFIRMED_EVENT,2026-09-20T15:10:24+08:00,2026-09-20T15:10:24+08:00,FB5489
hkjc:50001884,FOREBET,Lecce,lecce,1.000,CONFIRMED_EVENT,2026-09-20T15:10:24+08:00,2026-09-20T15:10:24+08:00,FB5380
hkjc:50001884,HKJC_EN,Lecce,lecce,1.000,CONFIRMED_EVENT,2026-09-20T15:10:24+08:00,2026-09-20T15:10:24+08:00,FB5380
hkjc:50001884,HKJC_ZH,萊切,萊切,1.000,CONFIRMED_EVENT,2026-09-20T15:10:24+08:00,2026-09-20T15:10:24+08:00,FB5380
hkjc:50001887,FOREBET,Leeds United,leeds united,1.000,CONFIRMED_EVENT,2026-09-20T15:10:24+08:00,2026-09-20T15:10:24+08:00,FB5438
hkjc:50001887,HKJC_EN,Leeds,leeds,1.000,CONFIRMED_EVENT,2026-09-20T15:10:24+08:00,2026-09-20T15:10:24+08:00,FB5438
hkjc:50001887,HKJC_ZH,列斯聯,列斯聯,1.000,CONFIRMED_EVENT,2026-09-20T15:10:24+08:00,2026-09-20T15:10:24+08:00,FB5438
hkjc:50001888,FOREBET,Leganes,leganes,1.000,CONFIRMED_EVENT,2026-09-20T15:10:24+08:00,2026-09-20T15:10:24+08:00,FB5510
hkjc:50001888,HKJC_EN,Leganes,leganes,1.000,CONFIRMED_EVENT,2026-09-20T15:10:24+08:00,2026-09-26T09:48:00+08:00,FB5802
hkjc:50001888,HKJC_ZH,雷加利斯,雷加利斯,1.000,CONFIRMED_EVENT,2026-09-20T15:10:24+08:00,2026-09-20T15:10:24+08:00,FB5510
hkjc:50001898,HKJC_EN,Lesotho,lesotho,1.000,CONFIRMED_EVENT,2026-09-25T09:43:21+08:00,2026-09-25T09:43:21+08:00,FB5757
hkjc:50001900,FOREBET,Levante,levante,1.000,CONFIRMED_EVENT,2026-09-20T15:10:24+08:00,2026-09-20T15:10:24+08:00,FB5494
hkjc:50001900,HKJC_EN,Levante,levante,1.000,CONFIRMED_EVENT,2026-09-20T15:10:24+08:00,2026-09-20T15:10:24+08:00,FB5494
hkjc:50001900,HKJC_ZH,利雲特,利雲特,1.000,CONFIRMED_EVENT,2026-09-20T15:10:24+08:00,2026-09-20T15:10:24+08:00,FB5494
hkjc:50001901,FOREBET,Bayer Leverkusen,bayer leverkusen,1.000,CONFIRMED_EVENT,2026-09-20T15:10:24+08:00,2026-09-20T15:10:24+08:00,FB5371
hkjc:50001901,HKJC_EN,Leverkusen,leverkusen,1.000,CONFIRMED_EVENT,2026-09-20T15:10:24+08:00,2026-09-20T15:10:24+08:00,FB5371
hkjc:50001901,HKJC_ZH,利華古遜,利華古遜,1.000,CONFIRMED_EVENT,2026-09-20T15:10:24+08:00,2026-09-20T15:10:24+08:00,FB5371
hkjc:50001907,FOREBET,Libya,libya,1.000,CONFIRMED_EVENT,2026-09-24T11:14:49+08:00,2026-09-24T11:14:49+08:00,FB5692
hkjc:50001907,HKJC_EN,Libya,libya,1.000,CONFIRMED_EVENT,2026-09-24T11:14:49+08:00,2026-09-24T11:14:49+08:00,FB5692
hkjc:50001907,HKJC_ZH,利比亞,利比亞,1.000,CONFIRMED_EVENT,2026-09-24T11:14:49+08:00,2026-09-24T11:14:49+08:00,FB5692
hkjc:50001909,FOREBET,Liechtenstein,liechtenstein,1.000,CONFIRMED_EVENT,2026-09-24T11:14:49+08:00,2026-09-24T11:14:49+08:00,FB5592
hkjc:50001909,HKJC_EN,Liechtenstein,liechtenstein,1.000,CONFIRMED_EVENT,2026-09-24T11:14:49+08:00,2026-09-24T11:14:49+08:00,FB5592
hkjc:50001909,HKJC_ZH,列支敦士登,列支敦士登,1.000,CONFIRMED_EVENT,2026-09-24T11:14:49+08:00,2026-09-24T11:14:49+08:00,FB5592
hkjc:50001912,FOREBET,Lille,lille,1.000,CONFIRMED_EVENT,2026-09-20T15:10:24+08:00,2026-09-20T15:10:24+08:00,FB5369
hkjc:50001912,HKJC_EN,Lille,lille,1.000,CONFIRMED_EVENT,2026-09-20T15:10:24+08:00,2026-09-20T15:10:24+08:00,FB5369
hkjc:50001912,HKJC_ZH,里爾,里爾,1.000,CONFIRMED_EVENT,2026-09-20T15:10:24+08:00,2026-09-20T15:10:24+08:00,FB5369
hkjc:50001914,FOREBET,Lillestrom SK,lillestrom sk,1.000,CONFIRMED_EVENT,2026-09-20T15:10:24+08:00,2026-09-20T15:10:24+08:00,FB5545
hkjc:50001914,HKJC_EN,Lillestrom,lillestrom,1.000,CONFIRMED_EVENT,2026-09-20T15:10:24+08:00,2026-09-20T15:10:24+08:00,FB5545
hkjc:50001914,HKJC_ZH,利尼史特朗,利尼史特朗,1.000,CONFIRMED_EVENT,2026-09-20T15:10:24+08:00,2026-09-20T15:10:24+08:00,FB5545
hkjc:50001926,FOREBET,Lithuania,lithuania,1.000,CONFIRMED_EVENT,2026-09-24T11:14:49+08:00,2026-09-26T09:48:00+08:00,FB5884
hkjc:50001926,HKJC_EN,Lithuania,lithuania,1.000,CONFIRMED_EVENT,2026-09-24T11:14:49+08:00,2026-09-26T09:48:00+08:00,FB5884
hkjc:50001926,HKJC_ZH,立陶宛,立陶宛,1.000,CONFIRMED_EVENT,2026-09-24T11:14:49+08:00,2026-09-26T09:48:00+08:00,FB5884
hkjc:50001928,FOREBET,Liverpool,liverpool,1.000,CONFIRMED_EVENT,2026-09-20T15:10:24+08:00,2026-09-20T15:10:24+08:00,FB5437
hkjc:50001928,HKJC_EN,Liverpool,liverpool,1.000,CONFIRMED_EVENT,2026-09-20T15:10:24+08:00,2026-09-20T15:10:24+08:00,FB5437
hkjc:50001928,HKJC_ZH,利物浦,利物浦,1.000,CONFIRMED_EVENT,2026-09-20T15:10:24+08:00,2026-09-20T15:10:24+08:00,FB5437
hkjc:50001955,FOREBET,Londrina,londrina,1.000,CONFIRMED_EVENT,2026-09-25T09:43:21+08:00,2026-09-25T09:43:21+08:00,FB5706
hkjc:50001955,HKJC_EN,Londrina,londrina,1.000,CONFIRMED_EVENT,2026-09-24T11:14:49+08:00,2026-09-25T09:43:21+08:00,FB5706
hkjc:50001955,HKJC_ZH,隆德里納,隆德里納,1.000,CONFIRMED_EVENT,2026-09-25T09:43:21+08:00,2026-09-25T09:43:21+08:00,FB5706
hkjc:50001958,FOREBET,Los Angeles FC,los angeles fc,1.000,CONFIRMED_EVENT,2026-09-26T09:48:00+08:00,2026-09-26T09:48:00+08:00,FB5821
hkjc:50001958,HKJC_EN,Los Angeles FC,los angeles fc,1.000,CONFIRMED_EVENT,2026-09-26T09:48:00+08:00,2026-09-26T09:48:00+08:00,FB5821
hkjc:50001958,HKJC_ZH,FC洛杉磯,FC洛杉磯,1.000,CONFIRMED_EVENT,2026-09-26T09:48:00+08:00,2026-09-26T09:48:00+08:00,FB5821
hkjc:50001959,HKJC_EN,Louisville City,louisville city,1.000,CONFIRMED_EVENT,2026-09-25T09:43:21+08:00,2026-09-25T09:43:21+08:00,FB5739
hkjc:50001965,FOREBET,Lugano,lugano,1.000,CONFIRMED_EVENT,2026-09-20T15:10:24+08:00,2026-09-20T15:10:24+08:00,FB5489
hkjc:50001965,HKJC_EN,Lugano,lugano,1.000,CONFIRMED_EVENT,2026-09-20T15:10:24+08:00,2026-09-20T15:10:24+08:00,FB5489
hkjc:50001965,HKJC_ZH,盧加諾,盧加諾,1.000,CONFIRMED_EVENT,2026-09-20T15:10:24+08:00,2026-09-20T15:10:24+08:00,FB5489
hkjc:50001972,FOREBET,Luxembourg,luxembourg,1.000,CONFIRMED_EVENT,2026-09-26T09:48:00+08:00,2026-09-26T09:48:00+08:00,FB5754
hkjc:50001972,HKJC_EN,Luxembourg,luxembourg,1.000,CONFIRMED_EVENT,2026-09-25T09:43:21+08:00,2026-09-26T09:48:00+08:00,FB5754
hkjc:50001972,HKJC_ZH,盧森堡,盧森堡,1.000,CONFIRMED_EVENT,2026-09-26T09:48:00+08:00,2026-09-26T09:48:00+08:00,FB5754
hkjc:50001973,HKJC_EN,Luxembourg U21,luxembourg u21,1.000,CONFIRMED_EVENT,2026-09-25T09:43:21+08:00,2026-09-25T09:43:21+08:00,FB5756
hkjc:50001984,FOREBET,MVV Maastricht,mvv maastricht,1.000,CONFIRMED_EVENT,2026-09-26T09:48:00+08:00,2026-09-26T09:48:00+08:00,FB5733
hkjc:50001984,HKJC_EN,Maastricht,maastricht,1.000,CONFIRMED_EVENT,2026-09-25T09:43:21+08:00,2026-09-26T09:48:00+08:00,FB5733
hkjc:50001984,HKJC_ZH,馬斯特里赫特,馬斯特里赫特,1.000,CONFIRMED_EVENT,2026-09-26T09:48:00+08:00,2026-09-26T09:48:00+08:00,FB5733
hkjc:50001992,FOREBET,Machida Zelvia,machida zelvia,1.000,CONFIRMED_EVENT,2026-09-20T15:10:24+08:00,2026-09-20T15:10:24+08:00,FB5426
hkjc:50001992,HKJC_EN,Machida Zelvia,machida zelvia,1.000,CONFIRMED_EVENT,2026-09-20T15:10:24+08:00,2026-09-20T15:10:24+08:00,FB5426
hkjc:50001992,HKJC_ZH,町田澤維亞,町田澤維亞,1.000,CONFIRMED_EVENT,2026-09-20T15:10:24+08:00,2026-09-20T15:10:24+08:00,FB5426
hkjc:50001993,HKJC_EN,Madagascar,madagascar,1.000,CONFIRMED_EVENT,2026-09-25T09:43:21+08:00,2026-09-25T09:43:21+08:00,FB5746
hkjc:50002002,FOREBET,Málaga CF,malaga cf,1.000,CONFIRMED_EVENT,2026-09-20T15:10:24+08:00,2026-09-20T15:10:24+08:00,FB5486
hkjc:50002002,HKJC_EN,Malaga,malaga,1.000,CONFIRMED_EVENT,2026-09-20T15:10:24+08:00,2026-09-20T15:10:24+08:00,FB5486
hkjc:50002002,HKJC_ZH,馬拉加,馬拉加,1.000,CONFIRMED_EVENT,2026-09-20T15:10:24+08:00,2026-09-20T15:10:24+08:00,FB5486
hkjc:50002004,HKJC_EN,Malawi,malawi,1.000,CONFIRMED_EVENT,2026-09-25T09:43:21+08:00,2026-09-25T09:43:21+08:00,FB5761
hkjc:50002005,HKJC_EN,Malaysia,malaysia,1.000,CONFIRMED_EVENT,2026-09-25T09:43:21+08:00,2026-09-25T09:43:21+08:00,FB5785
hkjc:50002009,HKJC_EN,Maldives,maldives,1.000,CONFIRMED_EVENT,2026-09-24T11:14:49+08:00,2026-09-24T11:14:49+08:00,FB5661
hkjc:50002012,HKJC_EN,Mali,mali,1.000,CONFIRMED_EVENT,2026-09-25T09:43:21+08:00,2026-09-25T09:43:21+08:00,FB5759
hkjc:50002016,FOREBET,Real Mallorca,real mallorca,1.000,CONFIRMED_EVENT,2026-09-26T09:48:00+08:00,2026-09-26T09:48:00+08:00,FB5798
hkjc:50002016,HKJC_EN,Mallorca,mallorca,1.000,CONFIRMED_EVENT,2026-09-25T09:43:21+08:00,2026-09-26T09:48:00+08:00,FB5798
hkjc:50002016,HKJC_ZH,馬略卡,馬略卡,1.000,CONFIRMED_EVENT,2026-09-26T09:48:00+08:00,2026-09-26T09:48:00+08:00,FB5798
hkjc:50002023,FOREBET,Manchester City,manchester city,1.000,CONFIRMED_EVENT,2026-09-20T15:10:24+08:00,2026-09-20T15:10:24+08:00,FB5439
hkjc:50002023,HKJC_EN,Manchester City,manchester city,1.000,CONFIRMED_EVENT,2026-09-20T15:10:24+08:00,2026-09-20T15:10:24+08:00,FB5439
hkjc:50002023,HKJC_ZH,曼城,曼城,1.000,CONFIRMED_EVENT,2026-09-20T15:10:24+08:00,2026-09-20T15:10:24+08:00,FB5439
hkjc:50002035,FOREBET,Manchester United,manchester united,1.000,CONFIRMED_EVENT,2026-09-20T15:10:24+08:00,2026-09-20T15:10:24+08:00,FB5339
hkjc:50002035,HKJC_EN,Manchester Utd,manchester utd,1.000,CONFIRMED_EVENT,2026-09-20T15:10:24+08:00,2026-09-20T15:10:24+08:00,FB5339
hkjc:50002035,HKJC_ZH,曼聯,曼聯,1.000,CONFIRMED_EVENT,2026-09-20T15:10:24+08:00,2026-09-20T15:10:24+08:00,FB5339
hkjc:50002057,FOREBET,Olympique Marseille,olympique marseille,1.000,CONFIRMED_EVENT,2026-09-20T15:10:24+08:00,2026-09-20T15:10:24+08:00,FB5440
hkjc:50002057,HKJC_EN,Marseille,marseille,1.000,CONFIRMED_EVENT,2026-09-20T15:10:24+08:00,2026-09-20T15:10:24+08:00,FB5440
hkjc:50002057,HKJC_ZH,馬賽,馬賽,1.000,CONFIRMED_EVENT,2026-09-20T15:10:24+08:00,2026-09-20T15:10:24+08:00,FB5440
hkjc:50002059,FOREBET,Martinique,martinique,1.000,CONFIRMED_EVENT,2026-09-26T09:48:00+08:00,2026-09-26T09:48:00+08:00,FB5807
hkjc:50002059,HKJC_EN,Martinique,martinique,1.000,CONFIRMED_EVENT,2026-09-25T09:43:21+08:00,2026-09-26T09:48:00+08:00,FB5807
hkjc:50002059,HKJC_ZH,馬提尼克,馬提尼克,1.000,CONFIRMED_EVENT,2026-09-26T09:48:00+08:00,2026-09-26T09:48:00+08:00,FB5807
hkjc:50002063,FOREBET,Mauritania,mauritania,0.980,CONFIRMED_EVENT,2026-09-24T11:14:49+08:00,2026-09-24T11:14:49+08:00,FB5693
hkjc:50002063,HKJC_EN,Mauritania,mauritania,1.000,CONFIRMED_EVENT,2026-09-24T11:14:49+08:00,2026-09-24T11:14:49+08:00,FB5693
hkjc:50002063,HKJC_ZH,毛里塔尼亞,毛里塔尼亞,1.000,CONFIRMED_EVENT,2026-09-24T11:14:49+08:00,2026-09-24T11:14:49+08:00,FB5693
hkjc:50002084,HKJC_EN,Mexico,mexico,1.000,CONFIRMED_EVENT,2026-09-26T09:48:00+08:00,2026-09-26T09:48:00+08:00,FB5873
hkjc:50002123,FOREBET,Zacatecas,zacatecas,1.000,CONFIRMED_EVENT,2026-09-24T11:14:49+08:00,2026-09-25T09:43:21+08:00,FB5673
hkjc:50002123,HKJC_EN,Mineros Zacatecas,mineros zacatecas,1.000,CONFIRMED_EVENT,2026-09-24T11:14:49+08:00,2026-09-25T09:43:21+08:00,FB5673
hkjc:50002123,HKJC_ZH,薩卡特卡斯,薩卡特卡斯,1.000,CONFIRMED_EVENT,2026-09-24T11:14:49+08:00,2026-09-25T09:43:21+08:00,FB5673
hkjc:50002125,FOREBET,Minnesota United,minnesota united,1.000,CONFIRMED_EVENT,2026-09-26T09:48:00+08:00,2026-09-26T09:48:00+08:00,FB5830
hkjc:50002125,HKJC_EN,Minnesota Utd,minnesota utd,1.000,CONFIRMED_EVENT,2026-09-20T15:10:24+08:00,2026-09-26T09:48:00+08:00,FB5830
hkjc:50002125,HKJC_ZH,明尼蘇達聯,明尼蘇達聯,1.000,CONFIRMED_EVENT,2026-09-26T09:48:00+08:00,2026-09-26T09:48:00+08:00,FB5830
hkjc:50002129,FOREBET,Mjällby AIF,mjallby aif,1.000,CONFIRMED_EVENT,2026-09-20T15:10:24+08:00,2026-09-20T15:10:24+08:00,FB5554
hkjc:50002129,HKJC_EN,Mjallby,mjallby,1.000,CONFIRMED_EVENT,2026-09-20T15:10:24+08:00,2026-09-20T15:10:24+08:00,FB5554
hkjc:50002129,HKJC_ZH,米贊比,米贊比,1.000,CONFIRMED_EVENT,2026-09-20T15:10:24+08:00,2026-09-20T15:10:24+08:00,FB5554
hkjc:50002138,FOREBET,Moldova,moldova,1.000,CONFIRMED_EVENT,2026-09-26T09:48:00+08:00,2026-09-26T09:48:00+08:00,FB5755
hkjc:50002138,HKJC_EN,Moldova,moldova,1.000,CONFIRMED_EVENT,2026-09-25T09:43:21+08:00,2026-09-26T09:48:00+08:00,FB5755
hkjc:50002138,HKJC_ZH,摩爾多瓦,摩爾多瓦,1.000,CONFIRMED_EVENT,2026-09-26T09:48:00+08:00,2026-09-26T09:48:00+08:00,FB5755
hkjc:50002148,FOREBET,Montedio Yamagata,montedio yamagata,1.000,CONFIRMED_EVENT,2026-09-26T09:48:00+08:00,2026-09-26T09:48:00+08:00,FB5725
hkjc:50002148,HKJC_EN,Montedio Yamagata,montedio yamagata,1.000,CONFIRMED_EVENT,2026-09-25T09:43:21+08:00,2026-09-26T09:48:00+08:00,FB5725
hkjc:50002148,HKJC_ZH,山形山神,山形山神,1.000,CONFIRMED_EVENT,2026-09-26T09:48:00+08:00,2026-09-26T09:48:00+08:00,FB5725
hkjc:50002150,FOREBET,Montenegro,montenegro,1.000,CONFIRMED_EVENT,2026-09-25T09:43:21+08:00,2026-09-25T09:43:21+08:00,FB5711
hkjc:50002150,HKJC_EN,Montenegro,montenegro,1.000,CONFIRMED_EVENT,2026-09-25T09:43:21+08:00,2026-09-25T09:43:21+08:00,FB5711
hkjc:50002150,HKJC_ZH,黑山,黑山,1.000,CONFIRMED_EVENT,2026-09-25T09:43:21+08:00,2026-09-25T09:43:21+08:00,FB5711
hkjc:50002152,FOREBET,CF Monterrey,cf monterrey,1.000,CONFIRMED_EVENT,2026-09-25T09:43:21+08:00,2026-09-26T09:48:00+08:00,FB5718
hkjc:50002152,HKJC_EN,Monterrey,monterrey,1.000,CONFIRMED_EVENT,2026-09-20T15:10:24+08:00,2026-09-26T09:48:00+08:00,FB5718
hkjc:50002152,HKJC_ZH,蒙特雷,蒙特雷,1.000,CONFIRMED_EVENT,2026-09-25T09:43:21+08:00,2026-09-26T09:48:00+08:00,FB5718
hkjc:50002153,HKJC_EN,Montevideo City Torque,montevideo city torque,1.000,CONFIRMED_EVENT,2026-09-20T15:10:24+08:00,2026-09-20T15:10:24+08:00,FB5442
hkjc:50002154,HKJC_EN,Montevideo Liverpool,montevideo liverpool,1.000,CONFIRMED_EVENT,2026-09-20T15:10:24+08:00,2026-09-26T09:48:00+08:00,FB5816
hkjc:50002155,FOREBET,Nacional (URU),nacional uru,0.980,CONFIRMED_EVENT,2026-09-20T15:10:24+08:00,2026-09-20T15:10:24+08:00,FB5307
hkjc:50002155,HKJC_EN,Montevideo Nacional,montevideo nacional,1.000,CONFIRMED_EVENT,2026-09-20T15:10:24+08:00,2026-09-20T15:10:24+08:00,FB5307
hkjc:50002155,HKJC_ZH,蒙特維多國民隊,蒙特維多國民隊,1.000,CONFIRMED_EVENT,2026-09-20T15:10:24+08:00,2026-09-20T15:10:24+08:00,FB5307
hkjc:50002157,HKJC_EN,Montevideo Wanderers,montevideo wanderers,1.000,CONFIRMED_EVENT,2026-09-26T09:48:00+08:00,2026-09-26T09:48:00+08:00,FB5812
hkjc:50002166,HKJC_EN,Moreirense,moreirense,1.000,CONFIRMED_EVENT,2026-09-20T15:10:24+08:00,2026-09-20T15:10:24+08:00,FB5400
hkjc:50002168,HKJC_EN,Morocco,morocco,1.000,CONFIRMED_EVENT,2026-09-25T09:43:21+08:00,2026-09-25T09:43:21+08:00,FB5788
hkjc:50002183,HKJC_EN,Mozambique,mozambique,1.000,CONFIRMED_EVENT,2026-09-25T09:43:21+08:00,2026-09-25T09:43:21+08:00,FB5791
hkjc:50002197,FOREBET,NAC Breda,nac breda,1.000,CONFIRMED_EVENT,2026-09-20T15:10:24+08:00,2026-09-26T09:48:00+08:00,FB5736
hkjc:50002197,HKJC_EN,NAC,nac,1.000,CONFIRMED_EVENT,2026-09-20T15:10:24+08:00,2026-09-26T09:48:00+08:00,FB5736
hkjc:50002197,HKJC_ZH,NAC,NAC,1.000,CONFIRMED_EVENT,2026-09-20T15:10:24+08:00,2026-09-26T09:48:00+08:00,FB5736
hkjc:50002198,FOREBET,Nijmegen,nijmegen,1.000,CONFIRMED_EVENT,2026-09-20T15:10:24+08:00,2026-09-20T15:10:24+08:00,FB5491
hkjc:50002198,HKJC_EN,NEC Nijmegen,nec nijmegen,1.000,CONFIRMED_EVENT,2026-09-20T15:10:24+08:00,2026-09-20T15:10:24+08:00,FB5491
hkjc:50002198,HKJC_ZH,奈梅亨,奈梅亨,1.000,CONFIRMED_EVENT,2026-09-20T15:10:24+08:00,2026-09-20T15:10:24+08:00,FB5491
hkjc:50002207,FOREBET,Namibia,namibia,1.000,CONFIRMED_EVENT,2026-09-24T11:14:49+08:00,2026-09-24T11:14:49+08:00,FB5691
hkjc:50002207,HKJC_EN,Namibia,namibia,1.000,CONFIRMED_EVENT,2026-09-24T11:14:49+08:00,2026-09-24T11:14:49+08:00,FB5691
hkjc:50002207,HKJC_ZH,納米比亞,納米比亞,1.000,CONFIRMED_EVENT,2026-09-24T11:14:49+08:00,2026-09-24T11:14:49+08:00,FB5691
hkjc:50002210,FOREBET,Napoli,napoli,1.000,CONFIRMED_EVENT,2026-09-20T15:10:24+08:00,2026-09-20T15:10:24+08:00,FB5376
hkjc:50002210,HKJC_EN,Napoli,napoli,1.000,CONFIRMED_EVENT,2026-09-20T15:10:24+08:00,2026-09-20T15:10:24+08:00,FB5376
hkjc:50002210,HKJC_ZH,拿玻里,拿玻里,1.000,CONFIRMED_EVENT,2026-09-20T15:10:24+08:00,2026-09-20T15:10:24+08:00,FB5376
hkjc:50002213,FOREBET,Nashville SC,nashville sc,1.000,CONFIRMED_EVENT,2026-09-26T09:48:00+08:00,2026-09-26T09:48:00+08:00,FB5819
hkjc:50002213,HKJC_EN,Nashville SC,nashville sc,1.000,CONFIRMED_EVENT,2026-09-20T15:10:24+08:00,2026-09-26T09:48:00+08:00,FB5819
hkjc:50002213,HKJC_ZH,拿舒維爾,拿舒維爾,1.000,CONFIRMED_EVENT,2026-09-26T09:48:00+08:00,2026-09-26T09:48:00+08:00,FB5819
hkjc:50002214,FOREBET,Nautico,nautico,1.000,CONFIRMED_EVENT,2026-09-26T09:48:00+08:00,2026-09-26T09:48:00+08:00,FB5855
hkjc:50002214,HKJC_EN,Nautico Recife,nautico recife,1.000,CONFIRMED_EVENT,2026-09-20T15:10:24+08:00,2026-09-26T09:48:00+08:00,FB5855
hkjc:50002214,HKJC_ZH,紐迪高,紐迪高,1.000,CONFIRMED_EVENT,2026-09-26T09:48:00+08:00,2026-09-26T09:48:00+08:00,FB5855
hkjc:50002217,HKJC_EN,Necaxa,necaxa,1.000,CONFIRMED_EVENT,2026-09-20T15:10:24+08:00,2026-09-26T09:48:00+08:00,FB5833
hkjc:50002222,FOREBET,Netherlands,netherlands,1.000,CONFIRMED_EVENT,2026-09-24T11:14:49+08:00,2026-09-26T09:48:00+08:00,FB5888
hkjc:50002222,HKJC_EN,Netherlands,netherlands,1.000,CONFIRMED_EVENT,2026-09-24T11:14:49+08:00,2026-09-26T09:48:00+08:00,FB5888
hkjc:50002222,HKJC_ZH,荷蘭,荷蘭,1.000,CONFIRMED_EVENT,2026-09-24T11:14:49+08:00,2026-09-26T09:48:00+08:00,FB5888
hkjc:50002225,HKJC_EN,Netherlands U21,netherlands u21,1.000,CONFIRMED_EVENT,2026-09-25T09:43:21+08:00,2026-09-25T09:43:21+08:00,FB5724
hkjc:50002244,FOREBET,New England Revolution,new england revolution,1.000,CONFIRMED_EVENT,2026-09-26T09:48:00+08:00,2026-09-26T09:48:00+08:00,FB5827
hkjc:50002244,HKJC_EN,New England Revolution,new england revolution,1.000,CONFIRMED_EVENT,2026-09-26T09:48:00+08:00,2026-09-26T09:48:00+08:00,FB5827
hkjc:50002244,HKJC_ZH,新英倫革命,新英倫革命,1.000,CONFIRMED_EVENT,2026-09-26T09:48:00+08:00,2026-09-26T09:48:00+08:00,FB5827
hkjc:50002245,FOREBET,New York City FC,new york city fc,1.000,CONFIRMED_EVENT,2026-09-26T09:48:00+08:00,2026-09-26T09:48:00+08:00,FB5820
hkjc:50002245,HKJC_EN,New York City,new york city,1.000,CONFIRMED_EVENT,2026-09-26T09:48:00+08:00,2026-09-26T09:48:00+08:00,FB5820
hkjc:50002245,HKJC_ZH,紐約城,紐約城,1.000,CONFIRMED_EVENT,2026-09-26T09:48:00+08:00,2026-09-26T09:48:00+08:00,FB5820
hkjc:50002247,FOREBET,New York Red Bulls,new york red bulls,1.000,CONFIRMED_EVENT,2026-09-26T09:48:00+08:00,2026-09-26T09:48:00+08:00,FB5818
hkjc:50002247,HKJC_EN,New York Red Bulls,new york red bulls,1.000,CONFIRMED_EVENT,2026-09-26T09:48:00+08:00,2026-09-26T09:48:00+08:00,FB5818
hkjc:50002247,HKJC_ZH,紐約紅牛,紐約紅牛,1.000,CONFIRMED_EVENT,2026-09-26T09:48:00+08:00,2026-09-26T09:48:00+08:00,FB5818
hkjc:50002248,HKJC_EN,New Zealand,new zealand,1.000,CONFIRMED_EVENT,2026-09-24T11:14:49+08:00,2026-09-24T11:14:49+08:00,FB5697
hkjc:50002255,HKJC_EN,Newell's Old Boys,newell s old boys,1.000,CONFIRMED_EVENT,2026-09-20T15:10:24+08:00,2026-09-20T15:10:24+08:00,FB5505
hkjc:50002256,FOREBET,Newport County,newport county,1.000,CONFIRMED_EVENT,2026-09-26T09:48:00+08:00,2026-09-26T09:48:00+08:00,FB5772
hkjc:50002256,HKJC_EN,Newport County,newport county,1.000,CONFIRMED_EVENT,2026-09-25T09:43:21+08:00,2026-09-26T09:48:00+08:00,FB5772
hkjc:50002256,HKJC_ZH,紐波特郡,紐波特郡,1.000,CONFIRMED_EVENT,2026-09-26T09:48:00+08:00,2026-09-26T09:48:00+08:00,FB5772
hkjc:50002258,FOREBET,Nicaragua,nicaragua,0.980,CONFIRMED_EVENT,2026-09-24T11:14:49+08:00,2026-09-24T11:14:49+08:00,FB5700
hkjc:50002258,HKJC_EN,Nicaragua,nicaragua,1.000,CONFIRMED_EVENT,2026-09-24T11:14:49+08:00,2026-09-24T11:14:49+08:00,FB5700
hkjc:50002258,HKJC_ZH,尼加拉瓜,尼加拉瓜,1.000,CONFIRMED_EVENT,2026-09-24T11:14:49+08:00,2026-09-24T11:14:49+08:00,FB5700
hkjc:50002259,FOREBET,Nice,nice,1.000,CONFIRMED_EVENT,2026-09-20T15:10:24+08:00,2026-09-20T15:10:24+08:00,FB5369
hkjc:50002259,HKJC_EN,Nice,nice,1.000,CONFIRMED_EVENT,2026-09-20T15:10:24+08:00,2026-09-20T15:10:24+08:00,FB5369
hkjc:50002259,HKJC_ZH,尼斯,尼斯,1.000,CONFIRMED_EVENT,2026-09-20T15:10:24+08:00,2026-09-20T15:10:24+08:00,FB5369
hkjc:50002260,HKJC_EN,Niger,niger,1.000,CONFIRMED_EVENT,2026-09-25T09:43:21+08:00,2026-09-25T09:43:21+08:00,FB5757
hkjc:50002261,HKJC_EN,Nigeria,nigeria,1.000,CONFIRMED_EVENT,2026-09-25T09:43:21+08:00,2026-09-25T09:43:21+08:00,FB5746
hkjc:50002265,HKJC_EN,Nigeria Women U20,nigeria women u20,1.000,CONFIRMED_EVENT,2026-09-20T15:10:24+08:00,2026-09-20T15:10:24+08:00,FB5566
hkjc:50002285,FOREBET,FC Nordsjælland,fc nordsj lland,0.920,CONFIRMED_EVENT,2026-09-20T15:10:24+08:00,2026-09-20T15:10:24+08:00,FB5406
hkjc:50002285,HKJC_EN,Nordsjaelland,nordsjaelland,1.000,CONFIRMED_EVENT,2026-09-20T15:10:24+08:00,2026-09-20T15:10:24+08:00,FB5406
hkjc:50002285,HKJC_ZH,洛斯查蘭特,洛斯查蘭特,1.000,CONFIRMED_EVENT,2026-09-20T15:10:24+08:00,2026-09-20T15:10:24+08:00,FB5406
hkjc:50002287,FOREBET,North Macedonia,north macedonia,1.000,CONFIRMED_EVENT,2026-09-26T09:48:00+08:00,2026-09-26T09:48:00+08:00,FB5752
hkjc:50002287,HKJC_EN,North Macedonia,north macedonia,1.000,CONFIRMED_EVENT,2026-09-25T09:43:21+08:00,2026-09-26T09:48:00+08:00,FB5752
hkjc:50002287,HKJC_ZH,北馬其頓,北馬其頓,1.000,CONFIRMED_EVENT,2026-09-26T09:48:00+08:00,2026-09-26T09:48:00+08:00,FB5752
hkjc:50002291,FOREBET,N. Ireland,n ireland,0.980,CONFIRMED_EVENT,2026-09-25T09:43:21+08:00,2026-09-25T09:43:21+08:00,FB5715
hkjc:50002291,HKJC_EN,Northern Ireland,northern ireland,1.000,CONFIRMED_EVENT,2026-09-25T09:43:21+08:00,2026-09-25T09:43:21+08:00,FB5715
hkjc:50002291,HKJC_ZH,北愛爾蘭,北愛爾蘭,1.000,CONFIRMED_EVENT,2026-09-25T09:43:21+08:00,2026-09-25T09:43:21+08:00,FB5715
hkjc:50002295,FOREBET,Norway,norway,1.000,CONFIRMED_EVENT,2026-09-24T11:14:49+08:00,2026-09-26T09:48:00+08:00,FB5891
hkjc:50002295,HKJC_EN,Norway,norway,1.000,CONFIRMED_EVENT,2026-09-24T11:14:49+08:00,2026-09-26T09:48:00+08:00,FB5891
hkjc:50002295,HKJC_ZH,挪威,挪威,1.000,CONFIRMED_EVENT,2026-09-24T11:14:49+08:00,2026-09-26T09:48:00+08:00,FB5891
hkjc:50002297,HKJC_EN,Norway U21,norway u21,1.000,CONFIRMED_EVENT,2026-09-25T09:43:21+08:00,2026-09-25T09:43:21+08:00,FB5724
hkjc:50002299,FOREBET,Norwich City,norwich city,1.000,CONFIRMED_EVENT,2026-09-20T15:10:24+08:00,2026-09-20T15:10:24+08:00,FB5537
hkjc:50002299,HKJC_EN,Norwich,norwich,1.000,CONFIRMED_EVENT,2026-09-20T15:10:24+08:00,2026-09-20T15:10:24+08:00,FB5537
hkjc:50002299,HKJC_ZH,諾域治,諾域治,1.000,CONFIRMED_EVENT,2026-09-20T15:10:24+08:00,2026-09-20T15:10:24+08:00,FB5537
hkjc:50002305,FOREBET,Novorizontino SP,novorizontino sp,1.000,CONFIRMED_EVENT,2026-09-25T09:43:21+08:00,2026-09-25T09:43:21+08:00,FB5705
hkjc:50002305,HKJC_EN,Novorizontino,novorizontino,1.000,CONFIRMED_EVENT,2026-09-24T11:14:49+08:00,2026-09-25T09:43:21+08:00,FB5705
hkjc:50002305,HKJC_ZH,路禾利桑天奴,路禾利桑天奴,1.000,CONFIRMED_EVENT,2026-09-25T09:43:21+08:00,2026-09-25T09:43:21+08:00,FB5705
hkjc:50002311,FOREBET,O Higgins,o higgins,1.000,CONFIRMED_EVENT,2026-09-24T11:14:49+08:00,2026-09-26T09:48:00+08:00,FB5838
hkjc:50002311,HKJC_EN,O'Higgins,o higgins,1.000,CONFIRMED_EVENT,2026-09-24T11:14:49+08:00,2026-09-26T09:48:00+08:00,FB5838
hkjc:50002311,HKJC_ZH,奧希金斯,奧希金斯,1.000,CONFIRMED_EVENT,2026-09-24T11:14:49+08:00,2026-09-26T09:48:00+08:00,FB5838
hkjc:50002315,FOREBET,Alebrijes de Oaxaca,alebrijes de oaxaca,1.000,CONFIRMED_EVENT,2026-09-24T11:14:49+08:00,2026-09-25T09:43:21+08:00,FB5674
hkjc:50002315,HKJC_EN,Oaxaca,oaxaca,1.000,CONFIRMED_EVENT,2026-09-20T15:10:24+08:00,2026-09-25T09:43:21+08:00,FB5674
hkjc:50002315,HKJC_ZH,奧沙卡,奧沙卡,1.000,CONFIRMED_EVENT,2026-09-24T11:14:49+08:00,2026-09-25T09:43:21+08:00,FB5674
hkjc:50002324,FOREBET,Oita Trinita,oita trinita,1.000,CONFIRMED_EVENT,2026-09-26T09:48:00+08:00,2026-09-26T09:48:00+08:00,FB5727
hkjc:50002324,HKJC_EN,Oita Trinita,oita trinita,1.000,CONFIRMED_EVENT,2026-09-25T09:43:21+08:00,2026-09-26T09:48:00+08:00,FB5727
hkjc:50002324,HKJC_ZH,大分三神,大分三神,1.000,CONFIRMED_EVENT,2026-09-26T09:48:00+08:00,2026-09-26T09:48:00+08:00,FB5727
hkjc:50002326,FOREBET,Oldham Athletic,oldham athletic,1.000,CONFIRMED_EVENT,2026-09-26T09:48:00+08:00,2026-09-26T09:48:00+08:00,FB5780
hkjc:50002326,HKJC_EN,Oldham,oldham,1.000,CONFIRMED_EVENT,2026-09-25T09:43:21+08:00,2026-09-26T09:48:00+08:00,FB5780
hkjc:50002326,HKJC_ZH,奧咸,奧咸,1.000,CONFIRMED_EVENT,2026-09-26T09:48:00+08:00,2026-09-26T09:48:00+08:00,FB5780
hkjc:50002340,HKJC_EN,Oman,oman,1.000,CONFIRMED_EVENT,2026-09-26T09:48:00+08:00,2026-09-26T09:48:00+08:00,FB5864
hkjc:50002343,FOREBET,Omiya Ardija,omiya ardija,1.000,CONFIRMED_EVENT,2026-09-26T09:48:00+08:00,2026-09-26T09:48:00+08:00,FB5730
hkjc:50002343,HKJC_EN,RB Omiya Ardija,rb omiya ardija,1.000,CONFIRMED_EVENT,2026-09-25T09:43:21+08:00,2026-09-26T09:48:00+08:00,FB5730
hkjc:50002343,HKJC_ZH,RB大宮松鼠,RB大宮松鼠,1.000,CONFIRMED_EVENT,2026-09-26T09:48:00+08:00,2026-09-26T09:48:00+08:00,FB5730
hkjc:50002347,FOREBET,Operário PR,operario pr,1.000,CONFIRMED_EVENT,2026-09-26T09:48:00+08:00,2026-09-26T09:48:00+08:00,FB5842
hkjc:50002347,HKJC_EN,Operario Ferroviario,operario ferroviario,1.000,CONFIRMED_EVENT,2026-09-20T15:10:24+08:00,2026-09-26T09:48:00+08:00,FB5842
hkjc:50002347,HKJC_ZH,奧柏拉里奧,奧柏拉里奧,1.000,CONFIRMED_EVENT,2026-09-26T09:48:00+08:00,2026-09-26T09:48:00+08:00,FB5842
hkjc:50002348,FOREBET,Orange County SC,orange county sc,1.000,CONFIRMED_EVENT,2026-09-26T09:48:00+08:00,2026-09-26T09:48:00+08:00,FB5789
hkjc:50002348,HKJC_EN,Orange County SC,orange county sc,1.000,CONFIRMED_EVENT,2026-09-25T09:43:21+08:00,2026-09-26T09:48:00+08:00,FB5789
hkjc:50002348,HKJC_ZH,SC奧蘭治郡,SC奧蘭治郡,1.000,CONFIRMED_EVENT,2026-09-26T09:48:00+08:00,2026-09-26T09:48:00+08:00,FB5789
hkjc:50002354,FOREBET,Orlando City SC,orlando city sc,1.000,CONFIRMED_EVENT,2026-09-26T09:48:00+08:00,2026-09-26T09:48:00+08:00,FB5822
hkjc:50002354,HKJC_EN,Orlando City,orlando city,1.000,CONFIRMED_EVENT,2026-09-26T09:48:00+08:00,2026-09-26T09:48:00+08:00,FB5822
hkjc:50002354,HKJC_ZH,奧蘭多城,奧蘭多城,1.000,CONFIRMED_EVENT,2026-09-26T09:48:00+08:00,2026-09-26T09:48:00+08:00,FB5822
hkjc:50002361,FOREBET,TOP Oss,top oss,1.000,CONFIRMED_EVENT,2026-09-26T09:48:00+08:00,2026-09-26T09:48:00+08:00,FB5732
hkjc:50002361,HKJC_EN,Oss,oss,1.000,CONFIRMED_EVENT,2026-09-25T09:43:21+08:00,2026-09-26T09:48:00+08:00,FB5732
hkjc:50002361,HKJC_ZH,奧斯,奧斯,1.000,CONFIRMED_EVENT,2026-09-26T09:48:00+08:00,2026-09-26T09:48:00+08:00,FB5732
hkjc:50002367,FOREBET,Real Oviedo,real oviedo,1.000,CONFIRMED_EVENT,2026-09-26T09:48:00+08:00,2026-09-26T09:48:00+08:00,FB5801
hkjc:50002367,HKJC_EN,Oviedo,oviedo,1.000,CONFIRMED_EVENT,2026-09-25T09:43:21+08:00,2026-09-26T09:48:00+08:00,FB5801
hkjc:50002367,HKJC_ZH,奧維多,奧維多,1.000,CONFIRMED_EVENT,2026-09-26T09:48:00+08:00,2026-09-26T09:48:00+08:00,FB5801
hkjc:50002380,FOREBET,PSV Eindhoven,psv eindhoven,1.000,CONFIRMED_EVENT,2026-09-20T15:10:24+08:00,2026-09-20T15:10:24+08:00,FB5360
hkjc:50002380,HKJC_EN,PSV Eindhoven,psv eindhoven,1.000,CONFIRMED_EVENT,2026-09-20T15:10:24+08:00,2026-09-20T15:10:24+08:00,FB5360
hkjc:50002380,HKJC_ZH,燕豪芬,燕豪芬,1.000,CONFIRMED_EVENT,2026-09-20T15:10:24+08:00,2026-09-20T15:10:24+08:00,FB5360
hkjc:50002381,FOREBET,Pachuca CF,pachuca cf,1.000,CONFIRMED_EVENT,2026-09-26T09:48:00+08:00,2026-09-26T09:48:00+08:00,FB5837
hkjc:50002381,HKJC_EN,Pachuca,pachuca,1.000,CONFIRMED_EVENT,2026-09-20T15:10:24+08:00,2026-09-26T09:48:00+08:00,FB5837
hkjc:50002381,HKJC_ZH,帕丘卡,帕丘卡,1.000,CONFIRMED_EVENT,2026-09-26T09:48:00+08:00,2026-09-26T09:48:00+08:00,FB5837
hkjc:50002383,FOREBET,Paderborn,paderborn,1.000,CONFIRMED_EVENT,2026-09-20T15:10:24+08:00,2026-09-20T15:10:24+08:00,FB5511
hkjc:50002383,HKJC_EN,Paderborn,paderborn,1.000,CONFIRMED_EVENT,2026-09-20T15:10:24+08:00,2026-09-20T15:10:24+08:00,FB5511
hkjc:50002383,HKJC_ZH,柏達邦,柏達邦,1.000,CONFIRMED_EVENT,2026-09-20T15:10:24+08:00,2026-09-20T15:10:24+08:00,FB5511
hkjc:50002387,HKJC_EN,Pakistan,pakistan,1.000,CONFIRMED_EVENT,2026-09-26T09:48:00+08:00,2026-09-26T09:48:00+08:00,FB5867
hkjc:50002391,HKJC_EN,Palestine,palestine,1.000,CONFIRMED_EVENT,2026-09-24T11:14:49+08:00,2026-09-24T11:14:49+08:00,FB5697
hkjc:50002396,FOREBET,Palmeiras,palmeiras,1.000,CONFIRMED_EVENT,2026-09-20T15:10:24+08:00,2026-09-20T15:10:24+08:00,FB5469
hkjc:50002396,HKJC_EN,Palmeiras,palmeiras,1.000,CONFIRMED_EVENT,2026-09-20T15:10:24+08:00,2026-09-20T15:10:24+08:00,FB5469
hkjc:50002396,HKJC_ZH,彭美拉斯,彭美拉斯,1.000,CONFIRMED_EVENT,2026-09-20T15:10:24+08:00,2026-09-20T15:10:24+08:00,FB5469
hkjc:50002398,HKJC_EN,Panama,panama,1.000,CONFIRMED_EVENT,2026-09-25T09:43:21+08:00,2026-09-25T09:43:21+08:00,FB5787
hkjc:50002420,FOREBET,PSG,psg,1.000,CONFIRMED_EVENT,2026-09-20T15:10:24+08:00,2026-09-20T15:10:24+08:00,FB5440
hkjc:50002420,HKJC_EN,Paris Saint Germain,paris saint germain,1.000,CONFIRMED_EVENT,2026-09-20T15:10:24+08:00,2026-09-20T15:10:24+08:00,FB5440
hkjc:50002420,HKJC_ZH,巴黎聖日耳門,巴黎聖日耳門,1.000,CONFIRMED_EVENT,2026-09-20T15:10:24+08:00,2026-09-20T15:10:24+08:00,FB5440
hkjc:50002421,FOREBET,Parma,parma,1.000,CONFIRMED_EVENT,2026-09-20T15:10:24+08:00,2026-09-20T15:10:24+08:00,FB5377
hkjc:50002421,HKJC_EN,Parma,parma,1.000,CONFIRMED_EVENT,2026-09-20T15:10:24+08:00,2026-09-20T15:10:24+08:00,FB5377
hkjc:50002421,HKJC_ZH,帕爾馬,帕爾馬,1.000,CONFIRMED_EVENT,2026-09-20T15:10:24+08:00,2026-09-20T15:10:24+08:00,FB5377
hkjc:50002435,FOREBET,Peñarol,penarol,1.000,CONFIRMED_EVENT,2026-09-26T09:48:00+08:00,2026-09-26T09:48:00+08:00,FB5817
hkjc:50002435,HKJC_EN,Penarol,penarol,1.000,CONFIRMED_EVENT,2026-09-26T09:48:00+08:00,2026-09-26T09:48:00+08:00,FB5817
hkjc:50002435,HKJC_ZH,彭拿路,彭拿路,1.000,CONFIRMED_EVENT,2026-09-26T09:48:00+08:00,2026-09-26T09:48:00+08:00,FB5817
hkjc:50002443,HKJC_EN,Peru,peru,1.000,CONFIRMED_EVENT,2026-09-26T09:48:00+08:00,2026-09-26T09:48:00+08:00,FB5874
hkjc:50002449,FOREBET,Peterborough,peterborough,1.000,CONFIRMED_EVENT,2026-09-26T09:48:00+08:00,2026-09-26T09:48:00+08:00,FB5768
hkjc:50002449,HKJC_EN,Peterborough,peterborough,1.000,CONFIRMED_EVENT,2026-09-25T09:43:21+08:00,2026-09-26T09:48:00+08:00,FB5768
hkjc:50002449,HKJC_ZH,彼德堡,彼德堡,1.000,CONFIRMED_EVENT,2026-09-26T09:48:00+08:00,2026-09-26T09:48:00+08:00,FB5768
hkjc:50002454,FOREBET,Philadelphia Union,philadelphia union,1.000,CONFIRMED_EVENT,2026-09-26T09:48:00+08:00,2026-09-26T09:48:00+08:00,FB5822
hkjc:50002454,HKJC_EN,Philadelphia Union,philadelphia union,1.000,CONFIRMED_EVENT,2026-09-20T15:10:24+08:00,2026-09-26T09:48:00+08:00,FB5822
hkjc:50002454,HKJC_ZH,費城聯,費城聯,1.000,CONFIRMED_EVENT,2026-09-26T09:48:00+08:00,2026-09-26T09:48:00+08:00,FB5822
hkjc:50002455,HKJC_EN,Philippines,philippines,1.000,CONFIRMED_EVENT,2026-09-26T09:48:00+08:00,2026-09-26T09:48:00+08:00,FB5866
hkjc:50002456,HKJC_EN,Philippines Women,philippines women,1.000,CONFIRMED_EVENT,2026-09-20T15:10:24+08:00,2026-09-25T09:43:21+08:00,FB5668
hkjc:50002461,FOREBET,Pittsburgh Riverhounds,pittsburgh riverhounds,1.000,CONFIRMED_EVENT,2026-09-26T09:48:00+08:00,2026-09-26T09:48:00+08:00,FB5789
hkjc:50002461,HKJC_EN,Pittsburgh Riverhounds,pittsburgh riverhounds,1.000,CONFIRMED_EVENT,2026-09-25T09:43:21+08:00,2026-09-26T09:48:00+08:00,FB5789
hkjc:50002461,HKJC_ZH,匹茲堡獵犬,匹茲堡獵犬,1.000,CONFIRMED_EVENT,2026-09-26T09:48:00+08:00,2026-09-26T09:48:00+08:00,FB5789
hkjc:50002466,FOREBET,Plymouth Argyle,plymouth argyle,1.000,CONFIRMED_EVENT,2026-09-26T09:48:00+08:00,2026-09-26T09:48:00+08:00,FB5771
hkjc:50002466,HKJC_EN,Plymouth,plymouth,1.000,CONFIRMED_EVENT,2026-09-25T09:43:21+08:00,2026-09-26T09:48:00+08:00,FB5771
hkjc:50002466,HKJC_ZH,普利茅夫,普利茅夫,1.000,CONFIRMED_EVENT,2026-09-26T09:48:00+08:00,2026-09-26T09:48:00+08:00,FB5771
hkjc:50002469,FOREBET,Pohang Steelers,pohang steelers,1.000,CONFIRMED_EVENT,2026-09-20T15:10:24+08:00,2026-09-20T15:10:24+08:00,FB5420
hkjc:50002469,HKJC_EN,Pohang Steelers,pohang steelers,1.000,CONFIRMED_EVENT,2026-09-20T15:10:24+08:00,2026-09-20T15:10:24+08:00,FB5420
hkjc:50002469,HKJC_ZH,浦項制鐵,浦項制鐵,1.000,CONFIRMED_EVENT,2026-09-20T15:10:24+08:00,2026-09-20T15:10:24+08:00,FB5420
hkjc:50002470,FOREBET,Poland,poland,0.950,CONFIRMED_EVENT,2026-09-25T09:43:21+08:00,2026-09-25T09:43:21+08:00,FB5713
hkjc:50002470,HKJC_EN,Poland,poland,1.000,CONFIRMED_EVENT,2026-09-25T09:43:21+08:00,2026-09-25T09:43:21+08:00,FB5713
hkjc:50002470,HKJC_ZH,波蘭,波蘭,1.000,CONFIRMED_EVENT,2026-09-25T09:43:21+08:00,2026-09-25T09:43:21+08:00,FB5713
hkjc:50002483,FOREBET,Port FC,port fc,1.000,CONFIRMED_EVENT,2026-09-20T15:10:24+08:00,2026-09-20T15:10:24+08:00,FB5428
hkjc:50002483,HKJC_EN,Port FC,port fc,1.000,CONFIRMED_EVENT,2026-09-20T15:10:24+08:00,2026-09-20T15:10:24+08:00,FB5428
hkjc:50002483,HKJC_ZH,泰港,泰港,1.000,CONFIRMED_EVENT,2026-09-20T15:10:24+08:00,2026-09-20T15:10:24+08:00,FB5428
hkjc:50002488,FOREBET,Portland Timbers,portland timbers,1.000,CONFIRMED_EVENT,2026-09-26T09:48:00+08:00,2026-09-26T09:48:00+08:00,FB5825
hkjc:50002488,HKJC_EN,Portland Timbers,portland timbers,1.000,CONFIRMED_EVENT,2026-09-20T15:10:24+08:00,2026-09-26T09:48:00+08:00,FB5825
hkjc:50002488,HKJC_ZH,波特蘭伐木者,波特蘭伐木者,1.000,CONFIRMED_EVENT,2026-09-26T09:48:00+08:00,2026-09-26T09:48:00+08:00,FB5825
hkjc:50002490,FOREBET,Porto,porto,1.000,CONFIRMED_EVENT,2026-09-20T15:10:24+08:00,2026-09-20T15:10:24+08:00,FB5399
hkjc:50002490,HKJC_EN,Porto,porto,1.000,CONFIRMED_EVENT,2026-09-20T15:10:24+08:00,2026-09-20T15:10:24+08:00,FB5399
hkjc:50002490,HKJC_ZH,波圖,波圖,1.000,CONFIRMED_EVENT,2026-09-20T15:10:24+08:00,2026-09-20T15:10:24+08:00,FB5399
hkjc:50002502,FOREBET,Portugal,portugal,1.000,CONFIRMED_EVENT,2026-09-24T11:14:49+08:00,2026-09-26T09:48:00+08:00,FB5891
hkjc:50002502,HKJC_EN,Portugal,portugal,1.000,CONFIRMED_EVENT,2026-09-24T11:14:49+08:00,2026-09-26T09:48:00+08:00,FB5891
hkjc:50002502,HKJC_ZH,葡萄牙,葡萄牙,1.000,CONFIRMED_EVENT,2026-09-24T11:14:49+08:00,2026-09-26T09:48:00+08:00,FB5891
hkjc:50002505,HKJC_EN,Portugal U21,portugal u21,1.000,CONFIRMED_EVENT,2026-09-25T09:43:21+08:00,2026-09-25T09:43:21+08:00,FB5740
hkjc:50002537,FOREBET,Puebla FC,puebla fc,1.000,CONFIRMED_EVENT,2026-09-26T09:48:00+08:00,2026-09-26T09:48:00+08:00,FB5836
hkjc:50002537,HKJC_EN,Puebla,puebla,1.000,CONFIRMED_EVENT,2026-09-26T09:48:00+08:00,2026-09-26T09:48:00+08:00,FB5836
hkjc:50002537,HKJC_ZH,普埃布拉,普埃布拉,1.000,CONFIRMED_EVENT,2026-09-26T09:48:00+08:00,2026-09-26T09:48:00+08:00,FB5836
hkjc:50002538,FOREBET,Puerto Montt,puerto montt,1.000,CONFIRMED_EVENT,2026-09-26T09:48:00+08:00,2026-09-26T09:48:00+08:00,FB5840
hkjc:50002538,HKJC_EN,Puerto Montt,puerto montt,1.000,CONFIRMED_EVENT,2026-09-26T09:48:00+08:00,2026-09-26T09:48:00+08:00,FB5840
hkjc:50002538,HKJC_ZH,蒙特港,蒙特港,1.000,CONFIRMED_EVENT,2026-09-26T09:48:00+08:00,2026-09-26T09:48:00+08:00,FB5840
hkjc:50002540,FOREBET,UNAM Pumas,unam pumas,1.000,CONFIRMED_EVENT,2026-09-26T09:48:00+08:00,2026-09-26T09:48:00+08:00,FB5835
hkjc:50002540,HKJC_EN,Pumas UNAM,pumas unam,1.000,CONFIRMED_EVENT,2026-09-26T09:48:00+08:00,2026-09-26T09:48:00+08:00,FB5835
hkjc:50002540,HKJC_ZH,普馬斯,普馬斯,1.000,CONFIRMED_EVENT,2026-09-26T09:48:00+08:00,2026-09-26T09:48:00+08:00,FB5835
hkjc:50002546,FOREBET,Qatar,qatar,1.000,CONFIRMED_EVENT,2026-09-24T11:14:49+08:00,2026-09-24T11:14:49+08:00,FB5699
hkjc:50002546,HKJC_EN,Qatar,qatar,1.000,CONFIRMED_EVENT,2026-09-24T11:14:49+08:00,2026-09-24T11:14:49+08:00,FB5699
hkjc:50002546,HKJC_ZH,卡塔爾,卡塔爾,1.000,CONFIRMED_EVENT,2026-09-24T11:14:49+08:00,2026-09-24T11:14:49+08:00,FB5699
hkjc:50002552,FOREBET,Querétaro FC,queretaro fc,1.000,CONFIRMED_EVENT,2026-09-20T15:10:24+08:00,2026-09-26T09:48:00+08:00,FB5862
hkjc:50002552,HKJC_EN,Queretaro,queretaro,1.000,CONFIRMED_EVENT,2026-09-20T15:10:24+08:00,2026-09-26T09:48:00+08:00,FB5862
hkjc:50002552,HKJC_ZH,克雷塔羅,克雷塔羅,1.000,CONFIRMED_EVENT,2026-09-20T15:10:24+08:00,2026-09-26T09:48:00+08:00,FB5862
hkjc:50002555,HKJC_EN,RB Bragantino,rb bragantino,1.000,CONFIRMED_EVENT,2026-09-20T15:10:24+08:00,2026-09-20T15:10:24+08:00,FB5467
hkjc:50002556,FOREBET,RB Leipzig,rb leipzig,1.000,CONFIRMED_EVENT,2026-09-20T15:10:24+08:00,2026-09-20T15:10:24+08:00,FB5371
hkjc:50002556,HKJC_EN,RB Leipzig,rb leipzig,1.000,CONFIRMED_EVENT,2026-09-20T15:10:24+08:00,2026-09-20T15:10:24+08:00,FB5371
hkjc:50002556,HKJC_ZH,RB萊比錫,RB萊比錫,1.000,CONFIRMED_EVENT,2026-09-20T15:10:24+08:00,2026-09-20T15:10:24+08:00,FB5371
hkjc:50002561,FOREBET,Waalwijk,waalwijk,1.000,CONFIRMED_EVENT,2026-09-26T09:48:00+08:00,2026-09-26T09:48:00+08:00,FB5735
hkjc:50002561,HKJC_EN,RKC Waalwijk,rkc waalwijk,1.000,CONFIRMED_EVENT,2026-09-25T09:43:21+08:00,2026-09-26T09:48:00+08:00,FB5735
hkjc:50002561,HKJC_ZH,華域克,華域克,1.000,CONFIRMED_EVENT,2026-09-26T09:48:00+08:00,2026-09-26T09:48:00+08:00,FB5735
hkjc:50002565,FOREBET,Racing Club,racing club,1.000,CONFIRMED_EVENT,2026-09-26T09:48:00+08:00,2026-09-26T09:48:00+08:00,FB5793
hkjc:50002565,HKJC_EN,Racing Club,racing club,1.000,CONFIRMED_EVENT,2026-09-25T09:43:21+08:00,2026-09-26T09:48:00+08:00,FB5793
hkjc:50002565,HKJC_ZH,競賽會,競賽會,1.000,CONFIRMED_EVENT,2026-09-26T09:48:00+08:00,2026-09-26T09:48:00+08:00,FB5793
hkjc:50002566,HKJC_EN,Racing Club Montevideo,racing club montevideo,1.000,CONFIRMED_EVENT,2026-09-20T15:10:24+08:00,2026-09-20T15:10:24+08:00,FB5443
hkjc:50002574,FOREBET,Randers FC,randers fc,1.000,CONFIRMED_EVENT,2026-09-20T15:10:24+08:00,2026-09-20T15:10:24+08:00,FB5404
hkjc:50002574,HKJC_EN,Randers,randers,1.000,CONFIRMED_EVENT,2026-09-20T15:10:24+08:00,2026-09-20T15:10:24+08:00,FB5404
hkjc:50002574,HKJC_ZH,蘭達斯,蘭達斯,1.000,CONFIRMED_EVENT,2026-09-20T15:10:24+08:00,2026-09-20T15:10:24+08:00,FB5404
hkjc:50002575,FOREBET,Rangers,rangers,1.000,CONFIRMED_EVENT,2026-09-20T15:10:24+08:00,2026-09-20T15:10:24+08:00,FB5481
hkjc:50002575,HKJC_EN,Rangers,rangers,1.000,CONFIRMED_EVENT,2026-09-20T15:10:24+08:00,2026-09-20T15:10:24+08:00,FB5481
hkjc:50002575,HKJC_ZH,格拉斯哥流浪,格拉斯哥流浪,1.000,CONFIRMED_EVENT,2026-09-20T15:10:24+08:00,2026-09-20T15:10:24+08:00,FB5481
hkjc:50002582,FOREBET,Ratchaburi FC,ratchaburi fc,1.000,CONFIRMED_EVENT,2026-09-20T15:10:24+08:00,2026-09-20T15:10:24+08:00,FB5427
hkjc:50002582,HKJC_EN,Ratchaburi,ratchaburi,1.000,CONFIRMED_EVENT,2026-09-20T15:10:24+08:00,2026-09-20T15:10:24+08:00,FB5427
hkjc:50002582,HKJC_ZH,拉查布里,拉查布里,1.000,CONFIRMED_EVENT,2026-09-20T15:10:24+08:00,2026-09-20T15:10:24+08:00,FB5427
hkjc:50002585,FOREBET,Reading,reading,1.000,CONFIRMED_EVENT,2026-09-26T09:48:00+08:00,2026-09-26T09:48:00+08:00,FB5769
hkjc:50002585,HKJC_EN,Reading,reading,1.000,CONFIRMED_EVENT,2026-09-25T09:43:21+08:00,2026-09-26T09:48:00+08:00,FB5769
hkjc:50002585,HKJC_ZH,雷丁,雷丁,1.000,CONFIRMED_EVENT,2026-09-26T09:48:00+08:00,2026-09-26T09:48:00+08:00,FB5769
hkjc:50002589,FOREBET,Real Madrid,real madrid,1.000,CONFIRMED_EVENT,2026-09-20T15:10:24+08:00,2026-09-20T15:10:24+08:00,FB5362
hkjc:50002589,HKJC_EN,Real Madrid,real madrid,1.000,CONFIRMED_EVENT,2026-09-20T15:10:24+08:00,2026-09-20T15:10:24+08:00,FB5362
hkjc:50002589,HKJC_ZH,皇家馬德里,皇家馬德里,1.000,CONFIRMED_EVENT,2026-09-20T15:10:24+08:00,2026-09-20T15:10:24+08:00,FB5362
hkjc:50002609,FOREBET,Real Salt Lake,real salt lake,1.000,CONFIRMED_EVENT,2026-09-24T11:14:49+08:00,2026-09-26T09:48:00+08:00,FB5827
hkjc:50002609,HKJC_EN,Real Salt Lake,real salt lake,1.000,CONFIRMED_EVENT,2026-09-20T15:10:24+08:00,2026-09-26T09:48:00+08:00,FB5827
hkjc:50002609,HKJC_ZH,皇家鹽湖城,皇家鹽湖城,1.000,CONFIRMED_EVENT,2026-09-24T11:14:49+08:00,2026-09-26T09:48:00+08:00,FB5827
hkjc:50002610,FOREBET,Real Sociedad,real sociedad,1.000,CONFIRMED_EVENT,2026-09-20T15:10:24+08:00,2026-09-20T15:10:24+08:00,FB5509
hkjc:50002610,HKJC_EN,Real Sociedad,real sociedad,1.000,CONFIRMED_EVENT,2026-09-20T15:10:24+08:00,2026-09-20T15:10:24+08:00,FB5509
hkjc:50002610,HKJC_ZH,皇家蘇斯達,皇家蘇斯達,1.000,CONFIRMED_EVENT,2026-09-20T15:10:24+08:00,2026-09-20T15:10:24+08:00,FB5509
hkjc:50002611,FOREBET,Real Sociedad B,real sociedad b,1.000,CONFIRMED_EVENT,2026-09-26T09:48:00+08:00,2026-09-26T09:48:00+08:00,FB5794
hkjc:50002611,HKJC_EN,Real Sociedad B,real sociedad b,1.000,CONFIRMED_EVENT,2026-09-25T09:43:21+08:00,2026-09-26T09:48:00+08:00,FB5794
hkjc:50002611,HKJC_ZH,皇家蘇斯達B隊,皇家蘇斯達B隊,1.000,CONFIRMED_EVENT,2026-09-26T09:48:00+08:00,2026-09-26T09:48:00+08:00,FB5794
hkjc:50002623,FOREBET,Ireland,ireland,1.000,CONFIRMED_EVENT,2026-09-24T11:14:49+08:00,2026-09-26T09:48:00+08:00,FB5890
hkjc:50002623,HKJC_EN,Republic of Ireland,republic of ireland,1.000,CONFIRMED_EVENT,2026-09-24T11:14:49+08:00,2026-09-26T09:48:00+08:00,FB5890
hkjc:50002623,HKJC_ZH,愛爾蘭,愛爾蘭,1.000,CONFIRMED_EVENT,2026-09-24T11:14:49+08:00,2026-09-26T09:48:00+08:00,FB5890
hkjc:50002624,HKJC_EN,Republic of Ireland U21,republic of ireland u21,1.000,CONFIRMED_EVENT,2026-09-25T09:43:21+08:00,2026-09-25T09:43:21+08:00,FB5723
hkjc:50002641,FOREBET,Rochdale,rochdale,1.000,CONFIRMED_EVENT,2026-09-26T09:48:00+08:00,2026-09-26T09:48:00+08:00,FB5773
hkjc:50002641,HKJC_EN,Rochdale,rochdale,1.000,CONFIRMED_EVENT,2026-09-25T09:43:21+08:00,2026-09-26T09:48:00+08:00,FB5773
hkjc:50002641,HKJC_ZH,羅奇代爾,羅奇代爾,1.000,CONFIRMED_EVENT,2026-09-26T09:48:00+08:00,2026-09-26T09:48:00+08:00,FB5773
hkjc:50002644,FOREBET,Roda Kerkrade,roda kerkrade,1.000,CONFIRMED_EVENT,2026-09-26T09:48:00+08:00,2026-09-26T09:48:00+08:00,FB5735
hkjc:50002644,HKJC_EN,Roda,roda,1.000,CONFIRMED_EVENT,2026-09-25T09:43:21+08:00,2026-09-26T09:48:00+08:00,FB5735
hkjc:50002644,HKJC_ZH,洛達,洛達,1.000,CONFIRMED_EVENT,2026-09-26T09:48:00+08:00,2026-09-26T09:48:00+08:00,FB5735
hkjc:50002649,FOREBET,Romania,romania,1.000,CONFIRMED_EVENT,2026-09-25T09:43:21+08:00,2026-09-25T09:43:21+08:00,FB5712
hkjc:50002649,HKJC_EN,Romania,romania,1.000,CONFIRMED_EVENT,2026-09-25T09:43:21+08:00,2026-09-25T09:43:21+08:00,FB5712
hkjc:50002649,HKJC_ZH,羅馬尼亞,羅馬尼亞,1.000,CONFIRMED_EVENT,2026-09-25T09:43:21+08:00,2026-09-25T09:43:21+08:00,FB5712
hkjc:50002653,FOREBET,Rosario Central,rosario central,1.000,CONFIRMED_EVENT,2026-09-20T15:10:24+08:00,2026-09-20T15:10:24+08:00,FB5498
hkjc:50002653,HKJC_EN,Rosario Central,rosario central,1.000,CONFIRMED_EVENT,2026-09-20T15:10:24+08:00,2026-09-26T09:48:00+08:00,FB5879
hkjc:50002653,HKJC_ZH,羅沙里奧中央,羅沙里奧中央,1.000,CONFIRMED_EVENT,2026-09-20T15:10:24+08:00,2026-09-20T15:10:24+08:00,FB5498
hkjc:50002660,FOREBET,Rotherham,rotherham,1.000,CONFIRMED_EVENT,2026-09-26T09:48:00+08:00,2026-09-26T09:48:00+08:00,FB5774
hkjc:50002660,HKJC_EN,Rotherham,rotherham,1.000,CONFIRMED_EVENT,2026-09-25T09:43:21+08:00,2026-09-26T09:48:00+08:00,FB5774
hkjc:50002660,HKJC_ZH,洛達咸,洛達咸,1.000,CONFIRMED_EVENT,2026-09-26T09:48:00+08:00,2026-09-26T09:48:00+08:00,FB5774
hkjc:50002691,HKJC_EN,Sabadell,sabadell,1.000,CONFIRMED_EVENT,2026-09-25T09:43:21+08:00,2026-09-26T09:48:00+08:00,FB5803
hkjc:50002694,HKJC_EN,Sacramento Republic,sacramento republic,1.000,CONFIRMED_EVENT,2026-09-20T15:10:24+08:00,2026-09-20T15:10:24+08:00,FB5546
hkjc:50002695,FOREBET,Sagan Tosu,sagan tosu,1.000,CONFIRMED_EVENT,2026-09-26T09:48:00+08:00,2026-09-26T09:48:00+08:00,FB5725
hkjc:50002695,HKJC_EN,Sagan Tosu,sagan tosu,1.000,CONFIRMED_EVENT,2026-09-25T09:43:21+08:00,2026-09-26T09:48:00+08:00,FB5725
hkjc:50002695,HKJC_ZH,鳥棲砂岩,鳥棲砂岩,1.000,CONFIRMED_EVENT,2026-09-26T09:48:00+08:00,2026-09-26T09:48:00+08:00,FB5725
hkjc:50002707,FOREBET,Salford City,salford city,1.000,CONFIRMED_EVENT,2026-09-26T09:48:00+08:00,2026-09-26T09:48:00+08:00,FB5780
hkjc:50002707,HKJC_EN,Salford City,salford city,1.000,CONFIRMED_EVENT,2026-09-25T09:43:21+08:00,2026-09-26T09:48:00+08:00,FB5780
hkjc:50002707,HKJC_ZH,沙福特城,沙福特城,1.000,CONFIRMED_EVENT,2026-09-26T09:48:00+08:00,2026-09-26T09:48:00+08:00,FB5780
hkjc:50002709,FOREBET,RB Salzburg,rb salzburg,1.000,CONFIRMED_EVENT,2026-09-20T15:10:24+08:00,2026-09-20T15:10:24+08:00,FB5482
hkjc:50002709,HKJC_EN,Salzburg,salzburg,1.000,CONFIRMED_EVENT,2026-09-20T15:10:24+08:00,2026-09-20T15:10:24+08:00,FB5482
hkjc:50002709,HKJC_ZH,薩爾斯堡,薩爾斯堡,1.000,CONFIRMED_EVENT,2026-09-20T15:10:24+08:00,2026-09-20T15:10:24+08:00,FB5482
hkjc:50002712,HKJC_EN,San Antonio FC,san antonio fc,1.000,CONFIRMED_EVENT,2026-09-20T15:10:24+08:00,2026-09-20T15:10:24+08:00,FB5546
hkjc:50002715,FOREBET,San Jose Earthquakes,san jose earthquakes,1.000,CONFIRMED_EVENT,2026-09-26T09:48:00+08:00,2026-09-26T09:48:00+08:00,FB5825
hkjc:50002715,HKJC_EN,San Jose Earthquakes,san jose earthquakes,1.000,CONFIRMED_EVENT,2026-09-26T09:48:00+08:00,2026-09-26T09:48:00+08:00,FB5825
hkjc:50002715,HKJC_ZH,聖荷西地震,聖荷西地震,1.000,CONFIRMED_EVENT,2026-09-26T09:48:00+08:00,2026-09-26T09:48:00+08:00,FB5825
hkjc:50002716,HKJC_EN,San Lorenzo,san lorenzo,1.000,CONFIRMED_EVENT,2026-09-20T15:10:24+08:00,2026-09-20T15:10:24+08:00,FB5500
hkjc:50002719,FOREBET,San Marino,san marino,1.000,CONFIRMED_EVENT,2026-09-26T09:48:00+08:00,2026-09-26T09:48:00+08:00,FB5751
hkjc:50002719,HKJC_EN,San Marino,san marino,1.000,CONFIRMED_EVENT,2026-09-25T09:43:21+08:00,2026-09-26T09:48:00+08:00,FB5751
hkjc:50002719,HKJC_ZH,聖馬力諾,聖馬力諾,1.000,CONFIRMED_EVENT,2026-09-26T09:48:00+08:00,2026-09-26T09:48:00+08:00,FB5751
hkjc:50002725,FOREBET,Sandefjord,sandefjord,1.000,CONFIRMED_EVENT,2026-09-20T15:10:24+08:00,2026-09-20T15:10:24+08:00,FB5418
hkjc:50002725,HKJC_EN,Sandefjord,sandefjord,1.000,CONFIRMED_EVENT,2026-09-20T15:10:24+08:00,2026-09-20T15:10:24+08:00,FB5418
hkjc:50002725,HKJC_ZH,辛迪夫佐特,辛迪夫佐特,1.000,CONFIRMED_EVENT,2026-09-20T15:10:24+08:00,2026-09-20T15:10:24+08:00,FB5418
hkjc:50002732,HKJC_EN,Santa Clara,santa clara,1.000,CONFIRMED_EVENT,2026-09-20T15:10:24+08:00,2026-09-20T15:10:24+08:00,FB5396
hkjc:50002739,FOREBET,Santos,santos,1.000,CONFIRMED_EVENT,2026-09-16T07:13:56+08:00,2026-09-16T09:31:59+08:00,FB5152
hkjc:50002739,HKJC_EN,Santos,santos,1.000,CONFIRMED_EVENT,2026-09-16T07:13:56+08:00,2026-09-16T09:31:59+08:00,FB5152
hkjc:50002739,HKJC_ZH,山度士,山度士,1.000,CONFIRMED_EVENT,2026-09-16T07:13:56+08:00,2026-09-16T09:31:59+08:00,FB5152
hkjc:50002740,FOREBET,Santos Laguna,santos laguna,1.000,CONFIRMED_EVENT,2026-09-26T09:48:00+08:00,2026-09-26T09:48:00+08:00,FB5837
hkjc:50002740,HKJC_EN,Santos Laguna,santos laguna,1.000,CONFIRMED_EVENT,2026-09-20T15:10:24+08:00,2026-09-26T09:48:00+08:00,FB5837
hkjc:50002740,HKJC_ZH,拿根亞,拿根亞,1.000,CONFIRMED_EVENT,2026-09-26T09:48:00+08:00,2026-09-26T09:48:00+08:00,FB5837
hkjc:50002743,FOREBET,São Bernardo SP,sao bernardo sp,1.000,CONFIRMED_EVENT,2026-09-25T09:43:21+08:00,2026-09-25T09:43:21+08:00,FB5705
hkjc:50002743,HKJC_EN,Sao Bernardo,sao bernardo,1.000,CONFIRMED_EVENT,2026-09-24T11:14:49+08:00,2026-09-25T09:43:21+08:00,FB5705
hkjc:50002743,HKJC_ZH,聖貝拿度,聖貝拿度,1.000,CONFIRMED_EVENT,2026-09-25T09:43:21+08:00,2026-09-25T09:43:21+08:00,FB5705
hkjc:50002746,HKJC_EN,Sao Paulo,sao paulo,1.000,CONFIRMED_EVENT,2026-09-20T15:10:24+08:00,2026-09-20T15:10:24+08:00,FB5436
hkjc:50002754,HKJC_EN,Saudi Arabia,saudi arabia,1.000,CONFIRMED_EVENT,2026-09-26T09:48:00+08:00,2026-09-26T09:48:00+08:00,FB5864
hkjc:50002755,HKJC_EN,Saudi Arabia AM,saudi arabia am,1.000,CONFIRMED_EVENT,2026-09-20T15:10:24+08:00,2026-09-25T09:43:21+08:00,FB5702
hkjc:50002766,FOREBET,Schalke 04,schalke 04,1.000,CONFIRMED_EVENT,2026-09-20T15:10:24+08:00,2026-09-20T15:10:24+08:00,FB5372
hkjc:50002766,HKJC_EN,Schalke 04,schalke 04,1.000,CONFIRMED_EVENT,2026-09-20T15:10:24+08:00,2026-09-20T15:10:24+08:00,FB5372
hkjc:50002766,HKJC_ZH,史浩克04,史浩克04,1.000,CONFIRMED_EVENT,2026-09-20T15:10:24+08:00,2026-09-20T15:10:24+08:00,FB5372
hkjc:50002769,FOREBET,Scotland,scotland,1.000,CONFIRMED_EVENT,2026-09-26T09:48:00+08:00,2026-09-26T09:48:00+08:00,FB5747
hkjc:50002769,HKJC_EN,Scotland,scotland,1.000,CONFIRMED_EVENT,2026-09-25T09:43:21+08:00,2026-09-26T09:48:00+08:00,FB5747
hkjc:50002769,HKJC_ZH,蘇格蘭,蘇格蘭,1.000,CONFIRMED_EVENT,2026-09-26T09:48:00+08:00,2026-09-26T09:48:00+08:00,FB5747
hkjc:50002773,FOREBET,Seattle Sounders,seattle sounders,1.000,CONFIRMED_EVENT,2026-09-24T11:14:49+08:00,2026-09-26T09:48:00+08:00,FB5830
hkjc:50002773,HKJC_EN,Seattle Sounders,seattle sounders,1.000,CONFIRMED_EVENT,2026-09-20T15:10:24+08:00,2026-09-26T09:48:00+08:00,FB5830
hkjc:50002773,HKJC_ZH,西雅圖海灣者,西雅圖海灣者,1.000,CONFIRMED_EVENT,2026-09-24T11:14:49+08:00,2026-09-26T09:48:00+08:00,FB5830
hkjc:50002777,HKJC_EN,Senegal,senegal,1.000,CONFIRMED_EVENT,2026-09-25T09:43:21+08:00,2026-09-25T09:43:21+08:00,FB5791
hkjc:50002795,FOREBET,Seongnam FC,seongnam fc,1.000,CONFIRMED_EVENT,2026-09-20T15:10:24+08:00,2026-09-20T15:10:24+08:00,FB5351
hkjc:50002795,HKJC_EN,Seongnam FC,seongnam fc,1.000,CONFIRMED_EVENT,2026-09-20T15:10:24+08:00,2026-09-20T15:10:24+08:00,FB5351
hkjc:50002795,HKJC_ZH,FC城南,FC城南,1.000,CONFIRMED_EVENT,2026-09-20T15:10:24+08:00,2026-09-20T15:10:24+08:00,FB5351
hkjc:50002798,FOREBET,Serbia,serbia,1.000,CONFIRMED_EVENT,2026-09-24T11:14:49+08:00,2026-09-26T09:48:00+08:00,FB5888
hkjc:50002798,HKJC_EN,Serbia,serbia,1.000,CONFIRMED_EVENT,2026-09-24T11:14:49+08:00,2026-09-26T09:48:00+08:00,FB5888
hkjc:50002798,HKJC_ZH,塞爾維亞,塞爾維亞,1.000,CONFIRMED_EVENT,2026-09-24T11:14:49+08:00,2026-09-26T09:48:00+08:00,FB5888
hkjc:50002827,FOREBET,Shonan Bellmare,shonan bellmare,1.000,CONFIRMED_EVENT,2026-09-26T09:48:00+08:00,2026-09-26T09:48:00+08:00,FB5729
hkjc:50002827,HKJC_EN,Shonan Bellmare,shonan bellmare,1.000,CONFIRMED_EVENT,2026-09-25T09:43:21+08:00,2026-09-26T09:48:00+08:00,FB5729
hkjc:50002827,HKJC_ZH,湘南比馬,湘南比馬,1.000,CONFIRMED_EVENT,2026-09-26T09:48:00+08:00,2026-09-26T09:48:00+08:00,FB5729
hkjc:50002829,FOREBET,Shrewsbury,shrewsbury,1.000,CONFIRMED_EVENT,2026-09-26T09:48:00+08:00,2026-09-26T09:48:00+08:00,FB5778
hkjc:50002829,HKJC_EN,Shrewsbury,shrewsbury,1.000,CONFIRMED_EVENT,2026-09-25T09:43:21+08:00,2026-09-26T09:48:00+08:00,FB5778
hkjc:50002829,HKJC_ZH,梳士貝利,梳士貝利,1.000,CONFIRMED_EVENT,2026-09-26T09:48:00+08:00,2026-09-26T09:48:00+08:00,FB5778
hkjc:50002837,HKJC_EN,Singapore,singapore,1.000,CONFIRMED_EVENT,2026-09-25T09:43:21+08:00,2026-09-25T09:43:21+08:00,FB5804
hkjc:50002840,FOREBET,Sint-Truiden,sint truiden,1.000,CONFIRMED_EVENT,2026-09-20T15:10:24+08:00,2026-09-20T15:10:24+08:00,FB5487
hkjc:50002840,HKJC_EN,Sint Truiden,sint truiden,1.000,CONFIRMED_EVENT,2026-09-20T15:10:24+08:00,2026-09-20T15:10:24+08:00,FB5487
hkjc:50002840,HKJC_ZH,聖圖爾登,聖圖爾登,1.000,CONFIRMED_EVENT,2026-09-20T15:10:24+08:00,2026-09-20T15:10:24+08:00,FB5487
hkjc:50002857,FOREBET,Slovakia,slovakia,1.000,CONFIRMED_EVENT,2026-09-26T09:48:00+08:00,2026-09-26T09:48:00+08:00,FB5755
hkjc:50002857,HKJC_EN,Slovakia,slovakia,1.000,CONFIRMED_EVENT,2026-09-25T09:43:21+08:00,2026-09-26T09:48:00+08:00,FB5755
hkjc:50002857,HKJC_ZH,斯洛伐克,斯洛伐克,1.000,CONFIRMED_EVENT,2026-09-26T09:48:00+08:00,2026-09-26T09:48:00+08:00,FB5755
hkjc:50002859,HKJC_EN,Slovakia U21,slovakia u21,1.000,CONFIRMED_EVENT,2026-09-25T09:43:21+08:00,2026-09-25T09:43:21+08:00,FB5723
hkjc:50002862,FOREBET,Slovenia,slovenia,1.000,CONFIRMED_EVENT,2026-09-26T09:48:00+08:00,2026-09-26T09:48:00+08:00,FB5747
hkjc:50002862,HKJC_EN,Slovenia,slovenia,1.000,CONFIRMED_EVENT,2026-09-25T09:43:21+08:00,2026-09-26T09:48:00+08:00,FB5747
hkjc:50002862,HKJC_ZH,斯洛文尼亞,斯洛文尼亞,1.000,CONFIRMED_EVENT,2026-09-26T09:48:00+08:00,2026-09-26T09:48:00+08:00,FB5747
hkjc:50002868,FOREBET,Sonderjyske,sonderjyske,1.000,CONFIRMED_EVENT,2026-09-20T15:10:24+08:00,2026-09-20T15:10:24+08:00,FB5404
hkjc:50002868,HKJC_EN,Sonderjyske,sonderjyske,1.000,CONFIRMED_EVENT,2026-09-20T15:10:24+08:00,2026-09-20T15:10:24+08:00,FB5404
hkjc:50002868,HKJC_ZH,桑德捷斯基,桑德捷斯基,1.000,CONFIRMED_EVENT,2026-09-20T15:10:24+08:00,2026-09-20T15:10:24+08:00,FB5404
hkjc:50002871,FOREBET,South Africa,south africa,1.000,CONFIRMED_EVENT,2026-09-26T09:48:00+08:00,2026-09-26T09:48:00+08:00,FB5877
hkjc:50002871,HKJC_EN,South Africa,south africa,1.000,CONFIRMED_EVENT,2026-09-26T09:48:00+08:00,2026-09-26T09:48:00+08:00,FB5877
hkjc:50002871,HKJC_ZH,南非,南非,1.000,CONFIRMED_EVENT,2026-09-26T09:48:00+08:00,2026-09-26T09:48:00+08:00,FB5877
hkjc:50002890,HKJC_EN,South Sudan,south sudan,1.000,CONFIRMED_EVENT,2026-09-25T09:43:21+08:00,2026-09-25T09:43:21+08:00,FB5761
hkjc:50002894,FOREBET,Spain,spain,1.000,CONFIRMED_EVENT,2026-09-26T09:48:00+08:00,2026-09-26T09:48:00+08:00,FB5748
hkjc:50002894,HKJC_EN,Spain,spain,1.000,CONFIRMED_EVENT,2026-09-25T09:43:21+08:00,2026-09-26T09:48:00+08:00,FB5748
hkjc:50002894,HKJC_ZH,西班牙,西班牙,1.000,CONFIRMED_EVENT,2026-09-26T09:48:00+08:00,2026-09-26T09:48:00+08:00,FB5748
hkjc:50002897,HKJC_EN,Spain U21,spain u21,1.000,CONFIRMED_EVENT,2026-09-25T09:43:21+08:00,2026-09-25T09:43:21+08:00,FB5765
hkjc:50002948,FOREBET,Sport Recife,sport recife,1.000,CONFIRMED_EVENT,2026-09-26T09:48:00+08:00,2026-09-26T09:48:00+08:00,FB5855
hkjc:50002948,HKJC_EN,Sport Recife,sport recife,1.000,CONFIRMED_EVENT,2026-09-26T09:48:00+08:00,2026-09-26T09:48:00+08:00,FB5855
hkjc:50002948,HKJC_ZH,利斯菲體育會,利斯菲體育會,1.000,CONFIRMED_EVENT,2026-09-26T09:48:00+08:00,2026-09-26T09:48:00+08:00,FB5855
hkjc:50002954,FOREBET,Sporting Kansas City,sporting kansas city,1.000,CONFIRMED_EVENT,2026-09-26T09:48:00+08:00,2026-09-26T09:48:00+08:00,FB5826
hkjc:50002954,HKJC_EN,Sporting Kansas City,sporting kansas city,1.000,CONFIRMED_EVENT,2026-09-20T15:10:24+08:00,2026-09-26T09:48:00+08:00,FB5826
hkjc:50002954,HKJC_ZH,肯薩斯體育會,肯薩斯體育會,1.000,CONFIRMED_EVENT,2026-09-26T09:48:00+08:00,2026-09-26T09:48:00+08:00,FB5826
hkjc:50002963,FOREBET,St Gallen,st gallen,1.000,CONFIRMED_EVENT,2026-09-20T15:10:24+08:00,2026-09-20T15:10:24+08:00,FB5490
hkjc:50002963,HKJC_EN,St. Gallen,st gallen,1.000,CONFIRMED_EVENT,2026-09-20T15:10:24+08:00,2026-09-20T15:10:24+08:00,FB5490
hkjc:50002963,HKJC_ZH,聖加倫,聖加倫,1.000,CONFIRMED_EVENT,2026-09-20T15:10:24+08:00,2026-09-20T15:10:24+08:00,FB5490
hkjc:50002968,FOREBET,St Pauli,st pauli,1.000,CONFIRMED_EVENT,2026-09-20T15:10:24+08:00,2026-09-20T15:10:24+08:00,FB5414
hkjc:50002968,HKJC_EN,St. Pauli,st pauli,1.000,CONFIRMED_EVENT,2026-09-20T15:10:24+08:00,2026-09-20T15:10:24+08:00,FB5414
hkjc:50002968,HKJC_ZH,聖保利,聖保利,1.000,CONFIRMED_EVENT,2026-09-20T15:10:24+08:00,2026-09-20T15:10:24+08:00,FB5414
hkjc:50002976,FOREBET,IK Start,ik start,1.000,CONFIRMED_EVENT,2026-09-20T15:10:24+08:00,2026-09-20T15:10:24+08:00,FB5418
hkjc:50002976,HKJC_EN,Start,start,1.000,CONFIRMED_EVENT,2026-09-20T15:10:24+08:00,2026-09-20T15:10:24+08:00,FB5418
hkjc:50002976,HKJC_ZH,史達,史達,1.000,CONFIRMED_EVENT,2026-09-20T15:10:24+08:00,2026-09-20T15:10:24+08:00,FB5418
hkjc:50002985,FOREBET,Stockport County,stockport county,1.000,CONFIRMED_EVENT,2026-09-26T09:48:00+08:00,2026-09-26T09:48:00+08:00,FB5768
hkjc:50002985,HKJC_EN,Stockport,stockport,1.000,CONFIRMED_EVENT,2026-09-25T09:43:21+08:00,2026-09-26T09:48:00+08:00,FB5768
hkjc:50002985,HKJC_ZH,史托港,史托港,1.000,CONFIRMED_EVENT,2026-09-26T09:48:00+08:00,2026-09-26T09:48:00+08:00,FB5768
hkjc:50002993,FOREBET,Sturm Graz,sturm graz,1.000,CONFIRMED_EVENT,2026-09-20T15:10:24+08:00,2026-09-20T15:10:24+08:00,FB5482
hkjc:50002993,HKJC_EN,Sturm Graz,sturm graz,1.000,CONFIRMED_EVENT,2026-09-20T15:10:24+08:00,2026-09-20T15:10:24+08:00,FB5482
hkjc:50002993,HKJC_ZH,格拉茨,格拉茨,1.000,CONFIRMED_EVENT,2026-09-20T15:10:24+08:00,2026-09-20T15:10:24+08:00,FB5482
hkjc:50002997,HKJC_EN,Sudan,sudan,1.000,CONFIRMED_EVENT,2026-09-25T09:43:21+08:00,2026-09-25T09:43:21+08:00,FB5760
hkjc:50002999,FOREBET,Sukhothai FC,sukhothai fc,1.000,CONFIRMED_EVENT,2026-09-20T15:10:24+08:00,2026-09-20T15:10:24+08:00,FB5428
hkjc:50002999,HKJC_EN,Sukhothai,sukhothai,1.000,CONFIRMED_EVENT,2026-09-20T15:10:24+08:00,2026-09-20T15:10:24+08:00,FB5428
hkjc:50002999,HKJC_ZH,素可泰,素可泰,1.000,CONFIRMED_EVENT,2026-09-20T15:10:24+08:00,2026-09-20T15:10:24+08:00,FB5428
hkjc:50003000,FOREBET,Sunderland,sunderland,1.000,CONFIRMED_EVENT,2026-09-20T15:10:24+08:00,2026-09-20T15:10:24+08:00,FB5439
hkjc:50003000,HKJC_EN,Sunderland,sunderland,1.000,CONFIRMED_EVENT,2026-09-20T15:10:24+08:00,2026-09-20T15:10:24+08:00,FB5439
hkjc:50003000,HKJC_ZH,新特蘭,新特蘭,1.000,CONFIRMED_EVENT,2026-09-20T15:10:24+08:00,2026-09-20T15:10:24+08:00,FB5439
hkjc:50003004,HKJC_EN,Suriname,suriname,1.000,CONFIRMED_EVENT,2026-09-25T09:43:21+08:00,2026-09-25T09:43:21+08:00,FB5806
hkjc:50003010,FOREBET,Sweden,sweden,1.000,CONFIRMED_EVENT,2026-09-25T09:43:21+08:00,2026-09-25T09:43:21+08:00,FB5712
hkjc:50003010,HKJC_EN,Sweden,sweden,1.000,CONFIRMED_EVENT,2026-09-25T09:43:21+08:00,2026-09-25T09:43:21+08:00,FB5712
hkjc:50003010,HKJC_ZH,瑞典,瑞典,1.000,CONFIRMED_EVENT,2026-09-25T09:43:21+08:00,2026-09-25T09:43:21+08:00,FB5712
hkjc:50003017,FOREBET,Swindon Town,swindon town,1.000,CONFIRMED_EVENT,2026-09-26T09:48:00+08:00,2026-09-26T09:48:00+08:00,FB5779
hkjc:50003017,HKJC_EN,Swindon,swindon,1.000,CONFIRMED_EVENT,2026-09-25T09:43:21+08:00,2026-09-26T09:48:00+08:00,FB5779
hkjc:50003017,HKJC_ZH,史雲頓,史雲頓,1.000,CONFIRMED_EVENT,2026-09-26T09:48:00+08:00,2026-09-26T09:48:00+08:00,FB5779
hkjc:50003019,FOREBET,Switzerland,switzerland,1.000,CONFIRMED_EVENT,2026-09-26T09:48:00+08:00,2026-09-26T09:48:00+08:00,FB5752
hkjc:50003019,HKJC_EN,Switzerland,switzerland,1.000,CONFIRMED_EVENT,2026-09-25T09:43:21+08:00,2026-09-26T09:48:00+08:00,FB5752
hkjc:50003019,HKJC_ZH,瑞士,瑞士,1.000,CONFIRMED_EVENT,2026-09-26T09:48:00+08:00,2026-09-26T09:48:00+08:00,FB5752
hkjc:50003022,HKJC_EN,Switzerland U21,switzerland u21,1.000,CONFIRMED_EVENT,2026-09-25T09:43:21+08:00,2026-09-25T09:43:21+08:00,FB5756
hkjc:50003048,HKJC_EN,Jaiba Brava,jaiba brava,1.000,CONFIRMED_EVENT,2026-09-20T15:10:24+08:00,2026-09-20T15:10:24+08:00,FB5553
hkjc:50003051,HKJC_EN,Tanzania,tanzania,1.000,CONFIRMED_EVENT,2026-09-25T09:43:21+08:00,2026-09-25T09:43:21+08:00,FB5763
hkjc:50003056,FOREBET,SC Telstar,sc telstar,1.000,CONFIRMED_EVENT,2026-09-20T15:10:24+08:00,2026-09-20T15:10:24+08:00,FB5361
hkjc:50003056,HKJC_EN,Telstar,telstar,1.000,CONFIRMED_EVENT,2026-09-20T15:10:24+08:00,2026-09-20T15:10:24+08:00,FB5361
hkjc:50003056,HKJC_ZH,泰斯達,泰斯達,1.000,CONFIRMED_EVENT,2026-09-20T15:10:24+08:00,2026-09-20T15:10:24+08:00,FB5361
hkjc:50003058,FOREBET,Tenerife,tenerife,1.000,CONFIRMED_EVENT,2026-09-26T09:48:00+08:00,2026-09-26T09:48:00+08:00,FB5796
hkjc:50003058,HKJC_EN,Tenerife,tenerife,1.000,CONFIRMED_EVENT,2026-09-25T09:43:21+08:00,2026-09-26T09:48:00+08:00,FB5796
hkjc:50003058,HKJC_ZH,特內里費,特內里費,1.000,CONFIRMED_EVENT,2026-09-26T09:48:00+08:00,2026-09-26T09:48:00+08:00,FB5796
hkjc:50003062,HKJC_EN,Thailand,thailand,1.000,CONFIRMED_EVENT,2026-09-26T09:48:00+08:00,2026-09-26T09:48:00+08:00,FB5867
hkjc:50003063,HKJC_EN,Thailand AM,thailand am,1.000,CONFIRMED_EVENT,2026-09-25T09:43:21+08:00,2026-09-26T09:48:00+08:00,FB5720
hkjc:50003065,HKJC_EN,Thailand Women,thailand women,1.000,CONFIRMED_EVENT,2026-09-20T15:10:24+08:00,2026-09-20T15:10:24+08:00,FB5570
hkjc:50003072,FOREBET,FC Thun,fc thun,1.000,CONFIRMED_EVENT,2026-09-20T15:10:24+08:00,2026-09-20T15:10:24+08:00,FB5485
hkjc:50003072,HKJC_EN,Thun,thun,1.000,CONFIRMED_EVENT,2026-09-20T15:10:24+08:00,2026-09-20T15:10:24+08:00,FB5485
hkjc:50003072,HKJC_ZH,杜安,杜安,1.000,CONFIRMED_EVENT,2026-09-20T15:10:24+08:00,2026-09-20T15:10:24+08:00,FB5485
hkjc:50003074,HKJC_EN,Tigre,tigre,1.000,CONFIRMED_EVENT,2026-09-20T15:10:24+08:00,2026-09-20T15:10:24+08:00,FB5502
hkjc:50003075,FOREBET,Tigres UANL,tigres uanl,1.000,CONFIRMED_EVENT,2026-09-26T09:48:00+08:00,2026-09-26T09:48:00+08:00,FB5836
hkjc:50003075,HKJC_EN,Tigres UANL,tigres uanl,1.000,CONFIRMED_EVENT,2026-09-26T09:48:00+08:00,2026-09-26T09:48:00+08:00,FB5836
hkjc:50003075,HKJC_ZH,堤格雷斯,堤格雷斯,1.000,CONFIRMED_EVENT,2026-09-26T09:48:00+08:00,2026-09-26T09:48:00+08:00,FB5836
hkjc:50003076,FOREBET,Club Tijuana,club tijuana,1.000,CONFIRMED_EVENT,2026-09-25T09:43:21+08:00,2026-09-26T09:48:00+08:00,FB5707
hkjc:50003076,HKJC_EN,Tijuana,tijuana,1.000,CONFIRMED_EVENT,2026-09-20T15:10:24+08:00,2026-09-26T09:48:00+08:00,FB5707
hkjc:50003076,HKJC_ZH,迪祖亞拿,迪祖亞拿,1.000,CONFIRMED_EVENT,2026-09-25T09:43:21+08:00,2026-09-26T09:48:00+08:00,FB5707
hkjc:50003083,FOREBET,Tochigi Uva,tochigi uva,1.000,CONFIRMED_EVENT,2026-09-26T09:48:00+08:00,2026-09-26T09:48:00+08:00,FB5743
hkjc:50003083,HKJC_EN,Tochigi City,tochigi city,1.000,CONFIRMED_EVENT,2026-09-20T15:10:24+08:00,2026-09-26T09:48:00+08:00,FB5743
hkjc:50003083,HKJC_ZH,櫪木城,櫪木城,1.000,CONFIRMED_EVENT,2026-09-20T15:10:24+08:00,2026-09-26T09:48:00+08:00,FB5743
hkjc:50003085,FOREBET,Tokushima Vortis,tokushima vortis,1.000,CONFIRMED_EVENT,2026-09-26T09:48:00+08:00,2026-09-26T09:48:00+08:00,FB5743
hkjc:50003085,HKJC_EN,Tokushima Vortis,tokushima vortis,1.000,CONFIRMED_EVENT,2026-09-25T09:43:21+08:00,2026-09-26T09:48:00+08:00,FB5743
hkjc:50003085,HKJC_ZH,德島漩渦,德島漩渦,1.000,CONFIRMED_EVENT,2026-09-26T09:48:00+08:00,2026-09-26T09:48:00+08:00,FB5743
hkjc:50003088,FOREBET,Deportivo Toluca,deportivo toluca,1.000,CONFIRMED_EVENT,2026-09-26T09:48:00+08:00,2026-09-26T09:48:00+08:00,FB5863
hkjc:50003088,HKJC_EN,Toluca,toluca,1.000,CONFIRMED_EVENT,2026-09-20T15:10:24+08:00,2026-09-26T09:48:00+08:00,FB5863
hkjc:50003088,HKJC_ZH,托盧卡,托盧卡,1.000,CONFIRMED_EVENT,2026-09-26T09:48:00+08:00,2026-09-26T09:48:00+08:00,FB5863
hkjc:50003092,FOREBET,Toronto FC,toronto fc,1.000,CONFIRMED_EVENT,2026-09-26T09:48:00+08:00,2026-09-26T09:48:00+08:00,FB5819
hkjc:50003092,HKJC_EN,Toronto FC,toronto fc,1.000,CONFIRMED_EVENT,2026-09-20T15:10:24+08:00,2026-09-26T09:48:00+08:00,FB5819
hkjc:50003092,HKJC_ZH,FC多倫多,FC多倫多,1.000,CONFIRMED_EVENT,2026-09-26T09:48:00+08:00,2026-09-26T09:48:00+08:00,FB5819
hkjc:50003113,FOREBET,Tranmere Rovers,tranmere rovers,1.000,CONFIRMED_EVENT,2026-09-26T09:48:00+08:00,2026-09-26T09:48:00+08:00,FB5776
hkjc:50003113,HKJC_EN,Tranmere,tranmere,1.000,CONFIRMED_EVENT,2026-09-25T09:43:21+08:00,2026-09-26T09:48:00+08:00,FB5776
hkjc:50003113,HKJC_ZH,燦美爾,燦美爾,1.000,CONFIRMED_EVENT,2026-09-26T09:48:00+08:00,2026-09-26T09:48:00+08:00,FB5776
hkjc:50003123,FOREBET,Trinidad & Tobago,trinidad and tobago,1.000,CONFIRMED_EVENT,2026-09-24T11:14:49+08:00,2026-09-25T09:43:21+08:00,FB5689
hkjc:50003123,HKJC_EN,Trinidad and Tobago,trinidad and tobago,1.000,CONFIRMED_EVENT,2026-09-24T11:14:49+08:00,2026-09-25T09:43:21+08:00,FB5689
hkjc:50003123,HKJC_ZH,千里達,千里達,1.000,CONFIRMED_EVENT,2026-09-24T11:14:49+08:00,2026-09-25T09:43:21+08:00,FB5689
hkjc:50003128,FOREBET,Tromso,tromso,1.000,CONFIRMED_EVENT,2026-09-20T15:10:24+08:00,2026-09-20T15:10:24+08:00,FB5416
hkjc:50003128,HKJC_EN,Tromso,tromso,1.000,CONFIRMED_EVENT,2026-09-20T15:10:24+08:00,2026-09-20T15:10:24+08:00,FB5416
hkjc:50003128,HKJC_ZH,特林素,特林素,1.000,CONFIRMED_EVENT,2026-09-20T15:10:24+08:00,2026-09-20T15:10:24+08:00,FB5416
hkjc:50003134,FOREBET,Tunisia,tunisia,1.000,CONFIRMED_EVENT,2026-09-24T11:14:49+08:00,2026-09-24T11:14:49+08:00,FB5690
hkjc:50003134,HKJC_EN,Tunisia,tunisia,1.000,CONFIRMED_EVENT,2026-09-24T11:14:49+08:00,2026-09-24T11:14:49+08:00,FB5690
hkjc:50003134,HKJC_ZH,突尼西亞,突尼西亞,1.000,CONFIRMED_EVENT,2026-09-24T11:14:49+08:00,2026-09-24T11:14:49+08:00,FB5690
hkjc:50003142,FOREBET,Türkiye,turkiye,1.000,CONFIRMED_EVENT,2026-09-25T09:43:21+08:00,2026-09-25T09:43:21+08:00,FB5717
hkjc:50003142,HKJC_EN,Turkiye,turkiye,1.000,CONFIRMED_EVENT,2026-09-25T09:43:21+08:00,2026-09-25T09:43:21+08:00,FB5717
hkjc:50003142,HKJC_ZH,土耳其,土耳其,1.000,CONFIRMED_EVENT,2026-09-25T09:43:21+08:00,2026-09-25T09:43:21+08:00,FB5717
hkjc:50003144,FOREBET,Türkiye U21,turkiye u21,1.000,CONFIRMED_EVENT,2026-09-26T09:48:00+08:00,2026-09-26T09:48:00+08:00,FB5790
hkjc:50003144,HKJC_EN,Turkiye U21,turkiye u21,1.000,CONFIRMED_EVENT,2026-09-25T09:43:21+08:00,2026-09-26T09:48:00+08:00,FB5790
hkjc:50003144,HKJC_ZH,土耳其U21,土耳其U21,1.000,CONFIRMED_EVENT,2026-09-26T09:48:00+08:00,2026-09-26T09:48:00+08:00,FB5790
hkjc:50003150,FOREBET,Twente,twente,1.000,CONFIRMED_EVENT,2026-09-20T15:10:24+08:00,2026-09-20T15:10:24+08:00,FB5360
hkjc:50003150,HKJC_EN,Twente,twente,1.000,CONFIRMED_EVENT,2026-09-20T15:10:24+08:00,2026-09-20T15:10:24+08:00,FB5360
hkjc:50003150,HKJC_ZH,川迪,川迪,1.000,CONFIRMED_EVENT,2026-09-20T15:10:24+08:00,2026-09-20T15:10:24+08:00,FB5360
hkjc:50003168,HKJC_EN,USA,usa,1.000,CONFIRMED_EVENT,2026-09-26T09:48:00+08:00,2026-09-26T09:48:00+08:00,FB5874
hkjc:50003183,FOREBET,Uganda,uganda,1.000,CONFIRMED_EVENT,2026-09-24T11:14:49+08:00,2026-09-24T11:14:49+08:00,FB5690
hkjc:50003183,HKJC_EN,Uganda,uganda,1.000,CONFIRMED_EVENT,2026-09-24T11:14:49+08:00,2026-09-24T11:14:49+08:00,FB5690
hkjc:50003183,HKJC_ZH,烏干達,烏干達,1.000,CONFIRMED_EVENT,2026-09-24T11:14:49+08:00,2026-09-24T11:14:49+08:00,FB5690
hkjc:50003185,FOREBET,Ukraine,ukraine,1.000,CONFIRMED_EVENT,2026-09-25T09:43:21+08:00,2026-09-25T09:43:21+08:00,FB5714
hkjc:50003185,HKJC_EN,Ukraine,ukraine,1.000,CONFIRMED_EVENT,2026-09-25T09:43:21+08:00,2026-09-25T09:43:21+08:00,FB5714
hkjc:50003185,HKJC_ZH,烏克蘭,烏克蘭,1.000,CONFIRMED_EVENT,2026-09-25T09:43:21+08:00,2026-09-25T09:43:21+08:00,FB5714
hkjc:50003187,FOREBET,Ukraine U21,ukraine u21,1.000,CONFIRMED_EVENT,2026-09-26T09:48:00+08:00,2026-09-26T09:48:00+08:00,FB5790
hkjc:50003187,HKJC_EN,Ukraine U21,ukraine u21,1.000,CONFIRMED_EVENT,2026-09-25T09:43:21+08:00,2026-09-26T09:48:00+08:00,FB5790
hkjc:50003187,HKJC_ZH,烏克蘭U21,烏克蘭U21,1.000,CONFIRMED_EVENT,2026-09-26T09:48:00+08:00,2026-09-26T09:48:00+08:00,FB5790
hkjc:50003199,FOREBET,Unión La Calera,union la calera,1.000,CONFIRMED_EVENT,2026-09-24T11:14:49+08:00,2026-09-26T09:48:00+08:00,FB5839
hkjc:50003199,HKJC_EN,Union La Calera,union la calera,1.000,CONFIRMED_EVENT,2026-09-24T11:14:49+08:00,2026-09-26T09:48:00+08:00,FB5839
hkjc:50003199,HKJC_ZH,卡拉雷聯,卡拉雷聯,1.000,CONFIRMED_EVENT,2026-09-24T11:14:49+08:00,2026-09-26T09:48:00+08:00,FB5839
hkjc:50003201,FOREBET,Union Saint-Gilloise,union saint gilloise,1.000,CONFIRMED_EVENT,2026-09-20T15:10:24+08:00,2026-09-20T15:10:24+08:00,FB5484
hkjc:50003201,HKJC_EN,Union Saint Gilloise,union saint gilloise,1.000,CONFIRMED_EVENT,2026-09-20T15:10:24+08:00,2026-09-20T15:10:24+08:00,FB5484
hkjc:50003201,HKJC_ZH,聖基萊斯聯,聖基萊斯聯,1.000,CONFIRMED_EVENT,2026-09-20T15:10:24+08:00,2026-09-20T15:10:24+08:00,FB5484
hkjc:50003206,FOREBET,United Arab Emirates,united arab emirates,1.000,CONFIRMED_EVENT,2026-09-24T11:14:49+08:00,2026-09-24T11:14:49+08:00,FB5701
hkjc:50003206,HKJC_EN,United Arab Emirates,united arab emirates,1.000,CONFIRMED_EVENT,2026-09-24T11:14:49+08:00,2026-09-24T11:14:49+08:00,FB5701
hkjc:50003206,HKJC_ZH,阿聯酋,阿聯酋,1.000,CONFIRMED_EVENT,2026-09-24T11:14:49+08:00,2026-09-24T11:14:49+08:00,FB5701
hkjc:50003207,HKJC_EN,United Arab Emirates AM,united arab emirates am,1.000,CONFIRMED_EVENT,2026-09-20T15:10:24+08:00,2026-09-20T15:10:24+08:00,FB5386
hkjc:50003210,FOREBET,Universidad Católica,universidad catolica,1.000,CONFIRMED_EVENT,2026-09-24T11:14:49+08:00,2026-09-26T09:48:00+08:00,FB5839
hkjc:50003210,HKJC_EN,Universidad Catolica,universidad catolica,1.000,CONFIRMED_EVENT,2026-09-24T11:14:49+08:00,2026-09-26T09:48:00+08:00,FB5839
hkjc:50003210,HKJC_ZH,天主教大學,天主教大學,1.000,CONFIRMED_EVENT,2026-09-24T11:14:49+08:00,2026-09-26T09:48:00+08:00,FB5839
hkjc:50003212,FOREBET,Univ de Chile,univ de chile,1.000,CONFIRMED_EVENT,2026-09-24T11:14:49+08:00,2026-09-24T11:14:49+08:00,FB5636
hkjc:50003212,HKJC_EN,Universidad Chile,universidad chile,1.000,CONFIRMED_EVENT,2026-09-24T11:14:49+08:00,2026-09-24T11:14:49+08:00,FB5636
hkjc:50003212,HKJC_ZH,智利大學,智利大學,1.000,CONFIRMED_EVENT,2026-09-24T11:14:49+08:00,2026-09-24T11:14:49+08:00,FB5636
hkjc:50003214,HKJC_EN,Universidad Guadalajara,universidad guadalajara,1.000,CONFIRMED_EVENT,2026-09-26T09:48:00+08:00,2026-09-26T09:48:00+08:00,FB5854
hkjc:50003222,HKJC_EN,Uruguay,uruguay,1.000,CONFIRMED_EVENT,2026-09-24T11:14:49+08:00,2026-09-24T11:14:49+08:00,FB5659
hkjc:50003243,FOREBET,Utrecht,utrecht,1.000,CONFIRMED_EVENT,2026-09-20T15:10:24+08:00,2026-09-20T15:10:24+08:00,FB5355
hkjc:50003243,HKJC_EN,Utrecht,utrecht,1.000,CONFIRMED_EVENT,2026-09-20T15:10:24+08:00,2026-09-20T15:10:24+08:00,FB5355
hkjc:50003243,HKJC_ZH,烏德勒支,烏德勒支,1.000,CONFIRMED_EVENT,2026-09-20T15:10:24+08:00,2026-09-20T15:10:24+08:00,FB5355
hkjc:50003245,HKJC_EN,Uzbekistan,uzbekistan,1.000,CONFIRMED_EVENT,2026-09-24T11:14:49+08:00,2026-09-24T11:14:49+08:00,FB5698
hkjc:50003246,HKJC_EN,Uzbekistan AM,uzbekistan am,1.000,CONFIRMED_EVENT,2026-09-20T15:10:24+08:00,2026-09-25T09:43:21+08:00,FB5702
hkjc:50003256,FOREBET,FC Vaduz,fc vaduz,1.000,CONFIRMED_EVENT,2026-09-20T15:10:24+08:00,2026-09-20T15:10:24+08:00,FB5485
hkjc:50003256,HKJC_EN,Vaduz,vaduz,1.000,CONFIRMED_EVENT,2026-09-20T15:10:24+08:00,2026-09-20T15:10:24+08:00,FB5485
hkjc:50003256,HKJC_ZH,華杜斯,華杜斯,1.000,CONFIRMED_EVENT,2026-09-20T15:10:24+08:00,2026-09-20T15:10:24+08:00,FB5485
hkjc:50003258,FOREBET,Valencia,valencia,1.000,CONFIRMED_EVENT,2026-09-20T15:10:24+08:00,2026-09-20T15:10:24+08:00,FB5509
hkjc:50003258,HKJC_EN,Valencia,valencia,1.000,CONFIRMED_EVENT,2026-09-20T15:10:24+08:00,2026-09-20T15:10:24+08:00,FB5509
hkjc:50003258,HKJC_ZH,華倫西亞,華倫西亞,1.000,CONFIRMED_EVENT,2026-09-20T15:10:24+08:00,2026-09-20T15:10:24+08:00,FB5509
hkjc:50003260,FOREBET,Valerenga,valerenga,1.000,CONFIRMED_EVENT,2026-09-20T15:10:24+08:00,2026-09-20T15:10:24+08:00,FB5417
hkjc:50003260,HKJC_EN,Valerenga,valerenga,1.000,CONFIRMED_EVENT,2026-09-20T15:10:24+08:00,2026-09-20T15:10:24+08:00,FB5417
hkjc:50003260,HKJC_ZH,華拉倫加,華拉倫加,1.000,CONFIRMED_EVENT,2026-09-20T15:10:24+08:00,2026-09-20T15:10:24+08:00,FB5417
hkjc:50003261,FOREBET,Real Valladolid,real valladolid,1.000,CONFIRMED_EVENT,2026-09-20T15:10:24+08:00,2026-09-26T09:48:00+08:00,FB5797
hkjc:50003261,HKJC_EN,Valladolid,valladolid,1.000,CONFIRMED_EVENT,2026-09-20T15:10:24+08:00,2026-09-26T09:48:00+08:00,FB5797
hkjc:50003261,HKJC_ZH,華拉度列,華拉度列,1.000,CONFIRMED_EVENT,2026-09-20T15:10:24+08:00,2026-09-26T09:48:00+08:00,FB5797
hkjc:50003266,FOREBET,Vancouver Whitecaps,vancouver whitecaps,1.000,CONFIRMED_EVENT,2026-09-26T09:48:00+08:00,2026-09-26T09:48:00+08:00,FB5829
hkjc:50003266,HKJC_EN,Vancouver Whitecaps,vancouver whitecaps,1.000,CONFIRMED_EVENT,2026-09-20T15:10:24+08:00,2026-09-26T09:48:00+08:00,FB5829
hkjc:50003266,HKJC_ZH,溫哥華白帽,溫哥華白帽,1.000,CONFIRMED_EVENT,2026-09-26T09:48:00+08:00,2026-09-26T09:48:00+08:00,FB5829
hkjc:50003268,FOREBET,Vanraure Hachinohe,vanraure hachinohe,1.000,CONFIRMED_EVENT,2026-09-26T09:48:00+08:00,2026-09-26T09:48:00+08:00,FB5742
hkjc:50003268,HKJC_EN,Vanraure Hachinohe,vanraure hachinohe,1.000,CONFIRMED_EVENT,2026-09-25T09:43:21+08:00,2026-09-26T09:48:00+08:00,FB5742
hkjc:50003268,HKJC_ZH,八戶雲羅里,八戶雲羅里,1.000,CONFIRMED_EVENT,2026-09-26T09:48:00+08:00,2026-09-26T09:48:00+08:00,FB5742
hkjc:50003284,FOREBET,Vegalta Sendai,vegalta sendai,1.000,CONFIRMED_EVENT,2026-09-26T09:48:00+08:00,2026-09-26T09:48:00+08:00,FB5744
hkjc:50003284,HKJC_EN,Vegalta Sendai,vegalta sendai,1.000,CONFIRMED_EVENT,2026-09-20T15:10:24+08:00,2026-09-26T09:48:00+08:00,FB5744
hkjc:50003284,HKJC_ZH,仙台維加泰,仙台維加泰,1.000,CONFIRMED_EVENT,2026-09-20T15:10:24+08:00,2026-09-26T09:48:00+08:00,FB5744
hkjc:50003287,HKJC_EN,Velez Sarsfield,velez sarsfield,1.000,CONFIRMED_EVENT,2026-09-20T15:10:24+08:00,2026-09-20T15:10:24+08:00,FB5502
hkjc:50003297,FOREBET,VVV Venlo,vvv venlo,1.000,CONFIRMED_EVENT,2026-09-26T09:48:00+08:00,2026-09-26T09:48:00+08:00,FB5734
hkjc:50003297,HKJC_EN,Venlo,venlo,1.000,CONFIRMED_EVENT,2026-09-25T09:43:21+08:00,2026-09-26T09:48:00+08:00,FB5734
hkjc:50003297,HKJC_ZH,芬洛,芬洛,1.000,CONFIRMED_EVENT,2026-09-26T09:48:00+08:00,2026-09-26T09:48:00+08:00,FB5734
hkjc:50003298,FOREBET,Ventforet Kofu,ventforet kofu,1.000,CONFIRMED_EVENT,2026-09-26T09:48:00+08:00,2026-09-26T09:48:00+08:00,FB5730
hkjc:50003298,HKJC_EN,Ventforet Kofu,ventforet kofu,1.000,CONFIRMED_EVENT,2026-09-25T09:43:21+08:00,2026-09-26T09:48:00+08:00,FB5730
hkjc:50003298,HKJC_ZH,甲府風林,甲府風林,1.000,CONFIRMED_EVENT,2026-09-26T09:48:00+08:00,2026-09-26T09:48:00+08:00,FB5730
hkjc:50003307,FOREBET,Viborg FF,viborg ff,0.920,CONFIRMED_EVENT,2026-09-20T15:10:24+08:00,2026-09-20T15:10:24+08:00,FB5406
hkjc:50003307,HKJC_EN,Viborg,viborg,1.000,CONFIRMED_EVENT,2026-09-20T15:10:24+08:00,2026-09-20T15:10:24+08:00,FB5406
hkjc:50003307,HKJC_ZH,域堡,域堡,1.000,CONFIRMED_EVENT,2026-09-20T15:10:24+08:00,2026-09-20T15:10:24+08:00,FB5406
hkjc:50003310,HKJC_EN,Vietnam,vietnam,1.000,CONFIRMED_EVENT,2026-09-26T09:48:00+08:00,2026-09-26T09:48:00+08:00,FB5866
hkjc:50003311,HKJC_EN,Vietnam AM,vietnam am,1.000,CONFIRMED_EVENT,2026-09-20T15:10:24+08:00,2026-09-25T09:43:21+08:00,FB5703
hkjc:50003314,HKJC_EN,Vietnam Women,vietnam women,1.000,CONFIRMED_EVENT,2026-09-20T15:10:24+08:00,2026-09-25T09:43:21+08:00,FB5667
hkjc:50003316,FOREBET,Viking FK,viking fk,1.000,CONFIRMED_EVENT,2026-09-20T15:10:24+08:00,2026-09-20T15:10:24+08:00,FB5545
hkjc:50003316,HKJC_EN,Viking,viking,1.000,CONFIRMED_EVENT,2026-09-20T15:10:24+08:00,2026-09-20T15:10:24+08:00,FB5545
hkjc:50003316,HKJC_ZH,維京,維京,1.000,CONFIRMED_EVENT,2026-09-20T15:10:24+08:00,2026-09-20T15:10:24+08:00,FB5545
hkjc:50003322,FOREBET,Vila Nova FC,vila nova fc,1.000,CONFIRMED_EVENT,2026-09-25T09:43:21+08:00,2026-09-25T09:43:21+08:00,FB5706
hkjc:50003322,HKJC_EN,Vila Nova,vila nova,1.000,CONFIRMED_EVENT,2026-09-24T11:14:49+08:00,2026-09-25T09:43:21+08:00,FB5706
hkjc:50003322,HKJC_ZH,維拉諾瓦,維拉諾瓦,1.000,CONFIRMED_EVENT,2026-09-25T09:43:21+08:00,2026-09-25T09:43:21+08:00,FB5706
hkjc:50003323,FOREBET,Villarreal,villarreal,1.000,CONFIRMED_EVENT,2026-09-20T15:10:24+08:00,2026-09-20T15:10:24+08:00,FB5494
hkjc:50003323,HKJC_EN,Villarreal,villarreal,1.000,CONFIRMED_EVENT,2026-09-20T15:10:24+08:00,2026-09-20T15:10:24+08:00,FB5494
hkjc:50003323,HKJC_ZH,維拉利爾,維拉利爾,1.000,CONFIRMED_EVENT,2026-09-20T15:10:24+08:00,2026-09-20T15:10:24+08:00,FB5494
hkjc:50003328,FOREBET,Académico Viseu,academico viseu,1.000,CONFIRMED_EVENT,2026-09-20T15:10:24+08:00,2026-09-20T15:10:24+08:00,FB5401
hkjc:50003328,HKJC_EN,Viseu,viseu,1.000,CONFIRMED_EVENT,2026-09-20T15:10:24+08:00,2026-09-20T15:10:24+08:00,FB5401
hkjc:50003328,HKJC_ZH,維塞烏,維塞烏,1.000,CONFIRMED_EVENT,2026-09-20T15:10:24+08:00,2026-09-20T15:10:24+08:00,FB5401
hkjc:50003329,FOREBET,Vissel Kobe,vissel kobe,1.000,CONFIRMED_EVENT,2026-09-20T15:10:24+08:00,2026-09-20T15:10:24+08:00,FB5383
hkjc:50003329,HKJC_EN,Vissel Kobe,vissel kobe,1.000,CONFIRMED_EVENT,2026-09-20T15:10:24+08:00,2026-09-20T15:10:24+08:00,FB5383
hkjc:50003329,HKJC_ZH,神戶勝利船,神戶勝利船,1.000,CONFIRMED_EVENT,2026-09-20T15:10:24+08:00,2026-09-20T15:10:24+08:00,FB5383
hkjc:50003330,FOREBET,Vitesse,vitesse,1.000,CONFIRMED_EVENT,2026-09-26T09:48:00+08:00,2026-09-26T09:48:00+08:00,FB5731
hkjc:50003330,HKJC_EN,Vitesse,vitesse,1.000,CONFIRMED_EVENT,2026-09-25T09:43:21+08:00,2026-09-26T09:48:00+08:00,FB5731
hkjc:50003330,HKJC_ZH,維迪斯,維迪斯,1.000,CONFIRMED_EVENT,2026-09-26T09:48:00+08:00,2026-09-26T09:48:00+08:00,FB5731
hkjc:50003331,FOREBET,Vitória,vitoria,1.000,CONFIRMED_EVENT,2026-09-20T15:10:24+08:00,2026-09-20T15:10:24+08:00,FB5466
hkjc:50003331,HKJC_EN,Vitoria,vitoria,1.000,CONFIRMED_EVENT,2026-09-20T15:10:24+08:00,2026-09-20T15:10:24+08:00,FB5466
hkjc:50003331,HKJC_ZH,維多利亞,維多利亞,1.000,CONFIRMED_EVENT,2026-09-20T15:10:24+08:00,2026-09-20T15:10:24+08:00,FB5466
hkjc:50003336,FOREBET,Volendam,volendam,1.000,CONFIRMED_EVENT,2026-09-26T09:48:00+08:00,2026-09-26T09:48:00+08:00,FB5734
hkjc:50003336,HKJC_EN,Volendam,volendam,1.000,CONFIRMED_EVENT,2026-09-25T09:43:21+08:00,2026-09-26T09:48:00+08:00,FB5734
hkjc:50003336,HKJC_ZH,禾寧丹,禾寧丹,1.000,CONFIRMED_EVENT,2026-09-26T09:48:00+08:00,2026-09-26T09:48:00+08:00,FB5734
hkjc:50003344,HKJC_EN,SK Beveren,sk beveren,1.000,CONFIRMED_EVENT,2026-09-20T15:10:24+08:00,2026-09-20T15:10:24+08:00,FB5496
hkjc:50003344,HKJC_ZH,SK比華倫,SK比華倫,1.000,CONFIRMED_EVENT,2026-09-20T15:10:24+08:00,2026-09-20T15:10:24+08:00,FB5496
hkjc:50003347,FOREBET,Wales,wales,1.000,CONFIRMED_EVENT,2026-09-24T11:14:49+08:00,2026-09-26T09:48:00+08:00,FB5886
hkjc:50003347,HKJC_EN,Wales,wales,1.000,CONFIRMED_EVENT,2026-09-24T11:14:49+08:00,2026-09-26T09:48:00+08:00,FB5886
hkjc:50003347,HKJC_ZH,威爾斯,威爾斯,1.000,CONFIRMED_EVENT,2026-09-24T11:14:49+08:00,2026-09-26T09:48:00+08:00,FB5886
hkjc:50003349,FOREBET,Walsall FC,walsall fc,1.000,CONFIRMED_EVENT,2026-09-26T09:48:00+08:00,2026-09-26T09:48:00+08:00,FB5776
hkjc:50003349,HKJC_EN,Walsall,walsall,1.000,CONFIRMED_EVENT,2026-09-25T09:43:21+08:00,2026-09-26T09:48:00+08:00,FB5776
hkjc:50003349,HKJC_ZH,華素爾,華素爾,1.000,CONFIRMED_EVENT,2026-09-26T09:48:00+08:00,2026-09-26T09:48:00+08:00,FB5776
hkjc:50003361,HKJC_EN,West Bromwich,west bromwich,1.000,CONFIRMED_EVENT,2026-09-20T15:10:24+08:00,2026-09-20T15:10:24+08:00,FB5536
hkjc:50003363,FOREBET,Westerlo,westerlo,1.000,CONFIRMED_EVENT,2026-09-20T15:10:24+08:00,2026-09-20T15:10:24+08:00,FB5487
hkjc:50003363,HKJC_EN,Westerlo,westerlo,1.000,CONFIRMED_EVENT,2026-09-20T15:10:24+08:00,2026-09-20T15:10:24+08:00,FB5487
hkjc:50003363,HKJC_ZH,韋斯達路,韋斯達路,1.000,CONFIRMED_EVENT,2026-09-20T15:10:24+08:00,2026-09-20T15:10:24+08:00,FB5487
hkjc:50003380,HKJC_EN,Wolves,wolves,1.000,CONFIRMED_EVENT,2026-09-20T15:10:24+08:00,2026-09-20T15:10:24+08:00,FB5536
hkjc:50003385,FOREBET,Wycombe,wycombe,1.000,CONFIRMED_EVENT,2026-09-26T09:48:00+08:00,2026-09-26T09:48:00+08:00,FB5769
hkjc:50003385,HKJC_EN,Wycombe,wycombe,1.000,CONFIRMED_EVENT,2026-09-25T09:43:21+08:00,2026-09-26T09:48:00+08:00,FB5769
hkjc:50003385,HKJC_ZH,韋甘比,韋甘比,1.000,CONFIRMED_EVENT,2026-09-26T09:48:00+08:00,2026-09-26T09:48:00+08:00,FB5769
hkjc:50003395,FOREBET,Yemen,yemen,1.000,CONFIRMED_EVENT,2026-09-24T11:14:49+08:00,2026-09-24T11:14:49+08:00,FB5701
hkjc:50003395,HKJC_EN,Yemen,yemen,1.000,CONFIRMED_EVENT,2026-09-24T11:14:49+08:00,2026-09-24T11:14:49+08:00,FB5701
hkjc:50003395,HKJC_ZH,也門,也門,1.000,CONFIRMED_EVENT,2026-09-24T11:14:49+08:00,2026-09-24T11:14:49+08:00,FB5701
hkjc:50003402,FOREBET,York City,york city,1.000,CONFIRMED_EVENT,2026-09-26T09:48:00+08:00,2026-09-26T09:48:00+08:00,FB5784
hkjc:50003402,HKJC_EN,York City,york city,1.000,CONFIRMED_EVENT,2026-09-25T09:43:21+08:00,2026-09-26T09:48:00+08:00,FB5784
hkjc:50003402,HKJC_ZH,約克城,約克城,1.000,CONFIRMED_EVENT,2026-09-26T09:48:00+08:00,2026-09-26T09:48:00+08:00,FB5784
hkjc:50003409,HKJC_EN,Zambia,zambia,1.000,CONFIRMED_EVENT,2026-09-25T09:43:21+08:00,2026-09-25T09:43:21+08:00,FB5762
hkjc:50239611,FOREBET,Calcio Como,calcio como,1.000,CONFIRMED_EVENT,2026-09-20T15:10:24+08:00,2026-09-20T15:10:24+08:00,FB5379
hkjc:50239611,HKJC_EN,Como,como,1.000,CONFIRMED_EVENT,2026-09-20T15:10:24+08:00,2026-09-20T15:10:24+08:00,FB5379
hkjc:50239611,HKJC_ZH,科木,科木,1.000,CONFIRMED_EVENT,2026-09-20T15:10:24+08:00,2026-09-20T15:10:24+08:00,FB5379
hkjc:50240645,HKJC_EN,Colombia Women U20,colombia women u20,1.000,CONFIRMED_EVENT,2026-09-20T15:10:24+08:00,2026-09-26T09:48:00+08:00,FB5809
hkjc:50240646,HKJC_EN,Canada Women U20,canada women u20,1.000,CONFIRMED_EVENT,2026-09-20T15:10:24+08:00,2026-09-20T15:10:24+08:00,FB5565
hkjc:50240649,HKJC_EN,Spain Women U20,spain women u20,1.000,CONFIRMED_EVENT,2026-09-25T09:43:21+08:00,2026-09-26T09:48:00+08:00,FB5808
hkjc:50264497,HKJC_EN,Uzbekistan Women,uzbekistan women,1.000,CONFIRMED_EVENT,2026-09-24T11:14:49+08:00,2026-09-25T09:43:21+08:00,FB5669
hkjc:50267252,FOREBET,Eldense,eldense,1.000,CONFIRMED_EVENT,2026-09-26T09:48:00+08:00,2026-09-26T09:48:00+08:00,FB5800
hkjc:50267252,HKJC_EN,CD Eldense,cd eldense,1.000,CONFIRMED_EVENT,2026-09-25T09:43:21+08:00,2026-09-26T09:48:00+08:00,FB5800
hkjc:50267252,HKJC_ZH,CD艾丹斯,CD艾丹斯,1.000,CONFIRMED_EVENT,2026-09-26T09:48:00+08:00,2026-09-26T09:48:00+08:00,FB5800
hkjc:50267911,FOREBET,Iwaki FC,iwaki fc,1.000,CONFIRMED_EVENT,2026-09-26T09:48:00+08:00,2026-09-26T09:48:00+08:00,FB5744
hkjc:50267911,HKJC_EN,Iwaki FC,iwaki fc,1.000,CONFIRMED_EVENT,2026-09-25T09:43:21+08:00,2026-09-26T09:48:00+08:00,FB5744
hkjc:50267911,HKJC_ZH,磐城FC,磐城FC,1.000,CONFIRMED_EVENT,2026-09-26T09:48:00+08:00,2026-09-26T09:48:00+08:00,FB5744
hkjc:50267912,FOREBET,Saint Louis City,saint louis city,1.000,CONFIRMED_EVENT,2026-09-26T09:48:00+08:00,2026-09-26T09:48:00+08:00,FB5818
hkjc:50267912,HKJC_EN,St. Louis City SC,st louis city sc,1.000,CONFIRMED_EVENT,2026-09-20T15:10:24+08:00,2026-09-26T09:48:00+08:00,FB5818
hkjc:50267912,HKJC_ZH,聖路易城SC,聖路易城SC,1.000,CONFIRMED_EVENT,2026-09-26T09:48:00+08:00,2026-09-26T09:48:00+08:00,FB5818
hkjc:50282150,FOREBET,Cheongju FC,cheongju fc,1.000,CONFIRMED_EVENT,2026-09-20T15:10:24+08:00,2026-09-20T15:10:24+08:00,FB5349
hkjc:50282150,HKJC_EN,Chungbuk Cheongju,chungbuk cheongju,1.000,CONFIRMED_EVENT,2026-09-20T15:10:24+08:00,2026-09-20T15:10:24+08:00,FB5349
hkjc:50282150,HKJC_ZH,忠北清州,忠北清州,1.000,CONFIRMED_EVENT,2026-09-20T15:10:24+08:00,2026-09-20T15:10:24+08:00,FB5349
hkjc:50282194,FOREBET,Ansan Greeners,ansan greeners,1.000,CONFIRMED_EVENT,2026-09-20T15:10:24+08:00,2026-09-20T15:10:24+08:00,FB5349
hkjc:50282194,HKJC_EN,Ansan Greeners,ansan greeners,1.000,CONFIRMED_EVENT,2026-09-20T15:10:24+08:00,2026-09-20T15:10:24+08:00,FB5349
hkjc:50282194,HKJC_ZH,安山綠人,安山綠人,1.000,CONFIRMED_EVENT,2026-09-20T15:10:24+08:00,2026-09-20T15:10:24+08:00,FB5349
hkjc:50283454,HKJC_EN,Hartford Athletic,hartford athletic,1.000,CONFIRMED_EVENT,2026-09-20T15:10:24+08:00,2026-09-25T09:43:21+08:00,FB5739
hkjc:50283456,FOREBET,New Mexico United,new mexico united,0.952,CONFIRMED_EVENT,2026-09-16T07:13:56+08:00,2026-09-16T09:31:59+08:00,FB5254
hkjc:50283456,HKJC_EN,New Mexico Utd,new mexico utd,1.000,CONFIRMED_EVENT,2026-09-16T07:13:56+08:00,2026-09-16T09:31:59+08:00,FB5254
hkjc:50283456,HKJC_ZH,新墨西哥聯,新墨西哥聯,1.000,CONFIRMED_EVENT,2026-09-16T07:13:56+08:00,2026-09-16T09:31:59+08:00,FB5254
hkjc:50283457,FOREBET,Oakland Roots,oakland roots,1.000,CONFIRMED_EVENT,2026-09-20T15:10:24+08:00,2026-09-20T15:10:24+08:00,FB5551
hkjc:50283457,HKJC_EN,Oakland Roots,oakland roots,1.000,CONFIRMED_EVENT,2026-09-20T15:10:24+08:00,2026-09-26T09:48:00+08:00,FB5783
hkjc:50283457,HKJC_ZH,奧克蘭根源,奧克蘭根源,1.000,CONFIRMED_EVENT,2026-09-20T15:10:24+08:00,2026-09-20T15:10:24+08:00,FB5551
hkjc:50283463,HKJC_EN,Loudoun Utd,loudoun utd,1.000,CONFIRMED_EVENT,2026-09-25T09:43:21+08:00,2026-09-25T09:43:21+08:00,FB5764
hkjc:50283465,FOREBET,Birmingham Legion,birmingham legion,0.952,CONFIRMED_EVENT,2026-09-16T07:13:56+08:00,2026-09-16T09:31:59+08:00,FB5254
hkjc:50283465,HKJC_EN,Birmingham Legion,birmingham legion,1.000,CONFIRMED_EVENT,2026-09-16T07:13:56+08:00,2026-09-16T09:31:59+08:00,FB5254
hkjc:50283465,HKJC_ZH,伯明翰軍團,伯明翰軍團,1.000,CONFIRMED_EVENT,2026-09-16T07:13:56+08:00,2026-09-16T09:31:59+08:00,FB5254
hkjc:50283468,HKJC_EN,Las Vegas Lights,las vegas lights,1.000,CONFIRMED_EVENT,2026-09-20T15:10:24+08:00,2026-09-20T15:10:24+08:00,FB5556
hkjc:50286103,FOREBET,Paju Citizen,paju citizen,1.000,CONFIRMED_EVENT,2026-09-20T15:10:24+08:00,2026-09-20T15:10:24+08:00,FB5352
hkjc:50286103,HKJC_EN,Paju Frontier,paju frontier,1.000,CONFIRMED_EVENT,2026-09-20T15:10:24+08:00,2026-09-20T15:10:24+08:00,FB5352
hkjc:50286103,HKJC_ZH,坡州前線,坡州前線,1.000,CONFIRMED_EVENT,2026-09-20T15:10:24+08:00,2026-09-20T15:10:24+08:00,FB5352
hkjc:50288636,FOREBET,Dominican Rep,dominican rep,0.980,CONFIRMED_EVENT,2026-09-24T11:14:49+08:00,2026-09-24T11:14:49+08:00,FB5700
hkjc:50288636,HKJC_EN,Dominican Republic,dominican republic,1.000,CONFIRMED_EVENT,2026-09-24T11:14:49+08:00,2026-09-24T11:14:49+08:00,FB5700
hkjc:50288636,HKJC_ZH,多明尼加共和國,多明尼加共和國,1.000,CONFIRMED_EVENT,2026-09-24T11:14:49+08:00,2026-09-24T11:14:49+08:00,FB5700
hkjc:50288881,FOREBET,Deportes Santa Cruz,deportes santa cruz,1.000,CONFIRMED_EVENT,2026-09-24T11:14:49+08:00,2026-09-26T09:48:00+08:00,FB5838
hkjc:50288881,HKJC_EN,Deportes Santa Cruz,deportes santa cruz,1.000,CONFIRMED_EVENT,2026-09-24T11:14:49+08:00,2026-09-26T09:48:00+08:00,FB5838
hkjc:50288881,HKJC_ZH,聖達古斯,聖達古斯,1.000,CONFIRMED_EVENT,2026-09-24T11:14:49+08:00,2026-09-26T09:48:00+08:00,FB5838
hkjc:50319129,FOREBET,Tegevajaro Miyazaki,tegevajaro miyazaki,1.000,CONFIRMED_EVENT,2026-09-26T09:48:00+08:00,2026-09-26T09:48:00+08:00,FB5741
hkjc:50319129,HKJC_EN,Tegevajaro Miyazaki,tegevajaro miyazaki,1.000,CONFIRMED_EVENT,2026-09-25T09:43:21+08:00,2026-09-26T09:48:00+08:00,FB5741
hkjc:50319129,HKJC_ZH,宮崎棒牛鳥,宮崎棒牛鳥,1.000,CONFIRMED_EVENT,2026-09-26T09:48:00+08:00,2026-09-26T09:48:00+08:00,FB5741
hkjc:50322929,FOREBET,Gimhae City,gimhae city,1.000,CONFIRMED_EVENT,2026-09-20T15:10:24+08:00,2026-09-20T15:10:24+08:00,FB5352
hkjc:50322929,HKJC_EN,Gimhae FC,gimhae fc,1.000,CONFIRMED_EVENT,2026-09-20T15:10:24+08:00,2026-09-20T15:10:24+08:00,FB5352
hkjc:50322929,HKJC_ZH,金海FC,金海FC,1.000,CONFIRMED_EVENT,2026-09-20T15:10:24+08:00,2026-09-20T15:10:24+08:00,FB5352
hkjc:50325834,HKJC_EN,El Paso Locomotive,el paso locomotive,1.000,CONFIRMED_EVENT,2026-09-20T15:10:24+08:00,2026-09-25T09:43:21+08:00,FB5782
hkjc:50331022,FOREBET,Deportes Concepción,deportes concepcion,1.000,CONFIRMED_EVENT,2026-09-26T09:48:00+08:00,2026-09-26T09:48:00+08:00,FB5850
hkjc:50331022,HKJC_EN,Deportes Concepcion,deportes concepcion,1.000,CONFIRMED_EVENT,2026-09-26T09:48:00+08:00,2026-09-26T09:48:00+08:00,FB5850
hkjc:50331022,HKJC_ZH,康塞普森體育,康塞普森體育,1.000,CONFIRMED_EVENT,2026-09-26T09:48:00+08:00,2026-09-26T09:48:00+08:00,FB5850
hkjc:50334216,FOREBET,Atletico La Paz,atletico la paz,1.000,CONFIRMED_EVENT,2026-09-24T11:14:49+08:00,2026-09-25T09:43:21+08:00,FB5674
hkjc:50334216,HKJC_EN,Atletico La Paz,atletico la paz,1.000,CONFIRMED_EVENT,2026-09-24T11:14:49+08:00,2026-09-25T09:43:21+08:00,FB5674
hkjc:50334216,HKJC_ZH,拉巴斯體育會,拉巴斯體育會,1.000,CONFIRMED_EVENT,2026-09-24T11:14:49+08:00,2026-09-25T09:43:21+08:00,FB5674
hkjc:50334218,FOREBET,Cancun,cancun,1.000,CONFIRMED_EVENT,2026-09-26T09:48:00+08:00,2026-09-26T09:48:00+08:00,FB5853
hkjc:50334218,HKJC_EN,Cancun FC,cancun fc,1.000,CONFIRMED_EVENT,2026-09-20T15:10:24+08:00,2026-09-26T09:48:00+08:00,FB5853
hkjc:50334218,HKJC_ZH,坎昆FC,坎昆FC,1.000,CONFIRMED_EVENT,2026-09-26T09:48:00+08:00,2026-09-26T09:48:00+08:00,FB5853
hkjc:50334219,HKJC_EN,Tapatio,tapatio,1.000,CONFIRMED_EVENT,2026-09-20T15:10:24+08:00,2026-09-20T15:10:24+08:00,FB5547
hkjc:50334221,FOREBET,Tlaxcala,tlaxcala,1.000,CONFIRMED_EVENT,2026-09-26T09:48:00+08:00,2026-09-26T09:48:00+08:00,FB5853
hkjc:50334221,HKJC_EN,Tlaxcala,tlaxcala,1.000,CONFIRMED_EVENT,2026-09-20T15:10:24+08:00,2026-09-26T09:48:00+08:00,FB5853
hkjc:50334221,HKJC_ZH,特拉斯卡拉,特拉斯卡拉,1.000,CONFIRMED_EVENT,2026-09-26T09:48:00+08:00,2026-09-26T09:48:00+08:00,FB5853
hkjc:50353883,HKJC_EN,Seattle Reign Women,seattle reign women,1.000,CONFIRMED_EVENT,2026-09-26T09:48:00+08:00,2026-09-26T09:48:00+08:00,FB5868
hkjc:50353887,FOREBET,Rosengard W,rosengard w,1.000,CONFIRMED_EVENT,2026-09-26T09:48:00+08:00,2026-09-26T09:48:00+08:00,FB5844
hkjc:50353887,HKJC_EN,Rosengard Women,rosengard women,1.000,CONFIRMED_EVENT,2026-09-26T09:48:00+08:00,2026-09-26T09:48:00+08:00,FB5844
hkjc:50353887,HKJC_ZH,洛辛加特女足,洛辛加特女足,1.000,CONFIRMED_EVENT,2026-09-26T09:48:00+08:00,2026-09-26T09:48:00+08:00,FB5844
hkjc:50353889,FOREBET,Hammarby W,hammarby w,0.965,CONFIRMED_EVENT,2026-09-26T09:48:00+08:00,2026-09-26T09:48:00+08:00,FB5849
hkjc:50353889,HKJC_EN,Hammarby Women,hammarby women,1.000,CONFIRMED_EVENT,2026-09-26T09:48:00+08:00,2026-09-26T09:48:00+08:00,FB5849
hkjc:50353889,HKJC_ZH,哈馬比女足,哈馬比女足,1.000,CONFIRMED_EVENT,2026-09-26T09:48:00+08:00,2026-09-26T09:48:00+08:00,FB5849
hkjc:50353890,FOREBET,Kristianstads W,kristianstads w,1.000,CONFIRMED_EVENT,2026-09-26T09:48:00+08:00,2026-09-26T09:48:00+08:00,FB5872
hkjc:50353890,HKJC_EN,Kristianstads Women,kristianstads women,1.000,CONFIRMED_EVENT,2026-09-26T09:48:00+08:00,2026-09-26T09:48:00+08:00,FB5872
hkjc:50353890,HKJC_ZH,基斯迪史達斯女足,基斯迪史達斯女足,1.000,CONFIRMED_EVENT,2026-09-26T09:48:00+08:00,2026-09-26T09:48:00+08:00,FB5872
hkjc:50353894,FOREBET,Pitea W,pitea w,1.000,CONFIRMED_EVENT,2026-09-26T09:48:00+08:00,2026-09-26T09:48:00+08:00,FB5844
hkjc:50353894,HKJC_EN,Pitea Women,pitea women,1.000,CONFIRMED_EVENT,2026-09-26T09:48:00+08:00,2026-09-26T09:48:00+08:00,FB5844
hkjc:50353894,HKJC_ZH,比堤亞女足,比堤亞女足,1.000,CONFIRMED_EVENT,2026-09-26T09:48:00+08:00,2026-09-26T09:48:00+08:00,FB5844
hkjc:50353895,FOREBET,Växjö W,vaxjo w,0.960,CONFIRMED_EVENT,2026-09-26T09:48:00+08:00,2026-09-26T09:48:00+08:00,FB5841
hkjc:50353895,HKJC_EN,Vaxjo Women,vaxjo women,1.000,CONFIRMED_EVENT,2026-09-26T09:48:00+08:00,2026-09-26T09:48:00+08:00,FB5841
hkjc:50353895,HKJC_ZH,韋克舍女足,韋克舍女足,1.000,CONFIRMED_EVENT,2026-09-26T09:48:00+08:00,2026-09-26T09:48:00+08:00,FB5841
hkjc:50353896,FOREBET,Vittsjo W,vittsjo w,1.000,CONFIRMED_EVENT,2026-09-26T09:48:00+08:00,2026-09-26T09:48:00+08:00,FB5872
hkjc:50353896,HKJC_EN,Vittsjo Women,vittsjo women,1.000,CONFIRMED_EVENT,2026-09-26T09:48:00+08:00,2026-09-26T09:48:00+08:00,FB5872
hkjc:50353896,HKJC_ZH,域斯祖女足,域斯祖女足,1.000,CONFIRMED_EVENT,2026-09-26T09:48:00+08:00,2026-09-26T09:48:00+08:00,FB5872
hkjc:50353897,HKJC_EN,Brommapojkarna Women,brommapojkarna women,1.000,CONFIRMED_EVENT,2026-09-26T09:48:00+08:00,2026-09-26T09:48:00+08:00,FB5848
hkjc:50353898,FOREBET,AIK W,aik w,0.960,CONFIRMED_EVENT,2026-09-26T09:48:00+08:00,2026-09-26T09:48:00+08:00,FB5841
hkjc:50353898,HKJC_EN,AIK Solna Women,aik solna women,1.000,CONFIRMED_EVENT,2026-09-26T09:48:00+08:00,2026-09-26T09:48:00+08:00,FB5841
hkjc:50353898,HKJC_ZH,AIK蘇納女足,AIK蘇納女足,1.000,CONFIRMED_EVENT,2026-09-26T09:48:00+08:00,2026-09-26T09:48:00+08:00,FB5841
hkjc:50353901,FOREBET,Vålerenga W,valerenga w,1.000,CONFIRMED_EVENT,2026-09-26T09:48:00+08:00,2026-09-26T09:48:00+08:00,FB5858
hkjc:50353901,HKJC_EN,Valerenga Women,valerenga women,1.000,CONFIRMED_EVENT,2026-09-26T09:48:00+08:00,2026-09-26T09:48:00+08:00,FB5858
hkjc:50353901,HKJC_ZH,華拉倫加女足,華拉倫加女足,1.000,CONFIRMED_EVENT,2026-09-26T09:48:00+08:00,2026-09-26T09:48:00+08:00,FB5858
hkjc:50353903,HKJC_EN,Brann Women,brann women,1.000,CONFIRMED_EVENT,2026-09-26T09:48:00+08:00,2026-09-26T09:48:00+08:00,FB5856
hkjc:50353903,HKJC_ZH,白蘭恩女足,白蘭恩女足,1.000,CONFIRMED_EVENT,2026-09-26T09:48:00+08:00,2026-09-26T09:48:00+08:00,FB5856
hkjc:50353904,FOREBET,LSK Kvinner W,lsk kvinner w,1.000,CONFIRMED_EVENT,2026-09-26T09:48:00+08:00,2026-09-26T09:48:00+08:00,FB5857
hkjc:50353904,HKJC_EN,LSK Kvinner Women,lsk kvinner women,1.000,CONFIRMED_EVENT,2026-09-26T09:48:00+08:00,2026-09-26T09:48:00+08:00,FB5857
hkjc:50353904,HKJC_ZH,LSK基文拿女足,LSK基文拿女足,1.000,CONFIRMED_EVENT,2026-09-26T09:48:00+08:00,2026-09-26T09:48:00+08:00,FB5857
hkjc:50353906,HKJC_EN,Stabaek Women,stabaek women,1.000,CONFIRMED_EVENT,2026-09-26T09:48:00+08:00,2026-09-26T09:48:00+08:00,FB5856
hkjc:50353906,HKJC_ZH,史達比克女足,史達比克女足,1.000,CONFIRMED_EVENT,2026-09-26T09:48:00+08:00,2026-09-26T09:48:00+08:00,FB5856
hkjc:50353907,FOREBET,Lyn W,lyn w,1.000,CONFIRMED_EVENT,2026-09-26T09:48:00+08:00,2026-09-26T09:48:00+08:00,FB5859
hkjc:50353907,HKJC_EN,Lyn Women,lyn women,1.000,CONFIRMED_EVENT,2026-09-26T09:48:00+08:00,2026-09-26T09:48:00+08:00,FB5859
hkjc:50353907,HKJC_ZH,利恩女足,利恩女足,1.000,CONFIRMED_EVENT,2026-09-26T09:48:00+08:00,2026-09-26T09:48:00+08:00,FB5859
hkjc:50355592,HKJC_EN,RB Omiya Ardija Women,rb omiya ardija women,1.000,CONFIRMED_EVENT,2026-09-20T15:10:24+08:00,2026-09-20T15:10:24+08:00,FB5567
hkjc:50355595,HKJC_EN,Urawa Reds Women,urawa reds women,1.000,CONFIRMED_EVENT,2026-09-20T15:10:24+08:00,2026-09-20T15:10:24+08:00,FB5567
hkjc:50355604,FOREBET,Man City W,man city w,0.900,CONFIRMED_EVENT,2026-09-26T09:48:00+08:00,2026-09-26T09:48:00+08:00,FB5878
hkjc:50355604,HKJC_EN,Manchester City Women,manchester city women,1.000,CONFIRMED_EVENT,2026-09-26T09:48:00+08:00,2026-09-26T09:48:00+08:00,FB5878
hkjc:50355604,HKJC_ZH,曼城女足,曼城女足,1.000,CONFIRMED_EVENT,2026-09-26T09:48:00+08:00,2026-09-26T09:48:00+08:00,FB5878
hkjc:50355620,FOREBET,Juventus W,juventus w,1.000,CONFIRMED_EVENT,2026-09-26T09:48:00+08:00,2026-09-26T09:48:00+08:00,FB5871
hkjc:50355620,HKJC_EN,Juventus Women,juventus women,1.000,CONFIRMED_EVENT,2026-09-26T09:48:00+08:00,2026-09-26T09:48:00+08:00,FB5871
hkjc:50355620,HKJC_ZH,祖雲達斯女足,祖雲達斯女足,1.000,CONFIRMED_EVENT,2026-09-26T09:48:00+08:00,2026-09-26T09:48:00+08:00,FB5871
hkjc:50355623,FOREBET,Lazio W,lazio w,1.000,CONFIRMED_EVENT,2026-09-26T09:48:00+08:00,2026-09-26T09:48:00+08:00,FB5869
hkjc:50355623,HKJC_EN,Lazio Women,lazio women,1.000,CONFIRMED_EVENT,2026-09-26T09:48:00+08:00,2026-09-26T09:48:00+08:00,FB5869
hkjc:50355623,HKJC_ZH,拉素女足,拉素女足,1.000,CONFIRMED_EVENT,2026-09-26T09:48:00+08:00,2026-09-26T09:48:00+08:00,FB5869
hkjc:50355626,FOREBET,Napoli W,napoli w,1.000,CONFIRMED_EVENT,2026-09-26T09:48:00+08:00,2026-09-26T09:48:00+08:00,FB5871
hkjc:50355626,HKJC_EN,Napoli Women,napoli women,1.000,CONFIRMED_EVENT,2026-09-26T09:48:00+08:00,2026-09-26T09:48:00+08:00,FB5871
hkjc:50355626,HKJC_ZH,拿玻里女足,拿玻里女足,1.000,CONFIRMED_EVENT,2026-09-26T09:48:00+08:00,2026-09-26T09:48:00+08:00,FB5871
hkjc:50356280,FOREBET,Barcelona W,barcelona w,0.980,CONFIRMED_EVENT,2026-09-26T09:48:00+08:00,2026-09-26T09:48:00+08:00,FB5882
hkjc:50356280,HKJC_EN,Barcelona Women,barcelona women,1.000,CONFIRMED_EVENT,2026-09-26T09:48:00+08:00,2026-09-26T09:48:00+08:00,FB5882
hkjc:50356280,HKJC_ZH,巴塞隆拿女足,巴塞隆拿女足,1.000,CONFIRMED_EVENT,2026-09-26T09:48:00+08:00,2026-09-26T09:48:00+08:00,FB5882
hkjc:50356281,FOREBET,Real Madrid W,real madrid w,1.000,CONFIRMED_EVENT,2026-09-26T09:48:00+08:00,2026-09-26T09:48:00+08:00,FB5883
hkjc:50356281,HKJC_EN,Real Madrid Women,real madrid women,1.000,CONFIRMED_EVENT,2026-09-26T09:48:00+08:00,2026-09-26T09:48:00+08:00,FB5883
hkjc:50356281,HKJC_ZH,皇家馬德里女足,皇家馬德里女足,1.000,CONFIRMED_EVENT,2026-09-26T09:48:00+08:00,2026-09-26T09:48:00+08:00,FB5883
hkjc:50356285,HKJC_EN,Levante Badalona Women,levante badalona women,1.000,CONFIRMED_EVENT,2026-09-26T09:48:00+08:00,2026-09-26T09:48:00+08:00,FB5881
hkjc:50356285,HKJC_ZH,利雲特巴達隆拿女足,利雲特巴達隆拿女足,1.000,CONFIRMED_EVENT,2026-09-26T09:48:00+08:00,2026-09-26T09:48:00+08:00,FB5881
hkjc:50356288,HKJC_EN,CF Granada Women,cf granada women,1.000,CONFIRMED_EVENT,2026-09-26T09:48:00+08:00,2026-09-26T09:48:00+08:00,FB5881
hkjc:50356288,HKJC_ZH,CF格蘭納達女足,CF格蘭納達女足,1.000,CONFIRMED_EVENT,2026-09-26T09:48:00+08:00,2026-09-26T09:48:00+08:00,FB5881
hkjc:50356289,FOREBET,Real Sociedad W,real sociedad w,1.000,CONFIRMED_EVENT,2026-09-26T09:48:00+08:00,2026-09-26T09:48:00+08:00,FB5883
hkjc:50356289,HKJC_EN,Real Sociedad Women,real sociedad women,1.000,CONFIRMED_EVENT,2026-09-26T09:48:00+08:00,2026-09-26T09:48:00+08:00,FB5883
hkjc:50356289,HKJC_ZH,皇家蘇斯達女足,皇家蘇斯達女足,1.000,CONFIRMED_EVENT,2026-09-26T09:48:00+08:00,2026-09-26T09:48:00+08:00,FB5883
hkjc:50397925,FOREBET,San Diego,san diego,1.000,CONFIRMED_EVENT,2026-09-26T09:48:00+08:00,2026-09-26T09:48:00+08:00,FB5823
hkjc:50397925,HKJC_EN,San Diego FC,san diego fc,1.000,CONFIRMED_EVENT,2026-09-20T15:10:24+08:00,2026-09-26T09:48:00+08:00,FB5823
hkjc:50397925,HKJC_ZH,聖地亞哥FC,聖地亞哥FC,1.000,CONFIRMED_EVENT,2026-09-26T09:48:00+08:00,2026-09-26T09:48:00+08:00,FB5823
hkjc:50397926,HKJC_EN,Malmo Women,malmo women,1.000,CONFIRMED_EVENT,2026-09-26T09:48:00+08:00,2026-09-26T09:48:00+08:00,FB5848
hkjc:50397929,FOREBET,Hønefoss W,honefoss w,1.000,CONFIRMED_EVENT,2026-09-26T09:48:00+08:00,2026-09-26T09:48:00+08:00,FB5859
hkjc:50397929,HKJC_EN,Honefoss Women,honefoss women,1.000,CONFIRMED_EVENT,2026-09-26T09:48:00+08:00,2026-09-26T09:48:00+08:00,FB5859
hkjc:50397929,HKJC_ZH,漢福斯女足,漢福斯女足,1.000,CONFIRMED_EVENT,2026-09-26T09:48:00+08:00,2026-09-26T09:48:00+08:00,FB5859
hkjc:50429165,HKJC_EN,Ferro Carril Oeste Women,ferro carril oeste women,1.000,CONFIRMED_EVENT,2026-09-25T09:43:21+08:00,2026-09-25T09:43:21+08:00,FB5786
hkjc:50429168,HKJC_EN,Independiente Women,independiente women,1.000,CONFIRMED_EVENT,2026-09-25T09:43:21+08:00,2026-09-25T09:43:21+08:00,FB5786
hkjc:50430577,FOREBET,Corinthians W,corinthians w,1.000,CONFIRMED_EVENT,2026-09-26T09:48:00+08:00,2026-09-26T09:48:00+08:00,FB5876
hkjc:50430577,HKJC_EN,Corinthians Women,corinthians women,1.000,CONFIRMED_EVENT,2026-09-26T09:48:00+08:00,2026-09-26T09:48:00+08:00,FB5876
hkjc:50430577,HKJC_ZH,哥連泰斯女足,哥連泰斯女足,1.000,CONFIRMED_EVENT,2026-09-26T09:48:00+08:00,2026-09-26T09:48:00+08:00,FB5876
hkjc:50430587,FOREBET,São Paulo W,sao paulo w,1.000,CONFIRMED_EVENT,2026-09-26T09:48:00+08:00,2026-09-26T09:48:00+08:00,FB5876
hkjc:50430587,HKJC_EN,Sao Paulo Women,sao paulo women,1.000,CONFIRMED_EVENT,2026-09-26T09:48:00+08:00,2026-09-26T09:48:00+08:00,FB5876
hkjc:50430587,HKJC_ZH,聖保羅女足,聖保羅女足,1.000,CONFIRMED_EVENT,2026-09-26T09:48:00+08:00,2026-09-26T09:48:00+08:00,FB5876
hkjc:50462454,FOREBET,Parma W,parma w,1.000,CONFIRMED_EVENT,2026-09-26T09:48:00+08:00,2026-09-26T09:48:00+08:00,FB5869
hkjc:50462454,HKJC_EN,Parma Women,parma women,1.000,CONFIRMED_EVENT,2026-09-26T09:48:00+08:00,2026-09-26T09:48:00+08:00,FB5869
hkjc:50462454,HKJC_ZH,帕爾馬女足,帕爾馬女足,1.000,CONFIRMED_EVENT,2026-09-26T09:48:00+08:00,2026-09-26T09:48:00+08:00,FB5869
hkjc:50462484,FOREBET,Logroño W,logrono w,0.980,CONFIRMED_EVENT,2026-09-26T09:48:00+08:00,2026-09-26T09:48:00+08:00,FB5882
hkjc:50462484,HKJC_EN,DUX Logrono Women,dux logrono women,1.000,CONFIRMED_EVENT,2026-09-26T09:48:00+08:00,2026-09-26T09:48:00+08:00,FB5882
hkjc:50462484,HKJC_ZH,洛格羅尼奧女足,洛格羅尼奧女足,1.000,CONFIRMED_EVENT,2026-09-26T09:48:00+08:00,2026-09-26T09:48:00+08:00,FB5882
hkjc:50482783,FOREBET,Al Dhafra,al dhafra,1.000,CONFIRMED_EVENT,2026-09-20T15:10:24+08:00,2026-09-20T15:10:24+08:00,FB5549
hkjc:50482783,HKJC_EN,Al Dhafra,al dhafra,1.000,CONFIRMED_EVENT,2026-09-20T15:10:24+08:00,2026-09-20T15:10:24+08:00,FB5549
hkjc:50482783,HKJC_ZH,艾迪哈夫拉,艾迪哈夫拉,1.000,CONFIRMED_EVENT,2026-09-20T15:10:24+08:00,2026-09-20T15:10:24+08:00,FB5549
hkjc:50541356,FOREBET,Dubai United,dubai united,0.960,CONFIRMED_EVENT,2026-09-20T15:10:24+08:00,2026-09-20T15:10:24+08:00,FB5561
hkjc:50541356,HKJC_EN,Dubai United FC,dubai united fc,1.000,CONFIRMED_EVENT,2026-09-20T15:10:24+08:00,2026-09-20T15:10:24+08:00,FB5561
hkjc:50541356,HKJC_ZH,杜拜聯FC,杜拜聯FC,1.000,CONFIRMED_EVENT,2026-09-20T15:10:24+08:00,2026-09-20T15:10:24+08:00,FB5561
hkjc:50558129,FOREBET,Rayong FC,rayong fc,1.000,CONFIRMED_EVENT,2026-09-20T15:10:24+08:00,2026-09-20T15:10:24+08:00,FB5427
hkjc:50558129,HKJC_EN,Rayong,rayong,1.000,CONFIRMED_EVENT,2026-09-20T15:10:24+08:00,2026-09-20T15:10:24+08:00,FB5427
hkjc:50558129,HKJC_ZH,羅勇,羅勇,1.000,CONFIRMED_EVENT,2026-09-20T15:10:24+08:00,2026-09-20T15:10:24+08:00,FB5427
hkjc:50562874,HKJC_EN,Albion FC,albion fc,1.000,CONFIRMED_EVENT,2026-09-26T09:48:00+08:00,2026-09-26T09:48:00+08:00,FB5812
hkjc:50562875,HKJC_EN,Central Espanol,central espanol,1.000,CONFIRMED_EVENT,2026-09-20T15:10:24+08:00,2026-09-26T09:48:00+08:00,FB5816
hkjc:50563251,FOREBET,Yongin City,yongin city,1.000,CONFIRMED_EVENT,2026-09-20T15:10:24+08:00,2026-09-20T15:10:24+08:00,FB5419
hkjc:50563251,HKJC_EN,Yongin FC,yongin fc,1.000,CONFIRMED_EVENT,2026-09-20T15:10:24+08:00,2026-09-20T15:10:24+08:00,FB5419
hkjc:50563251,HKJC_ZH,龍仁FC,龍仁FC,1.000,CONFIRMED_EVENT,2026-09-20T15:10:24+08:00,2026-09-20T15:10:24+08:00,FB5419
hkjc:50566588,HKJC_EN,Boston Legacy Women,boston legacy women,1.000,CONFIRMED_EVENT,2026-09-26T09:48:00+08:00,2026-09-26T09:48:00+08:00,FB5868
hkjc:50566591,FOREBET,Eskilstuna United W,eskilstuna united w,0.965,CONFIRMED_EVENT,2026-09-26T09:48:00+08:00,2026-09-26T09:48:00+08:00,FB5849
hkjc:50566591,HKJC_EN,Eskilstuna Utd Women,eskilstuna utd women,1.000,CONFIRMED_EVENT,2026-09-26T09:48:00+08:00,2026-09-26T09:48:00+08:00,FB5849
hkjc:50566591,HKJC_ZH,艾斯基斯杜拿聯女足,艾斯基斯杜拿聯女足,1.000,CONFIRMED_EVENT,2026-09-26T09:48:00+08:00,2026-09-26T09:48:00+08:00,FB5849
hkjc:50566592,FOREBET,Haugesund W,haugesund w,1.000,CONFIRMED_EVENT,2026-09-26T09:48:00+08:00,2026-09-26T09:48:00+08:00,FB5857
hkjc:50566592,HKJC_EN,Haugesund Women,haugesund women,1.000,CONFIRMED_EVENT,2026-09-26T09:48:00+08:00,2026-09-26T09:48:00+08:00,FB5857
hkjc:50566592,HKJC_ZH,侯格辛特女足,侯格辛特女足,1.000,CONFIRMED_EVENT,2026-09-26T09:48:00+08:00,2026-09-26T09:48:00+08:00,FB5857
hkjc:50566593,FOREBET,Molde W,molde w,1.000,CONFIRMED_EVENT,2026-09-26T09:48:00+08:00,2026-09-26T09:48:00+08:00,FB5858
hkjc:50566593,HKJC_EN,Molde Women,molde women,1.000,CONFIRMED_EVENT,2026-09-26T09:48:00+08:00,2026-09-26T09:48:00+08:00,FB5858
hkjc:50566593,HKJC_ZH,莫迪女足,莫迪女足,1.000,CONFIRMED_EVENT,2026-09-26T09:48:00+08:00,2026-09-26T09:48:00+08:00,FB5858
hkjc:50566596,HKJC_EN,Sporting Club Jacksonville,sporting club jacksonville,1.000,CONFIRMED_EVENT,2026-09-25T09:43:21+08:00,2026-09-25T09:43:21+08:00,FB5764
hkjc:50585201,HKJC_EN,Athletic Club MG,athletic club mg,1.000,CONFIRMED_EVENT,2026-09-26T09:48:00+08:00,2026-09-26T09:48:00+08:00,FB5847
hkjc:50597760,FOREBET,Charlton Athletic W,charlton athletic w,0.900,CONFIRMED_EVENT,2026-09-26T09:48:00+08:00,2026-09-26T09:48:00+08:00,FB5878
hkjc:50597760,HKJC_EN,Charlton Women,charlton women,1.000,CONFIRMED_EVENT,2026-09-26T09:48:00+08:00,2026-09-26T09:48:00+08:00,FB5878
hkjc:50597760,HKJC_ZH,查爾頓女足,查爾頓女足,1.000,CONFIRMED_EVENT,2026-09-26T09:48:00+08:00,2026-09-26T09:48:00+08:00,FB5878
hkjc:50600441,FOREBET,Hartberg,hartberg,1.000,CONFIRMED_EVENT,2026-09-20T15:10:24+08:00,2026-09-20T15:10:24+08:00,FB5483
hkjc:50600441,HKJC_EN,Hartberg,hartberg,1.000,CONFIRMED_EVENT,2026-09-20T15:10:24+08:00,2026-09-20T15:10:24+08:00,FB5483
hkjc:50600441,HKJC_ZH,哈特堡,哈特堡,1.000,CONFIRMED_EVENT,2026-09-20T15:10:24+08:00,2026-09-20T15:10:24+08:00,FB5483
hkjc:50601674,FOREBET,Piratas,piratas,1.000,CONFIRMED_EVENT,2026-09-24T11:14:49+08:00,2026-09-25T09:43:21+08:00,FB5673
hkjc:50601674,HKJC_EN,Piratas FC,piratas fc,1.000,CONFIRMED_EVENT,2026-09-24T11:14:49+08:00,2026-09-25T09:43:21+08:00,FB5673
hkjc:50601674,HKJC_ZH,派拉達斯FC,派拉達斯FC,1.000,CONFIRMED_EVENT,2026-09-24T11:14:49+08:00,2026-09-25T09:43:21+08:00,FB5673
hkjc:50601675,HKJC_EN,Cruz Azul Hidalgo,cruz azul hidalgo,1.000,CONFIRMED_EVENT,2026-09-26T09:48:00+08:00,2026-09-26T09:48:00+08:00,FB5854
hkjc:50601676,FOREBET,Alacranes Durango,alacranes durango,1.000,CONFIRMED_EVENT,2026-09-26T09:48:00+08:00,2026-09-26T09:48:00+08:00,FB5860
hkjc:50601676,HKJC_EN,Alacranes de Durango,alacranes de durango,1.000,CONFIRMED_EVENT,2026-09-26T09:48:00+08:00,2026-09-26T09:48:00+08:00,FB5860
hkjc:50601676,HKJC_ZH,杜蘭高蠍子,杜蘭高蠍子,1.000,CONFIRMED_EVENT,2026-09-26T09:48:00+08:00,2026-09-26T09:48:00+08:00,FB5860
hkjc:50602800,HKJC_EN,Celta Fortuna,celta fortuna,1.000,CONFIRMED_EVENT,2026-09-25T09:43:21+08:00,2026-09-26T09:48:00+08:00,FB5803
hkjc:50621165,HKJC_EN,Italy Women U20,italy women u20,1.000,CONFIRMED_EVENT,2026-09-25T09:43:21+08:00,2026-09-26T09:48:00+08:00,FB5809
hkjc:50623690,HKJC_EN,Philippines AM,philippines am,1.000,CONFIRMED_EVENT,2026-09-20T15:10:24+08:00,2026-09-20T15:10:24+08:00,FB5576
