captured_at_hkt,hkjc_event_id,kickoff_hkt,league,home,away,fotmob_match_id,match_quality,side,team_id,team_name,formation,player_id,player_name,position,shirt_number,starter,substitute,minutes,rating,goals,assists,xg,xa,shots,shots_on_target,chances_created,big_chances,touches_box,passes,accurate_passes,key_passes,tackles,interceptions,recoveries,duels_won,aerial_duels_won,saves,goals_prevented,yellow_cards,red_cards,player_stats_json,source
2026-09-19T00:33:15+08:00,FB5041,2026-09-13T07:30+08:00,BD1,Botafogo,RB Bragantino,5103625,1.000,A,109705,RB Bragantino,4-2-3-1,704019,Agustín Sant'Anna,1,23,1,0,60,7.2,0,0,,0.13,,,2,,0,,16,,1,3,4,2,1,,,,,"{""rating_title"":{""value"":7.24,""total"":null,""title"":""FotMob rating""},""minutes_played"":{""value"":60,""total"":null,""title"":""Minutes played""},""goals"":{""value"":0,""total"":null,""title"":""Goals""},""assists"":{""value"":0,""total"":null,""title"":""Assists""},""expected_assists"":{""value"":0.13,""total"":null,""title"":""Expected assists (xA)""},""xg_and_xa"":{""value"":0.13,""total"":null,""title"":""xG + xA""},""accurate_passes"":{""value"":16,""total"":18,""title"":""Accurate passes""},""chances_created"":{""value"":2,""total"":null,""title"":""Chances created""},""Shotmap"":{""value"":0,""total"":null,""title"":""Shotmap""},""defensive_actions"":{""value"":8,""total"":null,""title"":""Defensive actions""},""touches"":{""value"":39,""total"":null,""title"":""Touches""},""touches_opp_box"":{""value"":0,""total"":null,""title"":""Touches in opposition box""},""passes_into_final_third"":{""value"":3,""total"":null,""title"":""Passes into final third""},""accurate_crosses"":{""value"":3,""total"":4,""title"":""Accurate crosses""},""corners"":{""value"":1,""total"":null,""title"":""Corners""},""dispossessed"":{""value"":0,""total"":null,""title"":""Dispossessed""},""matchstats.headers.tackles"":{""value"":1,""total"":null,""title"":""Tackles""},""shot_blocks"":{""value"":1,""total"":null,""title"":""Blocks""},""clearances"":{""value"":3,""total"":null,""title"":""Clearances""},""headed_clearance"":{""value"":2,""total"":null,""title"":""Headed clearance""},""interceptions"":{""value"":3,""total"":null,""title"":""Interceptions""},""recoveries"":{""value"":4,""total"":null,""title"":""Recoveries""},""dribbled_past"":{""value"":1,""total"":null,""title"":""Dribbled past""},""ground_duels_won"":{""value"":1,""total"":2,""title"":""Ground duels won""},""aerials_won"":{""value"":1,""total"":1,""title"":""Aerial duels won""},""was_fouled"":{""value"":null,""total"":null,""title"":""Was fouled""},""fouls"":{""value"":0,""total"":null,""title"":""Fouls committed""},""duel_won"":{""value"":2,""total"":null,""title"":""Duels won""},""duel_lost"":{""value"":1,""total"":null,""title"":""Duels lost""}}",FotMob matchDetails.playerStats
2026-09-19T00:33:15+08:00,FB5041,2026-09-13T07:30+08:00,BD1,Botafogo,RB Bragantino,5103625,1.000,A,109705,RB Bragantino,4-2-3-1,1317192,Bruninho,3,19,0,1,,,,,,,,,,,,,,,,,,,,,,,,{},FotMob matchDetails.playerStats
2026-09-19T00:33:15+08:00,FB5041,2026-09-13T07:30+08:00,BD1,Botafogo,RB Bragantino,5103625,1.000,A,109705,RB Bragantino,4-2-3-1,1786209,Cauê Santos,1,51,0,1,,,,,,,,,,,,,,,,,,,,,,,,{},FotMob matchDetails.playerStats
2026-09-19T00:33:15+08:00,FB5041,2026-09-13T07:30+08:00,BD1,Botafogo,RB Bragantino,5103625,1.000,A,109705,RB Bragantino,4-2-3-1,768389,Cleiton,,1,0,1,,,,,,,,,,,,,,,,,,,,,,,,{},FotMob matchDetails.playerStats
2026-09-19T00:33:15+08:00,FB5041,2026-09-13T07:30+08:00,BD1,Botafogo,RB Bragantino,5103625,1.000,A,109705,RB Bragantino,4-2-3-1,920420,Eduardo Santos,1,3,0,1,30,6.2,0,0,,,,,0,,0,,0,,0,0,0,1,1,,,,,"{""rating_title"":{""value"":6.23,""total"":null,""title"":""FotMob rating""},""minutes_played"":{""value"":30,""total"":null,""title"":""Minutes played""},""goals"":{""value"":0,""total"":null,""title"":""Goals""},""assists"":{""value"":0,""total"":null,""title"":""Assists""},""accurate_passes"":{""value"":0,""total"":0,""title"":""Accurate passes""},""chances_created"":{""value"":0,""total"":null,""title"":""Chances created""},""Shotmap"":{""value"":0,""total"":null,""title"":""Shotmap""},""defensive_actions"":{""value"":10,""total"":null,""title"":""Defensive actions""},""touches"":{""value"":10,""total"":null,""title"":""Touches""},""touches_opp_box"":{""value"":0,""total"":null,""title"":""Touches in opposition box""},""dispossessed"":{""value"":0,""total"":null,""title"":""Dispossessed""},""matchstats.headers.tackles"":{""value"":0,""total"":null,""title"":""Tackles""},""shot_blocks"":{""value"":2,""total"":null,""title"":""Blocks""},""clearances"":{""value"":8,""total"":null,""title"":""Clearances""},""headed_clearance"":{""value"":3,""total"":null,""title"":""Headed clearance""},""interceptions"":{""value"":0,""total"":null,""title"":""Interceptions""},""recoveries"":{""value"":0,""total"":null,""title"":""Recoveries""},""dribbled_past"":{""value"":0,""total"":null,""title"":""Dribbled past""},""aerials_won"":{""value"":1,""total"":4,""title"":""Aerial duels won""},""was_fouled"":{""value"":null,""total"":null,""title"":""Was fouled""},""fouls"":{""value"":0,""total"":null,""title"":""Fouls committed""},""duel_won"":{""value"":1,""total"":null,""title"":""Duels won""},""duel_lost"":{""value"":3,""total"":null,""title"":""Duels lost""}}",FotMob matchDetails.playerStats
2026-09-19T00:33:15+08:00,FB5041,2026-09-13T07:30+08:00,BD1,Botafogo,RB Bragantino,5103625,1.000,A,109705,RB Bragantino,4-2-3-1,1249293,Fabinho,2,5,1,0,87,6.9,0,0,,,,,1,,0,,20,,6,1,0,6,0,,,,,"{""rating_title"":{""value"":6.91,""total"":null,""title"":""FotMob rating""},""minutes_played"":{""value"":87,""total"":null,""title"":""Minutes played""},""goals"":{""value"":0,""total"":null,""title"":""Goals""},""assists"":{""value"":0,""total"":null,""title"":""Assists""},""accurate_passes"":{""value"":20,""total"":25,""title"":""Accurate passes""},""chances_created"":{""value"":1,""total"":null,""title"":""Chances created""},""Shotmap"":{""value"":0,""total"":null,""title"":""Shotmap""},""defensive_actions"":{""value"":9,""total"":null,""title"":""Defensive actions""},""touches"":{""value"":38,""total"":null,""title"":""Touches""},""touches_opp_box"":{""value"":0,""total"":null,""title"":""Touches in opposition box""},""passes_into_final_third"":{""value"":3,""total"":null,""title"":""Passes into final third""},""accurate_crosses"":{""value"":0,""total"":1,""title"":""Accurate crosses""},""long_balls_accurate"":{""value"":1,""total"":1,""title"":""Accurate long balls""},""dispossessed"":{""value"":1,""total"":null,""title"":""Dispossessed""},""matchstats.headers.tackles"":{""value"":6,""total"":null,""title"":""Tackles""},""shot_blocks"":{""value"":0,""total"":null,""title"":""Blocks""},""clearances"":{""value"":2,""total"":null,""title"":""Clearances""},""headed_clearance"":{""value"":1,""total"":null,""title"":""Headed clearance""},""interceptions"":{""value"":1,""total"":null,""title"":""Interceptions""},""recoveries"":{""value"":0,""total"":null,""title"":""Recoveries""},""dribbled_past"":{""value"":1,""total"":null,""title"":""Dribbled past""},""ground_duels_won"":{""value"":6,""total"":8,""title"":""Ground duels won""},""aerials_won"":{""value"":0,""total"":0,""title"":""Aerial duels won""},""was_fouled"":{""value"":null,""total"":null,""title"":""Was fouled""},""fouls"":{""value"":0,""total"":null,""title"":""Fouls committed""},""duel_won"":{""value"":6,""total"":null,""title"":""Duels won""},""duel_lost"":{""value"":2,""total"":null,""title"":""Duels lost""}}",FotMob matchDetails.playerStats
2026-09-19T00:33:15+08:00,FB5041,2026-09-13T07:30+08:00,BD1,Botafogo,RB Bragantino,5103625,1.000,A,109705,RB Bragantino,4-2-3-1,896256,Fernando,3,11,1,0,90,6.9,0,0,0.08,0.06,3,1,2,,4,,16,,2,0,5,9,0,,,,,"{""rating_title"":{""value"":6.94,""total"":null,""title"":""FotMob rating""},""minutes_played"":{""value"":90,""total"":null,""title"":""Minutes played""},""goals"":{""value"":0,""total"":null,""title"":""Goals""},""assists"":{""value"":0,""total"":null,""title"":""Assists""},""expected_goals"":{""value"":0.08,""total"":null,""title"":""Expected goals (xG)""},""expected_goals_on_target_variant"":{""value"":0.04,""total"":null,""title"":""Expected goals on target (xGOT)""},""expected_assists"":{""value"":0.06,""total"":null,""title"":""Expected assists (xA)""},""xg_and_xa"":{""value"":0.14,""total"":null,""title"":""xG + xA""},""total_shots"":{""value"":3,""total"":null,""title"":""Total shots""},""accurate_passes"":{""value"":16,""total"":20,""title"":""Accurate passes""},""chances_created"":{""value"":2,""total"":null,""title"":""Chances created""},""big_chance_created_team_title"":{""value"":1,""total"":null,""title"":""Big chances created""},""ShotsOnTarget"":{""value"":1,""total"":null,""title"":""Shots on target""},""ShotsOffTarget"":{""value"":2,""total"":null,""title"":""Shots off target""},""shot_accuracy"":{""value"":1,""total"":3,""title"":""Shot accuracy""},""Shotmap"":{""value"":1,""total"":null,""title"":""Shotmap""},""defensive_actions"":{""value"":2,""total"":null,""title"":""Defensive actions""},""touches"":{""value"":57,""total"":null,""title"":""Touches""},""touches_opp_box"":{""value"":4,""total"":null,""title"":""Touches in opposition box""},""dribbles_succeeded"":{""value"":5,""total"":7,""title"":""Successful dribbles""},""passes_into_final_third"":{""value"":2,""total"":null,""title"":""Passes into final third""},""accurate_crosses"":{""value"":0,""total"":3,""title"":""Accurate crosses""},""long_balls_accurate"":{""value"":2,""total"":3,""title"":""Accurate long balls""},""corners"":{""value"":1,""total"":null,""title"":""Corners""},""dispossessed"":{""value"":4,""total"":null,""title"":""Dispossessed""},""expected_goals_non_penalty"":{""value"":0.08,""total"":null,""title"":""xG Non-penalty""},""matchstats.headers.tackles"":{""value"":2,""total"":null,""title"":""Tackles""},""shot_blocks"":{""value"":0,""total"":null,""title"":""Blocks""},""clearances"":{""value"":0,""total"":null,""title"":""Clearances""},""interceptions"":{""value"":0,""total"":null,""title"":""Interceptions""},""recoveries"":{""value"":5,""total"":null,""title"":""Recoveries""},""dribbled_past"":{""value"":1,""total"":null,""title"":""Dribbled past""},""ground_duels_won"":{""value"":9,""total"":16,""title"":""Ground duels won""},""aerials_won"":{""value"":0,""total"":6,""title"":""Aerial duels won""},""was_fouled"":{""value"":2,""total"":null,""title"":""Was fouled""},""fouls"":{""value"":0,""total"":null,""title"":""Fouls committed""},""duel_won"":{""value"":9,""total"":null,""title"":""Duels won""},""duel_lost"":{""value"":13,""total"":null,""title"":""Duels lost""}}",FotMob matchDetails.playerStats
2026-09-19T00:33:15+08:00,FB5041,2026-09-13T07:30+08:00,BD1,Botafogo,RB Bragantino,5103625,1.000,A,109705,RB Bragantino,4-2-3-1,319589,Gabriel,2,6,0,1,3,,0,0,,,,,0,,0,,4,,1,0,1,1,0,,,,,"{""minutes_played"":{""value"":3,""total"":null,""title"":""Minutes played""},""goals"":{""value"":0,""total"":null,""title"":""Goals""},""assists"":{""value"":0,""total"":null,""title"":""Assists""},""accurate_passes"":{""value"":4,""total"":4,""title"":""Accurate passes""},""chances_created"":{""value"":0,""total"":null,""title"":""Chances created""},""Shotmap"":{""value"":0,""total"":null,""title"":""Shotmap""},""defensive_actions"":{""value"":3,""total"":null,""title"":""Defensive actions""},""touches"":{""value"":8,""total"":null,""title"":""Touches""},""touches_opp_box"":{""value"":0,""total"":null,""title"":""Touches in opposition box""},""passes_into_final_third"":{""value"":2,""total"":null,""title"":""Passes into final third""},""dispossessed"":{""value"":0,""total"":null,""title"":""Dispossessed""},""matchstats.headers.tackles"":{""value"":1,""total"":null,""title"":""Tackles""},""shot_blocks"":{""value"":0,""total"":null,""title"":""Blocks""},""clearances"":{""value"":2,""total"":null,""title"":""Clearances""},""interceptions"":{""value"":0,""total"":null,""title"":""Interceptions""},""recoveries"":{""value"":1,""total"":null,""title"":""Recoveries""},""dribbled_past"":{""value"":0,""total"":null,""title"":""Dribbled past""},""ground_duels_won"":{""value"":1,""total"":1,""title"":""Ground duels won""},""aerials_won"":{""value"":0,""total"":0,""title"":""Aerial duels won""},""was_fouled"":{""value"":null,""total"":null,""title"":""Was fouled""},""fouls"":{""value"":0,""total"":null,""title"":""Fouls committed""},""duel_won"":{""value"":1,""total"":null,""title"":""Duels won""}}",FotMob matchDetails.playerStats
2026-09-19T00:33:15+08:00,FB5041,2026-09-13T07:30+08:00,BD1,Botafogo,RB Bragantino,5103625,1.000,A,109705,RB Bragantino,4-2-3-1,1262152,Gustavo Marques,1,16,1,0,90,7.6,0,0,,0.02,,,0,,2,,27,,3,0,4,10,5,,,,,"{""rating_title"":{""value"":7.61,""total"":null,""title"":""FotMob rating""},""minutes_played"":{""value"":90,""total"":null,""title"":""Minutes played""},""goals"":{""value"":0,""total"":null,""title"":""Goals""},""assists"":{""value"":0,""total"":null,""title"":""Assists""},""expected_assists"":{""value"":0.02,""total"":null,""title"":""Expected assists (xA)""},""xg_and_xa"":{""value"":0.02,""total"":null,""title"":""xG + xA""},""accurate_passes"":{""value"":27,""total"":31,""title"":""Accurate passes""},""chances_created"":{""value"":0,""total"":null,""title"":""Chances created""},""Shotmap"":{""value"":0,""total"":null,""title"":""Shotmap""},""defensive_actions"":{""value"":16,""total"":null,""title"":""Defensive actions""},""touches"":{""value"":57,""total"":null,""title"":""Touches""},""touches_opp_box"":{""value"":2,""total"":null,""title"":""Touches in opposition box""},""dribbles_succeeded"":{""value"":0,""total"":1,""title"":""Successful dribbles""},""passes_into_final_third"":{""value"":8,""total"":null,""title"":""Passes into final third""},""long_balls_accurate"":{""value"":3,""total"":6,""title"":""Accurate long balls""},""dispossessed"":{""value"":0,""total"":null,""title"":""Dispossessed""},""matchstats.headers.tackles"":{""value"":3,""total"":null,""title"":""Tackles""},""shot_blocks"":{""value"":0,""total"":null,""title"":""Blocks""},""clearances"":{""value"":13,""total"":null,""title"":""Clearances""},""headed_clearance"":{""value"":6,""total"":null,""title"":""Headed clearance""},""interceptions"":{""value"":0,""total"":null,""title"":""Interceptions""},""recoveries"":{""value"":4,""total"":null,""title"":""Recoveries""},""dribbled_past"":{""value"":1,""total"":null,""title"":""Dribbled past""},""ground_duels_won"":{""value"":5,""total"":8,""title"":""Ground duels won""},""aerials_won"":{""value"":5,""total"":8,""title"":""Aerial duels won""},""was_fouled"":{""value"":2,""total"":null,""title"":""Was fouled""},""fouls"":{""value"":1,""total"":null,""title"":""Fouls committed""},""duel_won"":{""value"":10,""total"":null,""title"":""Duels won""},""duel_lost"":{""value"":6,""total"":null,""title"":""Duels lost""}}",FotMob matchDetails.playerStats
2026-09-19T00:33:15+08:00,FB5041,2026-09-13T07:30+08:00,BD1,Botafogo,RB Bragantino,5103625,1.000,A,109705,RB Bragantino,4-2-3-1,1132936,Guzmán Rodríguez,1,2,1,0,90,6.7,0,0,,,,,0,,0,,31,,1,2,2,1,0,,,,,"{""rating_title"":{""value"":6.7,""total"":null,""title"":""FotMob rating""},""minutes_played"":{""value"":90,""total"":null,""title"":""Minutes played""},""goals"":{""value"":0,""total"":null,""title"":""Goals""},""assists"":{""value"":0,""total"":null,""title"":""Assists""},""accurate_passes"":{""value"":31,""total"":39,""title"":""Accurate passes""},""chances_created"":{""value"":0,""total"":null,""title"":""Chances created""},""Shotmap"":{""value"":0,""total"":null,""title"":""Shotmap""},""defensive_actions"":{""value"":11,""total"":null,""title"":""Defensive actions""},""touches"":{""value"":52,""total"":null,""title"":""Touches""},""touches_opp_box"":{""value"":0,""total"":null,""title"":""Touches in opposition box""},""passes_into_final_third"":{""value"":4,""total"":null,""title"":""Passes into final third""},""long_balls_accurate"":{""value"":4,""total"":11,""title"":""Accurate long balls""},""dispossessed"":{""value"":0,""total"":null,""title"":""Dispossessed""},""matchstats.headers.tackles"":{""value"":1,""total"":null,""title"":""Tackles""},""shot_blocks"":{""value"":2,""total"":null,""title"":""Blocks""},""clearances"":{""value"":6,""total"":null,""title"":""Clearances""},""headed_clearance"":{""value"":3,""total"":null,""title"":""Headed clearance""},""interceptions"":{""value"":2,""total"":null,""title"":""Interceptions""},""recoveries"":{""value"":2,""total"":null,""title"":""Recoveries""},""dribbled_past"":{""value"":3,""total"":null,""title"":""Dribbled past""},""ground_duels_won"":{""value"":1,""total"":4,""title"":""Ground duels won""},""aerials_won"":{""value"":0,""total"":2,""title"":""Aerial duels won""},""was_fouled"":{""value"":null,""total"":null,""title"":""Was fouled""},""fouls"":{""value"":0,""total"":null,""title"":""Fouls committed""},""duel_won"":{""value"":1,""total"":null,""title"":""Duels won""},""duel_lost"":{""value"":5,""total"":null,""title"":""Duels lost""}}",FotMob matchDetails.playerStats
2026-09-19T00:33:15+08:00,FB5041,2026-09-13T07:30+08:00,BD1,Botafogo,RB Bragantino,5103625,1.000,A,109705,RB Bragantino,4-2-3-1,1407217,Henry Mosquera,3,30,0,1,,,,,,,,,,,,,,,,,,,,,,,,{},FotMob matchDetails.playerStats
2026-09-19T00:33:15+08:00,FB5041,2026-09-13T07:30+08:00,BD1,Botafogo,RB Bragantino,5103625,1.000,A,109705,RB Bragantino,4-2-3-1,1375764,Ignacio Sosa,2,15,0,1,,,,,,,,,,,,,,,,,,,,,,,,{},FotMob matchDetails.playerStats
2026-09-19T00:33:15+08:00,FB5041,2026-09-13T07:30+08:00,BD1,Botafogo,RB Bragantino,5103625,1.000,A,109705,RB Bragantino,4-2-3-1,1033279,Isidro Pitta,3,9,1,0,60,6.2,0,0,0.14,0.02,1,1,0,,3,,8,,3,0,0,3,0,,,,,"{""rating_title"":{""value"":6.24,""total"":null,""title"":""FotMob rating""},""minutes_played"":{""value"":60,""total"":null,""title"":""Minutes played""},""goals"":{""value"":0,""total"":null,""title"":""Goals""},""assists"":{""value"":0,""total"":null,""title"":""Assists""},""expected_goals"":{""value"":0.14,""total"":null,""title"":""Expected goals (xG)""},""expected_goals_on_target_variant"":{""value"":0.44,""total"":null,""title"":""Expected goals on target (xGOT)""},""expected_assists"":{""value"":0.02,""total"":null,""title"":""Expected assists (xA)""},""xg_and_xa"":{""value"":0.16,""total"":null,""title"":""xG + xA""},""total_shots"":{""value"":1,""total"":null,""title"":""Total shots""},""accurate_passes"":{""value"":8,""total"":12,""title"":""Accurate passes""},""chances_created"":{""value"":0,""total"":null,""title"":""Chances created""},""ShotsOnTarget"":{""value"":1,""total"":null,""title"":""Shots on target""},""ShotsOffTarget"":{""value"":0,""total"":null,""title"":""Shots off target""},""shot_accuracy"":{""value"":1,""total"":1,""title"":""Shot accuracy""},""Shotmap"":{""value"":1,""total"":null,""title"":""Shotmap""},""defensive_actions"":{""value"":3,""total"":null,""title"":""Defensive actions""},""touches"":{""value"":19,""total"":null,""title"":""Touches""},""touches_opp_box"":{""value"":3,""total"":null,""title"":""Touches in opposition box""},""passes_into_final_third"":{""value"":1,""total"":null,""title"":""Passes into final third""},""long_balls_accurate"":{""value"":1,""total"":1,""title"":""Accurate long balls""},""dispossessed"":{""value"":1,""total"":null,""title"":""Dispossessed""},""Offsides"":{""value"":1,""total"":null,""title"":""Offsides""},""expected_goals_non_penalty"":{""value"":0.14,""total"":null,""title"":""xG Non-penalty""},""matchstats.headers.tackles"":{""value"":3,""total"":null,""title"":""Tackles""},""shot_blocks"":{""value"":0,""total"":null,""title"":""Blocks""},""clearances"":{""value"":0,""total"":null,""title"":""Clearances""},""interceptions"":{""value"":0,""total"":null,""title"":""Interceptions""},""recoveries"":{""value"":0,""total"":null,""title"":""Recoveries""},""dribbled_past"":{""value"":0,""total"":null,""title"":""Dribbled past""},""ground_duels_won"":{""value"":3,""total"":5,""title"":""Ground duels won""},""aerials_won"":{""value"":0,""total"":0,""title"":""Aerial duels won""},""was_fouled"":{""value"":null,""total"":null,""title"":""Was fouled""},""fouls"":{""value"":1,""total"":null,""title"":""Fouls committed""},""duel_won"":{""value"":3,""total"":null,""title"":""Duels won""},""duel_lost"":{""value"":2,""total"":null,""title"":""Duels lost""}}",FotMob matchDetails.playerStats
2026-09-19T00:33:15+08:00,FB5041,2026-09-13T07:30+08:00,BD1,Botafogo,RB Bragantino,5103625,1.000,A,109705,RB Bragantino,4-2-3-1,1372718,José Herrera,3,32,0,1,8,,0,0,0.36,,1,1,0,,1,,3,,0,0,1,2,2,,,,,"{""minutes_played"":{""value"":8,""total"":null,""title"":""Minutes played""},""goals"":{""value"":0,""total"":null,""title"":""Goals""},""assists"":{""value"":0,""total"":null,""title"":""Assists""},""expected_goals"":{""value"":0.36,""total"":null,""title"":""Expected goals (xG)""},""expected_goals_on_target_variant"":{""value"":0.37,""total"":null,""title"":""Expected goals on target (xGOT)""},""xg_and_xa"":{""value"":0.36,""total"":null,""title"":""xG + xA""},""total_shots"":{""value"":1,""total"":null,""title"":""Total shots""},""accurate_passes"":{""value"":3,""total"":3,""title"":""Accurate passes""},""chances_created"":{""value"":0,""total"":null,""title"":""Chances created""},""ShotsOnTarget"":{""value"":1,""total"":null,""title"":""Shots on target""},""ShotsOffTarget"":{""value"":0,""total"":null,""title"":""Shots off target""},""shot_accuracy"":{""value"":1,""total"":1,""title"":""Shot accuracy""},""Shotmap"":{""value"":1,""total"":null,""title"":""Shotmap""},""defensive_actions"":{""value"":0,""total"":null,""title"":""Defensive actions""},""big_chance_missed_title"":{""value"":1,""total"":null,""title"":""Big chances missed""},""touches"":{""value"":9,""total"":null,""title"":""Touches""},""touches_opp_box"":{""value"":1,""total"":null,""title"":""Touches in opposition box""},""dribbles_succeeded"":{""value"":0,""total"":1,""title"":""Successful dribbles""},""dispossessed"":{""value"":0,""total"":null,""title"":""Dispossessed""},""expected_goals_non_penalty"":{""value"":0.36,""total"":null,""title"":""xG Non-penalty""},""matchstats.headers.tackles"":{""value"":0,""total"":null,""title"":""Tackles""},""shot_blocks"":{""value"":0,""total"":null,""title"":""Blocks""},""clearances"":{""value"":0,""total"":null,""title"":""Clearances""},""interceptions"":{""value"":0,""total"":null,""title"":""Interceptions""},""recoveries"":{""value"":1,""total"":null,""title"":""Recoveries""},""dribbled_past"":{""value"":0,""total"":null,""title"":""Dribbled past""},""ground_duels_won"":{""value"":0,""total"":1,""title"":""Ground duels won""},""aerials_won"":{""value"":2,""total"":2,""title"":""Aerial duels won""},""was_fouled"":{""value"":null,""total"":null,""title"":""Was fouled""},""fouls"":{""value"":0,""total"":null,""title"":""Fouls committed""},""duel_won"":{""value"":2,""total"":null,""title"":""Duels won""},""duel_lost"":{""value"":1,""total"":null,""title"":""Duels lost""}}",FotMob matchDetails.playerStats
2026-09-19T00:33:15+08:00,FB5041,2026-09-13T07:30+08:00,BD1,Botafogo,RB Bragantino,5103625,1.000,A,109705,RB Bragantino,4-2-3-1,1212487,José Hurtado,1,34,0,1,30,6.3,0,0,0.03,,1,1,0,,0,,2,,0,0,1,,0,,,,,"{""rating_title"":{""value"":6.3,""total"":null,""title"":""FotMob rating""},""minutes_played"":{""value"":30,""total"":null,""title"":""Minutes played""},""goals"":{""value"":0,""total"":null,""title"":""Goals""},""assists"":{""value"":0,""total"":null,""title"":""Assists""},""expected_goals"":{""value"":0.03,""total"":null,""title"":""Expected goals (xG)""},""expected_goals_on_target_variant"":{""value"":0.02,""total"":null,""title"":""Expected goals on target (xGOT)""},""xg_and_xa"":{""value"":0.03,""total"":null,""title"":""xG + xA""},""total_shots"":{""value"":1,""total"":null,""title"":""Total shots""},""accurate_passes"":{""value"":2,""total"":2,""title"":""Accurate passes""},""chances_created"":{""value"":0,""total"":null,""title"":""Chances created""},""ShotsOnTarget"":{""value"":1,""total"":null,""title"":""Shots on target""},""ShotsOffTarget"":{""value"":0,""total"":null,""title"":""Shots off target""},""shot_accuracy"":{""value"":1,""total"":1,""title"":""Shot accuracy""},""Shotmap"":{""value"":1,""total"":null,""title"":""Shotmap""},""defensive_actions"":{""value"":1,""total"":null,""title"":""Defensive actions""},""touches"":{""value"":5,""total"":null,""title"":""Touches""},""touches_opp_box"":{""value"":0,""total"":null,""title"":""Touches in opposition box""},""passes_into_final_third"":{""value"":2,""total"":null,""title"":""Passes into final third""},""dispossessed"":{""value"":0,""total"":null,""title"":""Dispossessed""},""expected_goals_non_penalty"":{""value"":0.03,""total"":null,""title"":""xG Non-penalty""},""matchstats.headers.tackles"":{""value"":0,""total"":null,""title"":""Tackles""},""shot_blocks"":{""value"":0,""total"":null,""title"":""Blocks""},""clearances"":{""value"":1,""total"":null,""title"":""Clearances""},""interceptions"":{""value"":0,""total"":null,""title"":""Interceptions""},""recoveries"":{""value"":1,""total"":null,""title"":""Recoveries""},""dribbled_past"":{""value"":0,""total"":null,""title"":""Dribbled past""},""aerials_won"":{""value"":0,""total"":0,""title"":""Aerial duels won""},""was_fouled"":{""value"":null,""total"":null,""title"":""Was fouled""},""fouls"":{""value"":0,""total"":null,""title"":""Fouls committed""}}",FotMob matchDetails.playerStats
2026-09-19T00:33:15+08:00,FB5041,2026-09-13T07:30+08:00,BD1,Botafogo,RB Bragantino,5103625,1.000,A,109705,RB Bragantino,4-2-3-1,844510,Juninho Capixaba,1,29,1,0,90,6.8,0,0,0.09,0.02,2,1,1,,3,,25,,2,2,5,4,1,,,,,"{""rating_title"":{""value"":6.81,""total"":null,""title"":""FotMob rating""},""minutes_played"":{""value"":90,""total"":null,""title"":""Minutes played""},""goals"":{""value"":0,""total"":null,""title"":""Goals""},""assists"":{""value"":0,""total"":null,""title"":""Assists""},""expected_goals"":{""value"":0.09,""total"":null,""title"":""Expected goals (xG)""},""expected_goals_on_target_variant"":{""value"":0.6,""total"":null,""title"":""Expected goals on target (xGOT)""},""expected_assists"":{""value"":0.02,""total"":null,""title"":""Expected assists (xA)""},""xg_and_xa"":{""value"":0.11,""total"":null,""title"":""xG + xA""},""total_shots"":{""value"":2,""total"":null,""title"":""Total shots""},""accurate_passes"":{""value"":25,""total"":30,""title"":""Accurate passes""},""chances_created"":{""value"":1,""total"":null,""title"":""Chances created""},""ShotsOnTarget"":{""value"":1,""total"":null,""title"":""Shots on target""},""ShotsOffTarget"":{""value"":1,""total"":null,""title"":""Shots off target""},""shot_accuracy"":{""value"":1,""total"":2,""title"":""Shot accuracy""},""Shotmap"":{""value"":1,""total"":null,""title"":""Shotmap""},""defensive_actions"":{""value"":8,""total"":null,""title"":""Defensive actions""},""touches"":{""value"":67,""total"":null,""title"":""Touches""},""touches_opp_box"":{""value"":3,""total"":null,""title"":""Touches in opposition box""},""dribbles_succeeded"":{""value"":0,""total"":1,""title"":""Successful dribbles""},""passes_into_final_third"":{""value"":8,""total"":null,""title"":""Passes into final third""},""accurate_crosses"":{""value"":1,""total"":4,""title"":""Accurate crosses""},""long_balls_accurate"":{""value"":2,""total"":3,""title"":""Accurate long balls""},""dispossessed"":{""value"":1,""total"":null,""title"":""Dispossessed""},""expected_goals_non_penalty"":{""value"":0.09,""total"":null,""title"":""xG Non-penalty""},""matchstats.headers.tackles"":{""value"":2,""total"":null,""title"":""Tackles""},""shot_blocks"":{""value"":1,""total"":null,""title"":""Blocks""},""clearances"":{""value"":3,""total"":null,""title"":""Clearances""},""headed_clearance"":{""value"":2,""total"":null,""title"":""Headed clearance""},""interceptions"":{""value"":2,""total"":null,""title"":""Interceptions""},""recoveries"":{""value"":5,""total"":null,""title"":""Recoveries""},""dribbled_past"":{""value"":0,""total"":null,""title"":""Dribbled past""},""ground_duels_won"":{""value"":3,""total"":8,""title"":""Ground duels won""},""aerials_won"":{""value"":1,""total"":2,""title"":""Aerial duels won""},""was_fouled"":{""value"":1,""total"":null,""title"":""Was fouled""},""fouls"":{""value"":3,""total"":null,""title"":""Fouls committed""},""duel_won"":{""value"":4,""total"":null,""title"":""Duels won""},""duel_lost"":{""value"":6,""total"":null,""title"":""Duels lost""}}",FotMob matchDetails.playerStats
2026-09-19T00:33:15+08:00,FB5041,2026-09-13T07:30+08:00,BD1,Botafogo,RB Bragantino,5103625,1.000,A,109705,RB Bragantino,4-2-3-1,1256634,Lucas Barbosa,3,21,1,0,82,6.8,0,0,0.28,0.09,3,1,1,,5,,14,,0,0,1,4,2,,,,,"{""rating_title"":{""value"":6.77,""total"":null,""title"":""FotMob rating""},""minutes_played"":{""value"":82,""total"":null,""title"":""Minutes played""},""goals"":{""value"":0,""total"":null,""title"":""Goals""},""assists"":{""value"":0,""total"":null,""title"":""Assists""},""expected_goals"":{""value"":0.28,""total"":null,""title"":""Expected goals (xG)""},""expected_goals_on_target_variant"":{""value"":0.09,""total"":null,""title"":""Expected goals on target (xGOT)""},""expected_assists"":{""value"":0.09,""total"":null,""title"":""Expected assists (xA)""},""xg_and_xa"":{""value"":0.37,""total"":null,""title"":""xG + xA""},""total_shots"":{""value"":3,""total"":null,""title"":""Total shots""},""accurate_passes"":{""value"":14,""total"":17,""title"":""Accurate passes""},""chances_created"":{""value"":1,""total"":null,""title"":""Chances created""},""ShotsOnTarget"":{""value"":1,""total"":null,""title"":""Shots on target""},""ShotsOffTarget"":{""value"":2,""total"":null,""title"":""Shots off target""},""shot_accuracy"":{""value"":1,""total"":3,""title"":""Shot accuracy""},""Shotmap"":{""value"":1,""total"":null,""title"":""Shotmap""},""defensive_actions"":{""value"":2,""total"":null,""title"":""Defensive actions""},""touches"":{""value"":35,""total"":null,""title"":""Touches""},""touches_opp_box"":{""value"":5,""total"":null,""title"":""Touches in opposition box""},""dribbles_succeeded"":{""value"":0,""total"":2,""title"":""Successful dribbles""},""passes_into_final_third"":{""value"":5,""total"":null,""title"":""Passes into final third""},""accurate_crosses"":{""value"":1,""total"":3,""title"":""Accurate crosses""},""long_balls_accurate"":{""value"":0,""total"":1,""title"":""Accurate long balls""},""dispossessed"":{""value"":0,""total"":null,""title"":""Dispossessed""},""expected_goals_non_penalty"":{""value"":0.28,""total"":null,""title"":""xG Non-penalty""},""matchstats.headers.tackles"":{""value"":0,""total"":null,""title"":""Tackles""},""shot_blocks"":{""value"":0,""total"":null,""title"":""Blocks""},""clearances"":{""value"":2,""total"":null,""title"":""Clearances""},""headed_clearance"":{""value"":2,""total"":null,""title"":""Headed clearance""},""interceptions"":{""value"":0,""total"":null,""title"":""Interceptions""},""recoveries"":{""value"":1,""total"":null,""title"":""Recoveries""},""dribbled_past"":{""value"":0,""total"":null,""title"":""Dribbled past""},""ground_duels_won"":{""value"":2,""total"":5,""title"":""Ground duels won""},""aerials_won"":{""value"":2,""total"":4,""title"":""Aerial duels won""},""was_fouled"":{""value"":2,""total"":null,""title"":""Was fouled""},""fouls"":{""value"":1,""total"":null,""title"":""Fouls committed""},""duel_won"":{""value"":4,""total"":null,""title"":""Duels won""},""duel_lost"":{""value"":5,""total"":null,""title"":""Duels lost""}}",FotMob matchDetails.playerStats
2026-09-19T00:33:15+08:00,FB5041,2026-09-13T07:30+08:00,BD1,Botafogo,RB Bragantino,5103625,1.000,A,109705,RB Bragantino,4-2-3-1,1516455,Marcelinho,2,57,0,1,,,,,,,,,,,,,,,,,,,,,,,,{},FotMob matchDetails.playerStats
2026-09-19T00:33:15+08:00,FB5041,2026-09-13T07:30+08:00,BD1,Botafogo,RB Bragantino,5103625,1.000,A,109705,RB Bragantino,4-2-3-1,789877,Matheus Fernandes,2,35,0,1,3,,0,0,,,,,0,,0,,0,,0,1,0,,0,,,,,"{""minutes_played"":{""value"":3,""total"":null,""title"":""Minutes played""},""goals"":{""value"":0,""total"":null,""title"":""Goals""},""assists"":{""value"":0,""total"":null,""title"":""Assists""},""accurate_passes"":{""value"":0,""total"":0,""title"":""Accurate passes""},""chances_created"":{""value"":0,""total"":null,""title"":""Chances created""},""Shotmap"":{""value"":0,""total"":null,""title"":""Shotmap""},""defensive_actions"":{""value"":1,""total"":null,""title"":""Defensive actions""},""touches"":{""value"":3,""total"":null,""title"":""Touches""},""touches_opp_box"":{""value"":0,""total"":null,""title"":""Touches in opposition box""},""dribbles_succeeded"":{""value"":0,""total"":1,""title"":""Successful dribbles""},""dispossessed"":{""value"":0,""total"":null,""title"":""Dispossessed""},""matchstats.headers.tackles"":{""value"":0,""total"":null,""title"":""Tackles""},""shot_blocks"":{""value"":0,""total"":null,""title"":""Blocks""},""clearances"":{""value"":0,""total"":null,""title"":""Clearances""},""interceptions"":{""value"":1,""total"":null,""title"":""Interceptions""},""recoveries"":{""value"":0,""total"":null,""title"":""Recoveries""},""dribbled_past"":{""value"":0,""total"":null,""title"":""Dribbled past""},""ground_duels_won"":{""value"":0,""total"":1,""title"":""Ground duels won""},""aerials_won"":{""value"":0,""total"":0,""title"":""Aerial duels won""},""was_fouled"":{""value"":null,""total"":null,""title"":""Was fouled""},""fouls"":{""value"":0,""total"":null,""title"":""Fouls committed""},""duel_lost"":{""value"":1,""total"":null,""title"":""Duels lost""}}",FotMob matchDetails.playerStats
2026-09-19T00:33:15+08:00,FB5041,2026-09-13T07:30+08:00,BD1,Botafogo,RB Bragantino,5103625,1.000,A,109705,RB Bragantino,4-2-3-1,960494,Ramires,2,7,1,0,87,6.4,0,0,0.05,0.04,1,0,0,,0,,21,,0,0,6,1,0,,,,,"{""rating_title"":{""value"":6.42,""total"":null,""title"":""FotMob rating""},""minutes_played"":{""value"":87,""total"":null,""title"":""Minutes played""},""goals"":{""value"":0,""total"":null,""title"":""Goals""},""assists"":{""value"":0,""total"":null,""title"":""Assists""},""expected_goals"":{""value"":0.05,""total"":null,""title"":""Expected goals (xG)""},""expected_goals_on_target_variant"":{""value"":null,""total"":null,""title"":""Expected goals on target (xGOT)""},""expected_assists"":{""value"":0.04,""total"":null,""title"":""Expected assists (xA)""},""xg_and_xa"":{""value"":0.09,""total"":null,""title"":""xG + xA""},""total_shots"":{""value"":1,""total"":null,""title"":""Total shots""},""accurate_passes"":{""value"":21,""total"":23,""title"":""Accurate passes""},""chances_created"":{""value"":0,""total"":null,""title"":""Chances created""},""ShotsOnTarget"":{""value"":0,""total"":null,""title"":""Shots on target""},""ShotsOffTarget"":{""value"":1,""total"":null,""title"":""Shots off target""},""shot_accuracy"":{""value"":0,""total"":1,""title"":""Shot accuracy""},""Shotmap"":{""value"":1,""total"":null,""title"":""Shotmap""},""defensive_actions"":{""value"":1,""total"":null,""title"":""Defensive actions""},""touches"":{""value"":30,""total"":null,""title"":""Touches""},""touches_opp_box"":{""value"":0,""total"":null,""title"":""Touches in opposition box""},""passes_into_final_third"":{""value"":2,""total"":null,""title"":""Passes into final third""},""long_balls_accurate"":{""value"":1,""total"":1,""title"":""Accurate long balls""},""dispossessed"":{""value"":1,""total"":null,""title"":""Dispossessed""},""expected_goals_non_penalty"":{""value"":0.05,""total"":null,""title"":""xG Non-penalty""},""matchstats.headers.tackles"":{""value"":0,""total"":null,""title"":""Tackles""},""shot_blocks"":{""value"":0,""total"":null,""title"":""Blocks""},""clearances"":{""value"":1,""total"":null,""title"":""Clearances""},""headed_clearance"":{""value"":1,""total"":null,""title"":""Headed clearance""},""interceptions"":{""value"":0,""total"":null,""title"":""Interceptions""},""recoveries"":{""value"":6,""total"":null,""title"":""Recoveries""},""dribbled_past"":{""value"":1,""total"":null,""title"":""Dribbled past""},""ground_duels_won"":{""value"":1,""total"":3,""title"":""Ground duels won""},""aerials_won"":{""value"":0,""total"":1,""title"":""Aerial duels won""},""was_fouled"":{""value"":1,""total"":null,""title"":""Was fouled""},""fouls"":{""value"":0,""total"":null,""title"":""Fouls committed""},""duel_won"":{""value"":1,""total"":null,""title"":""Duels won""},""duel_lost"":{""value"":3,""total"":null,""title"":""Duels lost""}}",FotMob matchDetails.playerStats
2026-09-19T00:33:15+08:00,FB5041,2026-09-13T07:30+08:00,BD1,Botafogo,RB Bragantino,5103625,1.000,A,109705,RB Bragantino,4-2-3-1,409017,Tiago Volpi,11,18,1,0,90,7.7,,,,,,,,,,,20,,0,0,14,2,,5,0.97,,,"{""rating_title"":{""value"":7.7,""total"":null,""title"":""FotMob rating""},""minutes_played"":{""value"":90,""total"":null,""title"":""Minutes played""},""saves"":{""value"":5,""total"":null,""title"":""Saves""},""goals_conceded"":{""value"":1,""total"":null,""title"":""Goals conceded""},""expected_goals_on_target_faced"":{""value"":1.97,""total"":null,""title"":""xGOT faced""},""goals_prevented"":{""value"":0.97,""total"":null,""title"":""Goals prevented""},""Shotmap"":{""value"":1,""total"":null,""title"":""Shotmap""},""accurate_passes"":{""value"":20,""total"":34,""title"":""Accurate passes""},""long_balls_accurate"":{""value"":13,""total"":27,""title"":""Accurate long balls""},""keeper_diving_save"":{""value"":0,""total"":null,""title"":""Diving save""},""saves_inside_box"":{""value"":3,""total"":null,""title"":""Saves inside box""},""keeper_sweeper"":{""value"":0,""total"":null,""title"":""Acted as sweeper""},""punches"":{""value"":0,""total"":null,""title"":""Punches""},""player_throws"":{""value"":4,""total"":null,""title"":""Throws""},""keeper_high_claim"":{""value"":0,""total"":null,""title"":""High claim""},""recoveries"":{""value"":14,""total"":null,""title"":""Recoveries""},""clearances"":{""value"":0,""total"":null,""title"":""Clearances""},""touches"":{""value"":46,""total"":null,""title"":""Touches""},""defensive_actions"":{""value"":0,""total"":null,""title"":""Defensive actions""},""duel_won"":{""value"":2,""total"":null,""title"":""Duels won""},""ground_duels_won"":{""value"":2,""total"":2,""title"":""Ground duels won""},""was_fouled"":{""value"":2,""total"":null,""title"":""Was fouled""},""fouls"":{""value"":0,""total"":null,""title"":""Fouls committed""},""matchstats.headers.tackles"":{""value"":0,""total"":null,""title"":""Tackles""},""passes_into_final_third"":{""value"":9,""total"":null,""title"":""Passes into final third""},""interceptions"":{""value"":0,""total"":null,""title"":""Interceptions""}}",FotMob matchDetails.playerStats
2026-09-19T00:33:15+08:00,FB5041,2026-09-13T07:30+08:00,BD1,Botafogo,RB Bragantino,5103625,1.000,A,109705,RB Bragantino,4-2-3-1,1638434,Vinicinho,3,17,0,1,,,,,,,,,,,,,,,,,,,,,,,,{},FotMob matchDetails.playerStats
2026-09-19T00:33:15+08:00,FB5041,2026-09-13T07:30+08:00,BD1,Botafogo,RB Bragantino,5103625,1.000,A,109705,RB Bragantino,4-2-3-1,1640270,Wallace Yan,2,47,1,0,44,5.4,0,0,0.07,0.04,2,2,1,,1,,14,,1,0,2,2,1,,,,,"{""rating_title"":{""value"":5.39,""total"":null,""title"":""FotMob rating""},""minutes_played"":{""value"":44,""total"":null,""title"":""Minutes played""},""goals"":{""value"":0,""total"":null,""title"":""Goals""},""assists"":{""value"":0,""total"":null,""title"":""Assists""},""expected_goals"":{""value"":0.07,""total"":null,""title"":""Expected goals (xG)""},""expected_goals_on_target_variant"":{""value"":0.29,""total"":null,""title"":""Expected goals on target (xGOT)""},""expected_assists"":{""value"":0.04,""total"":null,""title"":""Expected assists (xA)""},""xg_and_xa"":{""value"":0.11000000000000001,""total"":null,""title"":""xG + xA""},""total_shots"":{""value"":2,""total"":null,""title"":""Total shots""},""accurate_passes"":{""value"":14,""total"":21,""title"":""Accurate passes""},""chances_created"":{""value"":1,""total"":null,""title"":""Chances created""},""ShotsOnTarget"":{""value"":2,""total"":null,""title"":""Shots on target""},""ShotsOffTarget"":{""value"":0,""total"":null,""title"":""Shots off target""},""shot_accuracy"":{""value"":2,""total"":2,""title"":""Shot accuracy""},""Shotmap"":{""value"":1,""total"":null,""title"":""Shotmap""},""defensive_actions"":{""value"":1,""total"":null,""title"":""Defensive actions""},""touches"":{""value"":31,""total"":null,""title"":""Touches""},""touches_opp_box"":{""value"":1,""total"":null,""title"":""Touches in opposition box""},""dribbles_succeeded"":{""value"":0,""total"":2,""title"":""Successful dribbles""},""passes_into_final_third"":{""value"":4,""total"":null,""title"":""Passes into final third""},""accurate_crosses"":{""value"":0,""total"":3,""title"":""Accurate crosses""},""long_balls_accurate"":{""value"":2,""total"":2,""title"":""Accurate long balls""},""corners"":{""value"":2,""total"":null,""title"":""Corners""},""dispossessed"":{""value"":1,""total"":null,""title"":""Dispossessed""},""expected_goals_non_penalty"":{""value"":0.07,""total"":null,""title"":""xG Non-penalty""},""matchstats.headers.tackles"":{""value"":1,""total"":null,""title"":""Tackles""},""shot_blocks"":{""value"":0,""total"":null,""title"":""Blocks""},""clearances"":{""value"":0,""total"":null,""title"":""Clearances""},""interceptions"":{""value"":0,""total"":null,""title"":""Interceptions""},""recoveries"":{""value"":2,""total"":null,""title"":""Recoveries""},""dribbled_past"":{""value"":0,""total"":null,""title"":""Dribbled past""},""ground_duels_won"":{""value"":1,""total"":7,""title"":""Ground duels won""},""aerials_won"":{""value"":1,""total"":1,""title"":""Aerial duels won""},""was_fouled"":{""value"":null,""total"":null,""title"":""Was fouled""},""fouls"":{""value"":3,""total"":null,""title"":""Fouls committed""},""duel_won"":{""value"":2,""total"":null,""title"":""Duels won""},""duel_lost"":{""value"":6,""total"":null,""title"":""Duels lost""}}",FotMob matchDetails.playerStats
2026-09-19T00:33:15+08:00,FB5041,2026-09-13T07:30+08:00,BD1,Botafogo,RB Bragantino,5103625,1.000,H,8517,Botafogo,4-2-3-1,428672,Alex Telles,1,13,1,0,67,8,0,1,0.04,0.42,1,0,3,,0,,24,,1,1,3,7,2,,,,,"{""rating_title"":{""value"":8.01,""total"":null,""title"":""FotMob rating""},""minutes_played"":{""value"":67,""total"":null,""title"":""Minutes played""},""goals"":{""value"":0,""total"":null,""title"":""Goals""},""assists"":{""value"":1,""total"":null,""title"":""Assists""},""expected_goals"":{""value"":0.04,""total"":null,""title"":""Expected goals (xG)""},""expected_goals_on_target_variant"":{""value"":null,""total"":null,""title"":""Expected goals on target (xGOT)""},""expected_assists"":{""value"":0.42,""total"":null,""title"":""Expected assists (xA)""},""xg_and_xa"":{""value"":0.45999999999999996,""total"":null,""title"":""xG + xA""},""total_shots"":{""value"":1,""total"":null,""title"":""Total shots""},""accurate_passes"":{""value"":24,""total"":31,""title"":""Accurate passes""},""chances_created"":{""value"":3,""total"":null,""title"":""Chances created""},""ShotsOnTarget"":{""value"":0,""total"":null,""title"":""Shots on target""},""ShotsOffTarget"":{""value"":1,""total"":null,""title"":""Shots off target""},""shot_accuracy"":{""value"":0,""total"":1,""title"":""Shot accuracy""},""Shotmap"":{""value"":1,""total"":null,""title"":""Shotmap""},""defensive_actions"":{""value"":3,""total"":null,""title"":""Defensive actions""},""touches"":{""value"":56,""total"":null,""title"":""Touches""},""touches_opp_box"":{""value"":0,""total"":null,""title"":""Touches in opposition box""},""dribbles_succeeded"":{""value"":2,""total"":2,""title"":""Successful dribbles""},""passes_into_final_third"":{""value"":4,""total"":null,""title"":""Passes into final third""},""accurate_crosses"":{""value"":3,""total"":7,""title"":""Accurate crosses""},""long_balls_accurate"":{""value"":0,""total"":3,""title"":""Accurate long balls""},""corners"":{""value"":3,""total"":null,""title"":""Corners""},""dispossessed"":{""value"":0,""total"":null,""title"":""Dispossessed""},""expected_goals_non_penalty"":{""value"":0.04,""total"":null,""title"":""xG Non-penalty""},""matchstats.headers.tackles"":{""value"":1,""total"":null,""title"":""Tackles""},""shot_blocks"":{""value"":0,""total"":null,""title"":""Blocks""},""clearances"":{""value"":1,""total"":null,""title"":""Clearances""},""headed_clearance"":{""value"":1,""total"":null,""title"":""Headed clearance""},""interceptions"":{""value"":1,""total"":null,""title"":""Interceptions""},""recoveries"":{""value"":3,""total"":null,""title"":""Recoveries""},""dribbled_past"":{""value"":1,""total"":null,""title"":""Dribbled past""},""ground_duels_won"":{""value"":5,""total"":7,""title"":""Ground duels won""},""aerials_won"":{""value"":2,""total"":3,""title"":""Aerial duels won""},""was_fouled"":{""value"":2,""total"":null,""title"":""Was fouled""},""fouls"":{""value"":1,""total"":null,""title"":""Fouls committed""},""duel_won"":{""value"":7,""total"":null,""title"":""Duels won""},""duel_lost"":{""value"":3,""total"":null,""title"":""Duels lost""}}",FotMob matchDetails.playerStats
2026-09-19T00:33:15+08:00,FB5041,2026-09-13T07:30+08:00,BD1,Botafogo,RB Bragantino,5103625,1.000,H,8517,Botafogo,4-2-3-1,188652,Allan,2,25,0,1,,,,,,,,,,,,,,,,,,,,,,,,{},FotMob matchDetails.playerStats
2026-09-19T00:33:15+08:00,FB5041,2026-09-13T07:30+08:00,BD1,Botafogo,RB Bragantino,5103625,1.000,H,8517,Botafogo,4-2-3-1,1355636,Arthur Chaves,1,3,0,1,,,,,,,,,,,,,,,,,,,,,,,,{},FotMob matchDetails.playerStats
2026-09-19T00:33:15+08:00,FB5041,2026-09-13T07:30+08:00,BD1,Botafogo,RB Bragantino,5103625,1.000,H,8517,Botafogo,4-2-3-1,931862,Danilo,3,90,1,0,74,6.7,0,0,0.29,0.02,3,1,2,,3,,12,,0,0,2,2,0,,,,,"{""rating_title"":{""value"":6.71,""total"":null,""title"":""FotMob rating""},""minutes_played"":{""value"":74,""total"":null,""title"":""Minutes played""},""goals"":{""value"":0,""total"":null,""title"":""Goals""},""assists"":{""value"":0,""total"":null,""title"":""Assists""},""expected_goals"":{""value"":0.29,""total"":null,""title"":""Expected goals (xG)""},""expected_goals_on_target_variant"":{""value"":0.66,""total"":null,""title"":""Expected goals on target (xGOT)""},""expected_assists"":{""value"":0.02,""total"":null,""title"":""Expected assists (xA)""},""xg_and_xa"":{""value"":0.31,""total"":null,""title"":""xG + xA""},""total_shots"":{""value"":3,""total"":null,""title"":""Total shots""},""accurate_passes"":{""value"":12,""total"":15,""title"":""Accurate passes""},""chances_created"":{""value"":2,""total"":null,""title"":""Chances created""},""ShotsOnTarget"":{""value"":1,""total"":null,""title"":""Shots on target""},""ShotsOffTarget"":{""value"":2,""total"":null,""title"":""Shots off target""},""shot_accuracy"":{""value"":1,""total"":3,""title"":""Shot accuracy""},""Shotmap"":{""value"":1,""total"":null,""title"":""Shotmap""},""defensive_actions"":{""value"":0,""total"":null,""title"":""Defensive actions""},""touches"":{""value"":24,""total"":null,""title"":""Touches""},""touches_opp_box"":{""value"":3,""total"":null,""title"":""Touches in opposition box""},""dribbles_succeeded"":{""value"":2,""total"":3,""title"":""Successful dribbles""},""passes_into_final_third"":{""value"":1,""total"":null,""title"":""Passes into final third""},""long_balls_accurate"":{""value"":0,""total"":1,""title"":""Accurate long balls""},""dispossessed"":{""value"":2,""total"":null,""title"":""Dispossessed""},""expected_goals_non_penalty"":{""value"":0.29,""total"":null,""title"":""xG Non-penalty""},""matchstats.headers.tackles"":{""value"":0,""total"":null,""title"":""Tackles""},""shot_blocks"":{""value"":0,""total"":null,""title"":""Blocks""},""clearances"":{""value"":0,""total"":null,""title"":""Clearances""},""interceptions"":{""value"":0,""total"":null,""title"":""Interceptions""},""recoveries"":{""value"":2,""total"":null,""title"":""Recoveries""},""dribbled_past"":{""value"":0,""total"":null,""title"":""Dribbled past""},""ground_duels_won"":{""value"":2,""total"":7,""title"":""Ground duels won""},""aerials_won"":{""value"":0,""total"":1,""title"":""Aerial duels won""},""was_fouled"":{""value"":null,""total"":null,""title"":""Was fouled""},""fouls"":{""value"":2,""total"":null,""title"":""Fouls committed""},""duel_won"":{""value"":2,""total"":null,""title"":""Duels won""},""duel_lost"":{""value"":6,""total"":null,""title"":""Duels lost""}}",FotMob matchDetails.playerStats
2026-09-19T00:33:15+08:00,FB5041,2026-09-13T07:30+08:00,BD1,Botafogo,RB Bragantino,5103625,1.000,H,8517,Botafogo,4-2-3-1,1181700,Danilo,2,8,1,0,90,7.7,0,0,,0.4,,,3,,1,,79,,6,2,4,8,1,,,,,"{""rating_title"":{""value"":7.65,""total"":null,""title"":""FotMob rating""},""minutes_played"":{""value"":90,""total"":null,""title"":""Minutes played""},""goals"":{""value"":0,""total"":null,""title"":""Goals""},""assists"":{""value"":0,""total"":null,""title"":""Assists""},""expected_assists"":{""value"":0.4,""total"":null,""title"":""Expected assists (xA)""},""xg_and_xa"":{""value"":0.4,""total"":null,""title"":""xG + xA""},""accurate_passes"":{""value"":79,""total"":87,""title"":""Accurate passes""},""chances_created"":{""value"":3,""total"":null,""title"":""Chances created""},""big_chance_created_team_title"":{""value"":1,""total"":null,""title"":""Big chances created""},""Shotmap"":{""value"":0,""total"":null,""title"":""Shotmap""},""defensive_actions"":{""value"":8,""total"":null,""title"":""Defensive actions""},""touches"":{""value"":109,""total"":null,""title"":""Touches""},""touches_opp_box"":{""value"":1,""total"":null,""title"":""Touches in opposition box""},""dribbles_succeeded"":{""value"":0,""total"":2,""title"":""Successful dribbles""},""passes_into_final_third"":{""value"":23,""total"":null,""title"":""Passes into final third""},""accurate_crosses"":{""value"":2,""total"":4,""title"":""Accurate crosses""},""long_balls_accurate"":{""value"":8,""total"":10,""title"":""Accurate long balls""},""corners"":{""value"":1,""total"":null,""title"":""Corners""},""dispossessed"":{""value"":1,""total"":null,""title"":""Dispossessed""},""matchstats.headers.tackles"":{""value"":6,""total"":null,""title"":""Tackles""},""shot_blocks"":{""value"":0,""total"":null,""title"":""Blocks""},""clearances"":{""value"":0,""total"":null,""title"":""Clearances""},""interceptions"":{""value"":2,""total"":null,""title"":""Interceptions""},""recoveries"":{""value"":4,""total"":null,""title"":""Recoveries""},""dribbled_past"":{""value"":0,""total"":null,""title"":""Dribbled past""},""ground_duels_won"":{""value"":7,""total"":12,""title"":""Ground duels won""},""aerials_won"":{""value"":1,""total"":1,""title"":""Aerial duels won""},""was_fouled"":{""value"":1,""total"":null,""title"":""Was fouled""},""fouls"":{""value"":2,""total"":null,""title"":""Fouls committed""},""duel_won"":{""value"":8,""total"":null,""title"":""Duels won""},""duel_lost"":{""value"":5,""total"":null,""title"":""Duels lost""}}",FotMob matchDetails.playerStats
2026-09-19T00:33:15+08:00,FB5041,2026-09-13T07:30+08:00,BD1,Botafogo,RB Bragantino,5103625,1.000,H,8517,Botafogo,4-2-3-1,1312637,Domingos Andrade,2,91,0,1,,,,,,,,,,,,,,,,,,,,,,,,{},FotMob matchDetails.playerStats
2026-09-19T00:33:15+08:00,FB5041,2026-09-13T07:30+08:00,BD1,Botafogo,RB Bragantino,5103625,1.000,H,8517,Botafogo,4-2-3-1,268394,Edenílson,2,88,0,1,,,,,,,,,,,,,,,,,,,,,,,,{},FotMob matchDetails.playerStats
2026-09-19T00:33:15+08:00,FB5041,2026-09-13T07:30+08:00,BD1,Botafogo,RB Bragantino,5103625,1.000,H,8517,Botafogo,4-2-3-1,846023,Gabriel Batista,11,12,1,0,90,8.8,,,,,,,,,,,12,,0,0,7,1,1,8,1.86,,,"{""rating_title"":{""value"":8.76,""total"":null,""title"":""FotMob rating""},""minutes_played"":{""value"":90,""total"":null,""title"":""Minutes played""},""saves"":{""value"":8,""total"":null,""title"":""Saves""},""goals_conceded"":{""value"":1,""total"":null,""title"":""Goals conceded""},""expected_goals_on_target_faced"":{""value"":1.86,""total"":null,""title"":""xGOT faced""},""goals_prevented"":{""value"":1.86,""total"":null,""title"":""Goals prevented""},""Shotmap"":{""value"":1,""total"":null,""title"":""Shotmap""},""accurate_passes"":{""value"":12,""total"":17,""title"":""Accurate passes""},""long_balls_accurate"":{""value"":3,""total"":8,""title"":""Accurate long balls""},""keeper_diving_save"":{""value"":3,""total"":null,""title"":""Diving save""},""saves_inside_box"":{""value"":4,""total"":null,""title"":""Saves inside box""},""keeper_sweeper"":{""value"":1,""total"":null,""title"":""Acted as sweeper""},""punches"":{""value"":1,""total"":null,""title"":""Punches""},""player_throws"":{""value"":5,""total"":null,""title"":""Throws""},""keeper_high_claim"":{""value"":0,""total"":null,""title"":""High claim""},""recoveries"":{""value"":7,""total"":null,""title"":""Recoveries""},""clearances"":{""value"":2,""total"":null,""title"":""Clearances""},""touches"":{""value"":34,""total"":null,""title"":""Touches""},""defensive_actions"":{""value"":2,""total"":null,""title"":""Defensive actions""},""duel_won"":{""value"":1,""total"":null,""title"":""Duels won""},""aerials_won"":{""value"":1,""total"":1,""title"":""Aerial duels won""},""was_fouled"":{""value"":null,""total"":null,""title"":""Was fouled""},""fouls"":{""value"":0,""total"":null,""title"":""Fouls committed""},""matchstats.headers.tackles"":{""value"":0,""total"":null,""title"":""Tackles""},""passes_into_final_third"":{""value"":1,""total"":null,""title"":""Passes into final third""},""interceptions"":{""value"":0,""total"":null,""title"":""Interceptions""}}",FotMob matchDetails.playerStats
2026-09-19T00:33:15+08:00,FB5041,2026-09-13T07:30+08:00,BD1,Botafogo,RB Bragantino,5103625,1.000,H,8517,Botafogo,4-2-3-1,1761942,Huguinho,2,75,1,0,90,7.7,0,0,0.03,0.03,2,0,1,,0,,56,,1,2,8,3,0,,,,,"{""rating_title"":{""value"":7.73,""total"":null,""title"":""FotMob rating""},""minutes_played"":{""value"":90,""total"":null,""title"":""Minutes played""},""goals"":{""value"":0,""total"":null,""title"":""Goals""},""assists"":{""value"":0,""total"":null,""title"":""Assists""},""expected_goals"":{""value"":0.03,""total"":null,""title"":""Expected goals (xG)""},""expected_goals_on_target_variant"":{""value"":null,""total"":null,""title"":""Expected goals on target (xGOT)""},""expected_assists"":{""value"":0.03,""total"":null,""title"":""Expected assists (xA)""},""xg_and_xa"":{""value"":0.06,""total"":null,""title"":""xG + xA""},""total_shots"":{""value"":2,""total"":null,""title"":""Total shots""},""accurate_passes"":{""value"":56,""total"":57,""title"":""Accurate passes""},""chances_created"":{""value"":1,""total"":null,""title"":""Chances created""},""ShotsOnTarget"":{""value"":0,""total"":null,""title"":""Shots on target""},""ShotsOffTarget"":{""value"":2,""total"":null,""title"":""Shots off target""},""shot_accuracy"":{""value"":0,""total"":2,""title"":""Shot accuracy""},""Shotmap"":{""value"":1,""total"":null,""title"":""Shotmap""},""defensive_actions"":{""value"":6,""total"":null,""title"":""Defensive actions""},""touches"":{""value"":69,""total"":null,""title"":""Touches""},""touches_opp_box"":{""value"":0,""total"":null,""title"":""Touches in opposition box""},""dribbles_succeeded"":{""value"":1,""total"":1,""title"":""Successful dribbles""},""passes_into_final_third"":{""value"":9,""total"":null,""title"":""Passes into final third""},""long_balls_accurate"":{""value"":2,""total"":3,""title"":""Accurate long balls""},""dispossessed"":{""value"":0,""total"":null,""title"":""Dispossessed""},""expected_goals_non_penalty"":{""value"":0.03,""total"":null,""title"":""xG Non-penalty""},""matchstats.headers.tackles"":{""value"":1,""total"":null,""title"":""Tackles""},""shot_blocks"":{""value"":0,""total"":null,""title"":""Blocks""},""clearances"":{""value"":3,""total"":null,""title"":""Clearances""},""headed_clearance"":{""value"":1,""total"":null,""title"":""Headed clearance""},""interceptions"":{""value"":2,""total"":null,""title"":""Interceptions""},""recoveries"":{""value"":8,""total"":null,""title"":""Recoveries""},""dribbled_past"":{""value"":1,""total"":null,""title"":""Dribbled past""},""ground_duels_won"":{""value"":3,""total"":4,""title"":""Ground duels won""},""aerials_won"":{""value"":0,""total"":0,""title"":""Aerial duels won""},""was_fouled"":{""value"":1,""total"":null,""title"":""Was fouled""},""fouls"":{""value"":0,""total"":null,""title"":""Fouls committed""},""duel_won"":{""value"":3,""total"":null,""title"":""Duels won""},""duel_lost"":{""value"":1,""total"":null,""title"":""Duels lost""}}",FotMob matchDetails.playerStats
2026-09-19T00:33:15+08:00,FB5041,2026-09-13T07:30+08:00,BD1,Botafogo,RB Bragantino,5103625,1.000,H,8517,Botafogo,4-2-3-1,929219,Júnior Santos,2,7,1,0,74,6.2,0,0,0.37,0.01,4,0,0,,7,,8,,0,0,3,1,1,,,,,"{""rating_title"":{""value"":6.21,""total"":null,""title"":""FotMob rating""},""minutes_played"":{""value"":74,""total"":null,""title"":""Minutes played""},""goals"":{""value"":0,""total"":null,""title"":""Goals""},""assists"":{""value"":0,""total"":null,""title"":""Assists""},""expected_goals"":{""value"":0.37,""total"":null,""title"":""Expected goals (xG)""},""expected_goals_on_target_variant"":{""value"":null,""total"":null,""title"":""Expected goals on target (xGOT)""},""expected_assists"":{""value"":0.01,""total"":null,""title"":""Expected assists (xA)""},""xg_and_xa"":{""value"":0.38,""total"":null,""title"":""xG + xA""},""total_shots"":{""value"":4,""total"":null,""title"":""Total shots""},""accurate_passes"":{""value"":8,""total"":10,""title"":""Accurate passes""},""chances_created"":{""value"":0,""total"":null,""title"":""Chances created""},""ShotsOnTarget"":{""value"":0,""total"":null,""title"":""Shots on target""},""ShotsOffTarget"":{""value"":2,""total"":null,""title"":""Shots off target""},""blocked_shots"":{""value"":2,""total"":null,""title"":""Blocked shots""},""shot_accuracy"":{""value"":0,""total"":2,""title"":""Shot accuracy""},""Shotmap"":{""value"":1,""total"":null,""title"":""Shotmap""},""defensive_actions"":{""value"":0,""total"":null,""title"":""Defensive actions""},""touches"":{""value"":19,""total"":null,""title"":""Touches""},""touches_opp_box"":{""value"":7,""total"":null,""title"":""Touches in opposition box""},""dribbles_succeeded"":{""value"":0,""total"":2,""title"":""Successful dribbles""},""passes_into_final_third"":{""value"":2,""total"":null,""title"":""Passes into final third""},""dispossessed"":{""value"":0,""total"":null,""title"":""Dispossessed""},""Offsides"":{""value"":2,""total"":null,""title"":""Offsides""},""expected_goals_non_penalty"":{""value"":0.37,""total"":null,""title"":""xG Non-penalty""},""matchstats.headers.tackles"":{""value"":0,""total"":null,""title"":""Tackles""},""shot_blocks"":{""value"":0,""total"":null,""title"":""Blocks""},""clearances"":{""value"":0,""total"":null,""title"":""Clearances""},""interceptions"":{""value"":0,""total"":null,""title"":""Interceptions""},""recoveries"":{""value"":3,""total"":null,""title"":""Recoveries""},""dribbled_past"":{""value"":0,""total"":null,""title"":""Dribbled past""},""ground_duels_won"":{""value"":0,""total"":3,""title"":""Ground duels won""},""aerials_won"":{""value"":1,""total"":6,""title"":""Aerial duels won""},""was_fouled"":{""value"":null,""total"":null,""title"":""Was fouled""},""fouls"":{""value"":1,""total"":null,""title"":""Fouls committed""},""duel_won"":{""value"":1,""total"":null,""title"":""Duels won""},""duel_lost"":{""value"":8,""total"":null,""title"":""Duels lost""}}",FotMob matchDetails.playerStats
2026-09-19T00:33:15+08:00,FB5041,2026-09-13T07:30+08:00,BD1,Botafogo,RB Bragantino,5103625,1.000,H,8517,Botafogo,4-2-3-1,1817875,Kadir Barría,3,37,0,1,45,6.5,0,0,0.45,0.09,5,1,1,,5,,2,,0,0,0,4,3,,,,,"{""rating_title"":{""value"":6.52,""total"":null,""title"":""FotMob rating""},""minutes_played"":{""value"":45,""total"":null,""title"":""Minutes played""},""goals"":{""value"":0,""total"":null,""title"":""Goals""},""assists"":{""value"":0,""total"":null,""title"":""Assists""},""expected_goals"":{""value"":0.45,""total"":null,""title"":""Expected goals (xG)""},""expected_goals_on_target_variant"":{""value"":0.19,""total"":null,""title"":""Expected goals on target (xGOT)""},""expected_assists"":{""value"":0.09,""total"":null,""title"":""Expected assists (xA)""},""xg_and_xa"":{""value"":0.54,""total"":null,""title"":""xG + xA""},""total_shots"":{""value"":5,""total"":null,""title"":""Total shots""},""accurate_passes"":{""value"":2,""total"":4,""title"":""Accurate passes""},""chances_created"":{""value"":1,""total"":null,""title"":""Chances created""},""ShotsOnTarget"":{""value"":1,""total"":null,""title"":""Shots on target""},""ShotsOffTarget"":{""value"":3,""total"":null,""title"":""Shots off target""},""blocked_shots"":{""value"":1,""total"":null,""title"":""Blocked shots""},""shot_accuracy"":{""value"":1,""total"":4,""title"":""Shot accuracy""},""Shotmap"":{""value"":1,""total"":null,""title"":""Shotmap""},""defensive_actions"":{""value"":0,""total"":null,""title"":""Defensive actions""},""big_chance_missed_title"":{""value"":1,""total"":null,""title"":""Big chances missed""},""touches"":{""value"":16,""total"":null,""title"":""Touches""},""touches_opp_box"":{""value"":5,""total"":null,""title"":""Touches in opposition box""},""accurate_crosses"":{""value"":0,""total"":2,""title"":""Accurate crosses""},""dispossessed"":{""value"":1,""total"":null,""title"":""Dispossessed""},""expected_goals_non_penalty"":{""value"":0.45,""total"":null,""title"":""xG Non-penalty""},""matchstats.headers.tackles"":{""value"":0,""total"":null,""title"":""Tackles""},""shot_blocks"":{""value"":0,""total"":null,""title"":""Blocks""},""clearances"":{""value"":0,""total"":null,""title"":""Clearances""},""interceptions"":{""value"":0,""total"":null,""title"":""Interceptions""},""recoveries"":{""value"":0,""total"":null,""title"":""Recoveries""},""dribbled_past"":{""value"":0,""total"":null,""title"":""Dribbled past""},""ground_duels_won"":{""value"":1,""total"":3,""title"":""Ground duels won""},""aerials_won"":{""value"":3,""total"":3,""title"":""Aerial duels won""},""was_fouled"":{""value"":1,""total"":null,""title"":""Was fouled""},""fouls"":{""value"":1,""total"":null,""title"":""Fouls committed""},""duel_won"":{""value"":4,""total"":null,""title"":""Duels won""},""duel_lost"":{""value"":2,""total"":null,""title"":""Duels lost""}}",FotMob matchDetails.playerStats
2026-09-19T00:33:15+08:00,FB5041,2026-09-13T07:30+08:00,BD1,Botafogo,RB Bragantino,5103625,1.000,H,8517,Botafogo,4-2-3-1,1734556,Kadu,1,42,0,1,,,,,,,,,,,,,,,,,,,,,,,,{},FotMob matchDetails.playerStats
2026-09-19T00:33:15+08:00,FB5041,2026-09-13T07:30+08:00,BD1,Botafogo,RB Bragantino,5103625,1.000,H,8517,Botafogo,4-2-3-1,1817873,Kauan Toledo,2,59,0,1,16,6.3,0,0,,,,,0,,2,,7,,1,0,1,3,1,,,,,"{""rating_title"":{""value"":6.31,""total"":null,""title"":""FotMob rating""},""minutes_played"":{""value"":16,""total"":null,""title"":""Minutes played""},""goals"":{""value"":0,""total"":null,""title"":""Goals""},""assists"":{""value"":0,""total"":null,""title"":""Assists""},""accurate_passes"":{""value"":7,""total"":7,""title"":""Accurate passes""},""chances_created"":{""value"":0,""total"":null,""title"":""Chances created""},""Shotmap"":{""value"":0,""total"":null,""title"":""Shotmap""},""defensive_actions"":{""value"":1,""total"":null,""title"":""Defensive actions""},""touches"":{""value"":13,""total"":null,""title"":""Touches""},""touches_opp_box"":{""value"":2,""total"":null,""title"":""Touches in opposition box""},""dribbles_succeeded"":{""value"":0,""total"":1,""title"":""Successful dribbles""},""passes_into_final_third"":{""value"":2,""total"":null,""title"":""Passes into final third""},""accurate_crosses"":{""value"":0,""total"":1,""title"":""Accurate crosses""},""dispossessed"":{""value"":0,""total"":null,""title"":""Dispossessed""},""matchstats.headers.tackles"":{""value"":1,""total"":null,""title"":""Tackles""},""shot_blocks"":{""value"":0,""total"":null,""title"":""Blocks""},""clearances"":{""value"":0,""total"":null,""title"":""Clearances""},""interceptions"":{""value"":0,""total"":null,""title"":""Interceptions""},""recoveries"":{""value"":1,""total"":null,""title"":""Recoveries""},""dribbled_past"":{""value"":0,""total"":null,""title"":""Dribbled past""},""ground_duels_won"":{""value"":2,""total"":3,""title"":""Ground duels won""},""aerials_won"":{""value"":1,""total"":1,""title"":""Aerial duels won""},""was_fouled"":{""value"":1,""total"":null,""title"":""Was fouled""},""fouls"":{""value"":0,""total"":null,""title"":""Fouls committed""},""duel_won"":{""value"":3,""total"":null,""title"":""Duels won""},""duel_lost"":{""value"":1,""total"":null,""title"":""Duels lost""}}",FotMob matchDetails.playerStats
2026-09-19T00:33:15+08:00,FB5041,2026-09-13T07:30+08:00,BD1,Botafogo,RB Bragantino,5103625,1.000,H,8517,Botafogo,4-2-3-1,2087558,Lucas Emanuel,3,79,0,1,,,,,,,,,,,,,,,,,,,,,,,,{},FotMob matchDetails.playerStats
2026-09-19T00:33:15+08:00,FB5041,2026-09-13T07:30+08:00,BD1,Botafogo,RB Bragantino,5103625,1.000,H,8517,Botafogo,4-2-3-1,1295307,Lucas Monzón,1,33,1,0,90,6,0,0,,0.01,,,0,,0,,28,,2,1,2,4,2,,,,,"{""rating_title"":{""value"":5.97,""total"":null,""title"":""FotMob rating""},""minutes_played"":{""value"":90,""total"":null,""title"":""Minutes played""},""goals"":{""value"":0,""total"":null,""title"":""Goals""},""owngoal"":{""value"":1,""total"":null,""title"":""Own goal""},""assists"":{""value"":0,""total"":null,""title"":""Assists""},""expected_assists"":{""value"":0.01,""total"":null,""title"":""Expected assists (xA)""},""xg_and_xa"":{""value"":0.01,""total"":null,""title"":""xG + xA""},""accurate_passes"":{""value"":28,""total"":30,""title"":""Accurate passes""},""chances_created"":{""value"":0,""total"":null,""title"":""Chances created""},""Shotmap"":{""value"":1,""total"":null,""title"":""Shotmap""},""defensive_actions"":{""value"":9,""total"":null,""title"":""Defensive actions""},""touches"":{""value"":43,""total"":null,""title"":""Touches""},""touches_opp_box"":{""value"":0,""total"":null,""title"":""Touches in opposition box""},""passes_into_final_third"":{""value"":2,""total"":null,""title"":""Passes into final third""},""long_balls_accurate"":{""value"":0,""total"":1,""title"":""Accurate long balls""},""dispossessed"":{""value"":0,""total"":null,""title"":""Dispossessed""},""matchstats.headers.tackles"":{""value"":2,""total"":null,""title"":""Tackles""},""shot_blocks"":{""value"":0,""total"":null,""title"":""Blocks""},""clearances"":{""value"":6,""total"":null,""title"":""Clearances""},""headed_clearance"":{""value"":1,""total"":null,""title"":""Headed clearance""},""interceptions"":{""value"":1,""total"":null,""title"":""Interceptions""},""recoveries"":{""value"":2,""total"":null,""title"":""Recoveries""},""dribbled_past"":{""value"":1,""total"":null,""title"":""Dribbled past""},""ground_duels_won"":{""value"":2,""total"":4,""title"":""Ground duels won""},""aerials_won"":{""value"":2,""total"":4,""title"":""Aerial duels won""},""was_fouled"":{""value"":null,""total"":null,""title"":""Was fouled""},""fouls"":{""value"":1,""total"":null,""title"":""Fouls committed""},""duel_won"":{""value"":4,""total"":null,""title"":""Duels won""},""duel_lost"":{""value"":4,""total"":null,""title"":""Duels lost""}}",FotMob matchDetails.playerStats
2026-09-19T00:33:15+08:00,FB5041,2026-09-13T07:30+08:00,BD1,Botafogo,RB Bragantino,5103625,1.000,H,8517,Botafogo,4-2-3-1,1474166,Lucas Villalba,3,77,1,0,45,6.1,0,0,,0.04,,,1,,2,,10,,0,0,2,,0,,,,,"{""rating_title"":{""value"":6.13,""total"":null,""title"":""FotMob rating""},""minutes_played"":{""value"":45,""total"":null,""title"":""Minutes played""},""goals"":{""value"":0,""total"":null,""title"":""Goals""},""assists"":{""value"":0,""total"":null,""title"":""Assists""},""expected_assists"":{""value"":0.04,""total"":null,""title"":""Expected assists (xA)""},""xg_and_xa"":{""value"":0.04,""total"":null,""title"":""xG + xA""},""accurate_passes"":{""value"":10,""total"":10,""title"":""Accurate passes""},""chances_created"":{""value"":1,""total"":null,""title"":""Chances created""},""Shotmap"":{""value"":0,""total"":null,""title"":""Shotmap""},""defensive_actions"":{""value"":1,""total"":null,""title"":""Defensive actions""},""touches"":{""value"":18,""total"":null,""title"":""Touches""},""touches_opp_box"":{""value"":2,""total"":null,""title"":""Touches in opposition box""},""accurate_crosses"":{""value"":1,""total"":2,""title"":""Accurate crosses""},""dispossessed"":{""value"":3,""total"":null,""title"":""Dispossessed""},""matchstats.headers.tackles"":{""value"":0,""total"":null,""title"":""Tackles""},""shot_blocks"":{""value"":0,""total"":null,""title"":""Blocks""},""clearances"":{""value"":1,""total"":null,""title"":""Clearances""},""interceptions"":{""value"":0,""total"":null,""title"":""Interceptions""},""recoveries"":{""value"":2,""total"":null,""title"":""Recoveries""},""dribbled_past"":{""value"":0,""total"":null,""title"":""Dribbled past""},""ground_duels_won"":{""value"":0,""total"":3,""title"":""Ground duels won""},""aerials_won"":{""value"":0,""total"":0,""title"":""Aerial duels won""},""was_fouled"":{""value"":null,""total"":null,""title"":""Was fouled""},""fouls"":{""value"":0,""total"":null,""title"":""Fouls committed""},""duel_lost"":{""value"":3,""total"":null,""title"":""Duels lost""}}",FotMob matchDetails.playerStats
2026-09-19T00:33:15+08:00,FB5041,2026-09-13T07:30+08:00,BD1,Botafogo,RB Bragantino,5103625,1.000,H,8517,Botafogo,4-2-3-1,1436176,Mateo Ponte,1,4,0,1,9,,0,0,,,,,0,,0,,8,,2,0,2,2,0,,,,,"{""minutes_played"":{""value"":9,""total"":null,""title"":""Minutes played""},""goals"":{""value"":0,""total"":null,""title"":""Goals""},""assists"":{""value"":0,""total"":null,""title"":""Assists""},""accurate_passes"":{""value"":8,""total"":10,""title"":""Accurate passes""},""chances_created"":{""value"":0,""total"":null,""title"":""Chances created""},""Shotmap"":{""value"":0,""total"":null,""title"":""Shotmap""},""defensive_actions"":{""value"":2,""total"":null,""title"":""Defensive actions""},""touches"":{""value"":17,""total"":null,""title"":""Touches""},""touches_opp_box"":{""value"":0,""total"":null,""title"":""Touches in opposition box""},""accurate_crosses"":{""value"":0,""total"":1,""title"":""Accurate crosses""},""dispossessed"":{""value"":0,""total"":null,""title"":""Dispossessed""},""matchstats.headers.tackles"":{""value"":2,""total"":null,""title"":""Tackles""},""shot_blocks"":{""value"":0,""total"":null,""title"":""Blocks""},""clearances"":{""value"":0,""total"":null,""title"":""Clearances""},""interceptions"":{""value"":0,""total"":null,""title"":""Interceptions""},""recoveries"":{""value"":2,""total"":null,""title"":""Recoveries""},""dribbled_past"":{""value"":0,""total"":null,""title"":""Dribbled past""},""ground_duels_won"":{""value"":2,""total"":2,""title"":""Ground duels won""},""aerials_won"":{""value"":0,""total"":1,""title"":""Aerial duels won""},""was_fouled"":{""value"":null,""total"":null,""title"":""Was fouled""},""fouls"":{""value"":0,""total"":null,""title"":""Fouls committed""},""duel_won"":{""value"":2,""total"":null,""title"":""Duels won""},""duel_lost"":{""value"":1,""total"":null,""title"":""Duels lost""}}",FotMob matchDetails.playerStats
2026-09-19T00:33:15+08:00,FB5041,2026-09-13T07:30+08:00,BD1,Botafogo,RB Bragantino,5103625,1.000,H,8517,Botafogo,4-2-3-1,847910,Nahuel Ferraresi,1,5,1,0,90,7.6,0,0,0.24,0.17,2,0,2,,3,,51,,3,2,4,7,3,,,,,"{""rating_title"":{""value"":7.55,""total"":null,""title"":""FotMob rating""},""minutes_played"":{""value"":90,""total"":null,""title"":""Minutes played""},""goals"":{""value"":0,""total"":null,""title"":""Goals""},""assists"":{""value"":0,""total"":null,""title"":""Assists""},""expected_goals"":{""value"":0.24,""total"":null,""title"":""Expected goals (xG)""},""expected_goals_on_target_variant"":{""value"":null,""total"":null,""title"":""Expected goals on target (xGOT)""},""expected_assists"":{""value"":0.17,""total"":null,""title"":""Expected assists (xA)""},""xg_and_xa"":{""value"":0.41000000000000003,""total"":null,""title"":""xG + xA""},""total_shots"":{""value"":2,""total"":null,""title"":""Total shots""},""accurate_passes"":{""value"":51,""total"":61,""title"":""Accurate passes""},""chances_created"":{""value"":2,""total"":null,""title"":""Chances created""},""ShotsOnTarget"":{""value"":0,""total"":null,""title"":""Shots on target""},""ShotsOffTarget"":{""value"":0,""total"":null,""title"":""Shots off target""},""blocked_shots"":{""value"":2,""total"":null,""title"":""Blocked shots""},""Shotmap"":{""value"":1,""total"":null,""title"":""Shotmap""},""defensive_actions"":{""value"":11,""total"":null,""title"":""Defensive actions""},""touches"":{""value"":79,""total"":null,""title"":""Touches""},""touches_opp_box"":{""value"":3,""total"":null,""title"":""Touches in opposition box""},""dribbles_succeeded"":{""value"":0,""total"":1,""title"":""Successful dribbles""},""passes_into_final_third"":{""value"":23,""total"":null,""title"":""Passes into final third""},""long_balls_accurate"":{""value"":5,""total"":8,""title"":""Accurate long balls""},""dispossessed"":{""value"":1,""total"":null,""title"":""Dispossessed""},""expected_goals_non_penalty"":{""value"":0.24,""total"":null,""title"":""xG Non-penalty""},""matchstats.headers.tackles"":{""value"":3,""total"":null,""title"":""Tackles""},""shot_blocks"":{""value"":0,""total"":null,""title"":""Blocks""},""clearances"":{""value"":6,""total"":null,""title"":""Clearances""},""headed_clearance"":{""value"":2,""total"":null,""title"":""Headed clearance""},""interceptions"":{""value"":2,""total"":null,""title"":""Interceptions""},""recoveries"":{""value"":4,""total"":null,""title"":""Recoveries""},""dribbled_past"":{""value"":1,""total"":null,""title"":""Dribbled past""},""ground_duels_won"":{""value"":4,""total"":9,""title"":""Ground duels won""},""aerials_won"":{""value"":3,""total"":3,""title"":""Aerial duels won""},""was_fouled"":{""value"":1,""total"":null,""title"":""Was fouled""},""fouls"":{""value"":2,""total"":null,""title"":""Fouls committed""},""duel_won"":{""value"":7,""total"":null,""title"":""Duels won""},""duel_lost"":{""value"":5,""total"":null,""title"":""Duels lost""}}",FotMob matchDetails.playerStats
2026-09-19T00:33:15+08:00,FB5041,2026-09-13T07:30+08:00,BD1,Botafogo,RB Bragantino,5103625,1.000,H,8517,Botafogo,4-2-3-1,891678,Paulinho,1,29,0,1,23,6.2,0,0,0.02,0.01,1,0,0,,0,,18,,2,0,0,2,0,,,,,"{""rating_title"":{""value"":6.22,""total"":null,""title"":""FotMob rating""},""minutes_played"":{""value"":23,""total"":null,""title"":""Minutes played""},""goals"":{""value"":0,""total"":null,""title"":""Goals""},""assists"":{""value"":0,""total"":null,""title"":""Assists""},""expected_goals"":{""value"":0.02,""total"":null,""title"":""Expected goals (xG)""},""expected_goals_on_target_variant"":{""value"":null,""total"":null,""title"":""Expected goals on target (xGOT)""},""expected_assists"":{""value"":0.01,""total"":null,""title"":""Expected assists (xA)""},""xg_and_xa"":{""value"":0.03,""total"":null,""title"":""xG + xA""},""total_shots"":{""value"":1,""total"":null,""title"":""Total shots""},""accurate_passes"":{""value"":18,""total"":18,""title"":""Accurate passes""},""chances_created"":{""value"":0,""total"":null,""title"":""Chances created""},""ShotsOnTarget"":{""value"":0,""total"":null,""title"":""Shots on target""},""ShotsOffTarget"":{""value"":0,""total"":null,""title"":""Shots off target""},""blocked_shots"":{""value"":1,""total"":null,""title"":""Blocked shots""},""Shotmap"":{""value"":1,""total"":null,""title"":""Shotmap""},""defensive_actions"":{""value"":3,""total"":null,""title"":""Defensive actions""},""touches"":{""value"":32,""total"":null,""title"":""Touches""},""touches_opp_box"":{""value"":0,""total"":null,""title"":""Touches in opposition box""},""dribbles_succeeded"":{""value"":0,""total"":1,""title"":""Successful dribbles""},""passes_into_final_third"":{""value"":3,""total"":null,""title"":""Passes into final third""},""accurate_crosses"":{""value"":0,""total"":4,""title"":""Accurate crosses""},""long_balls_accurate"":{""value"":1,""total"":1,""title"":""Accurate long balls""},""dispossessed"":{""value"":0,""total"":null,""title"":""Dispossessed""},""expected_goals_non_penalty"":{""value"":0.02,""total"":null,""title"":""xG Non-penalty""},""matchstats.headers.tackles"":{""value"":2,""total"":null,""title"":""Tackles""},""shot_blocks"":{""value"":0,""total"":null,""title"":""Blocks""},""clearances"":{""value"":1,""total"":null,""title"":""Clearances""},""interceptions"":{""value"":0,""total"":null,""title"":""Interceptions""},""recoveries"":{""value"":0,""total"":null,""title"":""Recoveries""},""dribbled_past"":{""value"":0,""total"":null,""title"":""Dribbled past""},""ground_duels_won"":{""value"":2,""total"":3,""title"":""Ground duels won""},""aerials_won"":{""value"":0,""total"":1,""title"":""Aerial duels won""},""was_fouled"":{""value"":null,""total"":null,""title"":""Was fouled""},""fouls"":{""value"":0,""total"":null,""title"":""Fouls committed""},""duel_won"":{""value"":2,""total"":null,""title"":""Duels won""},""duel_lost"":{""value"":2,""total"":null,""title"":""Duels lost""}}",FotMob matchDetails.playerStats
2026-09-19T00:33:15+08:00,FB5041,2026-09-13T07:30+08:00,BD1,Botafogo,RB Bragantino,5103625,1.000,H,8517,Botafogo,4-2-3-1,614970,Tiquinho Soares,3,9,0,1,16,6,0,0,,,,,0,,1,,4,,0,0,1,,0,,,,,"{""rating_title"":{""value"":6.04,""total"":null,""title"":""FotMob rating""},""minutes_played"":{""value"":16,""total"":null,""title"":""Minutes played""},""goals"":{""value"":0,""total"":null,""title"":""Goals""},""assists"":{""value"":0,""total"":null,""title"":""Assists""},""accurate_passes"":{""value"":4,""total"":6,""title"":""Accurate passes""},""chances_created"":{""value"":0,""total"":null,""title"":""Chances created""},""Shotmap"":{""value"":0,""total"":null,""title"":""Shotmap""},""defensive_actions"":{""value"":0,""total"":null,""title"":""Defensive actions""},""touches"":{""value"":7,""total"":null,""title"":""Touches""},""touches_opp_box"":{""value"":1,""total"":null,""title"":""Touches in opposition box""},""dispossessed"":{""value"":0,""total"":null,""title"":""Dispossessed""},""Offsides"":{""value"":2,""total"":null,""title"":""Offsides""},""matchstats.headers.tackles"":{""value"":0,""total"":null,""title"":""Tackles""},""shot_blocks"":{""value"":0,""total"":null,""title"":""Blocks""},""clearances"":{""value"":0,""total"":null,""title"":""Clearances""},""interceptions"":{""value"":0,""total"":null,""title"":""Interceptions""},""recoveries"":{""value"":1,""total"":null,""title"":""Recoveries""},""dribbled_past"":{""value"":0,""total"":null,""title"":""Dribbled past""},""aerials_won"":{""value"":0,""total"":1,""title"":""Aerial duels won""},""was_fouled"":{""value"":null,""total"":null,""title"":""Was fouled""},""fouls"":{""value"":0,""total"":null,""title"":""Fouls committed""},""duel_lost"":{""value"":1,""total"":null,""title"":""Duels lost""}}",FotMob matchDetails.playerStats
2026-09-19T00:33:15+08:00,FB5041,2026-09-13T07:30+08:00,BD1,Botafogo,RB Bragantino,5103625,1.000,H,8517,Botafogo,4-2-3-1,905498,Vitinho,1,2,1,0,81,8.1,1,0,0.2,0.21,1,1,3,,2,,19,,1,0,1,6,3,,,,,"{""rating_title"":{""value"":8.14,""total"":null,""title"":""FotMob rating""},""minutes_played"":{""value"":81,""total"":null,""title"":""Minutes played""},""goals"":{""value"":1,""total"":null,""title"":""Goals""},""assists"":{""value"":0,""total"":null,""title"":""Assists""},""expected_goals"":{""value"":0.2,""total"":null,""title"":""Expected goals (xG)""},""expected_goals_on_target_variant"":{""value"":0.88,""total"":null,""title"":""Expected goals on target (xGOT)""},""expected_assists"":{""value"":0.21,""total"":null,""title"":""Expected assists (xA)""},""xg_and_xa"":{""value"":0.41000000000000003,""total"":null,""title"":""xG + xA""},""total_shots"":{""value"":1,""total"":null,""title"":""Total shots""},""accurate_passes"":{""value"":19,""total"":23,""title"":""Accurate passes""},""chances_created"":{""value"":3,""total"":null,""title"":""Chances created""},""ShotsOnTarget"":{""value"":1,""total"":null,""title"":""Shots on target""},""ShotsOffTarget"":{""value"":0,""total"":null,""title"":""Shots off target""},""shot_accuracy"":{""value"":1,""total"":1,""title"":""Shot accuracy""},""Shotmap"":{""value"":1,""total"":null,""title"":""Shotmap""},""defensive_actions"":{""value"":5,""total"":null,""title"":""Defensive actions""},""touches"":{""value"":45,""total"":null,""title"":""Touches""},""touches_opp_box"":{""value"":2,""total"":null,""title"":""Touches in opposition box""},""passes_into_final_third"":{""value"":3,""total"":null,""title"":""Passes into final third""},""accurate_crosses"":{""value"":1,""total"":5,""title"":""Accurate crosses""},""long_balls_accurate"":{""value"":0,""total"":3,""title"":""Accurate long balls""},""dispossessed"":{""value"":0,""total"":null,""title"":""Dispossessed""},""expected_goals_non_penalty"":{""value"":0.2,""total"":null,""title"":""xG Non-penalty""},""matchstats.headers.tackles"":{""value"":1,""total"":null,""title"":""Tackles""},""shot_blocks"":{""value"":0,""total"":null,""title"":""Blocks""},""clearances"":{""value"":4,""total"":null,""title"":""Clearances""},""headed_clearance"":{""value"":3,""total"":null,""title"":""Headed clearance""},""interceptions"":{""value"":0,""total"":null,""title"":""Interceptions""},""recoveries"":{""value"":1,""total"":null,""title"":""Recoveries""},""dribbled_past"":{""value"":1,""total"":null,""title"":""Dribbled past""},""ground_duels_won"":{""value"":3,""total"":4,""title"":""Ground duels won""},""aerials_won"":{""value"":3,""total"":4,""title"":""Aerial duels won""},""was_fouled"":{""value"":2,""total"":null,""title"":""Was fouled""},""fouls"":{""value"":0,""total"":null,""title"":""Fouls committed""},""duel_won"":{""value"":6,""total"":null,""title"":""Duels won""},""duel_lost"":{""value"":2,""total"":null,""title"":""Duels lost""}}",FotMob matchDetails.playerStats
2026-09-19T00:33:15+08:00,FB5041,2026-09-13T07:30+08:00,BD1,Botafogo,RB Bragantino,5103625,1.000,H,8517,Botafogo,4-2-3-1,810487,Warleson,,17,0,1,,,,,,,,,,,,,,,,,,,,,,,,{},FotMob matchDetails.playerStats
2026-09-19T00:33:15+08:00,FB5041,2026-09-13T07:30+08:00,BD1,Botafogo,RB Bragantino,5103625,1.000,H,8517,Botafogo,4-2-3-1,1607035,Álvaro Montoro,3,10,1,0,90,7.2,0,0,0.16,0.14,4,3,2,,1,,50,,0,1,8,4,1,,,,,"{""rating_title"":{""value"":7.24,""total"":null,""title"":""FotMob rating""},""minutes_played"":{""value"":90,""total"":null,""title"":""Minutes played""},""goals"":{""value"":0,""total"":null,""title"":""Goals""},""assists"":{""value"":0,""total"":null,""title"":""Assists""},""expected_goals"":{""value"":0.16,""total"":null,""title"":""Expected goals (xG)""},""expected_goals_on_target_variant"":{""value"":0.24,""total"":null,""title"":""Expected goals on target (xGOT)""},""expected_assists"":{""value"":0.14,""total"":null,""title"":""Expected assists (xA)""},""xg_and_xa"":{""value"":0.30000000000000004,""total"":null,""title"":""xG + xA""},""total_shots"":{""value"":4,""total"":null,""title"":""Total shots""},""accurate_passes"":{""value"":50,""total"":62,""title"":""Accurate passes""},""chances_created"":{""value"":2,""total"":null,""title"":""Chances created""},""errors_led_to_goal"":{""value"":1,""total"":null,""title"":""Error led to goal""},""ShotsOnTarget"":{""value"":3,""total"":null,""title"":""Shots on target""},""ShotsOffTarget"":{""value"":1,""total"":null,""title"":""Shots off target""},""shot_accuracy"":{""value"":3,""total"":4,""title"":""Shot accuracy""},""Shotmap"":{""value"":1,""total"":null,""title"":""Shotmap""},""defensive_actions"":{""value"":1,""total"":null,""title"":""Defensive actions""},""touches"":{""value"":84,""total"":null,""title"":""Touches""},""touches_opp_box"":{""value"":1,""total"":null,""title"":""Touches in opposition box""},""dribbles_succeeded"":{""value"":3,""total"":5,""title"":""Successful dribbles""},""passes_into_final_third"":{""value"":12,""total"":null,""title"":""Passes into final third""},""accurate_crosses"":{""value"":1,""total"":4,""title"":""Accurate crosses""},""long_balls_accurate"":{""value"":3,""total"":8,""title"":""Accurate long balls""},""corners"":{""value"":1,""total"":null,""title"":""Corners""},""dispossessed"":{""value"":2,""total"":null,""title"":""Dispossessed""},""expected_goals_non_penalty"":{""value"":0.16,""total"":null,""title"":""xG Non-penalty""},""matchstats.headers.tackles"":{""value"":0,""total"":null,""title"":""Tackles""},""shot_blocks"":{""value"":0,""total"":null,""title"":""Blocks""},""clearances"":{""value"":0,""total"":null,""title"":""Clearances""},""interceptions"":{""value"":1,""total"":null,""title"":""Interceptions""},""recoveries"":{""value"":8,""total"":null,""title"":""Recoveries""},""dribbled_past"":{""value"":0,""total"":null,""title"":""Dribbled past""},""ground_duels_won"":{""value"":3,""total"":7,""title"":""Ground duels won""},""aerials_won"":{""value"":1,""total"":1,""title"":""Aerial duels won""},""was_fouled"":{""value"":null,""total"":null,""title"":""Was fouled""},""fouls"":{""value"":1,""total"":null,""title"":""Fouls committed""},""duel_won"":{""value"":4,""total"":null,""title"":""Duels won""},""duel_lost"":{""value"":4,""total"":null,""title"":""Duels lost""}}",FotMob matchDetails.playerStats
2026-09-19T00:33:15+08:00,FB5039,2026-09-13T08:00+08:00,BD1,Santos,Cruzeiro,5103626,1.000,A,9781,Cruzeiro,4-2-3-1,683709,Bruno Rodrigues,3,9,0,1,,,,,,,,,,,,,,,,,,,,,,,,{},FotMob matchDetails.playerStats
2026-09-19T00:33:15+08:00,FB5039,2026-09-13T08:00+08:00,BD1,Santos,Cruzeiro,5103626,1.000,A,9781,Cruzeiro,4-2-3-1,101584,Cássio,,1,0,1,,,,,,,,,,,,,,,,,,,,,,,,{},FotMob matchDetails.playerStats
2026-09-19T00:33:15+08:00,FB5039,2026-09-13T08:00+08:00,BD1,Santos,Cruzeiro,5103626,1.000,A,9781,Cruzeiro,4-2-3-1,750046,Fabrício Bruno,1,15,1,0,90,6.7,0,0,,0.13,,,1,,1,,64,,0,1,5,2,1,,,,,"{""rating_title"":{""value"":6.69,""total"":null,""title"":""FotMob rating""},""minutes_played"":{""value"":90,""total"":null,""title"":""Minutes played""},""goals"":{""value"":0,""total"":null,""title"":""Goals""},""assists"":{""value"":0,""total"":null,""title"":""Assists""},""expected_assists"":{""value"":0.13,""total"":null,""title"":""Expected assists (xA)""},""xg_and_xa"":{""value"":0.13,""total"":null,""title"":""xG + xA""},""accurate_passes"":{""value"":64,""total"":73,""title"":""Accurate passes""},""chances_created"":{""value"":1,""total"":null,""title"":""Chances created""},""Shotmap"":{""value"":0,""total"":null,""title"":""Shotmap""},""defensive_actions"":{""value"":9,""total"":null,""title"":""Defensive actions""},""touches"":{""value"":93,""total"":null,""title"":""Touches""},""touches_opp_box"":{""value"":1,""total"":null,""title"":""Touches in opposition box""},""dribbles_succeeded"":{""value"":1,""total"":2,""title"":""Successful dribbles""},""passes_into_final_third"":{""value"":12,""total"":null,""title"":""Passes into final third""},""accurate_crosses"":{""value"":3,""total"":3,""title"":""Accurate crosses""},""long_balls_accurate"":{""value"":4,""total"":10,""title"":""Accurate long balls""},""dispossessed"":{""value"":0,""total"":null,""title"":""Dispossessed""},""matchstats.headers.tackles"":{""value"":0,""total"":null,""title"":""Tackles""},""shot_blocks"":{""value"":2,""total"":null,""title"":""Blocks""},""clearances"":{""value"":6,""total"":null,""title"":""Clearances""},""headed_clearance"":{""value"":3,""total"":null,""title"":""Headed clearance""},""interceptions"":{""value"":1,""total"":null,""title"":""Interceptions""},""recoveries"":{""value"":5,""total"":null,""title"":""Recoveries""},""dribbled_past"":{""value"":0,""total"":null,""title"":""Dribbled past""},""ground_duels_won"":{""value"":1,""total"":3,""title"":""Ground duels won""},""aerials_won"":{""value"":1,""total"":2,""title"":""Aerial duels won""},""was_fouled"":{""value"":null,""total"":null,""title"":""Was fouled""},""fouls"":{""value"":1,""total"":null,""title"":""Fouls committed""},""duel_won"":{""value"":2,""total"":null,""title"":""Duels won""},""duel_lost"":{""value"":3,""total"":null,""title"":""Duels lost""}}",FotMob matchDetails.playerStats
2026-09-19T00:33:15+08:00,FB5039,2026-09-13T08:00+08:00,BD1,Santos,Cruzeiro,5103626,1.000,A,9781,Cruzeiro,4-2-3-1,1843214,Felipe Morais,2,38,0,1,,,,,,,,,,,,,,,,,,,,,,,,{},FotMob matchDetails.playerStats
2026-09-19T00:33:15+08:00,FB5039,2026-09-13T08:00+08:00,BD1,Santos,Cruzeiro,5103626,1.000,A,9781,Cruzeiro,4-2-3-1,20446,Fágner,1,23,1,0,75,6.4,0,0,,0.13,,,0,,2,,23,,4,0,1,6,0,,,,,"{""rating_title"":{""value"":6.38,""total"":null,""title"":""FotMob rating""},""minutes_played"":{""value"":75,""total"":null,""title"":""Minutes played""},""goals"":{""value"":0,""total"":null,""title"":""Goals""},""assists"":{""value"":0,""total"":null,""title"":""Assists""},""expected_assists"":{""value"":0.13,""total"":null,""title"":""Expected assists (xA)""},""xg_and_xa"":{""value"":0.13,""total"":null,""title"":""xG + xA""},""accurate_passes"":{""value"":23,""total"":29,""title"":""Accurate passes""},""chances_created"":{""value"":0,""total"":null,""title"":""Chances created""},""Shotmap"":{""value"":0,""total"":null,""title"":""Shotmap""},""defensive_actions"":{""value"":6,""total"":null,""title"":""Defensive actions""},""touches"":{""value"":52,""total"":null,""title"":""Touches""},""touches_opp_box"":{""value"":2,""total"":null,""title"":""Touches in opposition box""},""dribbles_succeeded"":{""value"":2,""total"":4,""title"":""Successful dribbles""},""passes_into_final_third"":{""value"":6,""total"":null,""title"":""Passes into final third""},""accurate_crosses"":{""value"":1,""total"":2,""title"":""Accurate crosses""},""long_balls_accurate"":{""value"":1,""total"":5,""title"":""Accurate long balls""},""corners"":{""value"":1,""total"":null,""title"":""Corners""},""dispossessed"":{""value"":0,""total"":null,""title"":""Dispossessed""},""matchstats.headers.tackles"":{""value"":4,""total"":null,""title"":""Tackles""},""shot_blocks"":{""value"":0,""total"":null,""title"":""Blocks""},""clearances"":{""value"":2,""total"":null,""title"":""Clearances""},""headed_clearance"":{""value"":1,""total"":null,""title"":""Headed clearance""},""interceptions"":{""value"":0,""total"":null,""title"":""Interceptions""},""recoveries"":{""value"":1,""total"":null,""title"":""Recoveries""},""dribbled_past"":{""value"":3,""total"":null,""title"":""Dribbled past""},""ground_duels_won"":{""value"":6,""total"":13,""title"":""Ground duels won""},""aerials_won"":{""value"":0,""total"":0,""title"":""Aerial duels won""},""was_fouled"":{""value"":null,""total"":null,""title"":""Was fouled""},""fouls"":{""value"":2,""total"":null,""title"":""Fouls committed""},""duel_won"":{""value"":6,""total"":null,""title"":""Duels won""},""duel_lost"":{""value"":7,""total"":null,""title"":""Duels lost""}}",FotMob matchDetails.playerStats
2026-09-19T00:33:15+08:00,FB5039,2026-09-13T08:00+08:00,BD1,Santos,Cruzeiro,5103626,1.000,A,9781,Cruzeiro,4-2-3-1,805540,Gabriel Rojas,1,27,1,0,90,6.3,0,0,0.08,0.16,1,1,1,,3,,28,,1,0,2,6,1,,,,,"{""rating_title"":{""value"":6.32,""total"":null,""title"":""FotMob rating""},""minutes_played"":{""value"":90,""total"":null,""title"":""Minutes played""},""goals"":{""value"":0,""total"":null,""title"":""Goals""},""assists"":{""value"":0,""total"":null,""title"":""Assists""},""expected_goals"":{""value"":0.08,""total"":null,""title"":""Expected goals (xG)""},""expected_goals_on_target_variant"":{""value"":null,""total"":null,""title"":""Expected goals on target (xGOT)""},""expected_assists"":{""value"":0.16,""total"":null,""title"":""Expected assists (xA)""},""xg_and_xa"":{""value"":0.24,""total"":null,""title"":""xG + xA""},""total_shots"":{""value"":1,""total"":null,""title"":""Total shots""},""accurate_passes"":{""value"":28,""total"":34,""title"":""Accurate passes""},""chances_created"":{""value"":1,""total"":null,""title"":""Chances created""},""big_chance_created_team_title"":{""value"":1,""total"":null,""title"":""Big chances created""},""ShotsOnTarget"":{""value"":1,""total"":null,""title"":""Shots on target""},""ShotsOffTarget"":{""value"":0,""total"":null,""title"":""Shots off target""},""shot_accuracy"":{""value"":1,""total"":1,""title"":""Shot accuracy""},""Shotmap"":{""value"":1,""total"":null,""title"":""Shotmap""},""defensive_actions"":{""value"":5,""total"":null,""title"":""Defensive actions""},""big_chance_missed_title"":{""value"":1,""total"":null,""title"":""Big chances missed""},""touches"":{""value"":56,""total"":null,""title"":""Touches""},""touches_opp_box"":{""value"":3,""total"":null,""title"":""Touches in opposition box""},""dribbles_succeeded"":{""value"":1,""total"":1,""title"":""Successful dribbles""},""passes_into_final_third"":{""value"":5,""total"":null,""title"":""Passes into final third""},""accurate_crosses"":{""value"":1,""total"":4,""title"":""Accurate crosses""},""long_balls_accurate"":{""value"":1,""total"":4,""title"":""Accurate long balls""},""corners"":{""value"":1,""total"":null,""title"":""Corners""},""dispossessed"":{""value"":2,""total"":null,""title"":""Dispossessed""},""expected_goals_non_penalty"":{""value"":0.08,""total"":null,""title"":""xG Non-penalty""},""matchstats.headers.tackles"":{""value"":1,""total"":null,""title"":""Tackles""},""shot_blocks"":{""value"":0,""total"":null,""title"":""Blocks""},""clearances"":{""value"":4,""total"":null,""title"":""Clearances""},""headed_clearance"":{""value"":1,""total"":null,""title"":""Headed clearance""},""interceptions"":{""value"":0,""total"":null,""title"":""Interceptions""},""recoveries"":{""value"":2,""total"":null,""title"":""Recoveries""},""dribbled_past"":{""value"":1,""total"":null,""title"":""Dribbled past""},""ground_duels_won"":{""value"":5,""total"":10,""title"":""Ground duels won""},""aerials_won"":{""value"":1,""total"":2,""title"":""Aerial duels won""},""was_fouled"":{""value"":3,""total"":null,""title"":""Was fouled""},""fouls"":{""value"":2,""total"":null,""title"":""Fouls committed""},""duel_won"":{""value"":6,""total"":null,""title"":""Duels won""},""duel_lost"":{""value"":6,""total"":null,""title"":""Duels lost""}}",FotMob matchDetails.playerStats
2026-09-19T00:33:15+08:00,FB5039,2026-09-13T08:00+08:00,BD1,Santos,Cruzeiro,5103626,1.000,A,9781,Cruzeiro,4-2-3-1,580604,Gérson,3,8,1,0,75,7.5,0,0,0.01,0.05,1,0,1,,1,,36,,5,1,7,9,1,,,,,"{""rating_title"":{""value"":7.51,""total"":null,""title"":""FotMob rating""},""minutes_played"":{""value"":75,""total"":null,""title"":""Minutes played""},""goals"":{""value"":0,""total"":null,""title"":""Goals""},""assists"":{""value"":0,""total"":null,""title"":""Assists""},""expected_goals"":{""value"":0.01,""total"":null,""title"":""Expected goals (xG)""},""expected_goals_on_target_variant"":{""value"":null,""total"":null,""title"":""Expected goals on target (xGOT)""},""expected_assists"":{""value"":0.05,""total"":null,""title"":""Expected assists (xA)""},""xg_and_xa"":{""value"":0.060000000000000005,""total"":null,""title"":""xG + xA""},""total_shots"":{""value"":1,""total"":null,""title"":""Total shots""},""accurate_passes"":{""value"":36,""total"":41,""title"":""Accurate passes""},""chances_created"":{""value"":1,""total"":null,""title"":""Chances created""},""ShotsOnTarget"":{""value"":0,""total"":null,""title"":""Shots on target""},""ShotsOffTarget"":{""value"":1,""total"":null,""title"":""Shots off target""},""shot_accuracy"":{""value"":0,""total"":1,""title"":""Shot accuracy""},""Shotmap"":{""value"":1,""total"":null,""title"":""Shotmap""},""defensive_actions"":{""value"":8,""total"":null,""title"":""Defensive actions""},""touches"":{""value"":57,""total"":null,""title"":""Touches""},""touches_opp_box"":{""value"":1,""total"":null,""title"":""Touches in opposition box""},""dribbles_succeeded"":{""value"":1,""total"":1,""title"":""Successful dribbles""},""passes_into_final_third"":{""value"":6,""total"":null,""title"":""Passes into final third""},""long_balls_accurate"":{""value"":1,""total"":5,""title"":""Accurate long balls""},""dispossessed"":{""value"":1,""total"":null,""title"":""Dispossessed""},""Offsides"":{""value"":1,""total"":null,""title"":""Offsides""},""expected_goals_non_penalty"":{""value"":0.01,""total"":null,""title"":""xG Non-penalty""},""matchstats.headers.tackles"":{""value"":5,""total"":null,""title"":""Tackles""},""shot_blocks"":{""value"":0,""total"":null,""title"":""Blocks""},""clearances"":{""value"":2,""total"":null,""title"":""Clearances""},""headed_clearance"":{""value"":2,""total"":null,""title"":""Headed clearance""},""interceptions"":{""value"":1,""total"":null,""title"":""Interceptions""},""recoveries"":{""value"":7,""total"":null,""title"":""Recoveries""},""dribbled_past"":{""value"":1,""total"":null,""title"":""Dribbled past""},""ground_duels_won"":{""value"":8,""total"":11,""title"":""Ground duels won""},""aerials_won"":{""value"":1,""total"":1,""title"":""Aerial duels won""},""was_fouled"":{""value"":2,""total"":null,""title"":""Was fouled""},""fouls"":{""value"":1,""total"":null,""title"":""Fouls committed""},""duel_won"":{""value"":9,""total"":null,""title"":""Duels won""},""duel_lost"":{""value"":3,""total"":null,""title"":""Duels lost""}}",FotMob matchDetails.playerStats
2026-09-19T00:33:15+08:00,FB5039,2026-09-13T08:00+08:00,BD1,Santos,Cruzeiro,5103626,1.000,A,9781,Cruzeiro,4-2-3-1,1560063,João Costa,3,67,0,1,15,5.8,0,0,,,,,0,,1,,5,,2,0,0,2,0,,,,,"{""rating_title"":{""value"":5.83,""total"":null,""title"":""FotMob rating""},""minutes_played"":{""value"":15,""total"":null,""title"":""Minutes played""},""goals"":{""value"":0,""total"":null,""title"":""Goals""},""assists"":{""value"":0,""total"":null,""title"":""Assists""},""accurate_passes"":{""value"":5,""total"":9,""title"":""Accurate passes""},""chances_created"":{""value"":0,""total"":null,""title"":""Chances created""},""Shotmap"":{""value"":0,""total"":null,""title"":""Shotmap""},""defensive_actions"":{""value"":2,""total"":null,""title"":""Defensive actions""},""touches"":{""value"":21,""total"":null,""title"":""Touches""},""touches_opp_box"":{""value"":1,""total"":null,""title"":""Touches in opposition box""},""passes_into_final_third"":{""value"":3,""total"":null,""title"":""Passes into final third""},""accurate_crosses"":{""value"":0,""total"":1,""title"":""Accurate crosses""},""long_balls_accurate"":{""value"":0,""total"":1,""title"":""Accurate long balls""},""dispossessed"":{""value"":1,""total"":null,""title"":""Dispossessed""},""matchstats.headers.tackles"":{""value"":2,""total"":null,""title"":""Tackles""},""shot_blocks"":{""value"":0,""total"":null,""title"":""Blocks""},""clearances"":{""value"":0,""total"":null,""title"":""Clearances""},""interceptions"":{""value"":0,""total"":null,""title"":""Interceptions""},""recoveries"":{""value"":0,""total"":null,""title"":""Recoveries""},""dribbled_past"":{""value"":1,""total"":null,""title"":""Dribbled past""},""ground_duels_won"":{""value"":2,""total"":5,""title"":""Ground duels won""},""aerials_won"":{""value"":0,""total"":1,""title"":""Aerial duels won""},""was_fouled"":{""value"":null,""total"":null,""title"":""Was fouled""},""fouls"":{""value"":1,""total"":null,""title"":""Fouls committed""},""duel_won"":{""value"":2,""total"":null,""title"":""Duels won""},""duel_lost"":{""value"":4,""total"":null,""title"":""Duels lost""}}",FotMob matchDetails.playerStats
2026-09-19T00:33:15+08:00,FB5039,2026-09-13T08:00+08:00,BD1,Santos,Cruzeiro,5103626,1.000,A,9781,Cruzeiro,4-2-3-1,1185338,João Marcelo,1,43,1,0,90,7,0,0,,,,,0,,0,,56,,4,1,3,9,3,,,,,"{""rating_title"":{""value"":6.97,""total"":null,""title"":""FotMob rating""},""minutes_played"":{""value"":90,""total"":null,""title"":""Minutes played""},""goals"":{""value"":0,""total"":null,""title"":""Goals""},""assists"":{""value"":0,""total"":null,""title"":""Assists""},""accurate_passes"":{""value"":56,""total"":59,""title"":""Accurate passes""},""chances_created"":{""value"":0,""total"":null,""title"":""Chances created""},""Shotmap"":{""value"":0,""total"":null,""title"":""Shotmap""},""defensive_actions"":{""value"":12,""total"":null,""title"":""Defensive actions""},""touches"":{""value"":78,""total"":null,""title"":""Touches""},""touches_opp_box"":{""value"":0,""total"":null,""title"":""Touches in opposition box""},""passes_into_final_third"":{""value"":3,""total"":null,""title"":""Passes into final third""},""long_balls_accurate"":{""value"":5,""total"":5,""title"":""Accurate long balls""},""dispossessed"":{""value"":0,""total"":null,""title"":""Dispossessed""},""matchstats.headers.tackles"":{""value"":4,""total"":null,""title"":""Tackles""},""last_man_tackle"":{""value"":1,""total"":null,""title"":""Last man tackle""},""shot_blocks"":{""value"":4,""total"":null,""title"":""Blocks""},""clearances"":{""value"":3,""total"":null,""title"":""Clearances""},""headed_clearance"":{""value"":1,""total"":null,""title"":""Headed clearance""},""interceptions"":{""value"":1,""total"":null,""title"":""Interceptions""},""recoveries"":{""value"":3,""total"":null,""title"":""Recoveries""},""dribbled_past"":{""value"":0,""total"":null,""title"":""Dribbled past""},""ground_duels_won"":{""value"":6,""total"":8,""title"":""Ground duels won""},""aerials_won"":{""value"":3,""total"":4,""title"":""Aerial duels won""},""was_fouled"":{""value"":2,""total"":null,""title"":""Was fouled""},""fouls"":{""value"":2,""total"":null,""title"":""Fouls committed""},""duel_won"":{""value"":9,""total"":null,""title"":""Duels won""},""duel_lost"":{""value"":3,""total"":null,""title"":""Duels lost""}}",FotMob matchDetails.playerStats
2026-09-19T00:33:15+08:00,FB5039,2026-09-13T08:00+08:00,BD1,Santos,Cruzeiro,5103626,1.000,A,9781,Cruzeiro,4-2-3-1,964661,Kaio Jorge,3,19,1,0,90,6.5,0,0,0.36,0.01,2,0,0,,5,,18,,0,0,1,4,1,,,,,"{""rating_title"":{""value"":6.45,""total"":null,""title"":""FotMob rating""},""minutes_played"":{""value"":90,""total"":null,""title"":""Minutes played""},""goals"":{""value"":0,""total"":null,""title"":""Goals""},""assists"":{""value"":0,""total"":null,""title"":""Assists""},""expected_goals"":{""value"":0.36,""total"":null,""title"":""Expected goals (xG)""},""expected_goals_on_target_variant"":{""value"":null,""total"":null,""title"":""Expected goals on target (xGOT)""},""expected_assists"":{""value"":0.01,""total"":null,""title"":""Expected assists (xA)""},""xg_and_xa"":{""value"":0.37,""total"":null,""title"":""xG + xA""},""total_shots"":{""value"":2,""total"":null,""title"":""Total shots""},""accurate_passes"":{""value"":18,""total"":21,""title"":""Accurate passes""},""chances_created"":{""value"":0,""total"":null,""title"":""Chances created""},""ShotsOnTarget"":{""value"":0,""total"":null,""title"":""Shots on target""},""ShotsOffTarget"":{""value"":2,""total"":null,""title"":""Shots off target""},""shot_accuracy"":{""value"":0,""total"":2,""title"":""Shot accuracy""},""Shotmap"":{""value"":1,""total"":null,""title"":""Shotmap""},""defensive_actions"":{""value"":0,""total"":null,""title"":""Defensive actions""},""big_chance_missed_title"":{""value"":1,""total"":null,""title"":""Big chances missed""},""touches"":{""value"":33,""total"":null,""title"":""Touches""},""touches_opp_box"":{""value"":5,""total"":null,""title"":""Touches in opposition box""},""dribbles_succeeded"":{""value"":1,""total"":2,""title"":""Successful dribbles""},""passes_into_final_third"":{""value"":3,""total"":null,""title"":""Passes into final third""},""long_balls_accurate"":{""value"":1,""total"":1,""title"":""Accurate long balls""},""dispossessed"":{""value"":0,""total"":null,""title"":""Dispossessed""},""expected_goals_non_penalty"":{""value"":0.36,""total"":null,""title"":""xG Non-penalty""},""matchstats.headers.tackles"":{""value"":0,""total"":null,""title"":""Tackles""},""shot_blocks"":{""value"":0,""total"":null,""title"":""Blocks""},""clearances"":{""value"":0,""total"":null,""title"":""Clearances""},""interceptions"":{""value"":0,""total"":null,""title"":""Interceptions""},""recoveries"":{""value"":1,""total"":null,""title"":""Recoveries""},""dribbled_past"":{""value"":0,""total"":null,""title"":""Dribbled past""},""ground_duels_won"":{""value"":3,""total"":5,""title"":""Ground duels won""},""aerials_won"":{""value"":1,""total"":1,""title"":""Aerial duels won""},""was_fouled"":{""value"":2,""total"":null,""title"":""Was fouled""},""fouls"":{""value"":1,""total"":null,""title"":""Fouls committed""},""duel_won"":{""value"":4,""total"":null,""title"":""Duels won""},""duel_lost"":{""value"":2,""total"":null,""title"":""Duels lost""}}",FotMob matchDetails.playerStats
2026-09-19T00:33:15+08:00,FB5039,2026-09-13T08:00+08:00,BD1,Santos,Cruzeiro,5103626,1.000,A,9781,Cruzeiro,4-2-3-1,1759878,Kauã Moraes,1,2,0,1,,,,,,,,,,,,,,,,,,,,,,,,{},FotMob matchDetails.playerStats
2026-09-19T00:33:15+08:00,FB5039,2026-09-13T08:00+08:00,BD1,Santos,Cruzeiro,5103626,1.000,A,9781,Cruzeiro,4-2-3-1,1626714,Keny Arroyo,3,99,1,0,79,7.5,0,0,0.03,0.34,1,1,2,,1,,16,,0,0,4,8,2,,,,,"{""rating_title"":{""value"":7.45,""total"":null,""title"":""FotMob rating""},""minutes_played"":{""value"":79,""total"":null,""title"":""Minutes played""},""goals"":{""value"":0,""total"":null,""title"":""Goals""},""assists"":{""value"":0,""total"":null,""title"":""Assists""},""expected_goals"":{""value"":0.03,""total"":null,""title"":""Expected goals (xG)""},""expected_goals_on_target_variant"":{""value"":0.02,""total"":null,""title"":""Expected goals on target (xGOT)""},""expected_assists"":{""value"":0.34,""total"":null,""title"":""Expected assists (xA)""},""xg_and_xa"":{""value"":0.37,""total"":null,""title"":""xG + xA""},""total_shots"":{""value"":1,""total"":null,""title"":""Total shots""},""accurate_passes"":{""value"":16,""total"":19,""title"":""Accurate passes""},""chances_created"":{""value"":2,""total"":null,""title"":""Chances created""},""big_chance_created_team_title"":{""value"":1,""total"":null,""title"":""Big chances created""},""ShotsOnTarget"":{""value"":1,""total"":null,""title"":""Shots on target""},""ShotsOffTarget"":{""value"":0,""total"":null,""title"":""Shots off target""},""shot_accuracy"":{""value"":1,""total"":1,""title"":""Shot accuracy""},""Shotmap"":{""value"":1,""total"":null,""title"":""Shotmap""},""defensive_actions"":{""value"":2,""total"":null,""title"":""Defensive actions""},""touches"":{""value"":40,""total"":null,""title"":""Touches""},""touches_opp_box"":{""value"":1,""total"":null,""title"":""Touches in opposition box""},""dribbles_succeeded"":{""value"":6,""total"":7,""title"":""Successful dribbles""},""passes_into_final_third"":{""value"":2,""total"":null,""title"":""Passes into final third""},""accurate_crosses"":{""value"":2,""total"":5,""title"":""Accurate crosses""},""long_balls_accurate"":{""value"":0,""total"":1,""title"":""Accurate long balls""},""dispossessed"":{""value"":2,""total"":null,""title"":""Dispossessed""},""expected_goals_non_penalty"":{""value"":0.03,""total"":null,""title"":""xG Non-penalty""},""matchstats.headers.tackles"":{""value"":0,""total"":null,""title"":""Tackles""},""shot_blocks"":{""value"":0,""total"":null,""title"":""Blocks""},""clearances"":{""value"":2,""total"":null,""title"":""Clearances""},""interceptions"":{""value"":0,""total"":null,""title"":""Interceptions""},""recoveries"":{""value"":4,""total"":null,""title"":""Recoveries""},""dribbled_past"":{""value"":1,""total"":null,""title"":""Dribbled past""},""ground_duels_won"":{""value"":6,""total"":10,""title"":""Ground duels won""},""aerials_won"":{""value"":2,""total"":3,""title"":""Aerial duels won""},""was_fouled"":{""value"":null,""total"":null,""title"":""Was fouled""},""fouls"":{""value"":0,""total"":null,""title"":""Fouls committed""},""duel_won"":{""value"":8,""total"":null,""title"":""Duels won""},""duel_lost"":{""value"":5,""total"":null,""title"":""Duels lost""}}",FotMob matchDetails.playerStats
2026-09-19T00:33:15+08:00,FB5039,2026-09-13T08:00+08:00,BD1,Santos,Cruzeiro,5103626,1.000,A,9781,Cruzeiro,4-2-3-1,388605,Lucas Daniel Romero,2,29,1,0,45,6.3,0,0,,0.01,,,0,,0,,30,,2,2,3,2,0,,,,,"{""rating_title"":{""value"":6.27,""total"":null,""title"":""FotMob rating""},""minutes_played"":{""value"":45,""total"":null,""title"":""Minutes played""},""goals"":{""value"":0,""total"":null,""title"":""Goals""},""assists"":{""value"":0,""total"":null,""title"":""Assists""},""expected_assists"":{""value"":0.01,""total"":null,""title"":""Expected assists (xA)""},""xg_and_xa"":{""value"":0.01,""total"":null,""title"":""xG + xA""},""accurate_passes"":{""value"":30,""total"":36,""title"":""Accurate passes""},""chances_created"":{""value"":0,""total"":null,""title"":""Chances created""},""Shotmap"":{""value"":0,""total"":null,""title"":""Shotmap""},""defensive_actions"":{""value"":5,""total"":null,""title"":""Defensive actions""},""touches"":{""value"":45,""total"":null,""title"":""Touches""},""touches_opp_box"":{""value"":0,""total"":null,""title"":""Touches in opposition box""},""passes_into_final_third"":{""value"":5,""total"":null,""title"":""Passes into final third""},""long_balls_accurate"":{""value"":0,""total"":1,""title"":""Accurate long balls""},""dispossessed"":{""value"":0,""total"":null,""title"":""Dispossessed""},""matchstats.headers.tackles"":{""value"":2,""total"":null,""title"":""Tackles""},""shot_blocks"":{""value"":1,""total"":null,""title"":""Blocks""},""clearances"":{""value"":0,""total"":null,""title"":""Clearances""},""interceptions"":{""value"":2,""total"":null,""title"":""Interceptions""},""recoveries"":{""value"":3,""total"":null,""title"":""Recoveries""},""dribbled_past"":{""value"":1,""total"":null,""title"":""Dribbled past""},""ground_duels_won"":{""value"":2,""total"":3,""title"":""Ground duels won""},""aerials_won"":{""value"":0,""total"":0,""title"":""Aerial duels won""},""was_fouled"":{""value"":null,""total"":null,""title"":""Was fouled""},""fouls"":{""value"":0,""total"":null,""title"":""Fouls committed""},""duel_won"":{""value"":2,""total"":null,""title"":""Duels won""},""duel_lost"":{""value"":1,""total"":null,""title"":""Duels lost""}}",FotMob matchDetails.playerStats
2026-09-19T00:33:15+08:00,FB5039,2026-09-13T08:00+08:00,BD1,Santos,Cruzeiro,5103626,1.000,A,9781,Cruzeiro,4-2-3-1,346004,Lucas Silva,2,16,0,1,16,6,0,0,,,,,0,,0,,6,,0,0,0,,0,,,,,"{""rating_title"":{""value"":6.02,""total"":null,""title"":""FotMob rating""},""minutes_played"":{""value"":16,""total"":null,""title"":""Minutes played""},""goals"":{""value"":0,""total"":null,""title"":""Goals""},""assists"":{""value"":0,""total"":null,""title"":""Assists""},""accurate_passes"":{""value"":6,""total"":8,""title"":""Accurate passes""},""chances_created"":{""value"":0,""total"":null,""title"":""Chances created""},""Shotmap"":{""value"":0,""total"":null,""title"":""Shotmap""},""defensive_actions"":{""value"":0,""total"":null,""title"":""Defensive actions""},""touches"":{""value"":9,""total"":null,""title"":""Touches""},""touches_opp_box"":{""value"":0,""total"":null,""title"":""Touches in opposition box""},""dispossessed"":{""value"":0,""total"":null,""title"":""Dispossessed""},""matchstats.headers.tackles"":{""value"":0,""total"":null,""title"":""Tackles""},""shot_blocks"":{""value"":0,""total"":null,""title"":""Blocks""},""clearances"":{""value"":0,""total"":null,""title"":""Clearances""},""interceptions"":{""value"":0,""total"":null,""title"":""Interceptions""},""recoveries"":{""value"":0,""total"":null,""title"":""Recoveries""},""dribbled_past"":{""value"":0,""total"":null,""title"":""Dribbled past""},""aerials_won"":{""value"":0,""total"":0,""title"":""Aerial duels won""},""was_fouled"":{""value"":null,""total"":null,""title"":""Was fouled""},""fouls"":{""value"":0,""total"":null,""title"":""Fouls committed""}}",FotMob matchDetails.playerStats
2026-09-19T00:33:15+08:00,FB5039,2026-09-13T08:00+08:00,BD1,Santos,Cruzeiro,5103626,1.000,A,9781,Cruzeiro,4-2-3-1,384587,Lucas Villalba,1,25,0,1,,,,,,,,,,,,,,,,,,,,,,,,{},FotMob matchDetails.playerStats
2026-09-19T00:33:15+08:00,FB5039,2026-09-13T08:00+08:00,BD1,Santos,Cruzeiro,5103626,1.000,A,9781,Cruzeiro,4-2-3-1,1285291,Luciano Rodríguez,3,97,0,1,11,6.6,0,1,,0.72,,,1,,1,,2,,0,0,1,,0,,,,,"{""rating_title"":{""value"":6.64,""total"":null,""title"":""FotMob rating""},""minutes_played"":{""value"":11,""total"":null,""title"":""Minutes played""},""goals"":{""value"":0,""total"":null,""title"":""Goals""},""assists"":{""value"":1,""total"":null,""title"":""Assists""},""expected_assists"":{""value"":0.72,""total"":null,""title"":""Expected assists (xA)""},""xg_and_xa"":{""value"":0.72,""total"":null,""title"":""xG + xA""},""accurate_passes"":{""value"":2,""total"":3,""title"":""Accurate passes""},""chances_created"":{""value"":1,""total"":null,""title"":""Chances created""},""big_chance_created_team_title"":{""value"":1,""total"":null,""title"":""Big chances created""},""Shotmap"":{""value"":0,""total"":null,""title"":""Shotmap""},""defensive_actions"":{""value"":0,""total"":null,""title"":""Defensive actions""},""touches"":{""value"":6,""total"":null,""title"":""Touches""},""touches_opp_box"":{""value"":1,""total"":null,""title"":""Touches in opposition box""},""dribbles_succeeded"":{""value"":0,""total"":1,""title"":""Successful dribbles""},""dispossessed"":{""value"":1,""total"":null,""title"":""Dispossessed""},""matchstats.headers.tackles"":{""value"":0,""total"":null,""title"":""Tackles""},""shot_blocks"":{""value"":0,""total"":null,""title"":""Blocks""},""clearances"":{""value"":0,""total"":null,""title"":""Clearances""},""interceptions"":{""value"":0,""total"":null,""title"":""Interceptions""},""recoveries"":{""value"":1,""total"":null,""title"":""Recoveries""},""dribbled_past"":{""value"":0,""total"":null,""title"":""Dribbled past""},""ground_duels_won"":{""value"":0,""total"":3,""title"":""Ground duels won""},""aerials_won"":{""value"":0,""total"":0,""title"":""Aerial duels won""},""was_fouled"":{""value"":null,""total"":null,""title"":""Was fouled""},""fouls"":{""value"":1,""total"":null,""title"":""Fouls committed""},""duel_lost"":{""value"":3,""total"":null,""title"":""Duels lost""}}",FotMob matchDetails.playerStats
2026-09-19T00:33:15+08:00,FB5039,2026-09-13T08:00+08:00,BD1,Santos,Cruzeiro,5103626,1.000,A,9781,Cruzeiro,4-2-3-1,1255210,Marquinhos,3,11,0,1,,,,,,,,,,,,,,,,,,,,,,,,{},FotMob matchDetails.playerStats
2026-09-19T00:33:15+08:00,FB5039,2026-09-13T08:00+08:00,BD1,Santos,Cruzeiro,5103626,1.000,A,9781,Cruzeiro,4-2-3-1,900043,Matheus Henrique,2,7,1,0,74,6.6,0,0,,0.01,,,0,,0,,31,,1,2,4,4,1,,,,,"{""rating_title"":{""value"":6.64,""total"":null,""title"":""FotMob rating""},""minutes_played"":{""value"":74,""total"":null,""title"":""Minutes played""},""goals"":{""value"":0,""total"":null,""title"":""Goals""},""assists"":{""value"":0,""total"":null,""title"":""Assists""},""expected_assists"":{""value"":0.01,""total"":null,""title"":""Expected assists (xA)""},""xg_and_xa"":{""value"":0.01,""total"":null,""title"":""xG + xA""},""accurate_passes"":{""value"":31,""total"":37,""title"":""Accurate passes""},""chances_created"":{""value"":0,""total"":null,""title"":""Chances created""},""Shotmap"":{""value"":0,""total"":null,""title"":""Shotmap""},""defensive_actions"":{""value"":6,""total"":null,""title"":""Defensive actions""},""touches"":{""value"":52,""total"":null,""title"":""Touches""},""touches_opp_box"":{""value"":0,""total"":null,""title"":""Touches in opposition box""},""dribbles_succeeded"":{""value"":2,""total"":2,""title"":""Successful dribbles""},""passes_into_final_third"":{""value"":1,""total"":null,""title"":""Passes into final third""},""long_balls_accurate"":{""value"":1,""total"":2,""title"":""Accurate long balls""},""dispossessed"":{""value"":1,""total"":null,""title"":""Dispossessed""},""matchstats.headers.tackles"":{""value"":1,""total"":null,""title"":""Tackles""},""shot_blocks"":{""value"":1,""total"":null,""title"":""Blocks""},""clearances"":{""value"":2,""total"":null,""title"":""Clearances""},""interceptions"":{""value"":2,""total"":null,""title"":""Interceptions""},""recoveries"":{""value"":4,""total"":null,""title"":""Recoveries""},""dribbled_past"":{""value"":2,""total"":null,""title"":""Dribbled past""},""ground_duels_won"":{""value"":3,""total"":7,""title"":""Ground duels won""},""aerials_won"":{""value"":1,""total"":1,""title"":""Aerial duels won""},""was_fouled"":{""value"":null,""total"":null,""title"":""Was fouled""},""fouls"":{""value"":1,""total"":null,""title"":""Fouls committed""},""duel_won"":{""value"":4,""total"":null,""title"":""Duels won""},""duel_lost"":{""value"":4,""total"":null,""title"":""Duels lost""}}",FotMob matchDetails.playerStats
2026-09-19T00:33:15+08:00,FB5039,2026-09-13T08:00+08:00,BD1,Santos,Cruzeiro,5103626,1.000,A,9781,Cruzeiro,4-2-3-1,522651,Matheus Pereira,2,10,1,0,90,7.8,1,0,1.02,0.18,3,2,1,,4,,41,,1,0,3,7,0,,,,,"{""rating_title"":{""value"":7.77,""total"":null,""title"":""FotMob rating""},""minutes_played"":{""value"":90,""total"":null,""title"":""Minutes played""},""goals"":{""value"":1,""total"":null,""title"":""Goals""},""assists"":{""value"":0,""total"":null,""title"":""Assists""},""expected_goals"":{""value"":1.02,""total"":null,""title"":""Expected goals (xG)""},""expected_goals_on_target_variant"":{""value"":1.81,""total"":null,""title"":""Expected goals on target (xGOT)""},""expected_assists"":{""value"":0.18,""total"":null,""title"":""Expected assists (xA)""},""xg_and_xa"":{""value"":1.2,""total"":null,""title"":""xG + xA""},""total_shots"":{""value"":3,""total"":null,""title"":""Total shots""},""accurate_passes"":{""value"":41,""total"":48,""title"":""Accurate passes""},""chances_created"":{""value"":1,""total"":null,""title"":""Chances created""},""ShotsOnTarget"":{""value"":2,""total"":null,""title"":""Shots on target""},""ShotsOffTarget"":{""value"":1,""total"":null,""title"":""Shots off target""},""shot_accuracy"":{""value"":2,""total"":3,""title"":""Shot accuracy""},""Shotmap"":{""value"":1,""total"":null,""title"":""Shotmap""},""defensive_actions"":{""value"":3,""total"":null,""title"":""Defensive actions""},""big_chance_missed_title"":{""value"":1,""total"":null,""title"":""Big chances missed""},""touches"":{""value"":65,""total"":null,""title"":""Touches""},""touches_opp_box"":{""value"":4,""total"":null,""title"":""Touches in opposition box""},""dribbles_succeeded"":{""value"":1,""total"":1,""title"":""Successful dribbles""},""passes_into_final_third"":{""value"":4,""total"":null,""title"":""Passes into final third""},""accurate_crosses"":{""value"":2,""total"":2,""title"":""Accurate crosses""},""long_balls_accurate"":{""value"":1,""total"":3,""title"":""Accurate long balls""},""corners"":{""value"":1,""total"":null,""title"":""Corners""},""dispossessed"":{""value"":1,""total"":null,""title"":""Dispossessed""},""expected_goals_non_penalty"":{""value"":1.02,""total"":null,""title"":""xG Non-penalty""},""matchstats.headers.tackles"":{""value"":1,""total"":null,""title"":""Tackles""},""shot_blocks"":{""value"":0,""total"":null,""title"":""Blocks""},""clearances"":{""value"":2,""total"":null,""title"":""Clearances""},""headed_clearance"":{""value"":1,""total"":null,""title"":""Headed clearance""},""interceptions"":{""value"":0,""total"":null,""title"":""Interceptions""},""recoveries"":{""value"":3,""total"":null,""title"":""Recoveries""},""dribbled_past"":{""value"":0,""total"":null,""title"":""Dribbled past""},""ground_duels_won"":{""value"":7,""total"":9,""title"":""Ground duels won""},""aerials_won"":{""value"":0,""total"":2,""title"":""Aerial duels won""},""was_fouled"":{""value"":5,""total"":null,""title"":""Was fouled""},""fouls"":{""value"":1,""total"":null,""title"":""Fouls committed""},""duel_won"":{""value"":7,""total"":null,""title"":""Duels won""},""duel_lost"":{""value"":4,""total"":null,""title"":""Duels lost""}}",FotMob matchDetails.playerStats
2026-09-19T00:33:15+08:00,FB5039,2026-09-13T08:00+08:00,BD1,Santos,Cruzeiro,5103626,1.000,A,9781,Cruzeiro,4-2-3-1,1732742,Otávio,11,81,1,0,90,8.5,,,,,,,,,,,15,,0,0,5,,,8,1.82,,,"{""rating_title"":{""value"":8.45,""total"":null,""title"":""FotMob rating""},""minutes_played"":{""value"":90,""total"":null,""title"":""Minutes played""},""saves"":{""value"":8,""total"":null,""title"":""Saves""},""goals_conceded"":{""value"":2,""total"":null,""title"":""Goals conceded""},""expected_goals_on_target_faced"":{""value"":3.82,""total"":null,""title"":""xGOT faced""},""goals_prevented"":{""value"":1.82,""total"":null,""title"":""Goals prevented""},""Shotmap"":{""value"":1,""total"":null,""title"":""Shotmap""},""accurate_passes"":{""value"":15,""total"":17,""title"":""Accurate passes""},""long_balls_accurate"":{""value"":0,""total"":2,""title"":""Accurate long balls""},""keeper_diving_save"":{""value"":5,""total"":null,""title"":""Diving save""},""saves_inside_box"":{""value"":3,""total"":null,""title"":""Saves inside box""},""keeper_sweeper"":{""value"":0,""total"":null,""title"":""Acted as sweeper""},""punches"":{""value"":2,""total"":null,""title"":""Punches""},""player_throws"":{""value"":4,""total"":null,""title"":""Throws""},""keeper_high_claim"":{""value"":0,""total"":null,""title"":""High claim""},""recoveries"":{""value"":5,""total"":null,""title"":""Recoveries""},""clearances"":{""value"":2,""total"":null,""title"":""Clearances""},""touches"":{""value"":31,""total"":null,""title"":""Touches""},""defensive_actions"":{""value"":2,""total"":null,""title"":""Defensive actions""},""was_fouled"":{""value"":null,""total"":null,""title"":""Was fouled""},""fouls"":{""value"":0,""total"":null,""title"":""Fouls committed""},""matchstats.headers.tackles"":{""value"":0,""total"":null,""title"":""Tackles""},""interceptions"":{""value"":0,""total"":null,""title"":""Interceptions""}}",FotMob matchDetails.playerStats
2026-09-19T00:33:15+08:00,FB5039,2026-09-13T08:00+08:00,BD1,Santos,Cruzeiro,5103626,1.000,A,9781,Cruzeiro,4-2-3-1,1372179,Wesley,3,20,0,1,45,6.4,0,0,,0.04,,,0,,1,,14,,0,0,1,3,0,,,,,"{""rating_title"":{""value"":6.37,""total"":null,""title"":""FotMob rating""},""minutes_played"":{""value"":45,""total"":null,""title"":""Minutes played""},""goals"":{""value"":0,""total"":null,""title"":""Goals""},""assists"":{""value"":0,""total"":null,""title"":""Assists""},""expected_assists"":{""value"":0.04,""total"":null,""title"":""Expected assists (xA)""},""xg_and_xa"":{""value"":0.04,""total"":null,""title"":""xG + xA""},""accurate_passes"":{""value"":14,""total"":17,""title"":""Accurate passes""},""chances_created"":{""value"":0,""total"":null,""title"":""Chances created""},""Shotmap"":{""value"":0,""total"":null,""title"":""Shotmap""},""defensive_actions"":{""value"":0,""total"":null,""title"":""Defensive actions""},""touches"":{""value"":24,""total"":null,""title"":""Touches""},""touches_opp_box"":{""value"":1,""total"":null,""title"":""Touches in opposition box""},""dribbles_succeeded"":{""value"":0,""total"":1,""title"":""Successful dribbles""},""passes_into_final_third"":{""value"":3,""total"":null,""title"":""Passes into final third""},""accurate_crosses"":{""value"":0,""total"":2,""title"":""Accurate crosses""},""long_balls_accurate"":{""value"":1,""total"":1,""title"":""Accurate long balls""},""dispossessed"":{""value"":0,""total"":null,""title"":""Dispossessed""},""matchstats.headers.tackles"":{""value"":0,""total"":null,""title"":""Tackles""},""shot_blocks"":{""value"":0,""total"":null,""title"":""Blocks""},""clearances"":{""value"":0,""total"":null,""title"":""Clearances""},""interceptions"":{""value"":0,""total"":null,""title"":""Interceptions""},""recoveries"":{""value"":1,""total"":null,""title"":""Recoveries""},""dribbled_past"":{""value"":0,""total"":null,""title"":""Dribbled past""},""ground_duels_won"":{""value"":3,""total"":4,""title"":""Ground duels won""},""aerials_won"":{""value"":0,""total"":0,""title"":""Aerial duels won""},""was_fouled"":{""value"":3,""total"":null,""title"":""Was fouled""},""fouls"":{""value"":0,""total"":null,""title"":""Fouls committed""},""duel_won"":{""value"":3,""total"":null,""title"":""Duels won""},""duel_lost"":{""value"":1,""total"":null,""title"":""Duels lost""}}",FotMob matchDetails.playerStats
2026-09-19T00:33:15+08:00,FB5039,2026-09-13T08:00+08:00,BD1,Santos,Cruzeiro,5103626,1.000,A,9781,Cruzeiro,4-2-3-1,581920,William,1,12,0,1,,,,,,,,,,,,,,,,,,,,,,,,{},FotMob matchDetails.playerStats
2026-09-19T00:33:15+08:00,FB5039,2026-09-13T08:00+08:00,BD1,Santos,Cruzeiro,5103626,1.000,A,9781,Cruzeiro,4-2-3-1,1733226,Zé Lucas,2,5,0,1,15,6,0,0,0.05,,1,0,0,,1,,9,,0,1,1,1,0,,,,,"{""rating_title"":{""value"":6.01,""total"":null,""title"":""FotMob rating""},""minutes_played"":{""value"":15,""total"":null,""title"":""Minutes played""},""goals"":{""value"":0,""total"":null,""title"":""Goals""},""assists"":{""value"":0,""total"":null,""title"":""Assists""},""expected_goals"":{""value"":0.05,""total"":null,""title"":""Expected goals (xG)""},""expected_goals_on_target_variant"":{""value"":null,""total"":null,""title"":""Expected goals on target (xGOT)""},""xg_and_xa"":{""value"":0.05,""total"":null,""title"":""xG + xA""},""total_shots"":{""value"":1,""total"":null,""title"":""Total shots""},""accurate_passes"":{""value"":9,""total"":10,""title"":""Accurate passes""},""chances_created"":{""value"":0,""total"":null,""title"":""Chances created""},""ShotsOnTarget"":{""value"":0,""total"":null,""title"":""Shots on target""},""ShotsOffTarget"":{""value"":1,""total"":null,""title"":""Shots off target""},""shot_accuracy"":{""value"":0,""total"":1,""title"":""Shot accuracy""},""Shotmap"":{""value"":1,""total"":null,""title"":""Shotmap""},""defensive_actions"":{""value"":1,""total"":null,""title"":""Defensive actions""},""touches"":{""value"":14,""total"":null,""title"":""Touches""},""touches_opp_box"":{""value"":1,""total"":null,""title"":""Touches in opposition box""},""dispossessed"":{""value"":1,""total"":null,""title"":""Dispossessed""},""expected_goals_non_penalty"":{""value"":0.05,""total"":null,""title"":""xG Non-penalty""},""matchstats.headers.tackles"":{""value"":0,""total"":null,""title"":""Tackles""},""shot_blocks"":{""value"":0,""total"":null,""title"":""Blocks""},""clearances"":{""value"":0,""total"":null,""title"":""Clearances""},""interceptions"":{""value"":1,""total"":null,""title"":""Interceptions""},""recoveries"":{""value"":1,""total"":null,""title"":""Recoveries""},""dribbled_past"":{""value"":0,""total"":null,""title"":""Dribbled past""},""ground_duels_won"":{""value"":1,""total"":3,""title"":""Ground duels won""},""aerials_won"":{""value"":0,""total"":0,""title"":""Aerial duels won""},""was_fouled"":{""value"":1,""total"":null,""title"":""Was fouled""},""fouls"":{""value"":1,""total"":null,""title"":""Fouls committed""},""duel_won"":{""value"":1,""total"":null,""title"":""Duels won""},""duel_lost"":{""value"":2,""total"":null,""title"":""Duels lost""}}",FotMob matchDetails.playerStats
2026-09-19T00:33:15+08:00,FB5039,2026-09-13T08:00+08:00,BD1,Santos,Cruzeiro,5103626,1.000,H,8514,Santos,3-4-2-1,654044,Arthur,2,6,0,1,16,6.4,0,0,,0.09,,,0,,2,,8,,0,1,1,3,0,,,,,"{""rating_title"":{""value"":6.39,""total"":null,""title"":""FotMob rating""},""minutes_played"":{""value"":16,""total"":null,""title"":""Minutes played""},""goals"":{""value"":0,""total"":null,""title"":""Goals""},""assists"":{""value"":0,""total"":null,""title"":""Assists""},""expected_assists"":{""value"":0.09,""total"":null,""title"":""Expected assists (xA)""},""xg_and_xa"":{""value"":0.09,""total"":null,""title"":""xG + xA""},""accurate_passes"":{""value"":8,""total"":12,""title"":""Accurate passes""},""chances_created"":{""value"":0,""total"":null,""title"":""Chances created""},""Shotmap"":{""value"":0,""total"":null,""title"":""Shotmap""},""defensive_actions"":{""value"":1,""total"":null,""title"":""Defensive actions""},""touches"":{""value"":22,""total"":null,""title"":""Touches""},""touches_opp_box"":{""value"":2,""total"":null,""title"":""Touches in opposition box""},""dribbles_succeeded"":{""value"":0,""total"":1,""title"":""Successful dribbles""},""long_balls_accurate"":{""value"":1,""total"":2,""title"":""Accurate long balls""},""dispossessed"":{""value"":0,""total"":null,""title"":""Dispossessed""},""matchstats.headers.tackles"":{""value"":0,""total"":null,""title"":""Tackles""},""shot_blocks"":{""value"":0,""total"":null,""title"":""Blocks""},""clearances"":{""value"":0,""total"":null,""title"":""Clearances""},""interceptions"":{""value"":1,""total"":null,""title"":""Interceptions""},""recoveries"":{""value"":1,""total"":null,""title"":""Recoveries""},""dribbled_past"":{""value"":0,""total"":null,""title"":""Dribbled past""},""ground_duels_won"":{""value"":3,""total"":5,""title"":""Ground duels won""},""aerials_won"":{""value"":0,""total"":0,""title"":""Aerial duels won""},""was_fouled"":{""value"":3,""total"":null,""title"":""Was fouled""},""fouls"":{""value"":1,""total"":null,""title"":""Fouls committed""},""duel_won"":{""value"":3,""total"":null,""title"":""Duels won""},""duel_lost"":{""value"":2,""total"":null,""title"":""Duels lost""}}",FotMob matchDetails.playerStats
2026-09-19T00:33:15+08:00,FB5039,2026-09-13T08:00+08:00,BD1,Santos,Cruzeiro,5103626,1.000,H,8514,Santos,3-4-2-1,1073365,Benjamín Rollheiser,2,32,1,0,74,8.7,1,0,0.51,0.92,5,1,6,,5,,54,,2,0,6,4,0,,,,,"{""rating_title"":{""value"":8.67,""total"":null,""title"":""FotMob rating""},""minutes_played"":{""value"":74,""total"":null,""title"":""Minutes played""},""goals"":{""value"":1,""total"":null,""title"":""Goals""},""assists"":{""value"":0,""total"":null,""title"":""Assists""},""expected_goals"":{""value"":0.51,""total"":null,""title"":""Expected goals (xG)""},""expected_goals_on_target_variant"":{""value"":0.74,""total"":null,""title"":""Expected goals on target (xGOT)""},""expected_assists"":{""value"":0.92,""total"":null,""title"":""Expected assists (xA)""},""xg_and_xa"":{""value"":1.4300000000000002,""total"":null,""title"":""xG + xA""},""total_shots"":{""value"":5,""total"":null,""title"":""Total shots""},""accurate_passes"":{""value"":54,""total"":62,""title"":""Accurate passes""},""chances_created"":{""value"":6,""total"":null,""title"":""Chances created""},""ShotsOnTarget"":{""value"":1,""total"":null,""title"":""Shots on target""},""ShotsOffTarget"":{""value"":1,""total"":null,""title"":""Shots off target""},""blocked_shots"":{""value"":3,""total"":null,""title"":""Blocked shots""},""shot_accuracy"":{""value"":1,""total"":2,""title"":""Shot accuracy""},""Shotmap"":{""value"":1,""total"":null,""title"":""Shotmap""},""defensive_actions"":{""value"":2,""total"":null,""title"":""Defensive actions""},""touches"":{""value"":96,""total"":null,""title"":""Touches""},""touches_opp_box"":{""value"":5,""total"":null,""title"":""Touches in opposition box""},""dribbles_succeeded"":{""value"":1,""total"":3,""title"":""Successful dribbles""},""passes_into_final_third"":{""value"":6,""total"":null,""title"":""Passes into final third""},""accurate_crosses"":{""value"":4,""total"":12,""title"":""Accurate crosses""},""long_balls_accurate"":{""value"":3,""total"":5,""title"":""Accurate long balls""},""corners"":{""value"":8,""total"":null,""title"":""Corners""},""dispossessed"":{""value"":1,""total"":null,""title"":""Dispossessed""},""expected_goals_non_penalty"":{""value"":0.51,""total"":null,""title"":""xG Non-penalty""},""matchstats.headers.tackles"":{""value"":2,""total"":null,""title"":""Tackles""},""shot_blocks"":{""value"":0,""total"":null,""title"":""Blocks""},""clearances"":{""value"":0,""total"":null,""title"":""Clearances""},""interceptions"":{""value"":0,""total"":null,""title"":""Interceptions""},""recoveries"":{""value"":6,""total"":null,""title"":""Recoveries""},""dribbled_past"":{""value"":3,""total"":null,""title"":""Dribbled past""},""ground_duels_won"":{""value"":4,""total"":10,""title"":""Ground duels won""},""aerials_won"":{""value"":0,""total"":0,""title"":""Aerial duels won""},""was_fouled"":{""value"":1,""total"":null,""title"":""Was fouled""},""fouls"":{""value"":0,""total"":null,""title"":""Fouls committed""},""duel_won"":{""value"":4,""total"":null,""title"":""Duels won""},""duel_lost"":{""value"":6,""total"":null,""title"":""Duels lost""}}",FotMob matchDetails.playerStats
2026-09-19T00:33:15+08:00,FB5039,2026-09-13T08:00+08:00,BD1,Santos,Cruzeiro,5103626,1.000,H,8514,Santos,3-4-2-1,925841,Christian Oliva,2,28,0,1,29,6.2,0,0,0.03,0.04,1,0,1,,0,,12,,0,0,1,,0,,,,,"{""rating_title"":{""value"":6.19,""total"":null,""title"":""FotMob rating""},""minutes_played"":{""value"":29,""total"":null,""title"":""Minutes played""},""goals"":{""value"":0,""total"":null,""title"":""Goals""},""assists"":{""value"":0,""total"":null,""title"":""Assists""},""expected_goals"":{""value"":0.03,""total"":null,""title"":""Expected goals (xG)""},""expected_goals_on_target_variant"":{""value"":null,""total"":null,""title"":""Expected goals on target (xGOT)""},""expected_assists"":{""value"":0.04,""total"":null,""title"":""Expected assists (xA)""},""xg_and_xa"":{""value"":0.07,""total"":null,""title"":""xG + xA""},""total_shots"":{""value"":1,""total"":null,""title"":""Total shots""},""accurate_passes"":{""value"":12,""total"":14,""title"":""Accurate passes""},""chances_created"":{""value"":1,""total"":null,""title"":""Chances created""},""ShotsOnTarget"":{""value"":0,""total"":null,""title"":""Shots on target""},""ShotsOffTarget"":{""value"":1,""total"":null,""title"":""Shots off target""},""shot_accuracy"":{""value"":0,""total"":1,""title"":""Shot accuracy""},""Shotmap"":{""value"":1,""total"":null,""title"":""Shotmap""},""defensive_actions"":{""value"":0,""total"":null,""title"":""Defensive actions""},""touches"":{""value"":16,""total"":null,""title"":""Touches""},""touches_opp_box"":{""value"":0,""total"":null,""title"":""Touches in opposition box""},""passes_into_final_third"":{""value"":3,""total"":null,""title"":""Passes into final third""},""long_balls_accurate"":{""value"":2,""total"":2,""title"":""Accurate long balls""},""dispossessed"":{""value"":1,""total"":null,""title"":""Dispossessed""},""expected_goals_non_penalty"":{""value"":0.03,""total"":null,""title"":""xG Non-penalty""},""matchstats.headers.tackles"":{""value"":0,""total"":null,""title"":""Tackles""},""shot_blocks"":{""value"":0,""total"":null,""title"":""Blocks""},""clearances"":{""value"":0,""total"":null,""title"":""Clearances""},""interceptions"":{""value"":0,""total"":null,""title"":""Interceptions""},""recoveries"":{""value"":1,""total"":null,""title"":""Recoveries""},""dribbled_past"":{""value"":0,""total"":null,""title"":""Dribbled past""},""ground_duels_won"":{""value"":0,""total"":1,""title"":""Ground duels won""},""aerials_won"":{""value"":0,""total"":0,""title"":""Aerial duels won""},""was_fouled"":{""value"":null,""total"":null,""title"":""Was fouled""},""fouls"":{""value"":0,""total"":null,""title"":""Fouls committed""},""duel_lost"":{""value"":1,""total"":null,""title"":""Duels lost""}}",FotMob matchDetails.playerStats
2026-09-19T00:33:15+08:00,FB5039,2026-09-13T08:00+08:00,BD1,Santos,Cruzeiro,5103626,1.000,H,8514,Santos,3-4-2-1,1272356,Diógenes,,1,0,1,,,,,,,,,,,,,,,,,,,,,,,,{},FotMob matchDetails.playerStats
2026-09-19T00:33:15+08:00,FB5039,2026-09-13T08:00+08:00,BD1,Santos,Cruzeiro,5103626,1.000,H,8514,Santos,3-4-2-1,1712138,Gabriel Bontempo,2,8,1,0,81,8.8,1,0,1.04,0.13,7,3,6,,10,,50,,1,0,4,2,0,,,,,"{""rating_title"":{""value"":8.8,""total"":null,""title"":""FotMob rating""},""minutes_played"":{""value"":81,""total"":null,""title"":""Minutes played""},""goals"":{""value"":1,""total"":null,""title"":""Goals""},""assists"":{""value"":0,""total"":null,""title"":""Assists""},""expected_goals"":{""value"":1.04,""total"":null,""title"":""Expected goals (xG)""},""expected_goals_on_target_variant"":{""value"":1.92,""total"":null,""title"":""Expected goals on target (xGOT)""},""expected_assists"":{""value"":0.13,""total"":null,""title"":""Expected assists (xA)""},""xg_and_xa"":{""value"":1.17,""total"":null,""title"":""xG + xA""},""total_shots"":{""value"":7,""total"":null,""title"":""Total shots""},""accurate_passes"":{""value"":50,""total"":54,""title"":""Accurate passes""},""chances_created"":{""value"":6,""total"":null,""title"":""Chances created""},""ShotsOnTarget"":{""value"":3,""total"":null,""title"":""Shots on target""},""ShotsOffTarget"":{""value"":2,""total"":null,""title"":""Shots off target""},""blocked_shots"":{""value"":2,""total"":null,""title"":""Blocked shots""},""shot_accuracy"":{""value"":3,""total"":5,""title"":""Shot accuracy""},""Shotmap"":{""value"":1,""total"":null,""title"":""Shotmap""},""defensive_actions"":{""value"":2,""total"":null,""title"":""Defensive actions""},""touches"":{""value"":71,""total"":null,""title"":""Touches""},""touches_opp_box"":{""value"":10,""total"":null,""title"":""Touches in opposition box""},""dribbles_succeeded"":{""value"":1,""total"":3,""title"":""Successful dribbles""},""passes_into_final_third"":{""value"":2,""total"":null,""title"":""Passes into final third""},""corners"":{""value"":1,""total"":null,""title"":""Corners""},""dispossessed"":{""value"":1,""total"":null,""title"":""Dispossessed""},""expected_goals_non_penalty"":{""value"":1.04,""total"":null,""title"":""xG Non-penalty""},""matchstats.headers.tackles"":{""value"":1,""total"":null,""title"":""Tackles""},""shot_blocks"":{""value"":0,""total"":null,""title"":""Blocks""},""clearances"":{""value"":1,""total"":null,""title"":""Clearances""},""interceptions"":{""value"":0,""total"":null,""title"":""Interceptions""},""recoveries"":{""value"":4,""total"":null,""title"":""Recoveries""},""dribbled_past"":{""value"":0,""total"":null,""title"":""Dribbled past""},""ground_duels_won"":{""value"":2,""total"":5,""title"":""Ground duels won""},""aerials_won"":{""value"":0,""total"":3,""title"":""Aerial duels won""},""was_fouled"":{""value"":null,""total"":null,""title"":""Was fouled""},""fouls"":{""value"":0,""total"":null,""title"":""Fouls committed""},""duel_won"":{""value"":2,""total"":null,""title"":""Duels won""},""duel_lost"":{""value"":6,""total"":null,""title"":""Duels lost""}}",FotMob matchDetails.playerStats
2026-09-19T00:33:15+08:00,FB5039,2026-09-13T08:00+08:00,BD1,Santos,Cruzeiro,5103626,1.000,H,8514,Santos,3-4-2-1,982426,Gabriel Brazão,11,77,1,0,90,7.3,,,,,,,,,,,18,,0,0,5,,,2,0.83,,,"{""rating_title"":{""value"":7.27,""total"":null,""title"":""FotMob rating""},""minutes_played"":{""value"":90,""total"":null,""title"":""Minutes played""},""saves"":{""value"":2,""total"":null,""title"":""Saves""},""goals_conceded"":{""value"":1,""total"":null,""title"":""Goals conceded""},""expected_goals_on_target_faced"":{""value"":1.83,""total"":null,""title"":""xGOT faced""},""goals_prevented"":{""value"":0.83,""total"":null,""title"":""Goals prevented""},""Shotmap"":{""value"":1,""total"":null,""title"":""Shotmap""},""accurate_passes"":{""value"":18,""total"":25,""title"":""Accurate passes""},""long_balls_accurate"":{""value"":6,""total"":13,""title"":""Accurate long balls""},""keeper_diving_save"":{""value"":1,""total"":null,""title"":""Diving save""},""saves_inside_box"":{""value"":1,""total"":null,""title"":""Saves inside box""},""keeper_sweeper"":{""value"":0,""total"":null,""title"":""Acted as sweeper""},""punches"":{""value"":0,""total"":null,""title"":""Punches""},""player_throws"":{""value"":3,""total"":null,""title"":""Throws""},""keeper_high_claim"":{""value"":1,""total"":null,""title"":""High claim""},""recoveries"":{""value"":5,""total"":null,""title"":""Recoveries""},""clearances"":{""value"":0,""total"":null,""title"":""Clearances""},""touches"":{""value"":31,""total"":null,""title"":""Touches""},""defensive_actions"":{""value"":0,""total"":null,""title"":""Defensive actions""},""was_fouled"":{""value"":null,""total"":null,""title"":""Was fouled""},""fouls"":{""value"":0,""total"":null,""title"":""Fouls committed""},""matchstats.headers.tackles"":{""value"":0,""total"":null,""title"":""Tackles""},""passes_into_final_third"":{""value"":3,""total"":null,""title"":""Passes into final third""},""interceptions"":{""value"":0,""total"":null,""title"":""Interceptions""}}",FotMob matchDetails.playerStats
2026-09-19T00:33:15+08:00,FB5039,2026-09-13T08:00+08:00,BD1,Santos,Cruzeiro,5103626,1.000,H,8514,Santos,3-4-2-1,1137671,Gabriel Menino,2,25,0,1,,,,,,,,,,,,,,,,,,,,,,,,{},FotMob matchDetails.playerStats
2026-09-19T00:33:15+08:00,FB5039,2026-09-13T08:00+08:00,BD1,Santos,Cruzeiro,5103626,1.000,H,8514,Santos,3-4-2-1,1347933,Gustavo Caballero,3,17,0,1,,,,,,,,,,,,,,,,,,,,,,,,{},FotMob matchDetails.playerStats
2026-09-19T00:33:15+08:00,FB5039,2026-09-13T08:00+08:00,BD1,Santos,Cruzeiro,5103626,1.000,H,8514,Santos,3-4-2-1,1744831,Gustavo Henrique,2,48,1,0,61,7.6,0,0,0.06,0.03,2,1,1,,0,,31,,1,1,4,7,0,,,,,"{""rating_title"":{""value"":7.58,""total"":null,""title"":""FotMob rating""},""minutes_played"":{""value"":61,""total"":null,""title"":""Minutes played""},""goals"":{""value"":0,""total"":null,""title"":""Goals""},""assists"":{""value"":0,""total"":null,""title"":""Assists""},""expected_goals"":{""value"":0.06,""total"":null,""title"":""Expected goals (xG)""},""expected_goals_on_target_variant"":{""value"":0.14,""total"":null,""title"":""Expected goals on target (xGOT)""},""expected_assists"":{""value"":0.03,""total"":null,""title"":""Expected assists (xA)""},""xg_and_xa"":{""value"":0.09,""total"":null,""title"":""xG + xA""},""total_shots"":{""value"":2,""total"":null,""title"":""Total shots""},""accurate_passes"":{""value"":31,""total"":33,""title"":""Accurate passes""},""chances_created"":{""value"":1,""total"":null,""title"":""Chances created""},""ShotsOnTarget"":{""value"":1,""total"":null,""title"":""Shots on target""},""ShotsOffTarget"":{""value"":1,""total"":null,""title"":""Shots off target""},""shot_accuracy"":{""value"":1,""total"":2,""title"":""Shot accuracy""},""Shotmap"":{""value"":1,""total"":null,""title"":""Shotmap""},""defensive_actions"":{""value"":3,""total"":null,""title"":""Defensive actions""},""touches"":{""value"":48,""total"":null,""title"":""Touches""},""touches_opp_box"":{""value"":0,""total"":null,""title"":""Touches in opposition box""},""dribbles_succeeded"":{""value"":2,""total"":2,""title"":""Successful dribbles""},""passes_into_final_third"":{""value"":4,""total"":null,""title"":""Passes into final third""},""long_balls_accurate"":{""value"":3,""total"":3,""title"":""Accurate long balls""},""dispossessed"":{""value"":0,""total"":null,""title"":""Dispossessed""},""expected_goals_non_penalty"":{""value"":0.06,""total"":null,""title"":""xG Non-penalty""},""matchstats.headers.tackles"":{""value"":1,""total"":null,""title"":""Tackles""},""shot_blocks"":{""value"":0,""total"":null,""title"":""Blocks""},""clearances"":{""value"":1,""total"":null,""title"":""Clearances""},""headed_clearance"":{""value"":1,""total"":null,""title"":""Headed clearance""},""interceptions"":{""value"":1,""total"":null,""title"":""Interceptions""},""recoveries"":{""value"":4,""total"":null,""title"":""Recoveries""},""dribbled_past"":{""value"":3,""total"":null,""title"":""Dribbled past""},""ground_duels_won"":{""value"":7,""total"":13,""title"":""Ground duels won""},""aerials_won"":{""value"":0,""total"":0,""title"":""Aerial duels won""},""was_fouled"":{""value"":4,""total"":null,""title"":""Was fouled""},""fouls"":{""value"":3,""total"":null,""title"":""Fouls committed""},""duel_won"":{""value"":7,""total"":null,""title"":""Duels won""},""duel_lost"":{""value"":6,""total"":null,""title"":""Duels lost""}}",FotMob matchDetails.playerStats
2026-09-19T00:33:15+08:00,FB5039,2026-09-13T08:00+08:00,BD1,Santos,Cruzeiro,5103626,1.000,H,8514,Santos,3-4-2-1,916348,Igor Vinícius,1,18,1,0,90,6.9,0,0,,0.09,,,1,,0,,48,,2,1,6,2,0,,,,,"{""rating_title"":{""value"":6.92,""total"":null,""title"":""FotMob rating""},""minutes_played"":{""value"":90,""total"":null,""title"":""Minutes played""},""goals"":{""value"":0,""total"":null,""title"":""Goals""},""assists"":{""value"":0,""total"":null,""title"":""Assists""},""expected_assists"":{""value"":0.09,""total"":null,""title"":""Expected assists (xA)""},""xg_and_xa"":{""value"":0.09,""total"":null,""title"":""xG + xA""},""accurate_passes"":{""value"":48,""total"":53,""title"":""Accurate passes""},""chances_created"":{""value"":1,""total"":null,""title"":""Chances created""},""Shotmap"":{""value"":0,""total"":null,""title"":""Shotmap""},""defensive_actions"":{""value"":5,""total"":null,""title"":""Defensive actions""},""touches"":{""value"":65,""total"":null,""title"":""Touches""},""touches_opp_box"":{""value"":0,""total"":null,""title"":""Touches in opposition box""},""passes_into_final_third"":{""value"":4,""total"":null,""title"":""Passes into final third""},""accurate_crosses"":{""value"":0,""total"":1,""title"":""Accurate crosses""},""long_balls_accurate"":{""value"":2,""total"":3,""title"":""Accurate long balls""},""dispossessed"":{""value"":1,""total"":null,""title"":""Dispossessed""},""matchstats.headers.tackles"":{""value"":2,""total"":null,""title"":""Tackles""},""shot_blocks"":{""value"":0,""total"":null,""title"":""Blocks""},""clearances"":{""value"":2,""total"":null,""title"":""Clearances""},""headed_clearance"":{""value"":2,""total"":null,""title"":""Headed clearance""},""interceptions"":{""value"":1,""total"":null,""title"":""Interceptions""},""recoveries"":{""value"":6,""total"":null,""title"":""Recoveries""},""dribbled_past"":{""value"":2,""total"":null,""title"":""Dribbled past""},""ground_duels_won"":{""value"":2,""total"":7,""title"":""Ground duels won""},""aerials_won"":{""value"":0,""total"":2,""title"":""Aerial duels won""},""was_fouled"":{""value"":null,""total"":null,""title"":""Was fouled""},""fouls"":{""value"":2,""total"":null,""title"":""Fouls committed""},""duel_won"":{""value"":2,""total"":null,""title"":""Duels won""},""duel_lost"":{""value"":7,""total"":null,""title"":""Duels lost""}}",FotMob matchDetails.playerStats
2026-09-19T00:33:15+08:00,FB5039,2026-09-13T08:00+08:00,BD1,Santos,Cruzeiro,5103626,1.000,H,8514,Santos,3-4-2-1,1763623,João Alencar,1,42,0,1,,,,,,,,,,,,,,,,,,,,,,,,{},FotMob matchDetails.playerStats
2026-09-19T00:33:15+08:00,FB5039,2026-09-13T08:00+08:00,BD1,Santos,Cruzeiro,5103626,1.000,H,8514,Santos,3-4-2-1,1797982,João Ananias,1,26,0,1,,,,,,,,,,,,,,,,,,,,,,,,{},FotMob matchDetails.playerStats
2026-09-19T00:33:15+08:00,FB5039,2026-09-13T08:00+08:00,BD1,Santos,Cruzeiro,5103626,1.000,H,8514,Santos,3-4-2-1,345905,João Schmidt,2,5,1,0,90,7.9,0,0,0.1,0.13,3,1,3,,0,,37,,4,2,3,4,0,,,,,"{""rating_title"":{""value"":7.87,""total"":null,""title"":""FotMob rating""},""minutes_played"":{""value"":90,""total"":null,""title"":""Minutes played""},""goals"":{""value"":0,""total"":null,""title"":""Goals""},""assists"":{""value"":0,""total"":null,""title"":""Assists""},""expected_goals"":{""value"":0.1,""total"":null,""title"":""Expected goals (xG)""},""expected_goals_on_target_variant"":{""value"":0.12,""total"":null,""title"":""Expected goals on target (xGOT)""},""expected_assists"":{""value"":0.13,""total"":null,""title"":""Expected assists (xA)""},""xg_and_xa"":{""value"":0.23,""total"":null,""title"":""xG + xA""},""total_shots"":{""value"":3,""total"":null,""title"":""Total shots""},""accurate_passes"":{""value"":37,""total"":40,""title"":""Accurate passes""},""chances_created"":{""value"":3,""total"":null,""title"":""Chances created""},""ShotsOnTarget"":{""value"":1,""total"":null,""title"":""Shots on target""},""ShotsOffTarget"":{""value"":2,""total"":null,""title"":""Shots off target""},""shot_accuracy"":{""value"":1,""total"":3,""title"":""Shot accuracy""},""Shotmap"":{""value"":1,""total"":null,""title"":""Shotmap""},""defensive_actions"":{""value"":7,""total"":null,""title"":""Defensive actions""},""touches"":{""value"":52,""total"":null,""title"":""Touches""},""touches_opp_box"":{""value"":0,""total"":null,""title"":""Touches in opposition box""},""passes_into_final_third"":{""value"":6,""total"":null,""title"":""Passes into final third""},""long_balls_accurate"":{""value"":0,""total"":1,""title"":""Accurate long balls""},""dispossessed"":{""value"":0,""total"":null,""title"":""Dispossessed""},""expected_goals_non_penalty"":{""value"":0.1,""total"":null,""title"":""xG Non-penalty""},""matchstats.headers.tackles"":{""value"":4,""total"":null,""title"":""Tackles""},""shot_blocks"":{""value"":0,""total"":null,""title"":""Blocks""},""clearances"":{""value"":1,""total"":null,""title"":""Clearances""},""interceptions"":{""value"":2,""total"":null,""title"":""Interceptions""},""recoveries"":{""value"":3,""total"":null,""title"":""Recoveries""},""dribbled_past"":{""value"":0,""total"":null,""title"":""Dribbled past""},""ground_duels_won"":{""value"":4,""total"":7,""title"":""Ground duels won""},""aerials_won"":{""value"":0,""total"":1,""title"":""Aerial duels won""},""was_fouled"":{""value"":null,""total"":null,""title"":""Was fouled""},""fouls"":{""value"":3,""total"":null,""title"":""Fouls committed""},""duel_won"":{""value"":4,""total"":null,""title"":""Duels won""},""duel_lost"":{""value"":4,""total"":null,""title"":""Duels lost""}}",FotMob matchDetails.playerStats
2026-09-19T00:33:15+08:00,FB5039,2026-09-13T08:00+08:00,BD1,Santos,Cruzeiro,5103626,1.000,H,8514,Santos,3-4-2-1,671606,Lima,2,45,0,1,16,6.4,0,0,,,,,0,,1,,6,,0,0,1,1,0,,,,,"{""rating_title"":{""value"":6.39,""total"":null,""title"":""FotMob rating""},""minutes_played"":{""value"":16,""total"":null,""title"":""Minutes played""},""goals"":{""value"":0,""total"":null,""title"":""Goals""},""assists"":{""value"":0,""total"":null,""title"":""Assists""},""accurate_passes"":{""value"":6,""total"":8,""title"":""Accurate passes""},""chances_created"":{""value"":0,""total"":null,""title"":""Chances created""},""Shotmap"":{""value"":0,""total"":null,""title"":""Shotmap""},""defensive_actions"":{""value"":0,""total"":null,""title"":""Defensive actions""},""touches"":{""value"":10,""total"":null,""title"":""Touches""},""touches_opp_box"":{""value"":1,""total"":null,""title"":""Touches in opposition box""},""dribbles_succeeded"":{""value"":1,""total"":1,""title"":""Successful dribbles""},""dispossessed"":{""value"":0,""total"":null,""title"":""Dispossessed""},""matchstats.headers.tackles"":{""value"":0,""total"":null,""title"":""Tackles""},""shot_blocks"":{""value"":0,""total"":null,""title"":""Blocks""},""clearances"":{""value"":0,""total"":null,""title"":""Clearances""},""interceptions"":{""value"":0,""total"":null,""title"":""Interceptions""},""recoveries"":{""value"":1,""total"":null,""title"":""Recoveries""},""dribbled_past"":{""value"":0,""total"":null,""title"":""Dribbled past""},""ground_duels_won"":{""value"":1,""total"":1,""title"":""Ground duels won""},""aerials_won"":{""value"":0,""total"":0,""title"":""Aerial duels won""},""was_fouled"":{""value"":null,""total"":null,""title"":""Was fouled""},""fouls"":{""value"":0,""total"":null,""title"":""Fouls committed""},""duel_won"":{""value"":1,""total"":null,""title"":""Duels won""}}",FotMob matchDetails.playerStats
2026-09-19T00:33:15+08:00,FB5039,2026-09-13T08:00+08:00,BD1,Santos,Cruzeiro,5103626,1.000,H,8514,Santos,3-4-2-1,763386,Luan Peres,1,14,1,0,90,7.5,0,0,,0.02,,,0,,0,,34,,2,1,1,3,1,,,,,"{""rating_title"":{""value"":7.47,""total"":null,""title"":""FotMob rating""},""minutes_played"":{""value"":90,""total"":null,""title"":""Minutes played""},""goals"":{""value"":0,""total"":null,""title"":""Goals""},""assists"":{""value"":0,""total"":null,""title"":""Assists""},""expected_assists"":{""value"":0.02,""total"":null,""title"":""Expected assists (xA)""},""xg_and_xa"":{""value"":0.02,""total"":null,""title"":""xG + xA""},""accurate_passes"":{""value"":34,""total"":41,""title"":""Accurate passes""},""chances_created"":{""value"":0,""total"":null,""title"":""Chances created""},""Shotmap"":{""value"":0,""total"":null,""title"":""Shotmap""},""defensive_actions"":{""value"":9,""total"":null,""title"":""Defensive actions""},""touches"":{""value"":57,""total"":null,""title"":""Touches""},""touches_opp_box"":{""value"":0,""total"":null,""title"":""Touches in opposition box""},""dribbles_succeeded"":{""value"":0,""total"":1,""title"":""Successful dribbles""},""passes_into_final_third"":{""value"":5,""total"":null,""title"":""Passes into final third""},""long_balls_accurate"":{""value"":2,""total"":7,""title"":""Accurate long balls""},""dispossessed"":{""value"":0,""total"":null,""title"":""Dispossessed""},""matchstats.headers.tackles"":{""value"":2,""total"":null,""title"":""Tackles""},""clearance_off_the_line"":{""value"":1,""total"":null,""title"":""Clearance off the line""},""shot_blocks"":{""value"":1,""total"":null,""title"":""Blocks""},""clearances"":{""value"":5,""total"":null,""title"":""Clearances""},""headed_clearance"":{""value"":3,""total"":null,""title"":""Headed clearance""},""interceptions"":{""value"":1,""total"":null,""title"":""Interceptions""},""recoveries"":{""value"":1,""total"":null,""title"":""Recoveries""},""dribbled_past"":{""value"":0,""total"":null,""title"":""Dribbled past""},""ground_duels_won"":{""value"":2,""total"":4,""title"":""Ground duels won""},""aerials_won"":{""value"":1,""total"":2,""title"":""Aerial duels won""},""was_fouled"":{""value"":null,""total"":null,""title"":""Was fouled""},""fouls"":{""value"":1,""total"":null,""title"":""Fouls committed""},""duel_won"":{""value"":3,""total"":null,""title"":""Duels won""},""duel_lost"":{""value"":3,""total"":null,""title"":""Duels lost""}}",FotMob matchDetails.playerStats
2026-09-19T00:33:15+08:00,FB5039,2026-09-13T08:00+08:00,BD1,Santos,Cruzeiro,5103626,1.000,H,8514,Santos,3-4-2-1,1312459,Miguelito,2,30,0,1,9,,0,0,,,,,0,,0,,4,,1,0,0,4,1,,,,,"{""minutes_played"":{""value"":9,""total"":null,""title"":""Minutes played""},""goals"":{""value"":0,""total"":null,""title"":""Goals""},""assists"":{""value"":0,""total"":null,""title"":""Assists""},""accurate_passes"":{""value"":4,""total"":5,""title"":""Accurate passes""},""chances_created"":{""value"":0,""total"":null,""title"":""Chances created""},""Shotmap"":{""value"":0,""total"":null,""title"":""Shotmap""},""defensive_actions"":{""value"":2,""total"":null,""title"":""Defensive actions""},""touches"":{""value"":12,""total"":null,""title"":""Touches""},""touches_opp_box"":{""value"":0,""total"":null,""title"":""Touches in opposition box""},""dribbles_succeeded"":{""value"":1,""total"":1,""title"":""Successful dribbles""},""passes_into_final_third"":{""value"":1,""total"":null,""title"":""Passes into final third""},""corners"":{""value"":1,""total"":null,""title"":""Corners""},""dispossessed"":{""value"":1,""total"":null,""title"":""Dispossessed""},""matchstats.headers.tackles"":{""value"":1,""total"":null,""title"":""Tackles""},""shot_blocks"":{""value"":0,""total"":null,""title"":""Blocks""},""clearances"":{""value"":1,""total"":null,""title"":""Clearances""},""headed_clearance"":{""value"":1,""total"":null,""title"":""Headed clearance""},""interceptions"":{""value"":0,""total"":null,""title"":""Interceptions""},""recoveries"":{""value"":0,""total"":null,""title"":""Recoveries""},""dribbled_past"":{""value"":0,""total"":null,""title"":""Dribbled past""},""ground_duels_won"":{""value"":3,""total"":4,""title"":""Ground duels won""},""aerials_won"":{""value"":1,""total"":1,""title"":""Aerial duels won""},""was_fouled"":{""value"":1,""total"":null,""title"":""Was fouled""},""fouls"":{""value"":0,""total"":null,""title"":""Fouls committed""},""duel_won"":{""value"":4,""total"":null,""title"":""Duels won""},""duel_lost"":{""value"":1,""total"":null,""title"":""Duels lost""}}",FotMob matchDetails.playerStats
2026-09-19T00:33:15+08:00,FB5039,2026-09-13T08:00+08:00,BD1,Santos,Cruzeiro,5103626,1.000,H,8514,Santos,3-4-2-1,1933452,Rafael Gonzaga,1,38,0,1,,,,,,,,,,,,,,,,,,,,,,,,{},FotMob matchDetails.playerStats
2026-09-19T00:33:15+08:00,FB5039,2026-09-13T08:00+08:00,BD1,Santos,Cruzeiro,5103626,1.000,H,8514,Santos,3-4-2-1,400256,Rodinei,2,23,1,0,90,7.3,0,0,,0.11,,,2,,2,,39,,1,1,6,4,1,,,,,"{""rating_title"":{""value"":7.34,""total"":null,""title"":""FotMob rating""},""minutes_played"":{""value"":90,""total"":null,""title"":""Minutes played""},""goals"":{""value"":0,""total"":null,""title"":""Goals""},""assists"":{""value"":0,""total"":null,""title"":""Assists""},""expected_assists"":{""value"":0.11,""total"":null,""title"":""Expected assists (xA)""},""xg_and_xa"":{""value"":0.11,""total"":null,""title"":""xG + xA""},""accurate_passes"":{""value"":39,""total"":48,""title"":""Accurate passes""},""chances_created"":{""value"":2,""total"":null,""title"":""Chances created""},""Shotmap"":{""value"":0,""total"":null,""title"":""Shotmap""},""defensive_actions"":{""value"":2,""total"":null,""title"":""Defensive actions""},""touches"":{""value"":65,""total"":null,""title"":""Touches""},""touches_opp_box"":{""value"":2,""total"":null,""title"":""Touches in opposition box""},""dribbles_succeeded"":{""value"":0,""total"":2,""title"":""Successful dribbles""},""passes_into_final_third"":{""value"":4,""total"":null,""title"":""Passes into final third""},""accurate_crosses"":{""value"":2,""total"":5,""title"":""Accurate crosses""},""long_balls_accurate"":{""value"":0,""total"":2,""title"":""Accurate long balls""},""corners"":{""value"":1,""total"":null,""title"":""Corners""},""dispossessed"":{""value"":0,""total"":null,""title"":""Dispossessed""},""matchstats.headers.tackles"":{""value"":1,""total"":null,""title"":""Tackles""},""shot_blocks"":{""value"":0,""total"":null,""title"":""Blocks""},""clearances"":{""value"":0,""total"":null,""title"":""Clearances""},""interceptions"":{""value"":1,""total"":null,""title"":""Interceptions""},""recoveries"":{""value"":6,""total"":null,""title"":""Recoveries""},""dribbled_past"":{""value"":1,""total"":null,""title"":""Dribbled past""},""ground_duels_won"":{""value"":3,""total"":9,""title"":""Ground duels won""},""aerials_won"":{""value"":1,""total"":1,""title"":""Aerial duels won""},""was_fouled"":{""value"":2,""total"":null,""title"":""Was fouled""},""fouls"":{""value"":3,""total"":null,""title"":""Fouls committed""},""duel_won"":{""value"":4,""total"":null,""title"":""Duels won""},""duel_lost"":{""value"":6,""total"":null,""title"":""Duels lost""}}",FotMob matchDetails.playerStats
2026-09-19T00:33:15+08:00,FB5039,2026-09-13T08:00+08:00,BD1,Santos,Cruzeiro,5103626,1.000,H,8514,Santos,3-4-2-1,796732,Rony,3,11,1,0,81,7.2,0,0,0.17,0.16,4,1,1,,7,,12,,1,0,1,4,1,,,,,"{""rating_title"":{""value"":7.21,""total"":null,""title"":""FotMob rating""},""minutes_played"":{""value"":81,""total"":null,""title"":""Minutes played""},""goals"":{""value"":0,""total"":null,""title"":""Goals""},""assists"":{""value"":0,""total"":null,""title"":""Assists""},""expected_goals"":{""value"":0.17,""total"":null,""title"":""Expected goals (xG)""},""expected_goals_on_target_variant"":{""value"":0.41,""total"":null,""title"":""Expected goals on target (xGOT)""},""expected_assists"":{""value"":0.16,""total"":null,""title"":""Expected assists (xA)""},""xg_and_xa"":{""value"":0.33,""total"":null,""title"":""xG + xA""},""total_shots"":{""value"":4,""total"":null,""title"":""Total shots""},""accurate_passes"":{""value"":12,""total"":15,""title"":""Accurate passes""},""chances_created"":{""value"":1,""total"":null,""title"":""Chances created""},""ShotsOnTarget"":{""value"":1,""total"":null,""title"":""Shots on target""},""ShotsOffTarget"":{""value"":3,""total"":null,""title"":""Shots off target""},""shot_accuracy"":{""value"":1,""total"":4,""title"":""Shot accuracy""},""Shotmap"":{""value"":1,""total"":null,""title"":""Shotmap""},""defensive_actions"":{""value"":2,""total"":null,""title"":""Defensive actions""},""touches"":{""value"":32,""total"":null,""title"":""Touches""},""touches_opp_box"":{""value"":7,""total"":null,""title"":""Touches in opposition box""},""dribbles_succeeded"":{""value"":1,""total"":4,""title"":""Successful dribbles""},""passes_into_final_third"":{""value"":1,""total"":null,""title"":""Passes into final third""},""dispossessed"":{""value"":1,""total"":null,""title"":""Dispossessed""},""expected_goals_non_penalty"":{""value"":0.17,""total"":null,""title"":""xG Non-penalty""},""matchstats.headers.tackles"":{""value"":1,""total"":null,""title"":""Tackles""},""shot_blocks"":{""value"":0,""total"":null,""title"":""Blocks""},""clearances"":{""value"":1,""total"":null,""title"":""Clearances""},""headed_clearance"":{""value"":1,""total"":null,""title"":""Headed clearance""},""interceptions"":{""value"":0,""total"":null,""title"":""Interceptions""},""recoveries"":{""value"":1,""total"":null,""title"":""Recoveries""},""dribbled_past"":{""value"":1,""total"":null,""title"":""Dribbled past""},""ground_duels_won"":{""value"":3,""total"":10,""title"":""Ground duels won""},""aerials_won"":{""value"":1,""total"":3,""title"":""Aerial duels won""},""was_fouled"":{""value"":1,""total"":null,""title"":""Was fouled""},""fouls"":{""value"":3,""total"":null,""title"":""Fouls committed""},""duel_won"":{""value"":4,""total"":null,""title"":""Duels won""},""duel_lost"":{""value"":9,""total"":null,""title"":""Duels lost""}}",FotMob matchDetails.playerStats
2026-09-19T00:33:15+08:00,FB5039,2026-09-13T08:00+08:00,BD1,Santos,Cruzeiro,5103626,1.000,H,8514,Santos,3-4-2-1,1958443,Samuel Mendes,2,81,0,1,,,,,,,,,,,,,,,,,,,,,,,,{},FotMob matchDetails.playerStats
2026-09-19T00:33:15+08:00,FB5039,2026-09-13T08:00+08:00,BD1,Santos,Cruzeiro,5103626,1.000,H,8514,Santos,3-4-2-1,687496,Thaciano,2,16,0,1,9,,0,0,0.03,,1,1,0,,1,,3,,0,0,0,1,1,,,,,"{""minutes_played"":{""value"":9,""total"":null,""title"":""Minutes played""},""goals"":{""value"":0,""total"":null,""title"":""Goals""},""assists"":{""value"":0,""total"":null,""title"":""Assists""},""expected_goals"":{""value"":0.03,""total"":null,""title"":""Expected goals (xG)""},""expected_goals_on_target_variant"":{""value"":0.1,""total"":null,""title"":""Expected goals on target (xGOT)""},""xg_and_xa"":{""value"":0.03,""total"":null,""title"":""xG + xA""},""total_shots"":{""value"":1,""total"":null,""title"":""Total shots""},""accurate_passes"":{""value"":3,""total"":3,""title"":""Accurate passes""},""chances_created"":{""value"":0,""total"":null,""title"":""Chances created""},""ShotsOnTarget"":{""value"":1,""total"":null,""title"":""Shots on target""},""ShotsOffTarget"":{""value"":0,""total"":null,""title"":""Shots off target""},""shot_accuracy"":{""value"":1,""total"":1,""title"":""Shot accuracy""},""Shotmap"":{""value"":1,""total"":null,""title"":""Shotmap""},""defensive_actions"":{""value"":0,""total"":null,""title"":""Defensive actions""},""touches"":{""value"":4,""total"":null,""title"":""Touches""},""touches_opp_box"":{""value"":1,""total"":null,""title"":""Touches in opposition box""},""passes_into_final_third"":{""value"":1,""total"":null,""title"":""Passes into final third""},""dispossessed"":{""value"":0,""total"":null,""title"":""Dispossessed""},""Offsides"":{""value"":1,""total"":null,""title"":""Offsides""},""expected_goals_non_penalty"":{""value"":0.03,""total"":null,""title"":""xG Non-penalty""},""matchstats.headers.tackles"":{""value"":0,""total"":null,""title"":""Tackles""},""shot_blocks"":{""value"":0,""total"":null,""title"":""Blocks""},""clearances"":{""value"":0,""total"":null,""title"":""Clearances""},""interceptions"":{""value"":0,""total"":null,""title"":""Interceptions""},""recoveries"":{""value"":0,""total"":null,""title"":""Recoveries""},""dribbled_past"":{""value"":0,""total"":null,""title"":""Dribbled past""},""aerials_won"":{""value"":1,""total"":2,""title"":""Aerial duels won""},""was_fouled"":{""value"":null,""total"":null,""title"":""Was fouled""},""fouls"":{""value"":0,""total"":null,""title"":""Fouls committed""},""duel_won"":{""value"":1,""total"":null,""title"":""Duels won""},""duel_lost"":{""value"":1,""total"":null,""title"":""Duels lost""}}",FotMob matchDetails.playerStats
2026-09-19T00:33:15+08:00,FB5039,2026-09-13T08:00+08:00,BD1,Santos,Cruzeiro,5103626,1.000,H,8514,Santos,3-4-2-1,305713,Willian Arão,1,15,1,0,90,7.5,0,0,0.11,0.01,1,0,0,,1,,48,,2,2,7,4,2,,,,,"{""rating_title"":{""value"":7.48,""total"":null,""title"":""FotMob rating""},""minutes_played"":{""value"":90,""total"":null,""title"":""Minutes played""},""goals"":{""value"":0,""total"":null,""title"":""Goals""},""assists"":{""value"":0,""total"":null,""title"":""Assists""},""expected_goals"":{""value"":0.11,""total"":null,""title"":""Expected goals (xG)""},""expected_goals_on_target_variant"":{""value"":null,""total"":null,""title"":""Expected goals on target (xGOT)""},""expected_assists"":{""value"":0.01,""total"":null,""title"":""Expected assists (xA)""},""xg_and_xa"":{""value"":0.12,""total"":null,""title"":""xG + xA""},""total_shots"":{""value"":1,""total"":null,""title"":""Total shots""},""accurate_passes"":{""value"":48,""total"":54,""title"":""Accurate passes""},""chances_created"":{""value"":0,""total"":null,""title"":""Chances created""},""ShotsOnTarget"":{""value"":0,""total"":null,""title"":""Shots on target""},""ShotsOffTarget"":{""value"":1,""total"":null,""title"":""Shots off target""},""shot_accuracy"":{""value"":0,""total"":1,""title"":""Shot accuracy""},""Shotmap"":{""value"":1,""total"":null,""title"":""Shotmap""},""defensive_actions"":{""value"":8,""total"":null,""title"":""Defensive actions""},""touches"":{""value"":65,""total"":null,""title"":""Touches""},""touches_opp_box"":{""value"":1,""total"":null,""title"":""Touches in opposition box""},""passes_into_final_third"":{""value"":5,""total"":null,""title"":""Passes into final third""},""long_balls_accurate"":{""value"":5,""total"":7,""title"":""Accurate long balls""},""corners"":{""value"":2,""total"":null,""title"":""Corners""},""dispossessed"":{""value"":0,""total"":null,""title"":""Dispossessed""},""Offsides"":{""value"":1,""total"":null,""title"":""Offsides""},""expected_goals_non_penalty"":{""value"":0.11,""total"":null,""title"":""xG Non-penalty""},""matchstats.headers.tackles"":{""value"":2,""total"":null,""title"":""Tackles""},""shot_blocks"":{""value"":0,""total"":null,""title"":""Blocks""},""clearances"":{""value"":4,""total"":null,""title"":""Clearances""},""headed_clearance"":{""value"":2,""total"":null,""title"":""Headed clearance""},""interceptions"":{""value"":2,""total"":null,""title"":""Interceptions""},""recoveries"":{""value"":7,""total"":null,""title"":""Recoveries""},""dribbled_past"":{""value"":1,""total"":null,""title"":""Dribbled past""},""ground_duels_won"":{""value"":2,""total"":4,""title"":""Ground duels won""},""aerials_won"":{""value"":2,""total"":2,""title"":""Aerial duels won""},""was_fouled"":{""value"":null,""total"":null,""title"":""Was fouled""},""fouls"":{""value"":1,""total"":null,""title"":""Fouls committed""},""duel_won"":{""value"":4,""total"":null,""title"":""Duels won""},""duel_lost"":{""value"":2,""total"":null,""title"":""Duels lost""}}",FotMob matchDetails.playerStats
2026-09-19T00:33:15+08:00,FB5039,2026-09-13T08:00+08:00,BD1,Santos,Cruzeiro,5103626,1.000,H,8514,Santos,3-4-2-1,528348,Éverton,2,7,1,0,74,8.2,0,0,0.3,0.09,8,2,5,,3,,43,,0,2,4,5,0,,,,,"{""rating_title"":{""value"":8.18,""total"":null,""title"":""FotMob rating""},""minutes_played"":{""value"":74,""total"":null,""title"":""Minutes played""},""goals"":{""value"":0,""total"":null,""title"":""Goals""},""assists"":{""value"":0,""total"":null,""title"":""Assists""},""expected_goals"":{""value"":0.3,""total"":null,""title"":""Expected goals (xG)""},""expected_goals_on_target_variant"":{""value"":0.39,""total"":null,""title"":""Expected goals on target (xGOT)""},""expected_assists"":{""value"":0.09,""total"":null,""title"":""Expected assists (xA)""},""xg_and_xa"":{""value"":0.39,""total"":null,""title"":""xG + xA""},""total_shots"":{""value"":8,""total"":null,""title"":""Total shots""},""accurate_passes"":{""value"":43,""total"":50,""title"":""Accurate passes""},""chances_created"":{""value"":5,""total"":null,""title"":""Chances created""},""ShotsOnTarget"":{""value"":2,""total"":null,""title"":""Shots on target""},""ShotsOffTarget"":{""value"":3,""total"":null,""title"":""Shots off target""},""blocked_shots"":{""value"":3,""total"":null,""title"":""Blocked shots""},""shot_accuracy"":{""value"":2,""total"":5,""title"":""Shot accuracy""},""Shotmap"":{""value"":1,""total"":null,""title"":""Shotmap""},""defensive_actions"":{""value"":2,""total"":null,""title"":""Defensive actions""},""touches"":{""value"":79,""total"":null,""title"":""Touches""},""touches_opp_box"":{""value"":3,""total"":null,""title"":""Touches in opposition box""},""dribbles_succeeded"":{""value"":3,""total"":5,""title"":""Successful dribbles""},""passes_into_final_third"":{""value"":8,""total"":null,""title"":""Passes into final third""},""accurate_crosses"":{""value"":0,""total"":2,""title"":""Accurate crosses""},""dispossessed"":{""value"":1,""total"":null,""title"":""Dispossessed""},""expected_goals_non_penalty"":{""value"":0.3,""total"":null,""title"":""xG Non-penalty""},""matchstats.headers.tackles"":{""value"":0,""total"":null,""title"":""Tackles""},""shot_blocks"":{""value"":0,""total"":null,""title"":""Blocks""},""clearances"":{""value"":0,""total"":null,""title"":""Clearances""},""interceptions"":{""value"":2,""total"":null,""title"":""Interceptions""},""recoveries"":{""value"":4,""total"":null,""title"":""Recoveries""},""dribbled_past"":{""value"":4,""total"":null,""title"":""Dribbled past""},""ground_duels_won"":{""value"":5,""total"":14,""title"":""Ground duels won""},""aerials_won"":{""value"":0,""total"":0,""title"":""Aerial duels won""},""was_fouled"":{""value"":2,""total"":null,""title"":""Was fouled""},""fouls"":{""value"":2,""total"":null,""title"":""Fouls committed""},""duel_won"":{""value"":5,""total"":null,""title"":""Duels won""},""duel_lost"":{""value"":9,""total"":null,""title"":""Duels lost""}}",FotMob matchDetails.playerStats
2026-09-19T00:33:15+08:00,FB5108,2026-09-13T09:00+08:00,MD1,Dorados,Tapatio,5898719,1.000,A,162404,Tapatío,3-5-2,,Axel Abraham Leyva Cortés,,61,0,1,0,,,,,,,,,,,,,,,,,,,,,,,{},FotMob matchDetails.lineup
2026-09-19T00:33:15+08:00,FB5108,2026-09-13T09:00+08:00,MD1,Dorados,Tapatio,5898719,1.000,A,162404,Tapatío,3-5-2,1660196,Carlo Soldati,35,53,1,0,0,,,,,,,,,,,,,,,,,,,,,,,{},FotMob matchDetails.lineup
2026-09-19T00:33:15+08:00,FB5108,2026-09-13T09:00+08:00,MD1,Dorados,Tapatio,5898719,1.000,A,162404,Tapatío,3-5-2,,Carlos Enrique Hernández Palomar,37,46,1,0,0,,,,,,,,,,,,,,,,,,,,,,,{},FotMob matchDetails.lineup
2026-09-19T00:33:15+08:00,FB5108,2026-09-13T09:00+08:00,MD1,Dorados,Tapatio,5898719,1.000,A,162404,Tapatío,3-5-2,,Carlos Fernando Corona Mora,79,65,1,0,0,,,,,,,,,,,,,,,,,,,,,,,{},FotMob matchDetails.lineup
2026-09-19T00:33:15+08:00,FB5108,2026-09-13T09:00+08:00,MD1,Dorados,Tapatio,5898719,1.000,A,162404,Tapatío,3-5-2,1387850,Cruz Medina,,50,0,1,0,,,,,,,,,,,,,,,,,,,,,,,{},FotMob matchDetails.lineup
2026-09-19T00:33:15+08:00,FB5108,2026-09-13T09:00+08:00,MD1,Dorados,Tapatio,5898719,1.000,A,162404,Tapatío,3-5-2,1456982,Daniel Villaseca,104,69,1,0,0,,,,,,,,,,,,,,,,,,,,,,,{},FotMob matchDetails.lineup
2026-09-19T00:33:15+08:00,FB5108,2026-09-13T09:00+08:00,MD1,Dorados,Tapatio,5898719,1.000,A,162404,Tapatío,3-5-2,1678158,Diego Latorre,,64,0,1,0,,,,,,,,,,,,,,,,,,,,,,,{},FotMob matchDetails.lineup
2026-09-19T00:33:15+08:00,FB5108,2026-09-13T09:00+08:00,MD1,Dorados,Tapatio,5898719,1.000,A,162404,Tapatío,3-5-2,1253263,Diego Rosales,,195,0,1,0,,,,,,,,,,,,,,,,,,,,,,,{},FotMob matchDetails.lineup
2026-09-19T00:33:15+08:00,FB5108,2026-09-13T09:00+08:00,MD1,Dorados,Tapatio,5898719,1.000,A,162404,Tapatío,3-5-2,1432423,Eduardo García,11,45,1,0,0,,,,,,,,,,,,,,,,,,,,,,,{},FotMob matchDetails.lineup
2026-09-19T00:33:15+08:00,FB5108,2026-09-13T09:00+08:00,MD1,Dorados,Tapatio,5898719,1.000,A,162404,Tapatío,3-5-2,1432388,Gael García,73,47,1,0,0,,,,,,,,,,,,,,,,,,,,,,,{},FotMob matchDetails.lineup
2026-09-19T00:33:15+08:00,FB5108,2026-09-13T09:00+08:00,MD1,Dorados,Tapatio,5898719,1.000,A,162404,Tapatío,3-5-2,1678155,Juan Uribe,,58,0,1,0,,,,,,,,,,,,,,,,,,,,,,,{},FotMob matchDetails.lineup
2026-09-19T00:33:15+08:00,FB5108,2026-09-13T09:00+08:00,MD1,Dorados,Tapatio,5898719,1.000,A,162404,Tapatío,3-5-2,1455515,Leonardo Jiménez,71,48,1,0,0,,,,,,,,,,,,,,,,,,,,,,,{},FotMob matchDetails.lineup
2026-09-19T00:33:15+08:00,FB5108,2026-09-13T09:00+08:00,MD1,Dorados,Tapatio,5898719,1.000,A,162404,Tapatío,3-5-2,,Leonel Calderón Oviedo,,182,0,1,0,,,,,,,,,,,,,,,,,,,,,,,{},FotMob matchDetails.lineup
2026-09-19T00:33:15+08:00,FB5108,2026-09-13T09:00+08:00,MD1,Dorados,Tapatio,5898719,1.000,A,162404,Tapatío,3-5-2,1603854,Luis Ledesma,75,60,1,0,0,,,,,,,,,,,,,,,,,,,,,,,{},FotMob matchDetails.lineup
2026-09-19T00:33:15+08:00,FB5108,2026-09-13T09:00+08:00,MD1,Dorados,Tapatio,5898719,1.000,A,162404,Tapatío,3-5-2,1516023,Matías Cendejas,,63,0,1,0,,,,,,,,,,,,,,,,,,,,,,,{},FotMob matchDetails.lineup
2026-09-19T00:33:15+08:00,FB5108,2026-09-13T09:00+08:00,MD1,Dorados,Tapatio,5898719,1.000,A,162404,Tapatío,3-5-2,1705690,Raúl Nuño,,54,0,1,0,,,,,,,,,,,,,,,,,,,,,,,{},FotMob matchDetails.lineup
2026-09-19T00:33:15+08:00,FB5108,2026-09-13T09:00+08:00,MD1,Dorados,Tapatio,5898719,1.000,A,162404,Tapatío,3-5-2,1232295,Rodrigo Parra,33,43,1,0,0,,,,,,,,,,,,,,,,,,,,,,,{},FotMob matchDetails.lineup
2026-09-19T00:33:15+08:00,FB5108,2026-09-13T09:00+08:00,MD1,Dorados,Tapatio,5898719,1.000,A,162404,Tapatío,3-5-2,1125520,Saúl Zamora,77,44,1,0,0,,,,,,,,,,,,,,,,,,,,,,,{},FotMob matchDetails.lineup
2026-09-19T00:33:15+08:00,FB5108,2026-09-13T09:00+08:00,MD1,Dorados,Tapatio,5898719,1.000,A,162404,Tapatío,3-5-2,,Sebastián Maximiliano Esparza Go,,55,0,1,0,,,,,,,,,,,,,,,,,,,,,,,{},FotMob matchDetails.lineup
2026-09-19T00:33:15+08:00,FB5108,2026-09-13T09:00+08:00,MD1,Dorados,Tapatio,5898719,1.000,A,162404,Tapatío,3-5-2,1041260,Vladimir Moragrega,106,49,1,0,0,,,,,,,,,,,,,,,,,,,,,,,{},FotMob matchDetails.lineup
2026-09-19T00:33:15+08:00,FB5108,2026-09-13T09:00+08:00,MD1,Dorados,Tapatio,5898719,1.000,H,2034,Dorados,4-4-2,1306879,Abraham Flores,,5,0,1,0,,,,,,,,,,,,,,,,,,,,,,,{},FotMob matchDetails.lineup
2026-09-19T00:33:15+08:00,FB5108,2026-09-13T09:00+08:00,MD1,Dorados,Tapatio,5898719,1.000,H,2034,Dorados,4-4-2,1504441,Arath Egaña,,12,0,1,0,,,,,,,,,,,,,,,,,,,,,,,{},FotMob matchDetails.lineup
2026-09-19T00:33:15+08:00,FB5108,2026-09-13T09:00+08:00,MD1,Dorados,Tapatio,5898719,1.000,H,2034,Dorados,4-4-2,1385338,Benjamín Sánchez,106,23,1,0,0,,,,,,,,,,,,,,,,,,,,,,,{},FotMob matchDetails.lineup
2026-09-19T00:33:15+08:00,FB5108,2026-09-13T09:00+08:00,MD1,Dorados,Tapatio,5898719,1.000,H,2034,Dorados,4-4-2,1466654,Carlos Galicia,,8,0,1,0,,,,,,,,,,,,,,,,,,,,,,,{},FotMob matchDetails.lineup
2026-09-19T00:33:15+08:00,FB5108,2026-09-13T09:00+08:00,MD1,Dorados,Tapatio,5898719,1.000,H,2034,Dorados,4-4-2,1222038,Christian Leyva,72,15,1,0,0,,,,,,,,,,,,,,,,,,,,,,,{},FotMob matchDetails.lineup
2026-09-19T00:33:15+08:00,FB5108,2026-09-13T09:00+08:00,MD1,Dorados,Tapatio,5898719,1.000,H,2034,Dorados,4-4-2,1722600,Christopher Castro,36,32,1,0,0,,,,,,,,,,,,,,,,,,,,,,,{},FotMob matchDetails.lineup
2026-09-19T00:33:15+08:00,FB5108,2026-09-13T09:00+08:00,MD1,Dorados,Tapatio,5898719,1.000,H,2034,Dorados,4-4-2,1438371,David Osuna,32,20,1,0,0,,,,,,,,,,,,,,,,,,,,,,,{},FotMob matchDetails.lineup
2026-09-19T00:33:15+08:00,FB5108,2026-09-13T09:00+08:00,MD1,Dorados,Tapatio,5898719,1.000,H,2034,Dorados,4-4-2,,Dylan Armando Guajardo Garza,104,6,1,0,0,,,,,,,,,,,,,,,,,,,,,,,{},FotMob matchDetails.lineup
2026-09-19T00:33:15+08:00,FB5108,2026-09-13T09:00+08:00,MD1,Dorados,Tapatio,5898719,1.000,H,2034,Dorados,4-4-2,1410518,Fernando González,78,17,1,0,0,,,,,,,,,,,,,,,,,,,,,,,{},FotMob matchDetails.lineup
2026-09-19T00:33:15+08:00,FB5108,2026-09-13T09:00+08:00,MD1,Dorados,Tapatio,5898719,1.000,H,2034,Dorados,4-4-2,1023023,Francisco Contreras,76,11,1,0,0,,,,,,,,,,,,,,,,,,,,,,,{},FotMob matchDetails.lineup
2026-09-19T00:33:15+08:00,FB5108,2026-09-13T09:00+08:00,MD1,Dorados,Tapatio,5898719,1.000,H,2034,Dorados,4-4-2,1851538,Germán Padilla,74,13,1,0,0,,,,,,,,,,,,,,,,,,,,,,,{},FotMob matchDetails.lineup
2026-09-19T00:33:15+08:00,FB5108,2026-09-13T09:00+08:00,MD1,Dorados,Tapatio,5898719,1.000,H,2034,Dorados,4-4-2,,Ismael Flores Díaz,,34,0,1,0,,,,,,,,,,,,,,,,,,,,,,,{},FotMob matchDetails.lineup
2026-09-19T00:33:15+08:00,FB5108,2026-09-13T09:00+08:00,MD1,Dorados,Tapatio,5898719,1.000,H,2034,Dorados,4-4-2,1504442,Jaime Álvarez,,7,0,1,0,,,,,,,,,,,,,,,,,,,,,,,{},FotMob matchDetails.lineup
2026-09-19T00:33:15+08:00,FB5108,2026-09-13T09:00+08:00,MD1,Dorados,Tapatio,5898719,1.000,H,2034,Dorados,4-4-2,1605768,José Castro,11,21,1,0,0,,,,,,,,,,,,,,,,,,,,,,,{},FotMob matchDetails.lineup
2026-09-19T00:33:15+08:00,FB5108,2026-09-13T09:00+08:00,MD1,Dorados,Tapatio,5898719,1.000,H,2034,Dorados,4-4-2,1277926,Leonardo Vargas,,10,0,1,0,,,,,,,,,,,,,,,,,,,,,,,{},FotMob matchDetails.lineup
2026-09-19T00:33:15+08:00,FB5108,2026-09-13T09:00+08:00,MD1,Dorados,Tapatio,5898719,1.000,H,2034,Dorados,4-4-2,,Marcos Rodrigo Flores Quintero,,27,0,1,0,,,,,,,,,,,,,,,,,,,,,,,{},FotMob matchDetails.lineup
2026-09-19T00:33:15+08:00,FB5108,2026-09-13T09:00+08:00,MD1,Dorados,Tapatio,5898719,1.000,H,2034,Dorados,4-4-2,,Oscar Daniel Coronel Arzamendia,,29,0,1,0,,,,,,,,,,,,,,,,,,,,,,,{},FotMob matchDetails.lineup
2026-09-19T00:33:15+08:00,FB5108,2026-09-13T09:00+08:00,MD1,Dorados,Tapatio,5898719,1.000,H,2034,Dorados,4-4-2,1531522,Ramiro Franco,34,4,1,0,0,,,,,,,,,,,,,,,,,,,,,,,{},FotMob matchDetails.lineup
2026-09-19T00:33:15+08:00,FB5108,2026-09-13T09:00+08:00,MD1,Dorados,Tapatio,5898719,1.000,H,2034,Dorados,4-4-2,,Sebastián de Jesús Cervantes Sob,38,18,1,0,0,,,,,,,,,,,,,,,,,,,,,,,{},FotMob matchDetails.lineup
2026-09-19T00:33:15+08:00,FB5108,2026-09-13T09:00+08:00,MD1,Dorados,Tapatio,5898719,1.000,H,2034,Dorados,4-4-2,,Willian González Rodríguez,,22,0,1,0,,,,,,,,,,,,,,,,,,,,,,,{},FotMob matchDetails.lineup
2026-09-19T00:33:15+08:00,FB5108,2026-09-13T09:00+08:00,MD1,Dorados,Tapatio,5898719,1.000,H,2034,Dorados,4-4-2,915651,Édson Gutiérrez,,26,0,1,0,,,,,,,,,,,,,,,,,,,,,,,{},FotMob matchDetails.lineup
2026-09-19T00:33:15+08:00,FB4867,2026-09-13T17:00+08:00,JD2,Albirex Niigata,Montedio Yamagata,5836257,1.000,A,164720,Montedio Yamagata,4-2-1-3,1134735,Akira Disaro,,11,0,1,0,,,,,,,,,,,,,,,,,,,,,,,{},FotMob matchDetails.lineup
2026-09-19T00:33:15+08:00,FB4867,2026-09-13T17:00+08:00,JD2,Albirex Niigata,Montedio Yamagata,5836257,1.000,A,164720,Montedio Yamagata,4-2-1-3,922810,Ayumu Kawai,32,15,1,0,0,,,,,,,,,,,,,,,,,,,,,,,{},FotMob matchDetails.lineup
2026-09-19T00:33:15+08:00,FB4867,2026-09-13T17:00+08:00,JD2,Albirex Niigata,Montedio Yamagata,5836257,1.000,A,164720,Montedio Yamagata,4-2-1-3,1232244,Dong-Hee Lee,,2,0,1,0,,,,,,,,,,,,,,,,,,,,,,,{},FotMob matchDetails.lineup
2026-09-19T00:33:15+08:00,FB4867,2026-09-13T17:00+08:00,JD2,Albirex Niigata,Montedio Yamagata,5836257,1.000,A,164720,Montedio Yamagata,4-2-1-3,1057004,Hayate Sugii,38,5,1,0,0,,,,,,,,,,,,,,,,,,,,,,,{},FotMob matchDetails.lineup
2026-09-19T00:33:15+08:00,FB4867,2026-09-13T17:00+08:00,JD2,Albirex Niigata,Montedio Yamagata,5836257,1.000,A,164720,Montedio Yamagata,4-2-1-3,1099803,Hiroya Nodake,64,13,1,0,0,,,,,,,,,,,,,,,,,,,,,,,{},FotMob matchDetails.lineup
2026-09-19T00:33:15+08:00,FB4867,2026-09-13T17:00+08:00,JD2,Albirex Niigata,Montedio Yamagata,5836257,1.000,A,164720,Montedio Yamagata,4-2-1-3,1117965,Junya Takahashi,105,9,1,0,0,,,,,,,,,,,,,,,,,,,,,,,{},FotMob matchDetails.lineup
2026-09-19T00:33:15+08:00,FB4867,2026-09-13T17:00+08:00,JD2,Albirex Niigata,Montedio Yamagata,5836257,1.000,A,164720,Montedio Yamagata,4-2-1-3,855030,Kaina Yoshio,,20,0,1,0,,,,,,,,,,,,,,,,,,,,,,,{},FotMob matchDetails.lineup
2026-09-19T00:33:15+08:00,FB4867,2026-09-13T17:00+08:00,JD2,Albirex Niigata,Montedio Yamagata,5836257,1.000,A,164720,Montedio Yamagata,4-2-1-3,1336962,Kaito Mori,,39,0,1,0,,,,,,,,,,,,,,,,,,,,,,,{},FotMob matchDetails.lineup
2026-09-19T00:33:15+08:00,FB4867,2026-09-13T17:00+08:00,JD2,Albirex Niigata,Montedio Yamagata,5836257,1.000,A,164720,Montedio Yamagata,4-2-1-3,1337441,Kazuma Okamoto,,19,0,1,0,,,,,,,,,,,,,,,,,,,,,,,{},FotMob matchDetails.lineup
2026-09-19T00:33:15+08:00,FB4867,2026-09-13T17:00+08:00,JD2,Albirex Niigata,Montedio Yamagata,5836257,1.000,A,164720,Montedio Yamagata,4-2-1-3,1404554,Keigo Enomoto,107,27,1,0,0,,,,,,,,,,,,,,,,,,,,,,,{},FotMob matchDetails.lineup
2026-09-19T00:33:15+08:00,FB4867,2026-09-13T17:00+08:00,JD2,Albirex Niigata,Montedio Yamagata,5836257,1.000,A,164720,Montedio Yamagata,4-2-1-3,1337006,Kiriya Sakamoto,36,49,1,0,0,,,,,,,,,,,,,,,,,,,,,,,{},FotMob matchDetails.lineup
2026-09-19T00:33:15+08:00,FB4867,2026-09-13T17:00+08:00,JD2,Albirex Niigata,Montedio Yamagata,5836257,1.000,A,164720,Montedio Yamagata,4-2-1-3,924317,Ko Hasegawa,,16,0,1,0,,,,,,,,,,,,,,,,,,,,,,,{},FotMob matchDetails.lineup
2026-09-19T00:33:15+08:00,FB4867,2026-09-13T17:00+08:00,JD2,Albirex Niigata,Montedio Yamagata,5836257,1.000,A,164720,Montedio Yamagata,4-2-1-3,1082263,Riku Morioka,34,38,1,0,0,,,,,,,,,,,,,,,,,,,,,,,{},FotMob matchDetails.lineup
2026-09-19T00:33:15+08:00,FB4867,2026-09-13T17:00+08:00,JD2,Albirex Niigata,Montedio Yamagata,5836257,1.000,A,164720,Montedio Yamagata,4-2-1-3,1900518,Rikuto Sato,11,34,1,0,0,,,,,,,,,,,,,,,,,,,,,,,{},FotMob matchDetails.lineup
2026-09-19T00:33:15+08:00,FB4867,2026-09-13T17:00+08:00,JD2,Albirex Niigata,Montedio Yamagata,5836257,1.000,A,164720,Montedio Yamagata,4-2-1-3,1337005,Rui Yokoyama,,18,0,1,0,,,,,,,,,,,,,,,,,,,,,,,{},FotMob matchDetails.lineup
2026-09-19T00:33:15+08:00,FB4867,2026-09-13T17:00+08:00,JD2,Albirex Niigata,Montedio Yamagata,5836257,1.000,A,164720,Montedio Yamagata,4-2-1-3,1134725,Ryoma Kida,103,10,1,0,0,,,,,,,,,,,,,,,,,,,,,,,{},FotMob matchDetails.lineup
2026-09-19T00:33:15+08:00,FB4867,2026-09-13T17:00+08:00,JD2,Albirex Niigata,Montedio Yamagata,5836257,1.000,A,164720,Montedio Yamagata,4-2-1-3,1134718,Ryotaro Nakamura,66,7,1,0,0,,,,,,,,,,,,,,,,,,,,,,,{},FotMob matchDetails.lineup
2026-09-19T00:33:15+08:00,FB4867,2026-09-13T17:00+08:00,JD2,Albirex Niigata,Montedio Yamagata,5836257,1.000,A,164720,Montedio Yamagata,4-2-1-3,830912,Shintaro Kokubu,,25,0,1,0,,,,,,,,,,,,,,,,,,,,,,,{},FotMob matchDetails.lineup
2026-09-19T00:33:15+08:00,FB4867,2026-09-13T17:00+08:00,JD2,Albirex Niigata,Montedio Yamagata,5836257,1.000,A,164720,Montedio Yamagata,4-2-1-3,290097,Shoma Doi,85,8,1,0,0,,,,,,,,,,,,,,,,,,,,,,,{},FotMob matchDetails.lineup
2026-09-19T00:33:15+08:00,FB4867,2026-09-13T17:00+08:00,JD2,Albirex Niigata,Montedio Yamagata,5836257,1.000,A,164720,Montedio Yamagata,4-2-1-3,1270693,Tsubasa Terayama,,17,0,1,0,,,,,,,,,,,,,,,,,,,,,,,{},FotMob matchDetails.lineup
2026-09-19T00:33:15+08:00,FB4867,2026-09-13T17:00+08:00,JD2,Albirex Niigata,Montedio Yamagata,5836257,1.000,H,4425,Albirex Niigata,4-2-3-1,1611910,Chihiro Konagaya,87,14,1,0,0,,,,,,,,,,,,,,,,,,,,,,,{},FotMob matchDetails.lineup
2026-09-19T00:33:15+08:00,FB4867,2026-09-13T17:00+08:00,JD2,Albirex Niigata,Montedio Yamagata,5836257,1.000,H,4425,Albirex Niigata,4-2-3-1,648461,Eiji Shirai,66,8,1,0,0,,,,,,,,,,,,,,,,,,,,,,,{},FotMob matchDetails.lineup
2026-09-19T00:33:15+08:00,FB4867,2026-09-13T17:00+08:00,JD2,Albirex Niigata,Montedio Yamagata,5836257,1.000,H,4425,Albirex Niigata,4-2-3-1,727396,Fumiya Hayakawa,32,15,1,0,0,,,,,,,,,,,,,,,,,,,,,,,{},FotMob matchDetails.lineup
2026-09-19T00:33:15+08:00,FB4867,2026-09-13T17:00+08:00,JD2,Albirex Niigata,Montedio Yamagata,5836257,1.000,H,4425,Albirex Niigata,4-2-3-1,637570,Iury Castilho,,9,0,1,0,,,,,,,,,,,,,,,,,,,,,,,{},FotMob matchDetails.lineup
2026-09-19T00:33:15+08:00,FB4867,2026-09-13T17:00+08:00,JD2,Albirex Niigata,Montedio Yamagata,5836257,1.000,H,4425,Albirex Niigata,4-2-3-1,418799,Jason Geria,34,2,1,0,0,,,,,,,,,,,,,,,,,,,,,,,{},FotMob matchDetails.lineup
2026-09-19T00:33:15+08:00,FB4867,2026-09-13T17:00+08:00,JD2,Albirex Niigata,Montedio Yamagata,5836257,1.000,H,4425,Albirex Niigata,4-2-3-1,824470,Kakeru Funaki,36,77,1,0,0,,,,,,,,,,,,,,,,,,,,,,,{},FotMob matchDetails.lineup
2026-09-19T00:33:15+08:00,FB4867,2026-09-13T17:00+08:00,JD2,Albirex Niigata,Montedio Yamagata,5836257,1.000,H,4425,Albirex Niigata,4-2-3-1,1655902,Kanji Kuwayama,115,32,1,0,0,,,,,,,,,,,,,,,,,,,,,,,{},FotMob matchDetails.lineup
2026-09-19T00:33:15+08:00,FB4867,2026-09-13T17:00+08:00,JD2,Albirex Niigata,Montedio Yamagata,5836257,1.000,H,4425,Albirex Niigata,4-2-3-1,1305385,Kazuyoshi Shimabuku,83,17,1,0,0,,,,,,,,,,,,,,,,,,,,,,,{},FotMob matchDetails.lineup
2026-09-19T00:33:15+08:00,FB4867,2026-09-13T17:00+08:00,JD2,Albirex Niigata,Montedio Yamagata,5836257,1.000,H,4425,Albirex Niigata,4-2-3-1,1714890,Keisuke Kasai,85,6,1,0,0,,,,,,,,,,,,,,,,,,,,,,,{},FotMob matchDetails.lineup
2026-09-19T00:33:15+08:00,FB4867,2026-09-13T17:00+08:00,JD2,Albirex Niigata,Montedio Yamagata,5836257,1.000,H,4425,Albirex Niigata,4-2-3-1,1462830,Matheus Moraes,,55,0,1,0,,,,,,,,,,,,,,,,,,,,,,,{},FotMob matchDetails.lineup
2026-09-19T00:33:15+08:00,FB4867,2026-09-13T17:00+08:00,JD2,Albirex Niigata,Montedio Yamagata,5836257,1.000,H,4425,Albirex Niigata,4-2-3-1,115837,Michael James Fitzgerald,,5,0,1,0,,,,,,,,,,,,,,,,,,,,,,,{},FotMob matchDetails.lineup
2026-09-19T00:33:15+08:00,FB4867,2026-09-13T17:00+08:00,JD2,Albirex Niigata,Montedio Yamagata,5836257,1.000,H,4425,Albirex Niigata,4-2-3-1,1719932,Mihiro Sato,38,26,1,0,0,,,,,,,,,,,,,,,,,,,,,,,{},FotMob matchDetails.lineup
2026-09-19T00:33:15+08:00,FB4867,2026-09-13T17:00+08:00,JD2,Albirex Niigata,Montedio Yamagata,5836257,1.000,H,4425,Albirex Niigata,4-2-3-1,769441,Noam Baumann,11,46,1,0,0,,,,,,,,,,,,,,,,,,,,,,,{},FotMob matchDetails.lineup
2026-09-19T00:33:15+08:00,FB4867,2026-09-13T17:00+08:00,JD2,Albirex Niigata,Montedio Yamagata,5836257,1.000,H,4425,Albirex Niigata,4-2-3-1,1262117,Ryosuke Maeda,64,70,1,0,0,,,,,,,,,,,,,,,,,,,,,,,{},FotMob matchDetails.lineup
2026-09-19T00:33:15+08:00,FB4867,2026-09-13T17:00+08:00,JD2,Albirex Niigata,Montedio Yamagata,5836257,1.000,H,4425,Albirex Niigata,4-2-3-1,1714891,Shota Uchiyama,,71,0,1,0,,,,,,,,,,,,,,,,,,,,,,,{},FotMob matchDetails.lineup
2026-09-19T00:33:15+08:00,FB4867,2026-09-13T17:00+08:00,JD2,Albirex Niigata,Montedio Yamagata,5836257,1.000,H,4425,Albirex Niigata,4-2-3-1,1388014,Taiki Arai,,22,0,1,0,,,,,,,,,,,,,,,,,,,,,,,{},FotMob matchDetails.lineup
2026-09-19T00:33:15+08:00,FB4867,2026-09-13T17:00+08:00,JD2,Albirex Niigata,Montedio Yamagata,5836257,1.000,H,4425,Albirex Niigata,4-2-3-1,1636019,Tetsuya Kato,,3,0,1,0,,,,,,,,,,,,,,,,,,,,,,,{},FotMob matchDetails.lineup
2026-09-19T00:33:15+08:00,FB4867,2026-09-13T17:00+08:00,JD2,Albirex Niigata,Montedio Yamagata,5836257,1.000,H,4425,Albirex Niigata,4-2-3-1,1054904,Yamato Wakatsuki,,18,0,1,0,,,,,,,,,,,,,,,,,,,,,,,{},FotMob matchDetails.lineup
2026-09-19T00:33:15+08:00,FB4867,2026-09-13T17:00+08:00,JD2,Albirex Niigata,Montedio Yamagata,5836257,1.000,H,4425,Albirex Niigata,4-2-3-1,728446,Yuji Hoshi,,19,0,1,0,,,,,,,,,,,,,,,,,,,,,,,{},FotMob matchDetails.lineup
2026-09-19T00:33:15+08:00,FB4867,2026-09-13T17:00+08:00,JD2,Albirex Niigata,Montedio Yamagata,5836257,1.000,H,4425,Albirex Niigata,4-2-3-1,1611399,Yusuke Onishi,,7,0,1,0,,,,,,,,,,,,,,,,,,,,,,,{},FotMob matchDetails.lineup
2026-09-19T00:29:10+08:00,FB5074,2026-09-13T22:00+08:00,BFL,Genk,AA Gent,5811761,0.970,A,9991,KAA Gent,3-4-2-1,1120987,Abdelkahar Kadri,2,37,0,1,10,6.5,0,0,,0.01,,,2,,0,,4,,0,0,0,1,1,,,,,"{""rating_title"":{""value"":6.47,""total"":null,""title"":""FotMob rating""},""minutes_played"":{""value"":10,""total"":null,""title"":""Minutes played""},""goals"":{""value"":0,""total"":null,""title"":""Goals""},""assists"":{""value"":0,""total"":null,""title"":""Assists""},""expected_assists"":{""value"":0.01,""total"":null,""title"":""Expected assists (xA)""},""xg_and_xa"":{""value"":0.01,""total"":null,""title"":""xG + xA""},""accurate_passes"":{""value"":4,""total"":5,""title"":""Accurate passes""},""chances_created"":{""value"":2,""total"":null,""title"":""Chances created""},""Shotmap"":{""value"":0,""total"":null,""title"":""Shotmap""},""defensive_actions"":{""value"":3,""total"":null,""title"":""Defensive actions""},""touches"":{""value"":8,""total"":null,""title"":""Touches""},""touches_opp_box"":{""value"":0,""total"":null,""title"":""Touches in opposition box""},""dispossessed"":{""value"":0,""total"":null,""title"":""Dispossessed""},""matchstats.headers.tackles"":{""value"":0,""total"":null,""title"":""Tackles""},""shot_blocks"":{""value"":1,""total"":null,""title"":""Blocks""},""clearances"":{""value"":2,""total"":null,""title"":""Clearances""},""headed_clearance"":{""value"":1,""total"":null,""title"":""Headed clearance""},""interceptions"":{""value"":0,""total"":null,""title"":""Interceptions""},""recoveries"":{""value"":0,""total"":null,""title"":""Recoveries""},""dribbled_past"":{""value"":1,""total"":null,""title"":""Dribbled past""},""ground_duels_won"":{""value"":0,""total"":1,""title"":""Ground duels won""},""aerials_won"":{""value"":1,""total"":1,""title"":""Aerial duels won""},""was_fouled"":{""value"":null,""total"":null,""title"":""Was fouled""},""fouls"":{""value"":0,""total"":null,""title"":""Fouls committed""},""duel_won"":{""value"":1,""total"":null,""title"":""Duels won""},""duel_lost"":{""value"":1,""total"":null,""title"":""Duels lost""}}",FotMob matchDetails.playerStats
2026-09-19T00:29:10+08:00,FB5074,2026-09-13T22:00+08:00,BFL,Genk,AA Gent,5811761,0.970,A,9991,KAA Gent,3-4-2-1,1605574,Abdoul Ayindé,1,39,0,1,,,,,,,,,,,,,,,,,,,,,,,,{},FotMob matchDetails.playerStats
2026-09-19T00:29:10+08:00,FB5074,2026-09-13T22:00+08:00,BFL,Genk,AA Gent,5811761,0.970,A,9991,Gent,3-4-2-1,1719283,Bas Evers,,31,0,1,0,,,,,,,,,,,,,,,,,,,,,,,{},FotMob matchDetails.lineup
2026-09-19T00:29:10+08:00,FB5074,2026-09-13T22:00+08:00,BFL,Genk,AA Gent,5811761,0.970,A,9991,KAA Gent,3-4-2-1,332300,Christian Burgess,1,16,1,0,90,7.4,0,0,,0.03,,,1,,4,,38,,1,0,2,2,1,,,,,"{""rating_title"":{""value"":7.35,""total"":null,""title"":""FotMob rating""},""minutes_played"":{""value"":90,""total"":null,""title"":""Minutes played""},""goals"":{""value"":0,""total"":null,""title"":""Goals""},""assists"":{""value"":0,""total"":null,""title"":""Assists""},""expected_assists"":{""value"":0.03,""total"":null,""title"":""Expected assists (xA)""},""xg_and_xa"":{""value"":0.03,""total"":null,""title"":""xG + xA""},""accurate_passes"":{""value"":38,""total"":43,""title"":""Accurate passes""},""chances_created"":{""value"":1,""total"":null,""title"":""Chances created""},""Shotmap"":{""value"":0,""total"":null,""title"":""Shotmap""},""defensive_actions"":{""value"":12,""total"":null,""title"":""Defensive actions""},""touches"":{""value"":57,""total"":null,""title"":""Touches""},""touches_opp_box"":{""value"":4,""total"":null,""title"":""Touches in opposition box""},""passes_into_final_third"":{""value"":2,""total"":null,""title"":""Passes into final third""},""long_balls_accurate"":{""value"":4,""total"":5,""title"":""Accurate long balls""},""dispossessed"":{""value"":0,""total"":null,""title"":""Dispossessed""},""matchstats.headers.tackles"":{""value"":1,""total"":null,""title"":""Tackles""},""shot_blocks"":{""value"":0,""total"":null,""title"":""Blocks""},""clearances"":{""value"":11,""total"":null,""title"":""Clearances""},""headed_clearance"":{""value"":8,""total"":null,""title"":""Headed clearance""},""interceptions"":{""value"":0,""total"":null,""title"":""Interceptions""},""recoveries"":{""value"":2,""total"":null,""title"":""Recoveries""},""dribbled_past"":{""value"":0,""total"":null,""title"":""Dribbled past""},""ground_duels_won"":{""value"":1,""total"":1,""title"":""Ground duels won""},""aerials_won"":{""value"":1,""total"":1,""title"":""Aerial duels won""},""was_fouled"":{""value"":null,""total"":null,""title"":""Was fouled""},""fouls"":{""value"":0,""total"":null,""title"":""Fouls committed""},""duel_won"":{""value"":2,""total"":null,""title"":""Duels won""}}",FotMob matchDetails.playerStats
2026-09-19T00:29:10+08:00,FB5074,2026-09-13T22:00+08:00,BFL,Genk,AA Gent,5811761,0.970,A,9991,KAA Gent,3-4-2-1,245599,Davy Roef,11,33,1,0,90,7,,,,,,,,,,,20,,0,0,9,,,5,-0.14,,,"{""rating_title"":{""value"":6.99,""total"":null,""title"":""FotMob rating""},""minutes_played"":{""value"":90,""total"":null,""title"":""Minutes played""},""saves"":{""value"":5,""total"":null,""title"":""Saves""},""goals_conceded"":{""value"":1,""total"":null,""title"":""Goals conceded""},""expected_goals_on_target_faced"":{""value"":0.86,""total"":null,""title"":""xGOT faced""},""goals_prevented"":{""value"":-0.14,""total"":null,""title"":""Goals prevented""},""Shotmap"":{""value"":1,""total"":null,""title"":""Shotmap""},""accurate_passes"":{""value"":20,""total"":27,""title"":""Accurate passes""},""long_balls_accurate"":{""value"":8,""total"":15,""title"":""Accurate long balls""},""keeper_diving_save"":{""value"":1,""total"":null,""title"":""Diving save""},""saves_inside_box"":{""value"":1,""total"":null,""title"":""Saves inside box""},""keeper_sweeper"":{""value"":1,""total"":null,""title"":""Acted as sweeper""},""punches"":{""value"":0,""total"":null,""title"":""Punches""},""player_throws"":{""value"":4,""total"":null,""title"":""Throws""},""keeper_high_claim"":{""value"":1,""total"":null,""title"":""High claim""},""recoveries"":{""value"":9,""total"":null,""title"":""Recoveries""},""clearances"":{""value"":1,""total"":null,""title"":""Clearances""},""touches"":{""value"":39,""total"":null,""title"":""Touches""},""defensive_actions"":{""value"":1,""total"":null,""title"":""Defensive actions""},""was_fouled"":{""value"":null,""total"":null,""title"":""Was fouled""},""fouls"":{""value"":0,""total"":null,""title"":""Fouls committed""},""matchstats.headers.tackles"":{""value"":0,""total"":null,""title"":""Tackles""},""interceptions"":{""value"":0,""total"":null,""title"":""Interceptions""}}",FotMob matchDetails.playerStats
2026-09-19T00:29:10+08:00,FB5074,2026-09-13T22:00+08:00,BFL,Genk,AA Gent,5811761,0.970,A,9991,KAA Gent,3-4-2-1,1798011,El Hadji Seck,3,59,0,1,10,6.1,0,0,,,,,0,,0,,1,,0,0,0,1,1,,,,,"{""rating_title"":{""value"":6.11,""total"":null,""title"":""FotMob rating""},""minutes_played"":{""value"":10,""total"":null,""title"":""Minutes played""},""goals"":{""value"":0,""total"":null,""title"":""Goals""},""assists"":{""value"":0,""total"":null,""title"":""Assists""},""accurate_passes"":{""value"":1,""total"":2,""title"":""Accurate passes""},""chances_created"":{""value"":0,""total"":null,""title"":""Chances created""},""Shotmap"":{""value"":0,""total"":null,""title"":""Shotmap""},""defensive_actions"":{""value"":0,""total"":null,""title"":""Defensive actions""},""touches"":{""value"":2,""total"":null,""title"":""Touches""},""touches_opp_box"":{""value"":0,""total"":null,""title"":""Touches in opposition box""},""dispossessed"":{""value"":0,""total"":null,""title"":""Dispossessed""},""Offsides"":{""value"":1,""total"":null,""title"":""Offsides""},""matchstats.headers.tackles"":{""value"":0,""total"":null,""title"":""Tackles""},""shot_blocks"":{""value"":0,""total"":null,""title"":""Blocks""},""clearances"":{""value"":0,""total"":null,""title"":""Clearances""},""interceptions"":{""value"":0,""total"":null,""title"":""Interceptions""},""recoveries"":{""value"":0,""total"":null,""title"":""Recoveries""},""dribbled_past"":{""value"":0,""total"":null,""title"":""Dribbled past""},""aerials_won"":{""value"":1,""total"":1,""title"":""Aerial duels won""},""was_fouled"":{""value"":null,""total"":null,""title"":""Was fouled""},""fouls"":{""value"":0,""total"":null,""title"":""Fouls committed""},""duel_won"":{""value"":1,""total"":null,""title"":""Duels won""}}",FotMob matchDetails.playerStats
2026-09-19T00:29:10+08:00,FB5074,2026-09-13T22:00+08:00,BFL,Genk,AA Gent,5811761,0.970,A,9991,KAA Gent,3-4-2-1,1666324,Hyllarion Goore,3,45,0,1,10,6,0,0,0.03,,1,0,0,,1,,1,,0,0,0,,0,,,,,"{""rating_title"":{""value"":6.01,""total"":null,""title"":""FotMob rating""},""minutes_played"":{""value"":10,""total"":null,""title"":""Minutes played""},""goals"":{""value"":0,""total"":null,""title"":""Goals""},""assists"":{""value"":0,""total"":null,""title"":""Assists""},""expected_goals"":{""value"":0.03,""total"":null,""title"":""Expected goals (xG)""},""expected_goals_on_target_variant"":{""value"":null,""total"":null,""title"":""Expected goals on target (xGOT)""},""xg_and_xa"":{""value"":0.03,""total"":null,""title"":""xG + xA""},""total_shots"":{""value"":1,""total"":null,""title"":""Total shots""},""accurate_passes"":{""value"":1,""total"":2,""title"":""Accurate passes""},""chances_created"":{""value"":0,""total"":null,""title"":""Chances created""},""ShotsOnTarget"":{""value"":0,""total"":null,""title"":""Shots on target""},""ShotsOffTarget"":{""value"":1,""total"":null,""title"":""Shots off target""},""shot_accuracy"":{""value"":0,""total"":1,""title"":""Shot accuracy""},""Shotmap"":{""value"":1,""total"":null,""title"":""Shotmap""},""defensive_actions"":{""value"":0,""total"":null,""title"":""Defensive actions""},""touches"":{""value"":3,""total"":null,""title"":""Touches""},""touches_opp_box"":{""value"":1,""total"":null,""title"":""Touches in opposition box""},""dispossessed"":{""value"":0,""total"":null,""title"":""Dispossessed""},""expected_goals_non_penalty"":{""value"":0.03,""total"":null,""title"":""xG Non-penalty""},""matchstats.headers.tackles"":{""value"":0,""total"":null,""title"":""Tackles""},""shot_blocks"":{""value"":0,""total"":null,""title"":""Blocks""},""clearances"":{""value"":0,""total"":null,""title"":""Clearances""},""interceptions"":{""value"":0,""total"":null,""title"":""Interceptions""},""recoveries"":{""value"":0,""total"":null,""title"":""Recoveries""},""dribbled_past"":{""value"":0,""total"":null,""title"":""Dribbled past""},""aerials_won"":{""value"":0,""total"":0,""title"":""Aerial duels won""},""was_fouled"":{""value"":null,""total"":null,""title"":""Was fouled""},""fouls"":{""value"":0,""total"":null,""title"":""Fouls committed""}}",FotMob matchDetails.playerStats
2026-09-19T00:29:10+08:00,FB5074,2026-09-13T22:00+08:00,BFL,Genk,AA Gent,5811761,0.970,A,9991,KAA Gent,3-4-2-1,1898989,Ibrahima Cisse,3,75,0,1,4,,0,0,,,,,0,,0,,0,,0,0,0,,0,,,,,"{""minutes_played"":{""value"":4,""total"":null,""title"":""Minutes played""},""goals"":{""value"":0,""total"":null,""title"":""Goals""},""assists"":{""value"":0,""total"":null,""title"":""Assists""},""accurate_passes"":{""value"":0,""total"":1,""title"":""Accurate passes""},""chances_created"":{""value"":0,""total"":null,""title"":""Chances created""},""Shotmap"":{""value"":0,""total"":null,""title"":""Shotmap""},""defensive_actions"":{""value"":0,""total"":null,""title"":""Defensive actions""},""touches"":{""value"":1,""total"":null,""title"":""Touches""},""touches_opp_box"":{""value"":0,""total"":null,""title"":""Touches in opposition box""},""passes_into_final_third"":{""value"":1,""total"":null,""title"":""Passes into final third""},""dispossessed"":{""value"":0,""total"":null,""title"":""Dispossessed""},""matchstats.headers.tackles"":{""value"":0,""total"":null,""title"":""Tackles""},""shot_blocks"":{""value"":0,""total"":null,""title"":""Blocks""},""clearances"":{""value"":0,""total"":null,""title"":""Clearances""},""interceptions"":{""value"":0,""total"":null,""title"":""Interceptions""},""recoveries"":{""value"":0,""total"":null,""title"":""Recoveries""},""dribbled_past"":{""value"":0,""total"":null,""title"":""Dribbled past""},""aerials_won"":{""value"":0,""total"":1,""title"":""Aerial duels won""},""was_fouled"":{""value"":null,""total"":null,""title"":""Was fouled""},""fouls"":{""value"":0,""total"":null,""title"":""Fouls committed""},""duel_lost"":{""value"":1,""total"":null,""title"":""Duels lost""}}",FotMob matchDetails.playerStats
2026-09-19T00:29:10+08:00,FB5074,2026-09-13T22:00+08:00,BFL,Genk,AA Gent,5811761,0.970,A,9991,KAA Gent,3-4-2-1,1676100,Josué Vergara,3,47,1,0,86,7.2,0,0,0.12,0.01,1,1,1,,3,,12,,2,0,2,14,7,,,,,"{""rating_title"":{""value"":7.17,""total"":null,""title"":""FotMob rating""},""minutes_played"":{""value"":86,""total"":null,""title"":""Minutes played""},""goals"":{""value"":0,""total"":null,""title"":""Goals""},""assists"":{""value"":0,""total"":null,""title"":""Assists""},""expected_goals"":{""value"":0.12,""total"":null,""title"":""Expected goals (xG)""},""expected_goals_on_target_variant"":{""value"":0.61,""total"":null,""title"":""Expected goals on target (xGOT)""},""expected_assists"":{""value"":0.01,""total"":null,""title"":""Expected assists (xA)""},""xg_and_xa"":{""value"":0.13,""total"":null,""title"":""xG + xA""},""total_shots"":{""value"":1,""total"":null,""title"":""Total shots""},""accurate_passes"":{""value"":12,""total"":19,""title"":""Accurate passes""},""chances_created"":{""value"":1,""total"":null,""title"":""Chances created""},""ShotsOnTarget"":{""value"":1,""total"":null,""title"":""Shots on target""},""ShotsOffTarget"":{""value"":0,""total"":null,""title"":""Shots off target""},""shot_accuracy"":{""value"":1,""total"":1,""title"":""Shot accuracy""},""Shotmap"":{""value"":1,""total"":null,""title"":""Shotmap""},""defensive_actions"":{""value"":4,""total"":null,""title"":""Defensive actions""},""big_chance_missed_title"":{""value"":1,""total"":null,""title"":""Big chances missed""},""touches"":{""value"":35,""total"":null,""title"":""Touches""},""touches_opp_box"":{""value"":3,""total"":null,""title"":""Touches in opposition box""},""dribbles_succeeded"":{""value"":2,""total"":2,""title"":""Successful dribbles""},""passes_into_final_third"":{""value"":3,""total"":null,""title"":""Passes into final third""},""dispossessed"":{""value"":2,""total"":null,""title"":""Dispossessed""},""Offsides"":{""value"":1,""total"":null,""title"":""Offsides""},""expected_goals_non_penalty"":{""value"":0.12,""total"":null,""title"":""xG Non-penalty""},""matchstats.headers.tackles"":{""value"":2,""total"":null,""title"":""Tackles""},""shot_blocks"":{""value"":0,""total"":null,""title"":""Blocks""},""clearances"":{""value"":2,""total"":null,""title"":""Clearances""},""headed_clearance"":{""value"":2,""total"":null,""title"":""Headed clearance""},""interceptions"":{""value"":0,""total"":null,""title"":""Interceptions""},""recoveries"":{""value"":2,""total"":null,""title"":""Recoveries""},""dribbled_past"":{""value"":1,""total"":null,""title"":""Dribbled past""},""ground_duels_won"":{""value"":7,""total"":13,""title"":""Ground duels won""},""aerials_won"":{""value"":7,""total"":8,""title"":""Aerial duels won""},""was_fouled"":{""value"":3,""total"":null,""title"":""Was fouled""},""fouls"":{""value"":3,""total"":null,""title"":""Fouls committed""},""duel_won"":{""value"":14,""total"":null,""title"":""Duels won""},""duel_lost"":{""value"":7,""total"":null,""title"":""Duels lost""}}",FotMob matchDetails.playerStats
2026-09-19T00:29:10+08:00,FB5074,2026-09-13T22:00+08:00,BFL,Genk,AA Gent,5811761,0.970,A,9991,KAA Gent,3-4-2-1,1252643,Kjell Peersman,,30,0,1,,,,,,,,,,,,,,,,,,,,,,,,{},FotMob matchDetails.playerStats
2026-09-19T00:29:10+08:00,FB5074,2026-09-13T22:00+08:00,BFL,Genk,AA Gent,5811761,0.970,A,9991,KAA Gent,3-4-2-1,1580120,Kyrell Wilson,3,14,1,0,57,6.5,0,0,0.17,0.01,2,1,1,,1,,11,,3,0,1,3,0,,,,,"{""rating_title"":{""value"":6.5,""total"":null,""title"":""FotMob rating""},""minutes_played"":{""value"":57,""total"":null,""title"":""Minutes played""},""goals"":{""value"":0,""total"":null,""title"":""Goals""},""assists"":{""value"":0,""total"":null,""title"":""Assists""},""expected_goals"":{""value"":0.17,""total"":null,""title"":""Expected goals (xG)""},""expected_goals_on_target_variant"":{""value"":0.02,""total"":null,""title"":""Expected goals on target (xGOT)""},""expected_assists"":{""value"":0.01,""total"":null,""title"":""Expected assists (xA)""},""xg_and_xa"":{""value"":0.18000000000000002,""total"":null,""title"":""xG + xA""},""total_shots"":{""value"":2,""total"":null,""title"":""Total shots""},""accurate_passes"":{""value"":11,""total"":15,""title"":""Accurate passes""},""chances_created"":{""value"":1,""total"":null,""title"":""Chances created""},""ShotsOnTarget"":{""value"":1,""total"":null,""title"":""Shots on target""},""ShotsOffTarget"":{""value"":1,""total"":null,""title"":""Shots off target""},""shot_accuracy"":{""value"":1,""total"":2,""title"":""Shot accuracy""},""Shotmap"":{""value"":1,""total"":null,""title"":""Shotmap""},""defensive_actions"":{""value"":4,""total"":null,""title"":""Defensive actions""},""touches"":{""value"":33,""total"":null,""title"":""Touches""},""touches_opp_box"":{""value"":1,""total"":null,""title"":""Touches in opposition box""},""dribbles_succeeded"":{""value"":0,""total"":2,""title"":""Successful dribbles""},""passes_into_final_third"":{""value"":1,""total"":null,""title"":""Passes into final third""},""long_balls_accurate"":{""value"":0,""total"":1,""title"":""Accurate long balls""},""dispossessed"":{""value"":1,""total"":null,""title"":""Dispossessed""},""expected_goals_non_penalty"":{""value"":0.17,""total"":null,""title"":""xG Non-penalty""},""matchstats.headers.tackles"":{""value"":3,""total"":null,""title"":""Tackles""},""shot_blocks"":{""value"":0,""total"":null,""title"":""Blocks""},""clearances"":{""value"":1,""total"":null,""title"":""Clearances""},""headed_clearance"":{""value"":1,""total"":null,""title"":""Headed clearance""},""interceptions"":{""value"":0,""total"":null,""title"":""Interceptions""},""recoveries"":{""value"":1,""total"":null,""title"":""Recoveries""},""dribbled_past"":{""value"":2,""total"":null,""title"":""Dribbled past""},""ground_duels_won"":{""value"":3,""total"":8,""title"":""Ground duels won""},""aerials_won"":{""value"":0,""total"":0,""title"":""Aerial duels won""},""was_fouled"":{""value"":null,""total"":null,""title"":""Was fouled""},""fouls"":{""value"":0,""total"":null,""title"":""Fouls committed""},""duel_won"":{""value"":3,""total"":null,""title"":""Duels won""},""duel_lost"":{""value"":5,""total"":null,""title"":""Duels lost""}}",FotMob matchDetails.playerStats
2026-09-19T00:29:10+08:00,FB5074,2026-09-13T22:00+08:00,BFL,Genk,AA Gent,5811761,0.970,A,9991,KAA Gent,3-4-2-1,604396,Leonardo Lopes,2,22,0,1,33,6.3,0,0,,,,,0,,0,,4,,0,2,1,2,0,,,,,"{""rating_title"":{""value"":6.3,""total"":null,""title"":""FotMob rating""},""minutes_played"":{""value"":33,""total"":null,""title"":""Minutes played""},""goals"":{""value"":0,""total"":null,""title"":""Goals""},""assists"":{""value"":0,""total"":null,""title"":""Assists""},""accurate_passes"":{""value"":4,""total"":4,""title"":""Accurate passes""},""chances_created"":{""value"":0,""total"":null,""title"":""Chances created""},""Shotmap"":{""value"":0,""total"":null,""title"":""Shotmap""},""defensive_actions"":{""value"":3,""total"":null,""title"":""Defensive actions""},""touches"":{""value"":12,""total"":null,""title"":""Touches""},""touches_opp_box"":{""value"":0,""total"":null,""title"":""Touches in opposition box""},""dribbles_succeeded"":{""value"":1,""total"":1,""title"":""Successful dribbles""},""passes_into_final_third"":{""value"":1,""total"":null,""title"":""Passes into final third""},""dispossessed"":{""value"":0,""total"":null,""title"":""Dispossessed""},""matchstats.headers.tackles"":{""value"":0,""total"":null,""title"":""Tackles""},""shot_blocks"":{""value"":1,""total"":null,""title"":""Blocks""},""clearances"":{""value"":0,""total"":null,""title"":""Clearances""},""interceptions"":{""value"":2,""total"":null,""title"":""Interceptions""},""recoveries"":{""value"":1,""total"":null,""title"":""Recoveries""},""dribbled_past"":{""value"":1,""total"":null,""title"":""Dribbled past""},""ground_duels_won"":{""value"":2,""total"":5,""title"":""Ground duels won""},""aerials_won"":{""value"":0,""total"":1,""title"":""Aerial duels won""},""was_fouled"":{""value"":1,""total"":null,""title"":""Was fouled""},""fouls"":{""value"":2,""total"":null,""title"":""Fouls committed""},""duel_won"":{""value"":2,""total"":null,""title"":""Duels won""},""duel_lost"":{""value"":4,""total"":null,""title"":""Duels lost""}}",FotMob matchDetails.playerStats
2026-09-19T00:29:10+08:00,FB5074,2026-09-13T22:00+08:00,BFL,Genk,AA Gent,5811761,0.970,A,9991,KAA Gent,3-4-2-1,1176726,Maksim Paskotši,1,3,0,1,,,,,,,,,,,,,,,,,,,,,,,,{},FotMob matchDetails.playerStats
2026-09-19T00:29:10+08:00,FB5074,2026-09-13T22:00+08:00,BFL,Genk,AA Gent,5811761,0.970,A,9991,Gent,3-4-2-1,1838167,Mamadou Diallo,,56,0,1,0,,,,,,,,,,,,,,,,,,,,,,,{},FotMob matchDetails.lineup
2026-09-19T00:29:10+08:00,FB5074,2026-09-13T22:00+08:00,BFL,Genk,AA Gent,5811761,0.970,A,9991,KAA Gent,3-4-2-1,1280741,Mathias Delorge,2,17,1,0,80,7.1,0,0,0.04,0.06,1,1,3,,0,,37,,3,1,5,5,0,,,,,"{""rating_title"":{""value"":7.11,""total"":null,""title"":""FotMob rating""},""minutes_played"":{""value"":80,""total"":null,""title"":""Minutes played""},""goals"":{""value"":0,""total"":null,""title"":""Goals""},""assists"":{""value"":0,""total"":null,""title"":""Assists""},""expected_goals"":{""value"":0.04,""total"":null,""title"":""Expected goals (xG)""},""expected_goals_on_target_variant"":{""value"":0.03,""total"":null,""title"":""Expected goals on target (xGOT)""},""expected_assists"":{""value"":0.06,""total"":null,""title"":""Expected assists (xA)""},""xg_and_xa"":{""value"":0.1,""total"":null,""title"":""xG + xA""},""total_shots"":{""value"":1,""total"":null,""title"":""Total shots""},""accurate_passes"":{""value"":37,""total"":45,""title"":""Accurate passes""},""chances_created"":{""value"":3,""total"":null,""title"":""Chances created""},""ShotsOnTarget"":{""value"":1,""total"":null,""title"":""Shots on target""},""ShotsOffTarget"":{""value"":0,""total"":null,""title"":""Shots off target""},""shot_accuracy"":{""value"":1,""total"":1,""title"":""Shot accuracy""},""Shotmap"":{""value"":1,""total"":null,""title"":""Shotmap""},""defensive_actions"":{""value"":8,""total"":null,""title"":""Defensive actions""},""touches"":{""value"":71,""total"":null,""title"":""Touches""},""touches_opp_box"":{""value"":0,""total"":null,""title"":""Touches in opposition box""},""dribbles_succeeded"":{""value"":1,""total"":1,""title"":""Successful dribbles""},""passes_into_final_third"":{""value"":6,""total"":null,""title"":""Passes into final third""},""accurate_crosses"":{""value"":3,""total"":6,""title"":""Accurate crosses""},""long_balls_accurate"":{""value"":4,""total"":5,""title"":""Accurate long balls""},""corners"":{""value"":5,""total"":null,""title"":""Corners""},""dispossessed"":{""value"":3,""total"":null,""title"":""Dispossessed""},""expected_goals_non_penalty"":{""value"":0.04,""total"":null,""title"":""xG Non-penalty""},""matchstats.headers.tackles"":{""value"":3,""total"":null,""title"":""Tackles""},""shot_blocks"":{""value"":0,""total"":null,""title"":""Blocks""},""clearances"":{""value"":4,""total"":null,""title"":""Clearances""},""headed_clearance"":{""value"":3,""total"":null,""title"":""Headed clearance""},""interceptions"":{""value"":1,""total"":null,""title"":""Interceptions""},""recoveries"":{""value"":5,""total"":null,""title"":""Recoveries""},""dribbled_past"":{""value"":1,""total"":null,""title"":""Dribbled past""},""ground_duels_won"":{""value"":5,""total"":10,""title"":""Ground duels won""},""aerials_won"":{""value"":0,""total"":2,""title"":""Aerial duels won""},""was_fouled"":{""value"":1,""total"":null,""title"":""Was fouled""},""fouls"":{""value"":1,""total"":null,""title"":""Fouls committed""},""duel_won"":{""value"":5,""total"":null,""title"":""Duels won""},""duel_lost"":{""value"":7,""total"":null,""title"":""Duels lost""}}",FotMob matchDetails.playerStats
2026-09-19T00:29:10+08:00,FB5074,2026-09-13T22:00+08:00,BFL,Genk,AA Gent,5811761,0.970,A,9991,KAA Gent,3-4-2-1,1844330,Matties Volckaert,1,57,0,1,,,,,,,,,,,,,,,,,,,,,,,,{},FotMob matchDetails.playerStats
2026-09-19T00:29:10+08:00,FB5074,2026-09-13T22:00+08:00,BFL,Genk,AA Gent,5811761,0.970,A,9991,KAA Gent,3-4-2-1,1173248,Michel-Ange Balikwisha,2,7,1,0,80,7.4,0,0,,0.01,,,1,,0,,21,,3,2,5,6,1,,,,,"{""rating_title"":{""value"":7.44,""total"":null,""title"":""FotMob rating""},""minutes_played"":{""value"":80,""total"":null,""title"":""Minutes played""},""goals"":{""value"":0,""total"":null,""title"":""Goals""},""assists"":{""value"":0,""total"":null,""title"":""Assists""},""expected_assists"":{""value"":0.01,""total"":null,""title"":""Expected assists (xA)""},""xg_and_xa"":{""value"":0.01,""total"":null,""title"":""xG + xA""},""accurate_passes"":{""value"":21,""total"":28,""title"":""Accurate passes""},""chances_created"":{""value"":1,""total"":null,""title"":""Chances created""},""Shotmap"":{""value"":0,""total"":null,""title"":""Shotmap""},""defensive_actions"":{""value"":5,""total"":null,""title"":""Defensive actions""},""touches"":{""value"":40,""total"":null,""title"":""Touches""},""touches_opp_box"":{""value"":0,""total"":null,""title"":""Touches in opposition box""},""dribbles_succeeded"":{""value"":1,""total"":1,""title"":""Successful dribbles""},""passes_into_final_third"":{""value"":3,""total"":null,""title"":""Passes into final third""},""accurate_crosses"":{""value"":0,""total"":1,""title"":""Accurate crosses""},""long_balls_accurate"":{""value"":1,""total"":2,""title"":""Accurate long balls""},""dispossessed"":{""value"":1,""total"":null,""title"":""Dispossessed""},""matchstats.headers.tackles"":{""value"":3,""total"":null,""title"":""Tackles""},""shot_blocks"":{""value"":0,""total"":null,""title"":""Blocks""},""clearances"":{""value"":0,""total"":null,""title"":""Clearances""},""interceptions"":{""value"":2,""total"":null,""title"":""Interceptions""},""recoveries"":{""value"":5,""total"":null,""title"":""Recoveries""},""dribbled_past"":{""value"":0,""total"":null,""title"":""Dribbled past""},""ground_duels_won"":{""value"":5,""total"":6,""title"":""Ground duels won""},""aerials_won"":{""value"":1,""total"":1,""title"":""Aerial duels won""},""was_fouled"":{""value"":1,""total"":null,""title"":""Was fouled""},""fouls"":{""value"":0,""total"":null,""title"":""Fouls committed""},""duel_won"":{""value"":6,""total"":null,""title"":""Duels won""},""duel_lost"":{""value"":1,""total"":null,""title"":""Duels lost""}}",FotMob matchDetails.playerStats
2026-09-19T00:29:10+08:00,FB5074,2026-09-13T22:00+08:00,BFL,Genk,AA Gent,5811761,0.970,A,9991,KAA Gent,3-4-2-1,1355206,Momodou Sonko,2,11,1,0,80,8,1,0,0.17,0.02,4,2,0,,6,,15,,5,0,1,5,0,,,,,"{""rating_title"":{""value"":8.01,""total"":null,""title"":""FotMob rating""},""minutes_played"":{""value"":80,""total"":null,""title"":""Minutes played""},""goals"":{""value"":1,""total"":null,""title"":""Goals""},""assists"":{""value"":0,""total"":null,""title"":""Assists""},""expected_goals"":{""value"":0.17,""total"":null,""title"":""Expected goals (xG)""},""expected_goals_on_target_variant"":{""value"":0.2,""total"":null,""title"":""Expected goals on target (xGOT)""},""expected_assists"":{""value"":0.02,""total"":null,""title"":""Expected assists (xA)""},""xg_and_xa"":{""value"":0.19,""total"":null,""title"":""xG + xA""},""total_shots"":{""value"":4,""total"":null,""title"":""Total shots""},""accurate_passes"":{""value"":15,""total"":20,""title"":""Accurate passes""},""chances_created"":{""value"":0,""total"":null,""title"":""Chances created""},""ShotsOnTarget"":{""value"":2,""total"":null,""title"":""Shots on target""},""ShotsOffTarget"":{""value"":0,""total"":null,""title"":""Shots off target""},""blocked_shots"":{""value"":2,""total"":null,""title"":""Blocked shots""},""shot_accuracy"":{""value"":2,""total"":2,""title"":""Shot accuracy""},""Shotmap"":{""value"":1,""total"":null,""title"":""Shotmap""},""defensive_actions"":{""value"":7,""total"":null,""title"":""Defensive actions""},""touches"":{""value"":39,""total"":null,""title"":""Touches""},""touches_opp_box"":{""value"":6,""total"":null,""title"":""Touches in opposition box""},""dribbles_succeeded"":{""value"":0,""total"":1,""title"":""Successful dribbles""},""passes_into_final_third"":{""value"":1,""total"":null,""title"":""Passes into final third""},""accurate_crosses"":{""value"":0,""total"":1,""title"":""Accurate crosses""},""long_balls_accurate"":{""value"":1,""total"":2,""title"":""Accurate long balls""},""dispossessed"":{""value"":0,""total"":null,""title"":""Dispossessed""},""expected_goals_non_penalty"":{""value"":0.17,""total"":null,""title"":""xG Non-penalty""},""matchstats.headers.tackles"":{""value"":5,""total"":null,""title"":""Tackles""},""shot_blocks"":{""value"":0,""total"":null,""title"":""Blocks""},""clearances"":{""value"":2,""total"":null,""title"":""Clearances""},""headed_clearance"":{""value"":2,""total"":null,""title"":""Headed clearance""},""interceptions"":{""value"":0,""total"":null,""title"":""Interceptions""},""recoveries"":{""value"":1,""total"":null,""title"":""Recoveries""},""dribbled_past"":{""value"":2,""total"":null,""title"":""Dribbled past""},""ground_duels_won"":{""value"":5,""total"":8,""title"":""Ground duels won""},""aerials_won"":{""value"":0,""total"":0,""title"":""Aerial duels won""},""was_fouled"":{""value"":null,""total"":null,""title"":""Was fouled""},""fouls"":{""value"":0,""total"":null,""title"":""Fouls committed""},""duel_won"":{""value"":5,""total"":null,""title"":""Duels won""},""duel_lost"":{""value"":3,""total"":null,""title"":""Duels lost""}}",FotMob matchDetails.playerStats
2026-09-19T00:29:10+08:00,FB5074,2026-09-13T22:00+08:00,BFL,Genk,AA Gent,5811761,0.970,A,9991,KAA Gent,3-4-2-1,1363733,Mouhamed Ngom,1,5,1,0,90,7,0,0,0.19,,4,0,0,,2,,26,,1,1,7,3,1,,,,,"{""rating_title"":{""value"":7.02,""total"":null,""title"":""FotMob rating""},""minutes_played"":{""value"":90,""total"":null,""title"":""Minutes played""},""goals"":{""value"":0,""total"":null,""title"":""Goals""},""assists"":{""value"":0,""total"":null,""title"":""Assists""},""expected_goals"":{""value"":0.19,""total"":null,""title"":""Expected goals (xG)""},""expected_goals_on_target_variant"":{""value"":null,""total"":null,""title"":""Expected goals on target (xGOT)""},""xg_and_xa"":{""value"":0.19,""total"":null,""title"":""xG + xA""},""total_shots"":{""value"":4,""total"":null,""title"":""Total shots""},""accurate_passes"":{""value"":26,""total"":32,""title"":""Accurate passes""},""chances_created"":{""value"":0,""total"":null,""title"":""Chances created""},""ShotsOnTarget"":{""value"":0,""total"":null,""title"":""Shots on target""},""ShotsOffTarget"":{""value"":4,""total"":null,""title"":""Shots off target""},""shot_accuracy"":{""value"":0,""total"":4,""title"":""Shot accuracy""},""Shotmap"":{""value"":1,""total"":null,""title"":""Shotmap""},""defensive_actions"":{""value"":11,""total"":null,""title"":""Defensive actions""},""touches"":{""value"":65,""total"":null,""title"":""Touches""},""touches_opp_box"":{""value"":2,""total"":null,""title"":""Touches in opposition box""},""dribbles_succeeded"":{""value"":0,""total"":2,""title"":""Successful dribbles""},""passes_into_final_third"":{""value"":4,""total"":null,""title"":""Passes into final third""},""accurate_crosses"":{""value"":0,""total"":1,""title"":""Accurate crosses""},""long_balls_accurate"":{""value"":1,""total"":5,""title"":""Accurate long balls""},""dispossessed"":{""value"":0,""total"":null,""title"":""Dispossessed""},""expected_goals_non_penalty"":{""value"":0.19,""total"":null,""title"":""xG Non-penalty""},""matchstats.headers.tackles"":{""value"":1,""total"":null,""title"":""Tackles""},""shot_blocks"":{""value"":1,""total"":null,""title"":""Blocks""},""clearances"":{""value"":8,""total"":null,""title"":""Clearances""},""headed_clearance"":{""value"":4,""total"":null,""title"":""Headed clearance""},""interceptions"":{""value"":1,""total"":null,""title"":""Interceptions""},""recoveries"":{""value"":7,""total"":null,""title"":""Recoveries""},""dribbled_past"":{""value"":1,""total"":null,""title"":""Dribbled past""},""ground_duels_won"":{""value"":2,""total"":5,""title"":""Ground duels won""},""aerials_won"":{""value"":1,""total"":7,""title"":""Aerial duels won""},""was_fouled"":{""value"":1,""total"":null,""title"":""Was fouled""},""fouls"":{""value"":0,""total"":null,""title"":""Fouls committed""},""duel_won"":{""value"":3,""total"":null,""title"":""Duels won""},""duel_lost"":{""value"":9,""total"":null,""title"":""Duels lost""}}",FotMob matchDetails.playerStats
2026-09-19T00:29:10+08:00,FB5074,2026-09-13T22:00+08:00,BFL,Genk,AA Gent,5811761,0.970,A,9991,KAA Gent,3-4-2-1,768432,Siebe van der Heyden,1,44,1,0,90,6.2,0,0,,0.02,,,0,,2,,35,,0,0,1,1,1,,,,,"{""rating_title"":{""value"":6.16,""total"":null,""title"":""FotMob rating""},""minutes_played"":{""value"":90,""total"":null,""title"":""Minutes played""},""goals"":{""value"":0,""total"":null,""title"":""Goals""},""assists"":{""value"":0,""total"":null,""title"":""Assists""},""expected_assists"":{""value"":0.02,""total"":null,""title"":""Expected assists (xA)""},""xg_and_xa"":{""value"":0.02,""total"":null,""title"":""xG + xA""},""accurate_passes"":{""value"":35,""total"":38,""title"":""Accurate passes""},""chances_created"":{""value"":0,""total"":null,""title"":""Chances created""},""Shotmap"":{""value"":0,""total"":null,""title"":""Shotmap""},""defensive_actions"":{""value"":4,""total"":null,""title"":""Defensive actions""},""touches"":{""value"":45,""total"":null,""title"":""Touches""},""touches_opp_box"":{""value"":2,""total"":null,""title"":""Touches in opposition box""},""passes_into_final_third"":{""value"":4,""total"":null,""title"":""Passes into final third""},""long_balls_accurate"":{""value"":1,""total"":1,""title"":""Accurate long balls""},""dispossessed"":{""value"":1,""total"":null,""title"":""Dispossessed""},""Offsides"":{""value"":1,""total"":null,""title"":""Offsides""},""matchstats.headers.tackles"":{""value"":0,""total"":null,""title"":""Tackles""},""shot_blocks"":{""value"":1,""total"":null,""title"":""Blocks""},""clearances"":{""value"":3,""total"":null,""title"":""Clearances""},""headed_clearance"":{""value"":1,""total"":null,""title"":""Headed clearance""},""interceptions"":{""value"":0,""total"":null,""title"":""Interceptions""},""recoveries"":{""value"":1,""total"":null,""title"":""Recoveries""},""dribbled_past"":{""value"":0,""total"":null,""title"":""Dribbled past""},""ground_duels_won"":{""value"":0,""total"":1,""title"":""Ground duels won""},""aerials_won"":{""value"":1,""total"":4,""title"":""Aerial duels won""},""was_fouled"":{""value"":null,""total"":null,""title"":""Was fouled""},""fouls"":{""value"":0,""total"":null,""title"":""Fouls committed""},""duel_won"":{""value"":1,""total"":null,""title"":""Duels won""},""duel_lost"":{""value"":4,""total"":null,""title"":""Duels lost""}}",FotMob matchDetails.playerStats
2026-09-19T00:29:10+08:00,FB5074,2026-09-13T22:00+08:00,BFL,Genk,AA Gent,5811761,0.970,A,9991,KAA Gent,3-4-2-1,1185329,Tiago Araújo,2,20,1,0,90,7.3,0,1,0.12,0.06,2,0,1,,1,,25,,4,1,4,4,0,,,,,"{""rating_title"":{""value"":7.34,""total"":null,""title"":""FotMob rating""},""minutes_played"":{""value"":90,""total"":null,""title"":""Minutes played""},""goals"":{""value"":0,""total"":null,""title"":""Goals""},""assists"":{""value"":1,""total"":null,""title"":""Assists""},""expected_goals"":{""value"":0.12,""total"":null,""title"":""Expected goals (xG)""},""expected_goals_on_target_variant"":{""value"":null,""total"":null,""title"":""Expected goals on target (xGOT)""},""expected_assists"":{""value"":0.06,""total"":null,""title"":""Expected assists (xA)""},""xg_and_xa"":{""value"":0.18,""total"":null,""title"":""xG + xA""},""total_shots"":{""value"":2,""total"":null,""title"":""Total shots""},""accurate_passes"":{""value"":25,""total"":33,""title"":""Accurate passes""},""chances_created"":{""value"":1,""total"":null,""title"":""Chances created""},""ShotsOnTarget"":{""value"":0,""total"":null,""title"":""Shots on target""},""ShotsOffTarget"":{""value"":0,""total"":null,""title"":""Shots off target""},""blocked_shots"":{""value"":2,""total"":null,""title"":""Blocked shots""},""Shotmap"":{""value"":1,""total"":null,""title"":""Shotmap""},""defensive_actions"":{""value"":7,""total"":null,""title"":""Defensive actions""},""touches"":{""value"":60,""total"":null,""title"":""Touches""},""touches_opp_box"":{""value"":1,""total"":null,""title"":""Touches in opposition box""},""dribbles_succeeded"":{""value"":0,""total"":4,""title"":""Successful dribbles""},""passes_into_final_third"":{""value"":7,""total"":null,""title"":""Passes into final third""},""accurate_crosses"":{""value"":2,""total"":6,""title"":""Accurate crosses""},""long_balls_accurate"":{""value"":4,""total"":8,""title"":""Accurate long balls""},""dispossessed"":{""value"":1,""total"":null,""title"":""Dispossessed""},""Offsides"":{""value"":1,""total"":null,""title"":""Offsides""},""expected_goals_non_penalty"":{""value"":0.12,""total"":null,""title"":""xG Non-penalty""},""matchstats.headers.tackles"":{""value"":4,""total"":null,""title"":""Tackles""},""shot_blocks"":{""value"":0,""total"":null,""title"":""Blocks""},""clearances"":{""value"":2,""total"":null,""title"":""Clearances""},""headed_clearance"":{""value"":1,""total"":null,""title"":""Headed clearance""},""interceptions"":{""value"":1,""total"":null,""title"":""Interceptions""},""recoveries"":{""value"":4,""total"":null,""title"":""Recoveries""},""dribbled_past"":{""value"":0,""total"":null,""title"":""Dribbled past""},""ground_duels_won"":{""value"":4,""total"":10,""title"":""Ground duels won""},""aerials_won"":{""value"":0,""total"":0,""title"":""Aerial duels won""},""was_fouled"":{""value"":null,""total"":null,""title"":""Was fouled""},""fouls"":{""value"":1,""total"":null,""title"":""Fouls committed""},""duel_won"":{""value"":4,""total"":null,""title"":""Duels won""},""duel_lost"":{""value"":6,""total"":null,""title"":""Duels lost""}}",FotMob matchDetails.playerStats
2026-09-19T00:29:10+08:00,FB5074,2026-09-13T22:00+08:00,BFL,Genk,AA Gent,5811761,0.970,A,9991,KAA Gent,3-4-2-1,1553506,Tibe De Vlieger,2,27,1,0,90,6.7,0,0,0.04,0.12,1,0,2,,1,,39,,0,2,4,1,0,,,,,"{""rating_title"":{""value"":6.66,""total"":null,""title"":""FotMob rating""},""minutes_played"":{""value"":90,""total"":null,""title"":""Minutes played""},""goals"":{""value"":0,""total"":null,""title"":""Goals""},""assists"":{""value"":0,""total"":null,""title"":""Assists""},""expected_goals"":{""value"":0.04,""total"":null,""title"":""Expected goals (xG)""},""expected_goals_on_target_variant"":{""value"":null,""total"":null,""title"":""Expected goals on target (xGOT)""},""expected_assists"":{""value"":0.12,""total"":null,""title"":""Expected assists (xA)""},""xg_and_xa"":{""value"":0.16,""total"":null,""title"":""xG + xA""},""total_shots"":{""value"":1,""total"":null,""title"":""Total shots""},""accurate_passes"":{""value"":39,""total"":43,""title"":""Accurate passes""},""chances_created"":{""value"":2,""total"":null,""title"":""Chances created""},""ShotsOnTarget"":{""value"":0,""total"":null,""title"":""Shots on target""},""ShotsOffTarget"":{""value"":0,""total"":null,""title"":""Shots off target""},""blocked_shots"":{""value"":1,""total"":null,""title"":""Blocked shots""},""Shotmap"":{""value"":1,""total"":null,""title"":""Shotmap""},""defensive_actions"":{""value"":4,""total"":null,""title"":""Defensive actions""},""touches"":{""value"":56,""total"":null,""title"":""Touches""},""touches_opp_box"":{""value"":1,""total"":null,""title"":""Touches in opposition box""},""passes_into_final_third"":{""value"":1,""total"":null,""title"":""Passes into final third""},""accurate_crosses"":{""value"":1,""total"":4,""title"":""Accurate crosses""},""long_balls_accurate"":{""value"":0,""total"":1,""title"":""Accurate long balls""},""corners"":{""value"":4,""total"":null,""title"":""Corners""},""dispossessed"":{""value"":0,""total"":null,""title"":""Dispossessed""},""expected_goals_non_penalty"":{""value"":0.04,""total"":null,""title"":""xG Non-penalty""},""matchstats.headers.tackles"":{""value"":0,""total"":null,""title"":""Tackles""},""shot_blocks"":{""value"":1,""total"":null,""title"":""Blocks""},""clearances"":{""value"":1,""total"":null,""title"":""Clearances""},""interceptions"":{""value"":2,""total"":null,""title"":""Interceptions""},""recoveries"":{""value"":4,""total"":null,""title"":""Recoveries""},""dribbled_past"":{""value"":1,""total"":null,""title"":""Dribbled past""},""ground_duels_won"":{""value"":1,""total"":5,""title"":""Ground duels won""},""aerials_won"":{""value"":0,""total"":2,""title"":""Aerial duels won""},""was_fouled"":{""value"":1,""total"":null,""title"":""Was fouled""},""fouls"":{""value"":3,""total"":null,""title"":""Fouls committed""},""duel_won"":{""value"":1,""total"":null,""title"":""Duels won""},""duel_lost"":{""value"":6,""total"":null,""title"":""Duels lost""}}",FotMob matchDetails.playerStats
2026-09-19T00:29:10+08:00,FB5074,2026-09-13T22:00+08:00,BFL,Genk,AA Gent,5811761,0.970,H,9987,KRC Genk,4-2-3-1,1463600,Aaron Bibout,3,23,0,1,3,,0,0,0.04,0.01,1,0,1,,2,,2,,0,0,0,1,0,,,,,"{""minutes_played"":{""value"":3,""total"":null,""title"":""Minutes played""},""goals"":{""value"":0,""total"":null,""title"":""Goals""},""assists"":{""value"":0,""total"":null,""title"":""Assists""},""expected_goals"":{""value"":0.04,""total"":null,""title"":""Expected goals (xG)""},""expected_goals_on_target_variant"":{""value"":null,""total"":null,""title"":""Expected goals on target (xGOT)""},""expected_assists"":{""value"":0.01,""total"":null,""title"":""Expected assists (xA)""},""xg_and_xa"":{""value"":0.05,""total"":null,""title"":""xG + xA""},""total_shots"":{""value"":1,""total"":null,""title"":""Total shots""},""accurate_passes"":{""value"":2,""total"":2,""title"":""Accurate passes""},""chances_created"":{""value"":1,""total"":null,""title"":""Chances created""},""ShotsOnTarget"":{""value"":0,""total"":null,""title"":""Shots on target""},""ShotsOffTarget"":{""value"":0,""total"":null,""title"":""Shots off target""},""blocked_shots"":{""value"":1,""total"":null,""title"":""Blocked shots""},""Shotmap"":{""value"":1,""total"":null,""title"":""Shotmap""},""defensive_actions"":{""value"":0,""total"":null,""title"":""Defensive actions""},""touches"":{""value"":4,""total"":null,""title"":""Touches""},""touches_opp_box"":{""value"":2,""total"":null,""title"":""Touches in opposition box""},""dribbles_succeeded"":{""value"":1,""total"":1,""title"":""Successful dribbles""},""dispossessed"":{""value"":0,""total"":null,""title"":""Dispossessed""},""expected_goals_non_penalty"":{""value"":0.04,""total"":null,""title"":""xG Non-penalty""},""matchstats.headers.tackles"":{""value"":0,""total"":null,""title"":""Tackles""},""shot_blocks"":{""value"":0,""total"":null,""title"":""Blocks""},""clearances"":{""value"":0,""total"":null,""title"":""Clearances""},""interceptions"":{""value"":0,""total"":null,""title"":""Interceptions""},""recoveries"":{""value"":0,""total"":null,""title"":""Recoveries""},""dribbled_past"":{""value"":0,""total"":null,""title"":""Dribbled past""},""ground_duels_won"":{""value"":1,""total"":1,""title"":""Ground duels won""},""aerials_won"":{""value"":0,""total"":0,""title"":""Aerial duels won""},""was_fouled"":{""value"":null,""total"":null,""title"":""Was fouled""},""fouls"":{""value"":0,""total"":null,""title"":""Fouls committed""},""duel_won"":{""value"":1,""total"":null,""title"":""Duels won""}}",FotMob matchDetails.playerStats
2026-09-19T00:29:10+08:00,FB5074,2026-09-13T22:00+08:00,BFL,Genk,AA Gent,5811761,0.970,H,9987,KRC Genk,4-2-3-1,1233852,Ayumu Yokoyama,3,30,1,0,45,6.2,0,0,0.03,0.02,1,0,0,,0,,18,,0,0,2,1,0,,,,,"{""rating_title"":{""value"":6.2,""total"":null,""title"":""FotMob rating""},""minutes_played"":{""value"":45,""total"":null,""title"":""Minutes played""},""goals"":{""value"":0,""total"":null,""title"":""Goals""},""assists"":{""value"":0,""total"":null,""title"":""Assists""},""expected_goals"":{""value"":0.03,""total"":null,""title"":""Expected goals (xG)""},""expected_goals_on_target_variant"":{""value"":null,""total"":null,""title"":""Expected goals on target (xGOT)""},""expected_assists"":{""value"":0.02,""total"":null,""title"":""Expected assists (xA)""},""xg_and_xa"":{""value"":0.05,""total"":null,""title"":""xG + xA""},""total_shots"":{""value"":1,""total"":null,""title"":""Total shots""},""accurate_passes"":{""value"":18,""total"":20,""title"":""Accurate passes""},""chances_created"":{""value"":0,""total"":null,""title"":""Chances created""},""ShotsOnTarget"":{""value"":0,""total"":null,""title"":""Shots on target""},""ShotsOffTarget"":{""value"":1,""total"":null,""title"":""Shots off target""},""shot_accuracy"":{""value"":0,""total"":1,""title"":""Shot accuracy""},""Shotmap"":{""value"":1,""total"":null,""title"":""Shotmap""},""defensive_actions"":{""value"":0,""total"":null,""title"":""Defensive actions""},""touches"":{""value"":29,""total"":null,""title"":""Touches""},""touches_opp_box"":{""value"":0,""total"":null,""title"":""Touches in opposition box""},""dribbles_succeeded"":{""value"":1,""total"":1,""title"":""Successful dribbles""},""passes_into_final_third"":{""value"":1,""total"":null,""title"":""Passes into final third""},""accurate_crosses"":{""value"":0,""total"":2,""title"":""Accurate crosses""},""dispossessed"":{""value"":3,""total"":null,""title"":""Dispossessed""},""expected_goals_non_penalty"":{""value"":0.03,""total"":null,""title"":""xG Non-penalty""},""matchstats.headers.tackles"":{""value"":0,""total"":null,""title"":""Tackles""},""shot_blocks"":{""value"":0,""total"":null,""title"":""Blocks""},""clearances"":{""value"":0,""total"":null,""title"":""Clearances""},""interceptions"":{""value"":0,""total"":null,""title"":""Interceptions""},""recoveries"":{""value"":2,""total"":null,""title"":""Recoveries""},""dribbled_past"":{""value"":0,""total"":null,""title"":""Dribbled past""},""ground_duels_won"":{""value"":1,""total"":4,""title"":""Ground duels won""},""aerials_won"":{""value"":0,""total"":1,""title"":""Aerial duels won""},""was_fouled"":{""value"":null,""total"":null,""title"":""Was fouled""},""fouls"":{""value"":0,""total"":null,""title"":""Fouls committed""},""duel_won"":{""value"":1,""total"":null,""title"":""Duels won""},""duel_lost"":{""value"":4,""total"":null,""title"":""Duels lost""}}",FotMob matchDetails.playerStats
2026-09-19T00:29:10+08:00,FB5074,2026-09-13T22:00+08:00,BFL,Genk,AA Gent,5811761,0.970,H,9987,KRC Genk,4-2-3-1,1415104,Benjamin Tahirović,2,4,0,1,45,6.6,0,0,0.02,0.03,1,1,1,,0,,42,,0,0,0,1,0,,,,,"{""rating_title"":{""value"":6.59,""total"":null,""title"":""FotMob rating""},""minutes_played"":{""value"":45,""total"":null,""title"":""Minutes played""},""goals"":{""value"":0,""total"":null,""title"":""Goals""},""assists"":{""value"":0,""total"":null,""title"":""Assists""},""expected_goals"":{""value"":0.02,""total"":null,""title"":""Expected goals (xG)""},""expected_goals_on_target_variant"":{""value"":0.04,""total"":null,""title"":""Expected goals on target (xGOT)""},""expected_assists"":{""value"":0.03,""total"":null,""title"":""Expected assists (xA)""},""xg_and_xa"":{""value"":0.05,""total"":null,""title"":""xG + xA""},""total_shots"":{""value"":1,""total"":null,""title"":""Total shots""},""accurate_passes"":{""value"":42,""total"":44,""title"":""Accurate passes""},""chances_created"":{""value"":1,""total"":null,""title"":""Chances created""},""ShotsOnTarget"":{""value"":1,""total"":null,""title"":""Shots on target""},""ShotsOffTarget"":{""value"":0,""total"":null,""title"":""Shots off target""},""shot_accuracy"":{""value"":1,""total"":1,""title"":""Shot accuracy""},""Shotmap"":{""value"":1,""total"":null,""title"":""Shotmap""},""defensive_actions"":{""value"":2,""total"":null,""title"":""Defensive actions""},""touches"":{""value"":50,""total"":null,""title"":""Touches""},""touches_opp_box"":{""value"":0,""total"":null,""title"":""Touches in opposition box""},""passes_into_final_third"":{""value"":5,""total"":null,""title"":""Passes into final third""},""long_balls_accurate"":{""value"":1,""total"":3,""title"":""Accurate long balls""},""dispossessed"":{""value"":0,""total"":null,""title"":""Dispossessed""},""expected_goals_non_penalty"":{""value"":0.02,""total"":null,""title"":""xG Non-penalty""},""matchstats.headers.tackles"":{""value"":0,""total"":null,""title"":""Tackles""},""shot_blocks"":{""value"":0,""total"":null,""title"":""Blocks""},""clearances"":{""value"":2,""total"":null,""title"":""Clearances""},""interceptions"":{""value"":0,""total"":null,""title"":""Interceptions""},""recoveries"":{""value"":0,""total"":null,""title"":""Recoveries""},""dribbled_past"":{""value"":0,""total"":null,""title"":""Dribbled past""},""ground_duels_won"":{""value"":1,""total"":2,""title"":""Ground duels won""},""aerials_won"":{""value"":0,""total"":2,""title"":""Aerial duels won""},""was_fouled"":{""value"":1,""total"":null,""title"":""Was fouled""},""fouls"":{""value"":1,""total"":null,""title"":""Fouls committed""},""duel_won"":{""value"":1,""total"":null,""title"":""Duels won""},""duel_lost"":{""value"":3,""total"":null,""title"":""Duels lost""}}",FotMob matchDetails.playerStats
2026-09-19T00:29:10+08:00,FB5074,2026-09-13T22:00+08:00,BFL,Genk,AA Gent,5811761,0.970,H,9987,KRC Genk,4-2-3-1,659493,Bryan Heynen,2,8,1,0,90,8.2,0,0,0.06,0.16,1,1,2,,1,,63,,3,1,4,11,2,,,,,"{""rating_title"":{""value"":8.15,""total"":null,""title"":""FotMob rating""},""minutes_played"":{""value"":90,""total"":null,""title"":""Minutes played""},""goals"":{""value"":0,""total"":null,""title"":""Goals""},""assists"":{""value"":0,""total"":null,""title"":""Assists""},""expected_goals"":{""value"":0.06,""total"":null,""title"":""Expected goals (xG)""},""expected_goals_on_target_variant"":{""value"":0.09,""total"":null,""title"":""Expected goals on target (xGOT)""},""expected_assists"":{""value"":0.16,""total"":null,""title"":""Expected assists (xA)""},""xg_and_xa"":{""value"":0.22,""total"":null,""title"":""xG + xA""},""total_shots"":{""value"":1,""total"":null,""title"":""Total shots""},""accurate_passes"":{""value"":63,""total"":69,""title"":""Accurate passes""},""chances_created"":{""value"":2,""total"":null,""title"":""Chances created""},""ShotsOnTarget"":{""value"":1,""total"":null,""title"":""Shots on target""},""ShotsOffTarget"":{""value"":0,""total"":null,""title"":""Shots off target""},""shot_accuracy"":{""value"":1,""total"":1,""title"":""Shot accuracy""},""Shotmap"":{""value"":1,""total"":null,""title"":""Shotmap""},""defensive_actions"":{""value"":10,""total"":null,""title"":""Defensive actions""},""touches"":{""value"":99,""total"":null,""title"":""Touches""},""touches_opp_box"":{""value"":1,""total"":null,""title"":""Touches in opposition box""},""dribbles_succeeded"":{""value"":2,""total"":3,""title"":""Successful dribbles""},""passes_into_final_third"":{""value"":18,""total"":null,""title"":""Passes into final third""},""accurate_crosses"":{""value"":1,""total"":2,""title"":""Accurate crosses""},""long_balls_accurate"":{""value"":1,""total"":2,""title"":""Accurate long balls""},""dispossessed"":{""value"":1,""total"":null,""title"":""Dispossessed""},""expected_goals_non_penalty"":{""value"":0.06,""total"":null,""title"":""xG Non-penalty""},""matchstats.headers.tackles"":{""value"":3,""total"":null,""title"":""Tackles""},""shot_blocks"":{""value"":0,""total"":null,""title"":""Blocks""},""clearances"":{""value"":6,""total"":null,""title"":""Clearances""},""headed_clearance"":{""value"":4,""total"":null,""title"":""Headed clearance""},""interceptions"":{""value"":1,""total"":null,""title"":""Interceptions""},""recoveries"":{""value"":4,""total"":null,""title"":""Recoveries""},""dribbled_past"":{""value"":1,""total"":null,""title"":""Dribbled past""},""ground_duels_won"":{""value"":9,""total"":13,""title"":""Ground duels won""},""aerials_won"":{""value"":2,""total"":3,""title"":""Aerial duels won""},""was_fouled"":{""value"":4,""total"":null,""title"":""Was fouled""},""fouls"":{""value"":1,""total"":null,""title"":""Fouls committed""},""duel_won"":{""value"":11,""total"":null,""title"":""Duels won""},""duel_lost"":{""value"":5,""total"":null,""title"":""Duels lost""}}",FotMob matchDetails.playerStats
2026-09-19T00:29:10+08:00,FB5074,2026-09-13T22:00+08:00,BFL,Genk,AA Gent,5811761,0.970,H,9987,KRC Genk,4-2-3-1,1336773,Christiaan Ravych,1,5,0,1,,,,,,,,,,,,,,,,,,,,,,,,{},FotMob matchDetails.playerStats
2026-09-19T00:29:10+08:00,FB5074,2026-09-13T22:00+08:00,BFL,Genk,AA Gent,5811761,0.970,H,9987,KRC Genk,4-2-3-1,768505,Daan Heymans,2,38,0,1,17,6.2,0,0,0.15,0.03,3,0,0,,2,,9,,0,0,1,,0,,,,,"{""rating_title"":{""value"":6.18,""total"":null,""title"":""FotMob rating""},""minutes_played"":{""value"":17,""total"":null,""title"":""Minutes played""},""goals"":{""value"":0,""total"":null,""title"":""Goals""},""assists"":{""value"":0,""total"":null,""title"":""Assists""},""expected_goals"":{""value"":0.15,""total"":null,""title"":""Expected goals (xG)""},""expected_goals_on_target_variant"":{""value"":null,""total"":null,""title"":""Expected goals on target (xGOT)""},""expected_assists"":{""value"":0.03,""total"":null,""title"":""Expected assists (xA)""},""xg_and_xa"":{""value"":0.18,""total"":null,""title"":""xG + xA""},""total_shots"":{""value"":3,""total"":null,""title"":""Total shots""},""accurate_passes"":{""value"":9,""total"":9,""title"":""Accurate passes""},""chances_created"":{""value"":0,""total"":null,""title"":""Chances created""},""ShotsOnTarget"":{""value"":0,""total"":null,""title"":""Shots on target""},""ShotsOffTarget"":{""value"":2,""total"":null,""title"":""Shots off target""},""blocked_shots"":{""value"":1,""total"":null,""title"":""Blocked shots""},""shot_accuracy"":{""value"":0,""total"":2,""title"":""Shot accuracy""},""Shotmap"":{""value"":1,""total"":null,""title"":""Shotmap""},""defensive_actions"":{""value"":0,""total"":null,""title"":""Defensive actions""},""touches"":{""value"":12,""total"":null,""title"":""Touches""},""touches_opp_box"":{""value"":2,""total"":null,""title"":""Touches in opposition box""},""dispossessed"":{""value"":0,""total"":null,""title"":""Dispossessed""},""expected_goals_non_penalty"":{""value"":0.15,""total"":null,""title"":""xG Non-penalty""},""matchstats.headers.tackles"":{""value"":0,""total"":null,""title"":""Tackles""},""shot_blocks"":{""value"":0,""total"":null,""title"":""Blocks""},""clearances"":{""value"":0,""total"":null,""title"":""Clearances""},""interceptions"":{""value"":0,""total"":null,""title"":""Interceptions""},""recoveries"":{""value"":1,""total"":null,""title"":""Recoveries""},""dribbled_past"":{""value"":0,""total"":null,""title"":""Dribbled past""},""aerials_won"":{""value"":0,""total"":0,""title"":""Aerial duels won""},""was_fouled"":{""value"":null,""total"":null,""title"":""Was fouled""},""fouls"":{""value"":0,""total"":null,""title"":""Fouls committed""}}",FotMob matchDetails.playerStats
2026-09-19T00:29:10+08:00,FB5074,2026-09-13T22:00+08:00,BFL,Genk,AA Gent,5811761,0.970,H,9987,KRC Genk,4-2-3-1,1436275,Ibrahima Sory Bangoura,2,21,1,0,45,5.6,0,0,,0.01,,,0,,1,,18,,1,0,3,2,1,,,,,"{""rating_title"":{""value"":5.61,""total"":null,""title"":""FotMob rating""},""minutes_played"":{""value"":45,""total"":null,""title"":""Minutes played""},""goals"":{""value"":0,""total"":null,""title"":""Goals""},""assists"":{""value"":0,""total"":null,""title"":""Assists""},""expected_assists"":{""value"":0.01,""total"":null,""title"":""Expected assists (xA)""},""xg_and_xa"":{""value"":0.01,""total"":null,""title"":""xG + xA""},""accurate_passes"":{""value"":18,""total"":23,""title"":""Accurate passes""},""chances_created"":{""value"":0,""total"":null,""title"":""Chances created""},""Shotmap"":{""value"":0,""total"":null,""title"":""Shotmap""},""defensive_actions"":{""value"":2,""total"":null,""title"":""Defensive actions""},""touches"":{""value"":30,""total"":null,""title"":""Touches""},""touches_opp_box"":{""value"":1,""total"":null,""title"":""Touches in opposition box""},""dribbles_succeeded"":{""value"":0,""total"":1,""title"":""Successful dribbles""},""passes_into_final_third"":{""value"":2,""total"":null,""title"":""Passes into final third""},""long_balls_accurate"":{""value"":1,""total"":2,""title"":""Accurate long balls""},""dispossessed"":{""value"":2,""total"":null,""title"":""Dispossessed""},""matchstats.headers.tackles"":{""value"":1,""total"":null,""title"":""Tackles""},""shot_blocks"":{""value"":1,""total"":null,""title"":""Blocks""},""clearances"":{""value"":0,""total"":null,""title"":""Clearances""},""interceptions"":{""value"":0,""total"":null,""title"":""Interceptions""},""recoveries"":{""value"":3,""total"":null,""title"":""Recoveries""},""dribbled_past"":{""value"":2,""total"":null,""title"":""Dribbled past""},""ground_duels_won"":{""value"":1,""total"":8,""title"":""Ground duels won""},""aerials_won"":{""value"":1,""total"":2,""title"":""Aerial duels won""},""was_fouled"":{""value"":null,""total"":null,""title"":""Was fouled""},""fouls"":{""value"":2,""total"":null,""title"":""Fouls committed""},""duel_won"":{""value"":2,""total"":null,""title"":""Duels won""},""duel_lost"":{""value"":8,""total"":null,""title"":""Duels lost""}}",FotMob matchDetails.playerStats
2026-09-19T00:29:10+08:00,FB5074,2026-09-13T22:00+08:00,BFL,Genk,AA Gent,5811761,0.970,H,9987,KRC Genk,4-2-3-1,1013281,Jeppe Erenbjerg,2,11,1,0,73,6.7,0,0,0.02,0.06,1,1,0,,0,,24,,0,1,1,,0,,,,,"{""rating_title"":{""value"":6.74,""total"":null,""title"":""FotMob rating""},""minutes_played"":{""value"":73,""total"":null,""title"":""Minutes played""},""goals"":{""value"":0,""total"":null,""title"":""Goals""},""assists"":{""value"":0,""total"":null,""title"":""Assists""},""expected_goals"":{""value"":0.02,""total"":null,""title"":""Expected goals (xG)""},""expected_goals_on_target_variant"":{""value"":0.01,""total"":null,""title"":""Expected goals on target (xGOT)""},""expected_assists"":{""value"":0.06,""total"":null,""title"":""Expected assists (xA)""},""xg_and_xa"":{""value"":0.08,""total"":null,""title"":""xG + xA""},""total_shots"":{""value"":1,""total"":null,""title"":""Total shots""},""accurate_passes"":{""value"":24,""total"":26,""title"":""Accurate passes""},""chances_created"":{""value"":0,""total"":null,""title"":""Chances created""},""ShotsOnTarget"":{""value"":1,""total"":null,""title"":""Shots on target""},""ShotsOffTarget"":{""value"":0,""total"":null,""title"":""Shots off target""},""shot_accuracy"":{""value"":1,""total"":1,""title"":""Shot accuracy""},""Shotmap"":{""value"":1,""total"":null,""title"":""Shotmap""},""defensive_actions"":{""value"":4,""total"":null,""title"":""Defensive actions""},""touches"":{""value"":35,""total"":null,""title"":""Touches""},""touches_opp_box"":{""value"":0,""total"":null,""title"":""Touches in opposition box""},""dribbles_succeeded"":{""value"":0,""total"":1,""title"":""Successful dribbles""},""passes_into_final_third"":{""value"":3,""total"":null,""title"":""Passes into final third""},""dispossessed"":{""value"":0,""total"":null,""title"":""Dispossessed""},""expected_goals_non_penalty"":{""value"":0.02,""total"":null,""title"":""xG Non-penalty""},""matchstats.headers.tackles"":{""value"":0,""total"":null,""title"":""Tackles""},""shot_blocks"":{""value"":2,""total"":null,""title"":""Blocks""},""clearances"":{""value"":1,""total"":null,""title"":""Clearances""},""interceptions"":{""value"":1,""total"":null,""title"":""Interceptions""},""recoveries"":{""value"":1,""total"":null,""title"":""Recoveries""},""dribbled_past"":{""value"":1,""total"":null,""title"":""Dribbled past""},""ground_duels_won"":{""value"":0,""total"":2,""title"":""Ground duels won""},""aerials_won"":{""value"":0,""total"":0,""title"":""Aerial duels won""},""was_fouled"":{""value"":null,""total"":null,""title"":""Was fouled""},""fouls"":{""value"":0,""total"":null,""title"":""Fouls committed""},""duel_lost"":{""value"":2,""total"":null,""title"":""Duels lost""}}",FotMob matchDetails.playerStats
2026-09-19T00:29:10+08:00,FB5074,2026-09-13T22:00+08:00,BFL,Genk,AA Gent,5811761,0.970,H,9987,KRC Genk,4-2-3-1,1695011,Jerry Afriyie,3,33,0,1,17,6.3,0,0,,,,,0,,0,,4,,1,1,1,1,0,,,,,"{""rating_title"":{""value"":6.33,""total"":null,""title"":""FotMob rating""},""minutes_played"":{""value"":17,""total"":null,""title"":""Minutes played""},""goals"":{""value"":0,""total"":null,""title"":""Goals""},""assists"":{""value"":0,""total"":null,""title"":""Assists""},""accurate_passes"":{""value"":4,""total"":5,""title"":""Accurate passes""},""chances_created"":{""value"":0,""total"":null,""title"":""Chances created""},""Shotmap"":{""value"":0,""total"":null,""title"":""Shotmap""},""defensive_actions"":{""value"":2,""total"":null,""title"":""Defensive actions""},""touches"":{""value"":8,""total"":null,""title"":""Touches""},""touches_opp_box"":{""value"":0,""total"":null,""title"":""Touches in opposition box""},""accurate_crosses"":{""value"":0,""total"":1,""title"":""Accurate crosses""},""long_balls_accurate"":{""value"":1,""total"":1,""title"":""Accurate long balls""},""dispossessed"":{""value"":0,""total"":null,""title"":""Dispossessed""},""matchstats.headers.tackles"":{""value"":1,""total"":null,""title"":""Tackles""},""shot_blocks"":{""value"":0,""total"":null,""title"":""Blocks""},""clearances"":{""value"":0,""total"":null,""title"":""Clearances""},""interceptions"":{""value"":1,""total"":null,""title"":""Interceptions""},""recoveries"":{""value"":1,""total"":null,""title"":""Recoveries""},""dribbled_past"":{""value"":0,""total"":null,""title"":""Dribbled past""},""ground_duels_won"":{""value"":1,""total"":1,""title"":""Ground duels won""},""aerials_won"":{""value"":0,""total"":1,""title"":""Aerial duels won""},""was_fouled"":{""value"":null,""total"":null,""title"":""Was fouled""},""fouls"":{""value"":0,""total"":null,""title"":""Fouls committed""},""duel_won"":{""value"":1,""total"":null,""title"":""Duels won""},""duel_lost"":{""value"":1,""total"":null,""title"":""Duels lost""}}",FotMob matchDetails.playerStats
2026-09-19T00:29:10+08:00,FB5074,2026-09-13T22:00+08:00,BFL,Genk,AA Gent,5811761,0.970,H,9987,KRC Genk,4-2-3-1,500932,Joris Kayembe Ditu,1,18,1,0,90,7.9,0,0,0.07,0.13,2,1,1,,4,,74,,3,2,3,5,1,,,,,"{""rating_title"":{""value"":7.87,""total"":null,""title"":""FotMob rating""},""minutes_played"":{""value"":90,""total"":null,""title"":""Minutes played""},""goals"":{""value"":0,""total"":null,""title"":""Goals""},""assists"":{""value"":0,""total"":null,""title"":""Assists""},""expected_goals"":{""value"":0.07,""total"":null,""title"":""Expected goals (xG)""},""expected_goals_on_target_variant"":{""value"":0.02,""total"":null,""title"":""Expected goals on target (xGOT)""},""expected_assists"":{""value"":0.13,""total"":null,""title"":""Expected assists (xA)""},""xg_and_xa"":{""value"":0.2,""total"":null,""title"":""xG + xA""},""total_shots"":{""value"":2,""total"":null,""title"":""Total shots""},""accurate_passes"":{""value"":74,""total"":80,""title"":""Accurate passes""},""chances_created"":{""value"":1,""total"":null,""title"":""Chances created""},""ShotsOnTarget"":{""value"":1,""total"":null,""title"":""Shots on target""},""ShotsOffTarget"":{""value"":1,""total"":null,""title"":""Shots off target""},""shot_accuracy"":{""value"":1,""total"":2,""title"":""Shot accuracy""},""Shotmap"":{""value"":1,""total"":null,""title"":""Shotmap""},""defensive_actions"":{""value"":8,""total"":null,""title"":""Defensive actions""},""shots_woodwork"":{""value"":1,""total"":null,""title"":""Hit woodwork""},""touches"":{""value"":110,""total"":null,""title"":""Touches""},""touches_opp_box"":{""value"":4,""total"":null,""title"":""Touches in opposition box""},""dribbles_succeeded"":{""value"":1,""total"":4,""title"":""Successful dribbles""},""passes_into_final_third"":{""value"":9,""total"":null,""title"":""Passes into final third""},""accurate_crosses"":{""value"":1,""total"":3,""title"":""Accurate crosses""},""long_balls_accurate"":{""value"":1,""total"":1,""title"":""Accurate long balls""},""dispossessed"":{""value"":0,""total"":null,""title"":""Dispossessed""},""expected_goals_non_penalty"":{""value"":0.07,""total"":null,""title"":""xG Non-penalty""},""matchstats.headers.tackles"":{""value"":3,""total"":null,""title"":""Tackles""},""shot_blocks"":{""value"":0,""total"":null,""title"":""Blocks""},""clearances"":{""value"":3,""total"":null,""title"":""Clearances""},""headed_clearance"":{""value"":2,""total"":null,""title"":""Headed clearance""},""interceptions"":{""value"":2,""total"":null,""title"":""Interceptions""},""recoveries"":{""value"":3,""total"":null,""title"":""Recoveries""},""dribbled_past"":{""value"":0,""total"":null,""title"":""Dribbled past""},""ground_duels_won"":{""value"":4,""total"":7,""title"":""Ground duels won""},""aerials_won"":{""value"":1,""total"":1,""title"":""Aerial duels won""},""was_fouled"":{""value"":null,""total"":null,""title"":""Was fouled""},""fouls"":{""value"":0,""total"":null,""title"":""Fouls committed""},""duel_won"":{""value"":5,""total"":null,""title"":""Duels won""},""duel_lost"":{""value"":3,""total"":null,""title"":""Duels lost""}}",FotMob matchDetails.playerStats
2026-09-19T00:29:10+08:00,FB5074,2026-09-13T22:00+08:00,BFL,Genk,AA Gent,5811761,0.970,H,9987,KRC Genk,4-2-3-1,1405862,Josue Kongolo,1,44,1,0,90,7.2,0,0,,0.02,,,0,,1,,84,,1,1,4,4,1,,,,,"{""rating_title"":{""value"":7.24,""total"":null,""title"":""FotMob rating""},""minutes_played"":{""value"":90,""total"":null,""title"":""Minutes played""},""goals"":{""value"":0,""total"":null,""title"":""Goals""},""assists"":{""value"":0,""total"":null,""title"":""Assists""},""expected_assists"":{""value"":0.02,""total"":null,""title"":""Expected assists (xA)""},""xg_and_xa"":{""value"":0.02,""total"":null,""title"":""xG + xA""},""accurate_passes"":{""value"":84,""total"":90,""title"":""Accurate passes""},""chances_created"":{""value"":0,""total"":null,""title"":""Chances created""},""Shotmap"":{""value"":0,""total"":null,""title"":""Shotmap""},""defensive_actions"":{""value"":6,""total"":null,""title"":""Defensive actions""},""touches"":{""value"":103,""total"":null,""title"":""Touches""},""touches_opp_box"":{""value"":1,""total"":null,""title"":""Touches in opposition box""},""dribbles_succeeded"":{""value"":1,""total"":1,""title"":""Successful dribbles""},""passes_into_final_third"":{""value"":5,""total"":null,""title"":""Passes into final third""},""long_balls_accurate"":{""value"":2,""total"":5,""title"":""Accurate long balls""},""dispossessed"":{""value"":0,""total"":null,""title"":""Dispossessed""},""matchstats.headers.tackles"":{""value"":1,""total"":null,""title"":""Tackles""},""shot_blocks"":{""value"":1,""total"":null,""title"":""Blocks""},""clearances"":{""value"":3,""total"":null,""title"":""Clearances""},""headed_clearance"":{""value"":1,""total"":null,""title"":""Headed clearance""},""interceptions"":{""value"":1,""total"":null,""title"":""Interceptions""},""recoveries"":{""value"":4,""total"":null,""title"":""Recoveries""},""dribbled_past"":{""value"":0,""total"":null,""title"":""Dribbled past""},""ground_duels_won"":{""value"":3,""total"":4,""title"":""Ground duels won""},""aerials_won"":{""value"":1,""total"":3,""title"":""Aerial duels won""},""was_fouled"":{""value"":1,""total"":null,""title"":""Was fouled""},""fouls"":{""value"":1,""total"":null,""title"":""Fouls committed""},""duel_won"":{""value"":4,""total"":null,""title"":""Duels won""},""duel_lost"":{""value"":3,""total"":null,""title"":""Duels lost""}}",FotMob matchDetails.playerStats
2026-09-19T00:29:10+08:00,FB5074,2026-09-13T22:00+08:00,BFL,Genk,AA Gent,5811761,0.970,H,9987,KRC Genk,4-2-3-1,604044,Junya Ito,3,10,1,0,73,7.7,0,1,0.2,0.25,1,0,3,,4,,22,,1,0,6,4,0,,,,,"{""rating_title"":{""value"":7.65,""total"":null,""title"":""FotMob rating""},""minutes_played"":{""value"":73,""total"":null,""title"":""Minutes played""},""goals"":{""value"":0,""total"":null,""title"":""Goals""},""assists"":{""value"":1,""total"":null,""title"":""Assists""},""expected_goals"":{""value"":0.2,""total"":null,""title"":""Expected goals (xG)""},""expected_goals_on_target_variant"":{""value"":null,""total"":null,""title"":""Expected goals on target (xGOT)""},""expected_assists"":{""value"":0.25,""total"":null,""title"":""Expected assists (xA)""},""xg_and_xa"":{""value"":0.45,""total"":null,""title"":""xG + xA""},""total_shots"":{""value"":1,""total"":null,""title"":""Total shots""},""accurate_passes"":{""value"":22,""total"":30,""title"":""Accurate passes""},""chances_created"":{""value"":3,""total"":null,""title"":""Chances created""},""big_chance_created_team_title"":{""value"":1,""total"":null,""title"":""Big chances created""},""ShotsOnTarget"":{""value"":0,""total"":null,""title"":""Shots on target""},""ShotsOffTarget"":{""value"":0,""total"":null,""title"":""Shots off target""},""blocked_shots"":{""value"":1,""total"":null,""title"":""Blocked shots""},""Shotmap"":{""value"":1,""total"":null,""title"":""Shotmap""},""defensive_actions"":{""value"":1,""total"":null,""title"":""Defensive actions""},""touches"":{""value"":52,""total"":null,""title"":""Touches""},""touches_opp_box"":{""value"":4,""total"":null,""title"":""Touches in opposition box""},""dribbles_succeeded"":{""value"":2,""total"":5,""title"":""Successful dribbles""},""passes_into_final_third"":{""value"":4,""total"":null,""title"":""Passes into final third""},""accurate_crosses"":{""value"":2,""total"":6,""title"":""Accurate crosses""},""long_balls_accurate"":{""value"":0,""total"":2,""title"":""Accurate long balls""},""corners"":{""value"":3,""total"":null,""title"":""Corners""},""dispossessed"":{""value"":3,""total"":null,""title"":""Dispossessed""},""expected_goals_non_penalty"":{""value"":0.2,""total"":null,""title"":""xG Non-penalty""},""matchstats.headers.tackles"":{""value"":1,""total"":null,""title"":""Tackles""},""shot_blocks"":{""value"":0,""total"":null,""title"":""Blocks""},""clearances"":{""value"":0,""total"":null,""title"":""Clearances""},""interceptions"":{""value"":0,""total"":null,""title"":""Interceptions""},""recoveries"":{""value"":6,""total"":null,""title"":""Recoveries""},""dribbled_past"":{""value"":1,""total"":null,""title"":""Dribbled past""},""ground_duels_won"":{""value"":4,""total"":11,""title"":""Ground duels won""},""aerials_won"":{""value"":0,""total"":0,""title"":""Aerial duels won""},""was_fouled"":{""value"":1,""total"":null,""title"":""Was fouled""},""fouls"":{""value"":0,""total"":null,""title"":""Fouls committed""},""duel_won"":{""value"":4,""total"":null,""title"":""Duels won""},""duel_lost"":{""value"":7,""total"":null,""title"":""Duels lost""}}",FotMob matchDetails.playerStats
2026-09-19T00:29:10+08:00,FB5074,2026-09-13T22:00+08:00,BFL,Genk,AA Gent,5811761,0.970,H,9987,KRC Genk,4-2-3-1,1437365,Kevin Amaro,1,20,1,0,90,7.9,0,0,0.01,0.1,1,1,3,,0,,59,,3,1,5,4,1,,,,,"{""rating_title"":{""value"":7.87,""total"":null,""title"":""FotMob rating""},""minutes_played"":{""value"":90,""total"":null,""title"":""Minutes played""},""goals"":{""value"":0,""total"":null,""title"":""Goals""},""assists"":{""value"":0,""total"":null,""title"":""Assists""},""expected_goals"":{""value"":0.01,""total"":null,""title"":""Expected goals (xG)""},""expected_goals_on_target_variant"":{""value"":0.02,""total"":null,""title"":""Expected goals on target (xGOT)""},""expected_assists"":{""value"":0.1,""total"":null,""title"":""Expected assists (xA)""},""xg_and_xa"":{""value"":0.11,""total"":null,""title"":""xG + xA""},""total_shots"":{""value"":1,""total"":null,""title"":""Total shots""},""accurate_passes"":{""value"":59,""total"":60,""title"":""Accurate passes""},""chances_created"":{""value"":3,""total"":null,""title"":""Chances created""},""ShotsOnTarget"":{""value"":1,""total"":null,""title"":""Shots on target""},""ShotsOffTarget"":{""value"":0,""total"":null,""title"":""Shots off target""},""shot_accuracy"":{""value"":1,""total"":1,""title"":""Shot accuracy""},""Shotmap"":{""value"":1,""total"":null,""title"":""Shotmap""},""defensive_actions"":{""value"":8,""total"":null,""title"":""Defensive actions""},""touches"":{""value"":86,""total"":null,""title"":""Touches""},""touches_opp_box"":{""value"":0,""total"":null,""title"":""Touches in opposition box""},""dribbles_succeeded"":{""value"":0,""total"":2,""title"":""Successful dribbles""},""passes_into_final_third"":{""value"":1,""total"":null,""title"":""Passes into final third""},""accurate_crosses"":{""value"":2,""total"":5,""title"":""Accurate crosses""},""long_balls_accurate"":{""value"":1,""total"":1,""title"":""Accurate long balls""},""dispossessed"":{""value"":0,""total"":null,""title"":""Dispossessed""},""expected_goals_non_penalty"":{""value"":0.01,""total"":null,""title"":""xG Non-penalty""},""matchstats.headers.tackles"":{""value"":3,""total"":null,""title"":""Tackles""},""shot_blocks"":{""value"":1,""total"":null,""title"":""Blocks""},""clearances"":{""value"":3,""total"":null,""title"":""Clearances""},""headed_clearance"":{""value"":1,""total"":null,""title"":""Headed clearance""},""interceptions"":{""value"":1,""total"":null,""title"":""Interceptions""},""recoveries"":{""value"":5,""total"":null,""title"":""Recoveries""},""dribbled_past"":{""value"":0,""total"":null,""title"":""Dribbled past""},""ground_duels_won"":{""value"":3,""total"":5,""title"":""Ground duels won""},""aerials_won"":{""value"":1,""total"":3,""title"":""Aerial duels won""},""was_fouled"":{""value"":null,""total"":null,""title"":""Was fouled""},""fouls"":{""value"":0,""total"":null,""title"":""Fouls committed""},""duel_won"":{""value"":4,""total"":null,""title"":""Duels won""},""duel_lost"":{""value"":4,""total"":null,""title"":""Duels lost""}}",FotMob matchDetails.playerStats
2026-09-19T00:29:10+08:00,FB5074,2026-09-13T22:00+08:00,BFL,Genk,AA Gent,5811761,0.970,H,9987,KRC Genk,4-2-3-1,1679949,Lucca Brughmans,11,28,1,0,90,6.8,,,,,,,,,,,24,,0,0,4,,,5,-0.15,,,"{""rating_title"":{""value"":6.78,""total"":null,""title"":""FotMob rating""},""minutes_played"":{""value"":90,""total"":null,""title"":""Minutes played""},""saves"":{""value"":5,""total"":null,""title"":""Saves""},""goals_conceded"":{""value"":1,""total"":null,""title"":""Goals conceded""},""expected_goals_on_target_faced"":{""value"":0.85,""total"":null,""title"":""xGOT faced""},""goals_prevented"":{""value"":-0.15,""total"":null,""title"":""Goals prevented""},""Shotmap"":{""value"":1,""total"":null,""title"":""Shotmap""},""accurate_passes"":{""value"":24,""total"":25,""title"":""Accurate passes""},""long_balls_accurate"":{""value"":4,""total"":5,""title"":""Accurate long balls""},""keeper_diving_save"":{""value"":1,""total"":null,""title"":""Diving save""},""saves_inside_box"":{""value"":2,""total"":null,""title"":""Saves inside box""},""keeper_sweeper"":{""value"":0,""total"":null,""title"":""Acted as sweeper""},""punches"":{""value"":0,""total"":null,""title"":""Punches""},""player_throws"":{""value"":2,""total"":null,""title"":""Throws""},""keeper_high_claim"":{""value"":0,""total"":null,""title"":""High claim""},""recoveries"":{""value"":4,""total"":null,""title"":""Recoveries""},""clearances"":{""value"":1,""total"":null,""title"":""Clearances""},""touches"":{""value"":34,""total"":null,""title"":""Touches""},""defensive_actions"":{""value"":1,""total"":null,""title"":""Defensive actions""},""was_fouled"":{""value"":null,""total"":null,""title"":""Was fouled""},""fouls"":{""value"":0,""total"":null,""title"":""Fouls committed""},""matchstats.headers.tackles"":{""value"":0,""total"":null,""title"":""Tackles""},""passes_into_final_third"":{""value"":2,""total"":null,""title"":""Passes into final third""},""interceptions"":{""value"":0,""total"":null,""title"":""Interceptions""}}",FotMob matchDetails.playerStats
2026-09-19T00:29:10+08:00,FB5074,2026-09-13T22:00+08:00,BFL,Genk,AA Gent,5811761,0.970,H,9987,KRC Genk,4-2-3-1,1390101,Matte Smets,1,6,1,0,90,7.2,0,0,,0.03,,,0,,1,,80,,2,0,2,6,3,,,,,"{""rating_title"":{""value"":7.18,""total"":null,""title"":""FotMob rating""},""minutes_played"":{""value"":90,""total"":null,""title"":""Minutes played""},""goals"":{""value"":0,""total"":null,""title"":""Goals""},""assists"":{""value"":0,""total"":null,""title"":""Assists""},""expected_assists"":{""value"":0.03,""total"":null,""title"":""Expected assists (xA)""},""xg_and_xa"":{""value"":0.03,""total"":null,""title"":""xG + xA""},""accurate_passes"":{""value"":80,""total"":88,""title"":""Accurate passes""},""chances_created"":{""value"":0,""total"":null,""title"":""Chances created""},""Shotmap"":{""value"":0,""total"":null,""title"":""Shotmap""},""defensive_actions"":{""value"":6,""total"":null,""title"":""Defensive actions""},""touches"":{""value"":97,""total"":null,""title"":""Touches""},""touches_opp_box"":{""value"":1,""total"":null,""title"":""Touches in opposition box""},""passes_into_final_third"":{""value"":9,""total"":null,""title"":""Passes into final third""},""long_balls_accurate"":{""value"":6,""total"":10,""title"":""Accurate long balls""},""dispossessed"":{""value"":0,""total"":null,""title"":""Dispossessed""},""matchstats.headers.tackles"":{""value"":2,""total"":null,""title"":""Tackles""},""shot_blocks"":{""value"":0,""total"":null,""title"":""Blocks""},""clearances"":{""value"":4,""total"":null,""title"":""Clearances""},""headed_clearance"":{""value"":4,""total"":null,""title"":""Headed clearance""},""interceptions"":{""value"":0,""total"":null,""title"":""Interceptions""},""recoveries"":{""value"":2,""total"":null,""title"":""Recoveries""},""dribbled_past"":{""value"":0,""total"":null,""title"":""Dribbled past""},""ground_duels_won"":{""value"":3,""total"":5,""title"":""Ground duels won""},""aerials_won"":{""value"":3,""total"":5,""title"":""Aerial duels won""},""was_fouled"":{""value"":1,""total"":null,""title"":""Was fouled""},""fouls"":{""value"":2,""total"":null,""title"":""Fouls committed""},""duel_won"":{""value"":6,""total"":null,""title"":""Duels won""},""duel_lost"":{""value"":4,""total"":null,""title"":""Duels lost""}}",FotMob matchDetails.playerStats
2026-09-19T00:29:10+08:00,FB5074,2026-09-13T22:00+08:00,BFL,Genk,AA Gent,5811761,0.970,H,9987,KRC Genk,4-2-3-1,1362985,Milan Roganović,1,25,0,1,,,,,,,,,,,,,,,,,,,,,,,,{},FotMob matchDetails.playerStats
2026-09-19T00:29:10+08:00,FB5074,2026-09-13T22:00+08:00,BFL,Genk,AA Gent,5811761,0.970,H,9987,KRC Genk,4-2-3-1,1199243,Nikolas Sattlberger,2,24,0,1,,,,,,,,,,,,,,,,,,,,,,,,{},FotMob matchDetails.playerStats
2026-09-19T00:29:10+08:00,FB5074,2026-09-13T22:00+08:00,BFL,Genk,AA Gent,5811761,0.970,H,9987,KRC Genk,4-2-3-1,1577582,Noah Adedeji-Sternberg,3,32,0,1,45,7.2,0,0,0.07,0.09,2,0,2,,1,,27,,1,1,2,4,0,,,,,"{""rating_title"":{""value"":7.2,""total"":null,""title"":""FotMob rating""},""minutes_played"":{""value"":45,""total"":null,""title"":""Minutes played""},""goals"":{""value"":0,""total"":null,""title"":""Goals""},""assists"":{""value"":0,""total"":null,""title"":""Assists""},""expected_goals"":{""value"":0.07,""total"":null,""title"":""Expected goals (xG)""},""expected_goals_on_target_variant"":{""value"":null,""total"":null,""title"":""Expected goals on target (xGOT)""},""expected_assists"":{""value"":0.09,""total"":null,""title"":""Expected assists (xA)""},""xg_and_xa"":{""value"":0.16,""total"":null,""title"":""xG + xA""},""total_shots"":{""value"":2,""total"":null,""title"":""Total shots""},""accurate_passes"":{""value"":27,""total"":29,""title"":""Accurate passes""},""chances_created"":{""value"":2,""total"":null,""title"":""Chances created""},""ShotsOnTarget"":{""value"":0,""total"":null,""title"":""Shots on target""},""ShotsOffTarget"":{""value"":1,""total"":null,""title"":""Shots off target""},""blocked_shots"":{""value"":1,""total"":null,""title"":""Blocked shots""},""shot_accuracy"":{""value"":0,""total"":1,""title"":""Shot accuracy""},""Shotmap"":{""value"":1,""total"":null,""title"":""Shotmap""},""defensive_actions"":{""value"":2,""total"":null,""title"":""Defensive actions""},""touches"":{""value"":45,""total"":null,""title"":""Touches""},""touches_opp_box"":{""value"":1,""total"":null,""title"":""Touches in opposition box""},""dribbles_succeeded"":{""value"":2,""total"":3,""title"":""Successful dribbles""},""accurate_crosses"":{""value"":1,""total"":4,""title"":""Accurate crosses""},""long_balls_accurate"":{""value"":1,""total"":1,""title"":""Accurate long balls""},""corners"":{""value"":1,""total"":null,""title"":""Corners""},""dispossessed"":{""value"":1,""total"":null,""title"":""Dispossessed""},""expected_goals_non_penalty"":{""value"":0.07,""total"":null,""title"":""xG Non-penalty""},""matchstats.headers.tackles"":{""value"":1,""total"":null,""title"":""Tackles""},""shot_blocks"":{""value"":0,""total"":null,""title"":""Blocks""},""clearances"":{""value"":0,""total"":null,""title"":""Clearances""},""interceptions"":{""value"":1,""total"":null,""title"":""Interceptions""},""recoveries"":{""value"":2,""total"":null,""title"":""Recoveries""},""dribbled_past"":{""value"":0,""total"":null,""title"":""Dribbled past""},""ground_duels_won"":{""value"":4,""total"":6,""title"":""Ground duels won""},""aerials_won"":{""value"":0,""total"":0,""title"":""Aerial duels won""},""was_fouled"":{""value"":1,""total"":null,""title"":""Was fouled""},""fouls"":{""value"":0,""total"":null,""title"":""Fouls committed""},""duel_won"":{""value"":4,""total"":null,""title"":""Duels won""},""duel_lost"":{""value"":2,""total"":null,""title"":""Duels lost""}}",FotMob matchDetails.playerStats
2026-09-19T00:29:10+08:00,FB5074,2026-09-13T22:00+08:00,BFL,Genk,AA Gent,5811761,0.970,H,9987,KRC Genk,4-2-3-1,1305763,Rafiu Durosinmi,3,17,1,0,87,7.9,1,0,0.27,0.1,3,1,1,,7,,9,,2,0,0,10,7,,,,,"{""rating_title"":{""value"":7.92,""total"":null,""title"":""FotMob rating""},""minutes_played"":{""value"":87,""total"":null,""title"":""Minutes played""},""goals"":{""value"":1,""total"":null,""title"":""Goals""},""assists"":{""value"":0,""total"":null,""title"":""Assists""},""expected_goals"":{""value"":0.27,""total"":null,""title"":""Expected goals (xG)""},""expected_goals_on_target_variant"":{""value"":0.69,""total"":null,""title"":""Expected goals on target (xGOT)""},""expected_assists"":{""value"":0.1,""total"":null,""title"":""Expected assists (xA)""},""xg_and_xa"":{""value"":0.37,""total"":null,""title"":""xG + xA""},""total_shots"":{""value"":3,""total"":null,""title"":""Total shots""},""accurate_passes"":{""value"":9,""total"":18,""title"":""Accurate passes""},""chances_created"":{""value"":1,""total"":null,""title"":""Chances created""},""ShotsOnTarget"":{""value"":1,""total"":null,""title"":""Shots on target""},""ShotsOffTarget"":{""value"":1,""total"":null,""title"":""Shots off target""},""blocked_shots"":{""value"":1,""total"":null,""title"":""Blocked shots""},""shot_accuracy"":{""value"":1,""total"":2,""title"":""Shot accuracy""},""Shotmap"":{""value"":1,""total"":null,""title"":""Shotmap""},""defensive_actions"":{""value"":4,""total"":null,""title"":""Defensive actions""},""touches"":{""value"":34,""total"":null,""title"":""Touches""},""touches_opp_box"":{""value"":7,""total"":null,""title"":""Touches in opposition box""},""accurate_crosses"":{""value"":0,""total"":1,""title"":""Accurate crosses""},""dispossessed"":{""value"":0,""total"":null,""title"":""Dispossessed""},""expected_goals_non_penalty"":{""value"":0.27,""total"":null,""title"":""xG Non-penalty""},""matchstats.headers.tackles"":{""value"":2,""total"":null,""title"":""Tackles""},""shot_blocks"":{""value"":0,""total"":null,""title"":""Blocks""},""clearances"":{""value"":2,""total"":null,""title"":""Clearances""},""headed_clearance"":{""value"":2,""total"":null,""title"":""Headed clearance""},""interceptions"":{""value"":0,""total"":null,""title"":""Interceptions""},""recoveries"":{""value"":0,""total"":null,""title"":""Recoveries""},""dribbled_past"":{""value"":0,""total"":null,""title"":""Dribbled past""},""ground_duels_won"":{""value"":3,""total"":4,""title"":""Ground duels won""},""aerials_won"":{""value"":7,""total"":8,""title"":""Aerial duels won""},""was_fouled"":{""value"":1,""total"":null,""title"":""Was fouled""},""fouls"":{""value"":1,""total"":null,""title"":""Fouls committed""},""duel_won"":{""value"":10,""total"":null,""title"":""Duels won""},""duel_lost"":{""value"":2,""total"":null,""title"":""Duels lost""}}",FotMob matchDetails.playerStats
2026-09-19T00:29:10+08:00,FB5074,2026-09-13T22:00+08:00,BFL,Genk,AA Gent,5811761,0.970,H,9987,KRC Genk,4-2-3-1,1092104,Tobe Leysen,,1,0,1,,,,,,,,,,,,,,,,,,,,,,,,{},FotMob matchDetails.playerStats
2026-09-19T00:29:10+08:00,FB5040,2026-09-14T04:30+08:00,BD1,Flamengo,Corinthians,5103624,1.000,A,9808,Corinthians,4-4-2,494241,Alex Santana,2,80,0,1,,,,,,,,,,,,,,,,,,,,,,,,{},FotMob matchDetails.playerStats
2026-09-19T00:29:10+08:00,FB5040,2026-09-14T04:30+08:00,BD1,Flamengo,Corinthians,5103624,1.000,A,9808,Corinthians,4-4-2,1130833,Bidu,1,21,0,1,23,6.3,0,0,,0.01,,,0,,1,,5,,0,1,0,2,0,,,,,"{""rating_title"":{""value"":6.33,""total"":null,""title"":""FotMob rating""},""minutes_played"":{""value"":23,""total"":null,""title"":""Minutes played""},""goals"":{""value"":0,""total"":null,""title"":""Goals""},""assists"":{""value"":0,""total"":null,""title"":""Assists""},""expected_assists"":{""value"":0.01,""total"":null,""title"":""Expected assists (xA)""},""xg_and_xa"":{""value"":0.01,""total"":null,""title"":""xG + xA""},""accurate_passes"":{""value"":5,""total"":6,""title"":""Accurate passes""},""chances_created"":{""value"":0,""total"":null,""title"":""Chances created""},""Shotmap"":{""value"":0,""total"":null,""title"":""Shotmap""},""defensive_actions"":{""value"":2,""total"":null,""title"":""Defensive actions""},""touches"":{""value"":13,""total"":null,""title"":""Touches""},""touches_opp_box"":{""value"":1,""total"":null,""title"":""Touches in opposition box""},""accurate_crosses"":{""value"":0,""total"":1,""title"":""Accurate crosses""},""dispossessed"":{""value"":0,""total"":null,""title"":""Dispossessed""},""matchstats.headers.tackles"":{""value"":0,""total"":null,""title"":""Tackles""},""shot_blocks"":{""value"":0,""total"":null,""title"":""Blocks""},""clearances"":{""value"":1,""total"":null,""title"":""Clearances""},""headed_clearance"":{""value"":1,""total"":null,""title"":""Headed clearance""},""interceptions"":{""value"":1,""total"":null,""title"":""Interceptions""},""recoveries"":{""value"":0,""total"":null,""title"":""Recoveries""},""dribbled_past"":{""value"":0,""total"":null,""title"":""Dribbled past""},""ground_duels_won"":{""value"":2,""total"":2,""title"":""Ground duels won""},""aerials_won"":{""value"":0,""total"":0,""title"":""Aerial duels won""},""was_fouled"":{""value"":2,""total"":null,""title"":""Was fouled""},""fouls"":{""value"":0,""total"":null,""title"":""Fouls committed""},""duel_won"":{""value"":2,""total"":null,""title"":""Duels won""}}",FotMob matchDetails.playerStats
2026-09-19T00:29:10+08:00,FB5040,2026-09-14T04:30+08:00,BD1,Flamengo,Corinthians,5103624,1.000,A,9808,Corinthians,4-4-2,1380775,Breno Bidon,2,7,0,1,23,6.4,0,0,,0.01,,,1,,0,,18,,0,1,2,,0,,,,,"{""rating_title"":{""value"":6.35,""total"":null,""title"":""FotMob rating""},""minutes_played"":{""value"":23,""total"":null,""title"":""Minutes played""},""goals"":{""value"":0,""total"":null,""title"":""Goals""},""assists"":{""value"":0,""total"":null,""title"":""Assists""},""expected_assists"":{""value"":0.01,""total"":null,""title"":""Expected assists (xA)""},""xg_and_xa"":{""value"":0.01,""total"":null,""title"":""xG + xA""},""accurate_passes"":{""value"":18,""total"":21,""title"":""Accurate passes""},""chances_created"":{""value"":1,""total"":null,""title"":""Chances created""},""Shotmap"":{""value"":0,""total"":null,""title"":""Shotmap""},""defensive_actions"":{""value"":1,""total"":null,""title"":""Defensive actions""},""touches"":{""value"":25,""total"":null,""title"":""Touches""},""touches_opp_box"":{""value"":0,""total"":null,""title"":""Touches in opposition box""},""passes_into_final_third"":{""value"":6,""total"":null,""title"":""Passes into final third""},""long_balls_accurate"":{""value"":3,""total"":4,""title"":""Accurate long balls""},""dispossessed"":{""value"":0,""total"":null,""title"":""Dispossessed""},""matchstats.headers.tackles"":{""value"":0,""total"":null,""title"":""Tackles""},""shot_blocks"":{""value"":0,""total"":null,""title"":""Blocks""},""clearances"":{""value"":0,""total"":null,""title"":""Clearances""},""interceptions"":{""value"":1,""total"":null,""title"":""Interceptions""},""recoveries"":{""value"":2,""total"":null,""title"":""Recoveries""},""dribbled_past"":{""value"":0,""total"":null,""title"":""Dribbled past""},""ground_duels_won"":{""value"":0,""total"":1,""title"":""Ground duels won""},""aerials_won"":{""value"":0,""total"":0,""title"":""Aerial duels won""},""was_fouled"":{""value"":null,""total"":null,""title"":""Was fouled""},""fouls"":{""value"":1,""total"":null,""title"":""Fouls committed""},""duel_lost"":{""value"":1,""total"":null,""title"":""Duels lost""}}",FotMob matchDetails.playerStats
2026-09-19T00:29:10+08:00,FB5040,2026-09-14T04:30+08:00,BD1,Flamengo,Corinthians,5103624,1.000,A,9808,Corinthians,4-4-2,775266,Charles,2,35,1,0,67,6.8,0,0,,,,,0,,0,,18,,4,2,6,7,0,,,,,"{""rating_title"":{""value"":6.84,""total"":null,""title"":""FotMob rating""},""minutes_played"":{""value"":67,""total"":null,""title"":""Minutes played""},""goals"":{""value"":0,""total"":null,""title"":""Goals""},""assists"":{""value"":0,""total"":null,""title"":""Assists""},""accurate_passes"":{""value"":18,""total"":23,""title"":""Accurate passes""},""chances_created"":{""value"":0,""total"":null,""title"":""Chances created""},""Shotmap"":{""value"":0,""total"":null,""title"":""Shotmap""},""defensive_actions"":{""value"":9,""total"":null,""title"":""Defensive actions""},""touches"":{""value"":37,""total"":null,""title"":""Touches""},""touches_opp_box"":{""value"":0,""total"":null,""title"":""Touches in opposition box""},""passes_into_final_third"":{""value"":3,""total"":null,""title"":""Passes into final third""},""long_balls_accurate"":{""value"":1,""total"":2,""title"":""Accurate long balls""},""dispossessed"":{""value"":1,""total"":null,""title"":""Dispossessed""},""matchstats.headers.tackles"":{""value"":4,""total"":null,""title"":""Tackles""},""shot_blocks"":{""value"":0,""total"":null,""title"":""Blocks""},""clearances"":{""value"":3,""total"":null,""title"":""Clearances""},""headed_clearance"":{""value"":3,""total"":null,""title"":""Headed clearance""},""interceptions"":{""value"":2,""total"":null,""title"":""Interceptions""},""recoveries"":{""value"":6,""total"":null,""title"":""Recoveries""},""dribbled_past"":{""value"":1,""total"":null,""title"":""Dribbled past""},""ground_duels_won"":{""value"":7,""total"":11,""title"":""Ground duels won""},""aerials_won"":{""value"":0,""total"":1,""title"":""Aerial duels won""},""was_fouled"":{""value"":3,""total"":null,""title"":""Was fouled""},""fouls"":{""value"":2,""total"":null,""title"":""Fouls committed""},""duel_won"":{""value"":7,""total"":null,""title"":""Duels won""},""duel_lost"":{""value"":5,""total"":null,""title"":""Duels lost""}}",FotMob matchDetails.playerStats
2026-09-19T00:29:10+08:00,FB5040,2026-09-14T04:30+08:00,BD1,Flamengo,Corinthians,5103624,1.000,A,9808,Corinthians,4-4-2,1744337,Dieguinho,2,61,1,0,67,6.5,0,0,,,,,0,,0,,13,,2,0,3,4,0,,,,,"{""rating_title"":{""value"":6.47,""total"":null,""title"":""FotMob rating""},""minutes_played"":{""value"":67,""total"":null,""title"":""Minutes played""},""goals"":{""value"":0,""total"":null,""title"":""Goals""},""assists"":{""value"":0,""total"":null,""title"":""Assists""},""accurate_passes"":{""value"":13,""total"":15,""title"":""Accurate passes""},""chances_created"":{""value"":0,""total"":null,""title"":""Chances created""},""Shotmap"":{""value"":0,""total"":null,""title"":""Shotmap""},""defensive_actions"":{""value"":3,""total"":null,""title"":""Defensive actions""},""touches"":{""value"":26,""total"":null,""title"":""Touches""},""touches_opp_box"":{""value"":0,""total"":null,""title"":""Touches in opposition box""},""dribbles_succeeded"":{""value"":2,""total"":4,""title"":""Successful dribbles""},""dispossessed"":{""value"":1,""total"":null,""title"":""Dispossessed""},""matchstats.headers.tackles"":{""value"":2,""total"":null,""title"":""Tackles""},""shot_blocks"":{""value"":0,""total"":null,""title"":""Blocks""},""clearances"":{""value"":1,""total"":null,""title"":""Clearances""},""interceptions"":{""value"":0,""total"":null,""title"":""Interceptions""},""recoveries"":{""value"":3,""total"":null,""title"":""Recoveries""},""dribbled_past"":{""value"":0,""total"":null,""title"":""Dribbled past""},""ground_duels_won"":{""value"":4,""total"":7,""title"":""Ground duels won""},""aerials_won"":{""value"":0,""total"":1,""title"":""Aerial duels won""},""was_fouled"":{""value"":null,""total"":null,""title"":""Was fouled""},""fouls"":{""value"":0,""total"":null,""title"":""Fouls committed""},""duel_won"":{""value"":4,""total"":null,""title"":""Duels won""},""duel_lost"":{""value"":4,""total"":null,""title"":""Duels lost""}}",FotMob matchDetails.playerStats
2026-09-19T00:29:10+08:00,FB5040,2026-09-14T04:30+08:00,BD1,Flamengo,Corinthians,5103624,1.000,A,9808,Corinthians,4-4-2,427877,Fabrizio Angileri,1,26,1,0,67,6.9,0,0,,0.37,,,0,,1,,14,,3,0,3,5,2,,,,,"{""rating_title"":{""value"":6.86,""total"":null,""title"":""FotMob rating""},""minutes_played"":{""value"":67,""total"":null,""title"":""Minutes played""},""goals"":{""value"":0,""total"":null,""title"":""Goals""},""assists"":{""value"":0,""total"":null,""title"":""Assists""},""expected_assists"":{""value"":0.37,""total"":null,""title"":""Expected assists (xA)""},""xg_and_xa"":{""value"":0.37,""total"":null,""title"":""xG + xA""},""accurate_passes"":{""value"":14,""total"":22,""title"":""Accurate passes""},""chances_created"":{""value"":0,""total"":null,""title"":""Chances created""},""Shotmap"":{""value"":0,""total"":null,""title"":""Shotmap""},""defensive_actions"":{""value"":11,""total"":null,""title"":""Defensive actions""},""touches"":{""value"":40,""total"":null,""title"":""Touches""},""touches_opp_box"":{""value"":1,""total"":null,""title"":""Touches in opposition box""},""passes_into_final_third"":{""value"":3,""total"":null,""title"":""Passes into final third""},""accurate_crosses"":{""value"":1,""total"":2,""title"":""Accurate crosses""},""long_balls_accurate"":{""value"":1,""total"":4,""title"":""Accurate long balls""},""dispossessed"":{""value"":0,""total"":null,""title"":""Dispossessed""},""matchstats.headers.tackles"":{""value"":3,""total"":null,""title"":""Tackles""},""shot_blocks"":{""value"":3,""total"":null,""title"":""Blocks""},""clearances"":{""value"":5,""total"":null,""title"":""Clearances""},""headed_clearance"":{""value"":5,""total"":null,""title"":""Headed clearance""},""interceptions"":{""value"":0,""total"":null,""title"":""Interceptions""},""recoveries"":{""value"":3,""total"":null,""title"":""Recoveries""},""dribbled_past"":{""value"":0,""total"":null,""title"":""Dribbled past""},""ground_duels_won"":{""value"":3,""total"":3,""title"":""Ground duels won""},""aerials_won"":{""value"":2,""total"":2,""title"":""Aerial duels won""},""was_fouled"":{""value"":null,""total"":null,""title"":""Was fouled""},""fouls"":{""value"":0,""total"":null,""title"":""Fouls committed""},""duel_won"":{""value"":5,""total"":null,""title"":""Duels won""}}",FotMob matchDetails.playerStats
2026-09-19T00:29:10+08:00,FB5040,2026-09-14T04:30+08:00,BD1,Flamengo,Corinthians,5103624,1.000,A,9808,Corinthians,4-4-2,177503,Gabriel Paulista,1,3,0,1,,,,,,,,,,,,,,,,,,,,,,,,{},FotMob matchDetails.playerStats
2026-09-19T00:29:10+08:00,FB5040,2026-09-14T04:30+08:00,BD1,Flamengo,Corinthians,5103624,1.000,A,9808,Corinthians,4-4-2,1652599,Gui Negão,3,56,1,0,90,7.1,1,0,0.51,,1,1,0,,3,,4,,2,0,1,5,2,,,,,"{""rating_title"":{""value"":7.1,""total"":null,""title"":""FotMob rating""},""minutes_played"":{""value"":90,""total"":null,""title"":""Minutes played""},""goals"":{""value"":1,""total"":null,""title"":""Goals""},""assists"":{""value"":0,""total"":null,""title"":""Assists""},""expected_goals"":{""value"":0.51,""total"":null,""title"":""Expected goals (xG)""},""expected_goals_on_target_variant"":{""value"":0.96,""total"":null,""title"":""Expected goals on target (xGOT)""},""xg_and_xa"":{""value"":0.51,""total"":null,""title"":""xG + xA""},""total_shots"":{""value"":1,""total"":null,""title"":""Total shots""},""accurate_passes"":{""value"":4,""total"":6,""title"":""Accurate passes""},""chances_created"":{""value"":0,""total"":null,""title"":""Chances created""},""ShotsOnTarget"":{""value"":1,""total"":null,""title"":""Shots on target""},""ShotsOffTarget"":{""value"":0,""total"":null,""title"":""Shots off target""},""shot_accuracy"":{""value"":1,""total"":1,""title"":""Shot accuracy""},""Shotmap"":{""value"":1,""total"":null,""title"":""Shotmap""},""defensive_actions"":{""value"":4,""total"":null,""title"":""Defensive actions""},""touches"":{""value"":23,""total"":null,""title"":""Touches""},""touches_opp_box"":{""value"":3,""total"":null,""title"":""Touches in opposition box""},""long_balls_accurate"":{""value"":1,""total"":1,""title"":""Accurate long balls""},""dispossessed"":{""value"":1,""total"":null,""title"":""Dispossessed""},""expected_goals_non_penalty"":{""value"":0.51,""total"":null,""title"":""xG Non-penalty""},""matchstats.headers.tackles"":{""value"":2,""total"":null,""title"":""Tackles""},""shot_blocks"":{""value"":1,""total"":null,""title"":""Blocks""},""clearances"":{""value"":1,""total"":null,""title"":""Clearances""},""headed_clearance"":{""value"":1,""total"":null,""title"":""Headed clearance""},""interceptions"":{""value"":0,""total"":null,""title"":""Interceptions""},""recoveries"":{""value"":1,""total"":null,""title"":""Recoveries""},""dribbled_past"":{""value"":1,""total"":null,""title"":""Dribbled past""},""ground_duels_won"":{""value"":3,""total"":5,""title"":""Ground duels won""},""aerials_won"":{""value"":2,""total"":4,""title"":""Aerial duels won""},""was_fouled"":{""value"":2,""total"":null,""title"":""Was fouled""},""fouls"":{""value"":0,""total"":null,""title"":""Fouls committed""},""duel_won"":{""value"":5,""total"":null,""title"":""Duels won""},""duel_lost"":{""value"":4,""total"":null,""title"":""Duels lost""}}",FotMob matchDetails.playerStats
2026-09-19T00:29:10+08:00,FB5040,2026-09-14T04:30+08:00,BD1,Flamengo,Corinthians,5103624,1.000,A,9808,Corinthians,4-4-2,1198558,Hugo,1,46,0,1,,,,,,,,,,,,,,,,,,,,,,,,{},FotMob matchDetails.playerStats
2026-09-19T00:29:10+08:00,FB5040,2026-09-14T04:30+08:00,BD1,Flamengo,Corinthians,5103624,1.000,A,9808,Corinthians,4-4-2,960887,Hugo Souza,11,1,1,0,90,7.4,,,,,,,,,,,27,,0,0,9,,,7,0.62,,,"{""rating_title"":{""value"":7.35,""total"":null,""title"":""FotMob rating""},""minutes_played"":{""value"":90,""total"":null,""title"":""Minutes played""},""saves"":{""value"":7,""total"":null,""title"":""Saves""},""goals_conceded"":{""value"":2,""total"":null,""title"":""Goals conceded""},""expected_goals_on_target_faced"":{""value"":2.62,""total"":null,""title"":""xGOT faced""},""goals_prevented"":{""value"":0.62,""total"":null,""title"":""Goals prevented""},""Shotmap"":{""value"":1,""total"":null,""title"":""Shotmap""},""accurate_passes"":{""value"":27,""total"":39,""title"":""Accurate passes""},""long_balls_accurate"":{""value"":5,""total"":17,""title"":""Accurate long balls""},""keeper_diving_save"":{""value"":2,""total"":null,""title"":""Diving save""},""saves_inside_box"":{""value"":5,""total"":null,""title"":""Saves inside box""},""keeper_sweeper"":{""value"":0,""total"":null,""title"":""Acted as sweeper""},""punches"":{""value"":0,""total"":null,""title"":""Punches""},""player_throws"":{""value"":6,""total"":null,""title"":""Throws""},""keeper_high_claim"":{""value"":0,""total"":null,""title"":""High claim""},""recoveries"":{""value"":9,""total"":null,""title"":""Recoveries""},""clearances"":{""value"":2,""total"":null,""title"":""Clearances""},""touches"":{""value"":54,""total"":null,""title"":""Touches""},""defensive_actions"":{""value"":2,""total"":null,""title"":""Defensive actions""},""was_fouled"":{""value"":null,""total"":null,""title"":""Was fouled""},""fouls"":{""value"":0,""total"":null,""title"":""Fouls committed""},""matchstats.headers.tackles"":{""value"":0,""total"":null,""title"":""Tackles""},""passes_into_final_third"":{""value"":7,""total"":null,""title"":""Passes into final third""},""interceptions"":{""value"":0,""total"":null,""title"":""Interceptions""}}",FotMob matchDetails.playerStats
2026-09-19T00:29:10+08:00,FB5040,2026-09-14T04:30+08:00,BD1,Flamengo,Corinthians,5103624,1.000,A,9808,Corinthians,4-4-2,1946522,Iago Machado,1,55,1,0,90,6.4,0,0,,0.01,,,0,,0,,35,,0,0,1,3,3,,,,,"{""rating_title"":{""value"":6.42,""total"":null,""title"":""FotMob rating""},""minutes_played"":{""value"":90,""total"":null,""title"":""Minutes played""},""goals"":{""value"":0,""total"":null,""title"":""Goals""},""assists"":{""value"":0,""total"":null,""title"":""Assists""},""expected_assists"":{""value"":0.01,""total"":null,""title"":""Expected assists (xA)""},""xg_and_xa"":{""value"":0.01,""total"":null,""title"":""xG + xA""},""accurate_passes"":{""value"":35,""total"":39,""title"":""Accurate passes""},""chances_created"":{""value"":0,""total"":null,""title"":""Chances created""},""Shotmap"":{""value"":0,""total"":null,""title"":""Shotmap""},""defensive_actions"":{""value"":14,""total"":null,""title"":""Defensive actions""},""touches"":{""value"":55,""total"":null,""title"":""Touches""},""touches_opp_box"":{""value"":0,""total"":null,""title"":""Touches in opposition box""},""passes_into_final_third"":{""value"":1,""total"":null,""title"":""Passes into final third""},""long_balls_accurate"":{""value"":5,""total"":7,""title"":""Accurate long balls""},""dispossessed"":{""value"":0,""total"":null,""title"":""Dispossessed""},""matchstats.headers.tackles"":{""value"":0,""total"":null,""title"":""Tackles""},""shot_blocks"":{""value"":2,""total"":null,""title"":""Blocks""},""clearances"":{""value"":12,""total"":null,""title"":""Clearances""},""headed_clearance"":{""value"":6,""total"":null,""title"":""Headed clearance""},""interceptions"":{""value"":0,""total"":null,""title"":""Interceptions""},""recoveries"":{""value"":1,""total"":null,""title"":""Recoveries""},""dribbled_past"":{""value"":1,""total"":null,""title"":""Dribbled past""},""ground_duels_won"":{""value"":0,""total"":1,""title"":""Ground duels won""},""aerials_won"":{""value"":3,""total"":3,""title"":""Aerial duels won""},""was_fouled"":{""value"":null,""total"":null,""title"":""Was fouled""},""fouls"":{""value"":0,""total"":null,""title"":""Fouls committed""},""duel_won"":{""value"":3,""total"":null,""title"":""Duels won""},""duel_lost"":{""value"":1,""total"":null,""title"":""Duels lost""}}",FotMob matchDetails.playerStats
2026-09-19T00:29:10+08:00,FB5040,2026-09-14T04:30+08:00,BD1,Flamengo,Corinthians,5103624,1.000,A,9808,Corinthians,4-4-2,299215,Jesse Lingard,2,77,1,0,90,5.5,0,0,0.01,0.01,1,0,0,,0,,18,,1,0,2,1,0,,,,,"{""rating_title"":{""value"":5.47,""total"":null,""title"":""FotMob rating""},""minutes_played"":{""value"":90,""total"":null,""title"":""Minutes played""},""goals"":{""value"":0,""total"":null,""title"":""Goals""},""assists"":{""value"":0,""total"":null,""title"":""Assists""},""expected_goals"":{""value"":0.01,""total"":null,""title"":""Expected goals (xG)""},""expected_goals_on_target_variant"":{""value"":null,""total"":null,""title"":""Expected goals on target (xGOT)""},""expected_assists"":{""value"":0.01,""total"":null,""title"":""Expected assists (xA)""},""xg_and_xa"":{""value"":0.02,""total"":null,""title"":""xG + xA""},""total_shots"":{""value"":1,""total"":null,""title"":""Total shots""},""accurate_passes"":{""value"":18,""total"":21,""title"":""Accurate passes""},""chances_created"":{""value"":0,""total"":null,""title"":""Chances created""},""ShotsOnTarget"":{""value"":0,""total"":null,""title"":""Shots on target""},""ShotsOffTarget"":{""value"":1,""total"":null,""title"":""Shots off target""},""shot_accuracy"":{""value"":0,""total"":1,""title"":""Shot accuracy""},""Shotmap"":{""value"":1,""total"":null,""title"":""Shotmap""},""defensive_actions"":{""value"":1,""total"":null,""title"":""Defensive actions""},""touches"":{""value"":31,""total"":null,""title"":""Touches""},""touches_opp_box"":{""value"":0,""total"":null,""title"":""Touches in opposition box""},""dribbles_succeeded"":{""value"":0,""total"":2,""title"":""Successful dribbles""},""passes_into_final_third"":{""value"":2,""total"":null,""title"":""Passes into final third""},""accurate_crosses"":{""value"":0,""total"":1,""title"":""Accurate crosses""},""long_balls_accurate"":{""value"":1,""total"":3,""title"":""Accurate long balls""},""dispossessed"":{""value"":1,""total"":null,""title"":""Dispossessed""},""expected_goals_non_penalty"":{""value"":0.01,""total"":null,""title"":""xG Non-penalty""},""matchstats.headers.tackles"":{""value"":1,""total"":null,""title"":""Tackles""},""shot_blocks"":{""value"":0,""total"":null,""title"":""Blocks""},""clearances"":{""value"":0,""total"":null,""title"":""Clearances""},""interceptions"":{""value"":0,""total"":null,""title"":""Interceptions""},""recoveries"":{""value"":2,""total"":null,""title"":""Recoveries""},""dribbled_past"":{""value"":3,""total"":null,""title"":""Dribbled past""},""ground_duels_won"":{""value"":1,""total"":9,""title"":""Ground duels won""},""aerials_won"":{""value"":0,""total"":1,""title"":""Aerial duels won""},""was_fouled"":{""value"":null,""total"":null,""title"":""Was fouled""},""fouls"":{""value"":2,""total"":null,""title"":""Fouls committed""},""duel_won"":{""value"":1,""total"":null,""title"":""Duels won""},""duel_lost"":{""value"":9,""total"":null,""title"":""Duels lost""}}",FotMob matchDetails.playerStats
2026-09-19T00:29:10+08:00,FB5040,2026-09-14T04:30+08:00,BD1,Flamengo,Corinthians,5103624,1.000,A,9808,Corinthians,4-4-2,1395944,Kaio,3,37,0,1,23,7.6,0,1,,0.69,,,2,,2,,10,,2,0,1,6,1,,,,,"{""rating_title"":{""value"":7.59,""total"":null,""title"":""FotMob rating""},""minutes_played"":{""value"":23,""total"":null,""title"":""Minutes played""},""goals"":{""value"":0,""total"":null,""title"":""Goals""},""assists"":{""value"":1,""total"":null,""title"":""Assists""},""expected_assists"":{""value"":0.69,""total"":null,""title"":""Expected assists (xA)""},""xg_and_xa"":{""value"":0.69,""total"":null,""title"":""xG + xA""},""accurate_passes"":{""value"":10,""total"":10,""title"":""Accurate passes""},""chances_created"":{""value"":2,""total"":null,""title"":""Chances created""},""big_chance_created_team_title"":{""value"":1,""total"":null,""title"":""Big chances created""},""Shotmap"":{""value"":0,""total"":null,""title"":""Shotmap""},""defensive_actions"":{""value"":3,""total"":null,""title"":""Defensive actions""},""touches"":{""value"":18,""total"":null,""title"":""Touches""},""touches_opp_box"":{""value"":2,""total"":null,""title"":""Touches in opposition box""},""passes_into_final_third"":{""value"":1,""total"":null,""title"":""Passes into final third""},""long_balls_accurate"":{""value"":1,""total"":1,""title"":""Accurate long balls""},""dispossessed"":{""value"":0,""total"":null,""title"":""Dispossessed""},""matchstats.headers.tackles"":{""value"":2,""total"":null,""title"":""Tackles""},""shot_blocks"":{""value"":1,""total"":null,""title"":""Blocks""},""clearances"":{""value"":0,""total"":null,""title"":""Clearances""},""interceptions"":{""value"":0,""total"":null,""title"":""Interceptions""},""recoveries"":{""value"":1,""total"":null,""title"":""Recoveries""},""dribbled_past"":{""value"":0,""total"":null,""title"":""Dribbled past""},""ground_duels_won"":{""value"":5,""total"":6,""title"":""Ground duels won""},""aerials_won"":{""value"":1,""total"":1,""title"":""Aerial duels won""},""was_fouled"":{""value"":3,""total"":null,""title"":""Was fouled""},""fouls"":{""value"":1,""total"":null,""title"":""Fouls committed""},""duel_won"":{""value"":6,""total"":null,""title"":""Duels won""},""duel_lost"":{""value"":1,""total"":null,""title"":""Duels lost""}}",FotMob matchDetails.playerStats
2026-09-19T00:29:10+08:00,FB5040,2026-09-14T04:30+08:00,BD1,Flamengo,Corinthians,5103624,1.000,A,9808,Corinthians,4-4-2,1511563,Kauê Camargo,,51,0,1,,,,,,,,,,,,,,,,,,,,,,,,{},FotMob matchDetails.playerStats
2026-09-19T00:29:10+08:00,FB5040,2026-09-14T04:30+08:00,BD1,Flamengo,Corinthians,5103624,1.000,A,9808,Corinthians,4-4-2,637670,Matheus Pereira,3,23,1,0,73,6.4,0,0,0.02,0.01,1,0,0,,0,,40,,0,1,5,1,0,,,,,"{""rating_title"":{""value"":6.37,""total"":null,""title"":""FotMob rating""},""minutes_played"":{""value"":73,""total"":null,""title"":""Minutes played""},""goals"":{""value"":0,""total"":null,""title"":""Goals""},""assists"":{""value"":0,""total"":null,""title"":""Assists""},""expected_goals"":{""value"":0.02,""total"":null,""title"":""Expected goals (xG)""},""expected_goals_on_target_variant"":{""value"":null,""total"":null,""title"":""Expected goals on target (xGOT)""},""expected_assists"":{""value"":0.01,""total"":null,""title"":""Expected assists (xA)""},""xg_and_xa"":{""value"":0.03,""total"":null,""title"":""xG + xA""},""total_shots"":{""value"":1,""total"":null,""title"":""Total shots""},""accurate_passes"":{""value"":40,""total"":45,""title"":""Accurate passes""},""chances_created"":{""value"":0,""total"":null,""title"":""Chances created""},""ShotsOnTarget"":{""value"":0,""total"":null,""title"":""Shots on target""},""ShotsOffTarget"":{""value"":0,""total"":null,""title"":""Shots off target""},""blocked_shots"":{""value"":1,""total"":null,""title"":""Blocked shots""},""Shotmap"":{""value"":1,""total"":null,""title"":""Shotmap""},""defensive_actions"":{""value"":3,""total"":null,""title"":""Defensive actions""},""touches"":{""value"":58,""total"":null,""title"":""Touches""},""touches_opp_box"":{""value"":0,""total"":null,""title"":""Touches in opposition box""},""dribbles_succeeded"":{""value"":1,""total"":3,""title"":""Successful dribbles""},""passes_into_final_third"":{""value"":4,""total"":null,""title"":""Passes into final third""},""long_balls_accurate"":{""value"":1,""total"":1,""title"":""Accurate long balls""},""dispossessed"":{""value"":2,""total"":null,""title"":""Dispossessed""},""expected_goals_non_penalty"":{""value"":0.02,""total"":null,""title"":""xG Non-penalty""},""matchstats.headers.tackles"":{""value"":0,""total"":null,""title"":""Tackles""},""shot_blocks"":{""value"":0,""total"":null,""title"":""Blocks""},""clearances"":{""value"":2,""total"":null,""title"":""Clearances""},""headed_clearance"":{""value"":2,""total"":null,""title"":""Headed clearance""},""interceptions"":{""value"":1,""total"":null,""title"":""Interceptions""},""recoveries"":{""value"":5,""total"":null,""title"":""Recoveries""},""dribbled_past"":{""value"":1,""total"":null,""title"":""Dribbled past""},""ground_duels_won"":{""value"":1,""total"":6,""title"":""Ground duels won""},""aerials_won"":{""value"":0,""total"":1,""title"":""Aerial duels won""},""was_fouled"":{""value"":null,""total"":null,""title"":""Was fouled""},""fouls"":{""value"":0,""total"":null,""title"":""Fouls committed""},""duel_won"":{""value"":1,""total"":null,""title"":""Duels won""},""duel_lost"":{""value"":6,""total"":null,""title"":""Duels lost""}}",FotMob matchDetails.playerStats
2026-09-19T00:29:10+08:00,FB5040,2026-09-14T04:30+08:00,BD1,Flamengo,Corinthians,5103624,1.000,A,9808,Corinthians,4-4-2,1174660,Matheuzinho,1,2,0,1,23,6.1,0,0,,0.01,,,0,,1,,17,,1,1,0,1,0,,,,,"{""rating_title"":{""value"":6.12,""total"":null,""title"":""FotMob rating""},""minutes_played"":{""value"":23,""total"":null,""title"":""Minutes played""},""goals"":{""value"":0,""total"":null,""title"":""Goals""},""assists"":{""value"":0,""total"":null,""title"":""Assists""},""expected_assists"":{""value"":0.01,""total"":null,""title"":""Expected assists (xA)""},""xg_and_xa"":{""value"":0.01,""total"":null,""title"":""xG + xA""},""accurate_passes"":{""value"":17,""total"":18,""title"":""Accurate passes""},""chances_created"":{""value"":0,""total"":null,""title"":""Chances created""},""Shotmap"":{""value"":0,""total"":null,""title"":""Shotmap""},""defensive_actions"":{""value"":2,""total"":null,""title"":""Defensive actions""},""touches"":{""value"":28,""total"":null,""title"":""Touches""},""touches_opp_box"":{""value"":1,""total"":null,""title"":""Touches in opposition box""},""passes_into_final_third"":{""value"":3,""total"":null,""title"":""Passes into final third""},""long_balls_accurate"":{""value"":2,""total"":2,""title"":""Accurate long balls""},""dispossessed"":{""value"":0,""total"":null,""title"":""Dispossessed""},""matchstats.headers.tackles"":{""value"":1,""total"":null,""title"":""Tackles""},""shot_blocks"":{""value"":0,""total"":null,""title"":""Blocks""},""clearances"":{""value"":0,""total"":null,""title"":""Clearances""},""interceptions"":{""value"":1,""total"":null,""title"":""Interceptions""},""recoveries"":{""value"":0,""total"":null,""title"":""Recoveries""},""dribbled_past"":{""value"":2,""total"":null,""title"":""Dribbled past""},""ground_duels_won"":{""value"":1,""total"":3,""title"":""Ground duels won""},""aerials_won"":{""value"":0,""total"":1,""title"":""Aerial duels won""},""was_fouled"":{""value"":null,""total"":null,""title"":""Was fouled""},""fouls"":{""value"":0,""total"":null,""title"":""Fouls committed""},""duel_won"":{""value"":1,""total"":null,""title"":""Duels won""},""duel_lost"":{""value"":3,""total"":null,""title"":""Duels lost""}}",FotMob matchDetails.playerStats
2026-09-19T00:29:10+08:00,FB5040,2026-09-14T04:30+08:00,BD1,Flamengo,Corinthians,5103624,1.000,A,9808,Corinthians,4-4-2,1350024,Pedro Milans,1,20,1,0,67,6.4,0,0,,0.03,,,0,,0,,10,,0,1,3,2,0,,,,,"{""rating_title"":{""value"":6.43,""total"":null,""title"":""FotMob rating""},""minutes_played"":{""value"":67,""total"":null,""title"":""Minutes played""},""goals"":{""value"":0,""total"":null,""title"":""Goals""},""assists"":{""value"":0,""total"":null,""title"":""Assists""},""expected_assists"":{""value"":0.03,""total"":null,""title"":""Expected assists (xA)""},""xg_and_xa"":{""value"":0.03,""total"":null,""title"":""xG + xA""},""accurate_passes"":{""value"":10,""total"":12,""title"":""Accurate passes""},""chances_created"":{""value"":0,""total"":null,""title"":""Chances created""},""Shotmap"":{""value"":0,""total"":null,""title"":""Shotmap""},""defensive_actions"":{""value"":9,""total"":null,""title"":""Defensive actions""},""touches"":{""value"":32,""total"":null,""title"":""Touches""},""touches_opp_box"":{""value"":0,""total"":null,""title"":""Touches in opposition box""},""passes_into_final_third"":{""value"":1,""total"":null,""title"":""Passes into final third""},""accurate_crosses"":{""value"":1,""total"":1,""title"":""Accurate crosses""},""dispossessed"":{""value"":1,""total"":null,""title"":""Dispossessed""},""matchstats.headers.tackles"":{""value"":0,""total"":null,""title"":""Tackles""},""shot_blocks"":{""value"":0,""total"":null,""title"":""Blocks""},""clearances"":{""value"":8,""total"":null,""title"":""Clearances""},""headed_clearance"":{""value"":3,""total"":null,""title"":""Headed clearance""},""interceptions"":{""value"":1,""total"":null,""title"":""Interceptions""},""recoveries"":{""value"":3,""total"":null,""title"":""Recoveries""},""dribbled_past"":{""value"":1,""total"":null,""title"":""Dribbled past""},""ground_duels_won"":{""value"":2,""total"":5,""title"":""Ground duels won""},""aerials_won"":{""value"":0,""total"":0,""title"":""Aerial duels won""},""was_fouled"":{""value"":2,""total"":null,""title"":""Was fouled""},""fouls"":{""value"":1,""total"":null,""title"":""Fouls committed""},""duel_won"":{""value"":2,""total"":null,""title"":""Duels won""},""duel_lost"":{""value"":3,""total"":null,""title"":""Duels lost""}}",FotMob matchDetails.playerStats
2026-09-19T00:29:10+08:00,FB5040,2026-09-14T04:30+08:00,BD1,Flamengo,Corinthians,5103624,1.000,A,9808,Corinthians,4-4-2,890637,Pedro Raul,3,18,0,1,,,,,,,,,,,,,,,,,,,,,,,,{},FotMob matchDetails.playerStats
2026-09-19T00:29:10+08:00,FB5040,2026-09-14T04:30+08:00,BD1,Flamengo,Corinthians,5103624,1.000,A,9808,Corinthians,4-4-2,841656,Raniele,2,14,1,0,90,7.3,0,0,,0.03,,,0,,0,,43,,3,4,4,8,1,,,,,"{""rating_title"":{""value"":7.25,""total"":null,""title"":""FotMob rating""},""minutes_played"":{""value"":90,""total"":null,""title"":""Minutes played""},""goals"":{""value"":0,""total"":null,""title"":""Goals""},""assists"":{""value"":0,""total"":null,""title"":""Assists""},""expected_assists"":{""value"":0.03,""total"":null,""title"":""Expected assists (xA)""},""xg_and_xa"":{""value"":0.03,""total"":null,""title"":""xG + xA""},""accurate_passes"":{""value"":43,""total"":52,""title"":""Accurate passes""},""chances_created"":{""value"":0,""total"":null,""title"":""Chances created""},""Shotmap"":{""value"":0,""total"":null,""title"":""Shotmap""},""defensive_actions"":{""value"":16,""total"":null,""title"":""Defensive actions""},""touches"":{""value"":76,""total"":null,""title"":""Touches""},""touches_opp_box"":{""value"":0,""total"":null,""title"":""Touches in opposition box""},""dribbles_succeeded"":{""value"":2,""total"":3,""title"":""Successful dribbles""},""passes_into_final_third"":{""value"":8,""total"":null,""title"":""Passes into final third""},""long_balls_accurate"":{""value"":4,""total"":8,""title"":""Accurate long balls""},""dispossessed"":{""value"":1,""total"":null,""title"":""Dispossessed""},""matchstats.headers.tackles"":{""value"":3,""total"":null,""title"":""Tackles""},""shot_blocks"":{""value"":2,""total"":null,""title"":""Blocks""},""clearances"":{""value"":7,""total"":null,""title"":""Clearances""},""headed_clearance"":{""value"":4,""total"":null,""title"":""Headed clearance""},""interceptions"":{""value"":4,""total"":null,""title"":""Interceptions""},""recoveries"":{""value"":4,""total"":null,""title"":""Recoveries""},""dribbled_past"":{""value"":0,""total"":null,""title"":""Dribbled past""},""ground_duels_won"":{""value"":7,""total"":9,""title"":""Ground duels won""},""aerials_won"":{""value"":1,""total"":4,""title"":""Aerial duels won""},""was_fouled"":{""value"":2,""total"":null,""title"":""Was fouled""},""fouls"":{""value"":0,""total"":null,""title"":""Fouls committed""},""duel_won"":{""value"":8,""total"":null,""title"":""Duels won""},""duel_lost"":{""value"":5,""total"":null,""title"":""Duels lost""}}",FotMob matchDetails.playerStats
2026-09-19T00:29:10+08:00,FB5040,2026-09-14T04:30+08:00,BD1,Flamengo,Corinthians,5103624,1.000,A,9808,Corinthians,4-4-2,1093746,Rodrigo Garro,2,8,0,1,17,5.9,0,0,,0.2,,,0,,0,,8,,0,0,0,,0,,,,,"{""rating_title"":{""value"":5.89,""total"":null,""title"":""FotMob rating""},""minutes_played"":{""value"":17,""total"":null,""title"":""Minutes played""},""goals"":{""value"":0,""total"":null,""title"":""Goals""},""assists"":{""value"":0,""total"":null,""title"":""Assists""},""expected_assists"":{""value"":0.2,""total"":null,""title"":""Expected assists (xA)""},""xg_and_xa"":{""value"":0.2,""total"":null,""title"":""xG + xA""},""accurate_passes"":{""value"":8,""total"":9,""title"":""Accurate passes""},""chances_created"":{""value"":0,""total"":null,""title"":""Chances created""},""Shotmap"":{""value"":0,""total"":null,""title"":""Shotmap""},""defensive_actions"":{""value"":0,""total"":null,""title"":""Defensive actions""},""touches"":{""value"":11,""total"":null,""title"":""Touches""},""touches_opp_box"":{""value"":0,""total"":null,""title"":""Touches in opposition box""},""passes_into_final_third"":{""value"":2,""total"":null,""title"":""Passes into final third""},""accurate_crosses"":{""value"":1,""total"":1,""title"":""Accurate crosses""},""long_balls_accurate"":{""value"":2,""total"":2,""title"":""Accurate long balls""},""dispossessed"":{""value"":0,""total"":null,""title"":""Dispossessed""},""matchstats.headers.tackles"":{""value"":0,""total"":null,""title"":""Tackles""},""shot_blocks"":{""value"":0,""total"":null,""title"":""Blocks""},""clearances"":{""value"":0,""total"":null,""title"":""Clearances""},""interceptions"":{""value"":0,""total"":null,""title"":""Interceptions""},""recoveries"":{""value"":0,""total"":null,""title"":""Recoveries""},""dribbled_past"":{""value"":0,""total"":null,""title"":""Dribbled past""},""ground_duels_won"":{""value"":0,""total"":2,""title"":""Ground duels won""},""aerials_won"":{""value"":0,""total"":0,""title"":""Aerial duels won""},""was_fouled"":{""value"":null,""total"":null,""title"":""Was fouled""},""fouls"":{""value"":2,""total"":null,""title"":""Fouls committed""},""duel_lost"":{""value"":2,""total"":null,""title"":""Duels lost""}}",FotMob matchDetails.playerStats
2026-09-19T00:29:10+08:00,FB5040,2026-09-14T04:30+08:00,BD1,Flamengo,Corinthians,5103624,1.000,A,9808,Corinthians,4-4-2,1503653,Tchoca,1,4,1,0,90,6.9,0,0,,,,,0,,0,,43,,0,0,2,3,3,,,,,"{""rating_title"":{""value"":6.93,""total"":null,""title"":""FotMob rating""},""minutes_played"":{""value"":90,""total"":null,""title"":""Minutes played""},""goals"":{""value"":0,""total"":null,""title"":""Goals""},""assists"":{""value"":0,""total"":null,""title"":""Assists""},""accurate_passes"":{""value"":43,""total"":50,""title"":""Accurate passes""},""chances_created"":{""value"":0,""total"":null,""title"":""Chances created""},""Shotmap"":{""value"":0,""total"":null,""title"":""Shotmap""},""defensive_actions"":{""value"":13,""total"":null,""title"":""Defensive actions""},""touches"":{""value"":63,""total"":null,""title"":""Touches""},""touches_opp_box"":{""value"":0,""total"":null,""title"":""Touches in opposition box""},""passes_into_final_third"":{""value"":1,""total"":null,""title"":""Passes into final third""},""long_balls_accurate"":{""value"":5,""total"":8,""title"":""Accurate long balls""},""dispossessed"":{""value"":0,""total"":null,""title"":""Dispossessed""},""matchstats.headers.tackles"":{""value"":0,""total"":null,""title"":""Tackles""},""clearance_off_the_line"":{""value"":1,""total"":null,""title"":""Clearance off the line""},""shot_blocks"":{""value"":2,""total"":null,""title"":""Blocks""},""clearances"":{""value"":11,""total"":null,""title"":""Clearances""},""headed_clearance"":{""value"":6,""total"":null,""title"":""Headed clearance""},""interceptions"":{""value"":0,""total"":null,""title"":""Interceptions""},""recoveries"":{""value"":2,""total"":null,""title"":""Recoveries""},""dribbled_past"":{""value"":0,""total"":null,""title"":""Dribbled past""},""aerials_won"":{""value"":3,""total"":4,""title"":""Aerial duels won""},""was_fouled"":{""value"":null,""total"":null,""title"":""Was fouled""},""fouls"":{""value"":0,""total"":null,""title"":""Fouls committed""},""duel_won"":{""value"":3,""total"":null,""title"":""Duels won""},""duel_lost"":{""value"":1,""total"":null,""title"":""Duels lost""}}",FotMob matchDetails.playerStats
2026-09-19T00:29:10+08:00,FB5040,2026-09-14T04:30+08:00,BD1,Flamengo,Corinthians,5103624,1.000,A,9808,Corinthians,4-4-2,319599,Vitinho,3,11,0,1,,,,,,,,,,,,,,,,,,,,,,,,{},FotMob matchDetails.playerStats
2026-09-19T00:29:10+08:00,FB5040,2026-09-14T04:30+08:00,BD1,Flamengo,Corinthians,5103624,1.000,A,9808,Corinthians,4-4-2,1789184,Yago Melo,1,84,0,1,,,,,,,,,,,,,,,,,,,,,,,,{},FotMob matchDetails.playerStats
2026-09-19T00:29:10+08:00,FB5040,2026-09-14T04:30+08:00,BD1,Flamengo,Corinthians,5103624,1.000,H,9770,Flamengo,4-2-3-1,616528,Agustín Rossi,11,1,1,0,90,6.4,,,,,,,,,,,23,,0,0,6,,,0,-0.04,,,"{""rating_title"":{""value"":6.35,""total"":null,""title"":""FotMob rating""},""minutes_played"":{""value"":90,""total"":null,""title"":""Minutes played""},""saves"":{""value"":0,""total"":null,""title"":""Saves""},""goals_conceded"":{""value"":1,""total"":null,""title"":""Goals conceded""},""expected_goals_on_target_faced"":{""value"":0.96,""total"":null,""title"":""xGOT faced""},""goals_prevented"":{""value"":-0.04,""total"":null,""title"":""Goals prevented""},""Shotmap"":{""value"":1,""total"":null,""title"":""Shotmap""},""accurate_passes"":{""value"":23,""total"":28,""title"":""Accurate passes""},""long_balls_accurate"":{""value"":4,""total"":9,""title"":""Accurate long balls""},""keeper_diving_save"":{""value"":0,""total"":null,""title"":""Diving save""},""saves_inside_box"":{""value"":0,""total"":null,""title"":""Saves inside box""},""keeper_sweeper"":{""value"":0,""total"":null,""title"":""Acted as sweeper""},""punches"":{""value"":0,""total"":null,""title"":""Punches""},""player_throws"":{""value"":2,""total"":null,""title"":""Throws""},""keeper_high_claim"":{""value"":0,""total"":null,""title"":""High claim""},""recoveries"":{""value"":6,""total"":null,""title"":""Recoveries""},""clearances"":{""value"":0,""total"":null,""title"":""Clearances""},""touches"":{""value"":32,""total"":null,""title"":""Touches""},""defensive_actions"":{""value"":0,""total"":null,""title"":""Defensive actions""},""was_fouled"":{""value"":null,""total"":null,""title"":""Was fouled""},""fouls"":{""value"":0,""total"":null,""title"":""Fouls committed""},""matchstats.headers.tackles"":{""value"":0,""total"":null,""title"":""Tackles""},""passes_into_final_third"":{""value"":4,""total"":null,""title"":""Passes into final third""},""interceptions"":{""value"":0,""total"":null,""title"":""Interceptions""}}",FotMob matchDetails.playerStats
2026-09-19T00:29:10+08:00,FB5040,2026-09-14T04:30+08:00,BD1,Flamengo,Corinthians,5103624,1.000,H,9770,Flamengo,4-2-3-1,157865,Alex Sandro,1,26,0,1,16,6.3,0,0,,,,,0,,0,,13,,0,0,1,2,1,,,,,"{""rating_title"":{""value"":6.34,""total"":null,""title"":""FotMob rating""},""minutes_played"":{""value"":16,""total"":null,""title"":""Minutes played""},""goals"":{""value"":0,""total"":null,""title"":""Goals""},""assists"":{""value"":0,""total"":null,""title"":""Assists""},""accurate_passes"":{""value"":13,""total"":14,""title"":""Accurate passes""},""chances_created"":{""value"":0,""total"":null,""title"":""Chances created""},""Shotmap"":{""value"":0,""total"":null,""title"":""Shotmap""},""defensive_actions"":{""value"":1,""total"":null,""title"":""Defensive actions""},""touches"":{""value"":23,""total"":null,""title"":""Touches""},""touches_opp_box"":{""value"":0,""total"":null,""title"":""Touches in opposition box""},""dribbles_succeeded"":{""value"":1,""total"":1,""title"":""Successful dribbles""},""passes_into_final_third"":{""value"":1,""total"":null,""title"":""Passes into final third""},""accurate_crosses"":{""value"":0,""total"":1,""title"":""Accurate crosses""},""long_balls_accurate"":{""value"":1,""total"":1,""title"":""Accurate long balls""},""dispossessed"":{""value"":1,""total"":null,""title"":""Dispossessed""},""matchstats.headers.tackles"":{""value"":0,""total"":null,""title"":""Tackles""},""shot_blocks"":{""value"":0,""total"":null,""title"":""Blocks""},""clearances"":{""value"":1,""total"":null,""title"":""Clearances""},""headed_clearance"":{""value"":1,""total"":null,""title"":""Headed clearance""},""interceptions"":{""value"":0,""total"":null,""title"":""Interceptions""},""recoveries"":{""value"":1,""total"":null,""title"":""Recoveries""},""dribbled_past"":{""value"":0,""total"":null,""title"":""Dribbled past""},""ground_duels_won"":{""value"":1,""total"":2,""title"":""Ground duels won""},""aerials_won"":{""value"":1,""total"":2,""title"":""Aerial duels won""},""was_fouled"":{""value"":null,""total"":null,""title"":""Was fouled""},""fouls"":{""value"":0,""total"":null,""title"":""Fouls committed""},""duel_won"":{""value"":2,""total"":null,""title"":""Duels won""},""duel_lost"":{""value"":2,""total"":null,""title"":""Duels lost""}}",FotMob matchDetails.playerStats
2026-09-19T00:29:10+08:00,FB5040,2026-09-14T04:30+08:00,BD1,Flamengo,Corinthians,5103624,1.000,H,9770,Flamengo,4-2-3-1,958283,Andrew,,42,0,1,,,,,,,,,,,,,,,,,,,,,,,,{},FotMob matchDetails.playerStats
2026-09-19T00:29:10+08:00,FB5040,2026-09-14T04:30+08:00,BD1,Flamengo,Corinthians,5103624,1.000,H,9770,Flamengo,4-2-3-1,1353364,Anthony Valencia,3,14,0,1,,,,,,,,,,,,,,,,,,,,,,,,{},FotMob matchDetails.playerStats
2026-09-19T00:29:10+08:00,FB5040,2026-09-14T04:30+08:00,BD1,Flamengo,Corinthians,5103624,1.000,H,9770,Flamengo,4-2-3-1,578391,Ayrton Lucas,1,6,1,0,74,7.7,0,0,0.28,0.03,2,1,2,,2,,44,,3,0,1,6,1,,,,,"{""rating_title"":{""value"":7.66,""total"":null,""title"":""FotMob rating""},""minutes_played"":{""value"":74,""total"":null,""title"":""Minutes played""},""goals"":{""value"":0,""total"":null,""title"":""Goals""},""assists"":{""value"":0,""total"":null,""title"":""Assists""},""expected_goals"":{""value"":0.28,""total"":null,""title"":""Expected goals (xG)""},""expected_goals_on_target_variant"":{""value"":null,""total"":null,""title"":""Expected goals on target (xGOT)""},""expected_assists"":{""value"":0.03,""total"":null,""title"":""Expected assists (xA)""},""xg_and_xa"":{""value"":0.31000000000000005,""total"":null,""title"":""xG + xA""},""total_shots"":{""value"":2,""total"":null,""title"":""Total shots""},""accurate_passes"":{""value"":44,""total"":51,""title"":""Accurate passes""},""chances_created"":{""value"":2,""total"":null,""title"":""Chances created""},""ShotsOnTarget"":{""value"":1,""total"":null,""title"":""Shots on target""},""ShotsOffTarget"":{""value"":1,""total"":null,""title"":""Shots off target""},""shot_accuracy"":{""value"":1,""total"":2,""title"":""Shot accuracy""},""Shotmap"":{""value"":1,""total"":null,""title"":""Shotmap""},""defensive_actions"":{""value"":3,""total"":null,""title"":""Defensive actions""},""big_chance_missed_title"":{""value"":1,""total"":null,""title"":""Big chances missed""},""touches"":{""value"":74,""total"":null,""title"":""Touches""},""touches_opp_box"":{""value"":2,""total"":null,""title"":""Touches in opposition box""},""dribbles_succeeded"":{""value"":1,""total"":1,""title"":""Successful dribbles""},""passes_into_final_third"":{""value"":3,""total"":null,""title"":""Passes into final third""},""accurate_crosses"":{""value"":1,""total"":2,""title"":""Accurate crosses""},""long_balls_accurate"":{""value"":1,""total"":1,""title"":""Accurate long balls""},""dispossessed"":{""value"":1,""total"":null,""title"":""Dispossessed""},""expected_goals_non_penalty"":{""value"":0.28,""total"":null,""title"":""xG Non-penalty""},""matchstats.headers.tackles"":{""value"":3,""total"":null,""title"":""Tackles""},""shot_blocks"":{""value"":0,""total"":null,""title"":""Blocks""},""clearances"":{""value"":0,""total"":null,""title"":""Clearances""},""interceptions"":{""value"":0,""total"":null,""title"":""Interceptions""},""recoveries"":{""value"":1,""total"":null,""title"":""Recoveries""},""dribbled_past"":{""value"":0,""total"":null,""title"":""Dribbled past""},""ground_duels_won"":{""value"":5,""total"":8,""title"":""Ground duels won""},""aerials_won"":{""value"":1,""total"":1,""title"":""Aerial duels won""},""was_fouled"":{""value"":1,""total"":null,""title"":""Was fouled""},""fouls"":{""value"":2,""total"":null,""title"":""Fouls committed""},""duel_won"":{""value"":6,""total"":null,""title"":""Duels won""},""duel_lost"":{""value"":3,""total"":null,""title"":""Duels lost""}}",FotMob matchDetails.playerStats
2026-09-19T00:29:10+08:00,FB5040,2026-09-14T04:30+08:00,BD1,Flamengo,Corinthians,5103624,1.000,H,9770,Flamengo,4-2-3-1,638778,Bruno Henrique,3,27,0,1,16,7.4,1,0,0.3,,4,2,0,,4,,3,,0,0,0,3,2,,,,,"{""rating_title"":{""value"":7.42,""total"":null,""title"":""FotMob rating""},""minutes_played"":{""value"":16,""total"":null,""title"":""Minutes played""},""goals"":{""value"":1,""total"":null,""title"":""Goals""},""assists"":{""value"":0,""total"":null,""title"":""Assists""},""expected_goals"":{""value"":0.3,""total"":null,""title"":""Expected goals (xG)""},""expected_goals_on_target_variant"":{""value"":0.93,""total"":null,""title"":""Expected goals on target (xGOT)""},""xg_and_xa"":{""value"":0.3,""total"":null,""title"":""xG + xA""},""total_shots"":{""value"":4,""total"":null,""title"":""Total shots""},""accurate_passes"":{""value"":3,""total"":4,""title"":""Accurate passes""},""chances_created"":{""value"":0,""total"":null,""title"":""Chances created""},""ShotsOnTarget"":{""value"":2,""total"":null,""title"":""Shots on target""},""ShotsOffTarget"":{""value"":2,""total"":null,""title"":""Shots off target""},""shot_accuracy"":{""value"":2,""total"":4,""title"":""Shot accuracy""},""Shotmap"":{""value"":1,""total"":null,""title"":""Shotmap""},""defensive_actions"":{""value"":0,""total"":null,""title"":""Defensive actions""},""touches"":{""value"":12,""total"":null,""title"":""Touches""},""touches_opp_box"":{""value"":4,""total"":null,""title"":""Touches in opposition box""},""passes_into_final_third"":{""value"":1,""total"":null,""title"":""Passes into final third""},""dispossessed"":{""value"":0,""total"":null,""title"":""Dispossessed""},""expected_goals_non_penalty"":{""value"":0.3,""total"":null,""title"":""xG Non-penalty""},""matchstats.headers.tackles"":{""value"":0,""total"":null,""title"":""Tackles""},""shot_blocks"":{""value"":0,""total"":null,""title"":""Blocks""},""clearances"":{""value"":0,""total"":null,""title"":""Clearances""},""interceptions"":{""value"":0,""total"":null,""title"":""Interceptions""},""recoveries"":{""value"":0,""total"":null,""title"":""Recoveries""},""dribbled_past"":{""value"":0,""total"":null,""title"":""Dribbled past""},""ground_duels_won"":{""value"":1,""total"":2,""title"":""Ground duels won""},""aerials_won"":{""value"":2,""total"":4,""title"":""Aerial duels won""},""was_fouled"":{""value"":1,""total"":null,""title"":""Was fouled""},""fouls"":{""value"":1,""total"":null,""title"":""Fouls committed""},""duel_won"":{""value"":3,""total"":null,""title"":""Duels won""},""duel_lost"":{""value"":3,""total"":null,""title"":""Duels lost""}}",FotMob matchDetails.playerStats
2026-09-19T00:29:10+08:00,FB5040,2026-09-14T04:30+08:00,BD1,Flamengo,Corinthians,5103624,1.000,H,9770,Flamengo,4-2-3-1,208077,Danilo,1,13,1,0,90,7.4,0,0,0.07,0.05,1,0,0,,1,,77,,1,0,7,2,1,,,,,"{""rating_title"":{""value"":7.36,""total"":null,""title"":""FotMob rating""},""minutes_played"":{""value"":90,""total"":null,""title"":""Minutes played""},""goals"":{""value"":0,""total"":null,""title"":""Goals""},""assists"":{""value"":0,""total"":null,""title"":""Assists""},""expected_goals"":{""value"":0.07,""total"":null,""title"":""Expected goals (xG)""},""expected_goals_on_target_variant"":{""value"":null,""total"":null,""title"":""Expected goals on target (xGOT)""},""expected_assists"":{""value"":0.05,""total"":null,""title"":""Expected assists (xA)""},""xg_and_xa"":{""value"":0.12000000000000001,""total"":null,""title"":""xG + xA""},""total_shots"":{""value"":1,""total"":null,""title"":""Total shots""},""accurate_passes"":{""value"":77,""total"":80,""title"":""Accurate passes""},""chances_created"":{""value"":0,""total"":null,""title"":""Chances created""},""ShotsOnTarget"":{""value"":0,""total"":null,""title"":""Shots on target""},""ShotsOffTarget"":{""value"":0,""total"":null,""title"":""Shots off target""},""blocked_shots"":{""value"":1,""total"":null,""title"":""Blocked shots""},""Shotmap"":{""value"":1,""total"":null,""title"":""Shotmap""},""defensive_actions"":{""value"":4,""total"":null,""title"":""Defensive actions""},""touches"":{""value"":87,""total"":null,""title"":""Touches""},""touches_opp_box"":{""value"":1,""total"":null,""title"":""Touches in opposition box""},""passes_into_final_third"":{""value"":15,""total"":null,""title"":""Passes into final third""},""long_balls_accurate"":{""value"":0,""total"":2,""title"":""Accurate long balls""},""dispossessed"":{""value"":0,""total"":null,""title"":""Dispossessed""},""expected_goals_non_penalty"":{""value"":0.07,""total"":null,""title"":""xG Non-penalty""},""matchstats.headers.tackles"":{""value"":1,""total"":null,""title"":""Tackles""},""shot_blocks"":{""value"":0,""total"":null,""title"":""Blocks""},""clearances"":{""value"":3,""total"":null,""title"":""Clearances""},""headed_clearance"":{""value"":1,""total"":null,""title"":""Headed clearance""},""interceptions"":{""value"":0,""total"":null,""title"":""Interceptions""},""recoveries"":{""value"":7,""total"":null,""title"":""Recoveries""},""dribbled_past"":{""value"":1,""total"":null,""title"":""Dribbled past""},""ground_duels_won"":{""value"":1,""total"":2,""title"":""Ground duels won""},""aerials_won"":{""value"":1,""total"":4,""title"":""Aerial duels won""},""was_fouled"":{""value"":null,""total"":null,""title"":""Was fouled""},""fouls"":{""value"":0,""total"":null,""title"":""Fouls committed""},""duel_won"":{""value"":2,""total"":null,""title"":""Duels won""},""duel_lost"":{""value"":4,""total"":null,""title"":""Duels lost""}}",FotMob matchDetails.playerStats
2026-09-19T00:29:10+08:00,FB5040,2026-09-14T04:30+08:00,BD1,Flamengo,Corinthians,5103624,1.000,H,9770,Flamengo,4-2-3-1,1553517,Dyogo,,49,0,1,,,,,,,,,,,,,,,,,,,,,,,,{},FotMob matchDetails.playerStats
2026-09-19T00:29:10+08:00,FB5040,2026-09-14T04:30+08:00,BD1,Flamengo,Corinthians,5103624,1.000,H,9770,Flamengo,4-2-3-1,797908,Emerson Royal,1,22,0,1,,,,,,,,,,,,,,,,,,,,,,,,{},FotMob matchDetails.playerStats
2026-09-19T00:29:10+08:00,FB5040,2026-09-14T04:30+08:00,BD1,Flamengo,Corinthians,5103624,1.000,H,9770,Flamengo,4-2-3-1,335606,Erick Pulgar,2,5,1,0,90,7.7,0,0,0.11,0.1,3,0,2,,1,,82,,2,1,4,3,0,,,,,"{""rating_title"":{""value"":7.7,""total"":null,""title"":""FotMob rating""},""minutes_played"":{""value"":90,""total"":null,""title"":""Minutes played""},""goals"":{""value"":0,""total"":null,""title"":""Goals""},""assists"":{""value"":0,""total"":null,""title"":""Assists""},""expected_goals"":{""value"":0.11,""total"":null,""title"":""Expected goals (xG)""},""expected_goals_on_target_variant"":{""value"":null,""total"":null,""title"":""Expected goals on target (xGOT)""},""expected_assists"":{""value"":0.1,""total"":null,""title"":""Expected assists (xA)""},""xg_and_xa"":{""value"":0.21000000000000002,""total"":null,""title"":""xG + xA""},""total_shots"":{""value"":3,""total"":null,""title"":""Total shots""},""accurate_passes"":{""value"":82,""total"":85,""title"":""Accurate passes""},""chances_created"":{""value"":2,""total"":null,""title"":""Chances created""},""ShotsOnTarget"":{""value"":0,""total"":null,""title"":""Shots on target""},""ShotsOffTarget"":{""value"":0,""total"":null,""title"":""Shots off target""},""blocked_shots"":{""value"":3,""total"":null,""title"":""Blocked shots""},""Shotmap"":{""value"":1,""total"":null,""title"":""Shotmap""},""defensive_actions"":{""value"":3,""total"":null,""title"":""Defensive actions""},""touches"":{""value"":96,""total"":null,""title"":""Touches""},""touches_opp_box"":{""value"":1,""total"":null,""title"":""Touches in opposition box""},""passes_into_final_third"":{""value"":16,""total"":null,""title"":""Passes into final third""},""long_balls_accurate"":{""value"":4,""total"":6,""title"":""Accurate long balls""},""dispossessed"":{""value"":0,""total"":null,""title"":""Dispossessed""},""expected_goals_non_penalty"":{""value"":0.11,""total"":null,""title"":""xG Non-penalty""},""matchstats.headers.tackles"":{""value"":2,""total"":null,""title"":""Tackles""},""shot_blocks"":{""value"":0,""total"":null,""title"":""Blocks""},""clearances"":{""value"":0,""total"":null,""title"":""Clearances""},""interceptions"":{""value"":1,""total"":null,""title"":""Interceptions""},""recoveries"":{""value"":4,""total"":null,""title"":""Recoveries""},""dribbled_past"":{""value"":1,""total"":null,""title"":""Dribbled past""},""ground_duels_won"":{""value"":3,""total"":6,""title"":""Ground duels won""},""aerials_won"":{""value"":0,""total"":1,""title"":""Aerial duels won""},""was_fouled"":{""value"":1,""total"":null,""title"":""Was fouled""},""fouls"":{""value"":3,""total"":null,""title"":""Fouls committed""},""duel_won"":{""value"":3,""total"":null,""title"":""Duels won""},""duel_lost"":{""value"":4,""total"":null,""title"":""Duels lost""}}",FotMob matchDetails.playerStats
2026-09-19T00:29:10+08:00,FB5040,2026-09-14T04:30+08:00,BD1,Flamengo,Corinthians,5103624,1.000,H,9770,Flamengo,4-2-3-1,438647,Giorgian De Arrascaeta,2,10,1,0,79,7.9,0,0,0.4,0.23,4,0,4,,9,,44,,0,0,5,3,1,,,,,"{""rating_title"":{""value"":7.88,""total"":null,""title"":""FotMob rating""},""minutes_played"":{""value"":79,""total"":null,""title"":""Minutes played""},""goals"":{""value"":0,""total"":null,""title"":""Goals""},""assists"":{""value"":0,""total"":null,""title"":""Assists""},""expected_goals"":{""value"":0.4,""total"":null,""title"":""Expected goals (xG)""},""expected_goals_on_target_variant"":{""value"":null,""total"":null,""title"":""Expected goals on target (xGOT)""},""expected_assists"":{""value"":0.23,""total"":null,""title"":""Expected assists (xA)""},""xg_and_xa"":{""value"":0.63,""total"":null,""title"":""xG + xA""},""total_shots"":{""value"":4,""total"":null,""title"":""Total shots""},""accurate_passes"":{""value"":44,""total"":52,""title"":""Accurate passes""},""chances_created"":{""value"":4,""total"":null,""title"":""Chances created""},""ShotsOnTarget"":{""value"":0,""total"":null,""title"":""Shots on target""},""ShotsOffTarget"":{""value"":2,""total"":null,""title"":""Shots off target""},""blocked_shots"":{""value"":2,""total"":null,""title"":""Blocked shots""},""shot_accuracy"":{""value"":0,""total"":2,""title"":""Shot accuracy""},""Shotmap"":{""value"":1,""total"":null,""title"":""Shotmap""},""defensive_actions"":{""value"":0,""total"":null,""title"":""Defensive actions""},""touches"":{""value"":77,""total"":null,""title"":""Touches""},""touches_opp_box"":{""value"":9,""total"":null,""title"":""Touches in opposition box""},""dribbles_succeeded"":{""value"":2,""total"":3,""title"":""Successful dribbles""},""passes_into_final_third"":{""value"":5,""total"":null,""title"":""Passes into final third""},""accurate_crosses"":{""value"":1,""total"":13,""title"":""Accurate crosses""},""long_balls_accurate"":{""value"":0,""total"":2,""title"":""Accurate long balls""},""corners"":{""value"":8,""total"":null,""title"":""Corners""},""dispossessed"":{""value"":0,""total"":null,""title"":""Dispossessed""},""Offsides"":{""value"":1,""total"":null,""title"":""Offsides""},""expected_goals_non_penalty"":{""value"":0.4,""total"":null,""title"":""xG Non-penalty""},""matchstats.headers.tackles"":{""value"":0,""total"":null,""title"":""Tackles""},""shot_blocks"":{""value"":0,""total"":null,""title"":""Blocks""},""clearances"":{""value"":0,""total"":null,""title"":""Clearances""},""interceptions"":{""value"":0,""total"":null,""title"":""Interceptions""},""recoveries"":{""value"":5,""total"":null,""title"":""Recoveries""},""dribbled_past"":{""value"":2,""total"":null,""title"":""Dribbled past""},""ground_duels_won"":{""value"":2,""total"":6,""title"":""Ground duels won""},""aerials_won"":{""value"":1,""total"":1,""title"":""Aerial duels won""},""was_fouled"":{""value"":null,""total"":null,""title"":""Was fouled""},""fouls"":{""value"":1,""total"":null,""title"":""Fouls committed""},""duel_won"":{""value"":3,""total"":null,""title"":""Duels won""},""duel_lost"":{""value"":4,""total"":null,""title"":""Duels lost""}}",FotMob matchDetails.playerStats
2026-09-19T00:29:10+08:00,FB5040,2026-09-14T04:30+08:00,BD1,Flamengo,Corinthians,5103624,1.000,H,9770,Flamengo,4-2-3-1,980311,Gonzalo Plata,3,19,1,0,79,7.6,0,0,0.15,0.39,3,1,2,,5,,35,,1,1,4,4,0,,,,,"{""rating_title"":{""value"":7.64,""total"":null,""title"":""FotMob rating""},""minutes_played"":{""value"":79,""total"":null,""title"":""Minutes played""},""goals"":{""value"":0,""total"":null,""title"":""Goals""},""assists"":{""value"":0,""total"":null,""title"":""Assists""},""expected_goals"":{""value"":0.15,""total"":null,""title"":""Expected goals (xG)""},""expected_goals_on_target_variant"":{""value"":0.02,""total"":null,""title"":""Expected goals on target (xGOT)""},""expected_assists"":{""value"":0.39,""total"":null,""title"":""Expected assists (xA)""},""xg_and_xa"":{""value"":0.54,""total"":null,""title"":""xG + xA""},""total_shots"":{""value"":3,""total"":null,""title"":""Total shots""},""accurate_passes"":{""value"":35,""total"":38,""title"":""Accurate passes""},""chances_created"":{""value"":2,""total"":null,""title"":""Chances created""},""big_chance_created_team_title"":{""value"":1,""total"":null,""title"":""Big chances created""},""ShotsOnTarget"":{""value"":1,""total"":null,""title"":""Shots on target""},""ShotsOffTarget"":{""value"":1,""total"":null,""title"":""Shots off target""},""blocked_shots"":{""value"":1,""total"":null,""title"":""Blocked shots""},""shot_accuracy"":{""value"":1,""total"":2,""title"":""Shot accuracy""},""Shotmap"":{""value"":1,""total"":null,""title"":""Shotmap""},""defensive_actions"":{""value"":2,""total"":null,""title"":""Defensive actions""},""touches"":{""value"":62,""total"":null,""title"":""Touches""},""touches_opp_box"":{""value"":5,""total"":null,""title"":""Touches in opposition box""},""dribbles_succeeded"":{""value"":3,""total"":6,""title"":""Successful dribbles""},""accurate_crosses"":{""value"":1,""total"":6,""title"":""Accurate crosses""},""corners"":{""value"":5,""total"":null,""title"":""Corners""},""dispossessed"":{""value"":2,""total"":null,""title"":""Dispossessed""},""expected_goals_non_penalty"":{""value"":0.15,""total"":null,""title"":""xG Non-penalty""},""matchstats.headers.tackles"":{""value"":1,""total"":null,""title"":""Tackles""},""shot_blocks"":{""value"":0,""total"":null,""title"":""Blocks""},""clearances"":{""value"":0,""total"":null,""title"":""Clearances""},""interceptions"":{""value"":1,""total"":null,""title"":""Interceptions""},""recoveries"":{""value"":4,""total"":null,""title"":""Recoveries""},""dribbled_past"":{""value"":0,""total"":null,""title"":""Dribbled past""},""ground_duels_won"":{""value"":4,""total"":9,""title"":""Ground duels won""},""aerials_won"":{""value"":0,""total"":0,""title"":""Aerial duels won""},""was_fouled"":{""value"":null,""total"":null,""title"":""Was fouled""},""fouls"":{""value"":0,""total"":null,""title"":""Fouls committed""},""duel_won"":{""value"":4,""total"":null,""title"":""Duels won""},""duel_lost"":{""value"":5,""total"":null,""title"":""Duels lost""}}",FotMob matchDetails.playerStats
2026-09-19T00:29:10+08:00,FB5040,2026-09-14T04:30+08:00,BD1,Flamengo,Corinthians,5103624,1.000,H,9770,Flamengo,4-2-3-1,465614,Guillermo Varela,1,2,1,0,90,7.4,0,0,0.1,0.13,1,0,2,,1,,55,,0,1,3,2,1,,,,,"{""rating_title"":{""value"":7.37,""total"":null,""title"":""FotMob rating""},""minutes_played"":{""value"":90,""total"":null,""title"":""Minutes played""},""goals"":{""value"":0,""total"":null,""title"":""Goals""},""assists"":{""value"":0,""total"":null,""title"":""Assists""},""expected_goals"":{""value"":0.1,""total"":null,""title"":""Expected goals (xG)""},""expected_goals_on_target_variant"":{""value"":null,""total"":null,""title"":""Expected goals on target (xGOT)""},""expected_assists"":{""value"":0.13,""total"":null,""title"":""Expected assists (xA)""},""xg_and_xa"":{""value"":0.23,""total"":null,""title"":""xG + xA""},""total_shots"":{""value"":1,""total"":null,""title"":""Total shots""},""accurate_passes"":{""value"":55,""total"":58,""title"":""Accurate passes""},""chances_created"":{""value"":2,""total"":null,""title"":""Chances created""},""ShotsOnTarget"":{""value"":0,""total"":null,""title"":""Shots on target""},""ShotsOffTarget"":{""value"":1,""total"":null,""title"":""Shots off target""},""shot_accuracy"":{""value"":0,""total"":1,""title"":""Shot accuracy""},""Shotmap"":{""value"":1,""total"":null,""title"":""Shotmap""},""defensive_actions"":{""value"":1,""total"":null,""title"":""Defensive actions""},""touches"":{""value"":75,""total"":null,""title"":""Touches""},""touches_opp_box"":{""value"":1,""total"":null,""title"":""Touches in opposition box""},""passes_into_final_third"":{""value"":7,""total"":null,""title"":""Passes into final third""},""accurate_crosses"":{""value"":1,""total"":4,""title"":""Accurate crosses""},""long_balls_accurate"":{""value"":2,""total"":2,""title"":""Accurate long balls""},""dispossessed"":{""value"":1,""total"":null,""title"":""Dispossessed""},""expected_goals_non_penalty"":{""value"":0.1,""total"":null,""title"":""xG Non-penalty""},""matchstats.headers.tackles"":{""value"":0,""total"":null,""title"":""Tackles""},""shot_blocks"":{""value"":0,""total"":null,""title"":""Blocks""},""clearances"":{""value"":0,""total"":null,""title"":""Clearances""},""interceptions"":{""value"":1,""total"":null,""title"":""Interceptions""},""recoveries"":{""value"":3,""total"":null,""title"":""Recoveries""},""dribbled_past"":{""value"":0,""total"":null,""title"":""Dribbled past""},""ground_duels_won"":{""value"":1,""total"":3,""title"":""Ground duels won""},""aerials_won"":{""value"":1,""total"":1,""title"":""Aerial duels won""},""was_fouled"":{""value"":1,""total"":null,""title"":""Was fouled""},""fouls"":{""value"":1,""total"":null,""title"":""Fouls committed""},""duel_won"":{""value"":2,""total"":null,""title"":""Duels won""},""duel_lost"":{""value"":2,""total"":null,""title"":""Duels lost""}}",FotMob matchDetails.playerStats
2026-09-19T00:29:10+08:00,FB5040,2026-09-14T04:30+08:00,BD1,Flamengo,Corinthians,5103624,1.000,H,9770,Flamengo,4-2-3-1,1847899,Joaquín Freitas,3,30,0,1,4,,0,1,,0.2,,,1,,1,,3,,0,0,2,1,0,,,,,"{""minutes_played"":{""value"":4,""total"":null,""title"":""Minutes played""},""goals"":{""value"":0,""total"":null,""title"":""Goals""},""assists"":{""value"":1,""total"":null,""title"":""Assists""},""expected_assists"":{""value"":0.2,""total"":null,""title"":""Expected assists (xA)""},""xg_and_xa"":{""value"":0.2,""total"":null,""title"":""xG + xA""},""accurate_passes"":{""value"":3,""total"":3,""title"":""Accurate passes""},""chances_created"":{""value"":1,""total"":null,""title"":""Chances created""},""big_chance_created_team_title"":{""value"":1,""total"":null,""title"":""Big chances created""},""Shotmap"":{""value"":0,""total"":null,""title"":""Shotmap""},""defensive_actions"":{""value"":0,""total"":null,""title"":""Defensive actions""},""touches"":{""value"":7,""total"":null,""title"":""Touches""},""touches_opp_box"":{""value"":1,""total"":null,""title"":""Touches in opposition box""},""passes_into_final_third"":{""value"":1,""total"":null,""title"":""Passes into final third""},""accurate_crosses"":{""value"":1,""total"":1,""title"":""Accurate crosses""},""dispossessed"":{""value"":0,""total"":null,""title"":""Dispossessed""},""matchstats.headers.tackles"":{""value"":0,""total"":null,""title"":""Tackles""},""shot_blocks"":{""value"":0,""total"":null,""title"":""Blocks""},""clearances"":{""value"":0,""total"":null,""title"":""Clearances""},""interceptions"":{""value"":0,""total"":null,""title"":""Interceptions""},""recoveries"":{""value"":2,""total"":null,""title"":""Recoveries""},""dribbled_past"":{""value"":0,""total"":null,""title"":""Dribbled past""},""ground_duels_won"":{""value"":1,""total"":1,""title"":""Ground duels won""},""aerials_won"":{""value"":0,""total"":0,""title"":""Aerial duels won""},""was_fouled"":{""value"":1,""total"":null,""title"":""Was fouled""},""fouls"":{""value"":0,""total"":null,""title"":""Fouls committed""},""duel_won"":{""value"":1,""total"":null,""title"":""Duels won""}}",FotMob matchDetails.playerStats
2026-09-19T00:29:10+08:00,FB5040,2026-09-14T04:30+08:00,BD1,Flamengo,Corinthians,5103624,1.000,H,9770,Flamengo,4-2-3-1,784834,Jorge Carrascal,2,15,0,1,11,6.4,0,0,,0.1,,,2,,2,,5,,0,0,0,1,0,,,,,"{""rating_title"":{""value"":6.44,""total"":null,""title"":""FotMob rating""},""minutes_played"":{""value"":11,""total"":null,""title"":""Minutes played""},""goals"":{""value"":0,""total"":null,""title"":""Goals""},""assists"":{""value"":0,""total"":null,""title"":""Assists""},""expected_assists"":{""value"":0.1,""total"":null,""title"":""Expected assists (xA)""},""xg_and_xa"":{""value"":0.1,""total"":null,""title"":""xG + xA""},""accurate_passes"":{""value"":5,""total"":8,""title"":""Accurate passes""},""chances_created"":{""value"":2,""total"":null,""title"":""Chances created""},""Shotmap"":{""value"":0,""total"":null,""title"":""Shotmap""},""defensive_actions"":{""value"":0,""total"":null,""title"":""Defensive actions""},""touches"":{""value"":16,""total"":null,""title"":""Touches""},""touches_opp_box"":{""value"":2,""total"":null,""title"":""Touches in opposition box""},""dribbles_succeeded"":{""value"":1,""total"":1,""title"":""Successful dribbles""},""accurate_crosses"":{""value"":2,""total"":6,""title"":""Accurate crosses""},""corners"":{""value"":6,""total"":null,""title"":""Corners""},""dispossessed"":{""value"":1,""total"":null,""title"":""Dispossessed""},""matchstats.headers.tackles"":{""value"":0,""total"":null,""title"":""Tackles""},""shot_blocks"":{""value"":0,""total"":null,""title"":""Blocks""},""clearances"":{""value"":0,""total"":null,""title"":""Clearances""},""interceptions"":{""value"":0,""total"":null,""title"":""Interceptions""},""recoveries"":{""value"":0,""total"":null,""title"":""Recoveries""},""dribbled_past"":{""value"":0,""total"":null,""title"":""Dribbled past""},""ground_duels_won"":{""value"":1,""total"":2,""title"":""Ground duels won""},""aerials_won"":{""value"":0,""total"":0,""title"":""Aerial duels won""},""was_fouled"":{""value"":null,""total"":null,""title"":""Was fouled""},""fouls"":{""value"":0,""total"":null,""title"":""Fouls committed""},""duel_won"":{""value"":1,""total"":null,""title"":""Duels won""},""duel_lost"":{""value"":1,""total"":null,""title"":""Duels lost""}}",FotMob matchDetails.playerStats
2026-09-19T00:29:10+08:00,FB5040,2026-09-14T04:30+08:00,BD1,Flamengo,Corinthians,5103624,1.000,H,9770,Flamengo,4-2-3-1,282775,Jorginho,2,21,0,1,11,6,0,0,0.01,0.02,1,0,0,,1,,10,,0,0,0,,0,,,,,"{""rating_title"":{""value"":6.01,""total"":null,""title"":""FotMob rating""},""minutes_played"":{""value"":11,""total"":null,""title"":""Minutes played""},""goals"":{""value"":0,""total"":null,""title"":""Goals""},""assists"":{""value"":0,""total"":null,""title"":""Assists""},""expected_goals"":{""value"":0.01,""total"":null,""title"":""Expected goals (xG)""},""expected_goals_on_target_variant"":{""value"":null,""total"":null,""title"":""Expected goals on target (xGOT)""},""expected_assists"":{""value"":0.02,""total"":null,""title"":""Expected assists (xA)""},""xg_and_xa"":{""value"":0.03,""total"":null,""title"":""xG + xA""},""total_shots"":{""value"":1,""total"":null,""title"":""Total shots""},""accurate_passes"":{""value"":10,""total"":11,""title"":""Accurate passes""},""chances_created"":{""value"":0,""total"":null,""title"":""Chances created""},""ShotsOnTarget"":{""value"":0,""total"":null,""title"":""Shots on target""},""ShotsOffTarget"":{""value"":0,""total"":null,""title"":""Shots off target""},""blocked_shots"":{""value"":1,""total"":null,""title"":""Blocked shots""},""Shotmap"":{""value"":1,""total"":null,""title"":""Shotmap""},""defensive_actions"":{""value"":1,""total"":null,""title"":""Defensive actions""},""touches"":{""value"":14,""total"":null,""title"":""Touches""},""touches_opp_box"":{""value"":1,""total"":null,""title"":""Touches in opposition box""},""passes_into_final_third"":{""value"":1,""total"":null,""title"":""Passes into final third""},""dispossessed"":{""value"":0,""total"":null,""title"":""Dispossessed""},""expected_goals_non_penalty"":{""value"":0.01,""total"":null,""title"":""xG Non-penalty""},""matchstats.headers.tackles"":{""value"":0,""total"":null,""title"":""Tackles""},""shot_blocks"":{""value"":0,""total"":null,""title"":""Blocks""},""clearances"":{""value"":1,""total"":null,""title"":""Clearances""},""interceptions"":{""value"":0,""total"":null,""title"":""Interceptions""},""recoveries"":{""value"":0,""total"":null,""title"":""Recoveries""},""dribbled_past"":{""value"":0,""total"":null,""title"":""Dribbled past""},""ground_duels_won"":{""value"":0,""total"":1,""title"":""Ground duels won""},""aerials_won"":{""value"":0,""total"":1,""title"":""Aerial duels won""},""was_fouled"":{""value"":null,""total"":null,""title"":""Was fouled""},""fouls"":{""value"":1,""total"":null,""title"":""Fouls committed""},""duel_lost"":{""value"":2,""total"":null,""title"":""Duels lost""}}",FotMob matchDetails.playerStats
2026-09-19T00:29:10+08:00,FB5040,2026-09-14T04:30+08:00,BD1,Flamengo,Corinthians,5103624,1.000,H,9770,Flamengo,4-2-3-1,766435,Lucas Paquetá,2,11,1,0,86,8.7,1,0,0.29,0.09,4,2,2,,4,,77,,5,1,3,8,2,,,,,"{""rating_title"":{""value"":8.65,""total"":null,""title"":""FotMob rating""},""minutes_played"":{""value"":86,""total"":null,""title"":""Minutes played""},""goals"":{""value"":1,""total"":null,""title"":""Goals""},""assists"":{""value"":0,""total"":null,""title"":""Assists""},""expected_goals"":{""value"":0.29,""total"":null,""title"":""Expected goals (xG)""},""expected_goals_on_target_variant"":{""value"":0.67,""total"":null,""title"":""Expected goals on target (xGOT)""},""expected_assists"":{""value"":0.09,""total"":null,""title"":""Expected assists (xA)""},""xg_and_xa"":{""value"":0.38,""total"":null,""title"":""xG + xA""},""total_shots"":{""value"":4,""total"":null,""title"":""Total shots""},""accurate_passes"":{""value"":77,""total"":87,""title"":""Accurate passes""},""chances_created"":{""value"":2,""total"":null,""title"":""Chances created""},""ShotsOnTarget"":{""value"":2,""total"":null,""title"":""Shots on target""},""ShotsOffTarget"":{""value"":0,""total"":null,""title"":""Shots off target""},""blocked_shots"":{""value"":2,""total"":null,""title"":""Blocked shots""},""shot_accuracy"":{""value"":2,""total"":2,""title"":""Shot accuracy""},""Shotmap"":{""value"":1,""total"":null,""title"":""Shotmap""},""defensive_actions"":{""value"":6,""total"":null,""title"":""Defensive actions""},""big_chance_missed_title"":{""value"":1,""total"":null,""title"":""Big chances missed""},""touches"":{""value"":102,""total"":null,""title"":""Touches""},""touches_opp_box"":{""value"":4,""total"":null,""title"":""Touches in opposition box""},""passes_into_final_third"":{""value"":19,""total"":null,""title"":""Passes into final third""},""accurate_crosses"":{""value"":0,""total"":1,""title"":""Accurate crosses""},""long_balls_accurate"":{""value"":4,""total"":6,""title"":""Accurate long balls""},""dispossessed"":{""value"":2,""total"":null,""title"":""Dispossessed""},""expected_goals_non_penalty"":{""value"":0.29,""total"":null,""title"":""xG Non-penalty""},""matchstats.headers.tackles"":{""value"":5,""total"":null,""title"":""Tackles""},""shot_blocks"":{""value"":0,""total"":null,""title"":""Blocks""},""clearances"":{""value"":0,""total"":null,""title"":""Clearances""},""interceptions"":{""value"":1,""total"":null,""title"":""Interceptions""},""recoveries"":{""value"":3,""total"":null,""title"":""Recoveries""},""dribbled_past"":{""value"":0,""total"":null,""title"":""Dribbled past""},""ground_duels_won"":{""value"":6,""total"":12,""title"":""Ground duels won""},""aerials_won"":{""value"":2,""total"":3,""title"":""Aerial duels won""},""was_fouled"":{""value"":1,""total"":null,""title"":""Was fouled""},""fouls"":{""value"":4,""total"":null,""title"":""Fouls committed""},""duel_won"":{""value"":8,""total"":null,""title"":""Duels won""},""duel_lost"":{""value"":7,""total"":null,""title"":""Duels lost""}}",FotMob matchDetails.playerStats
2026-09-19T00:29:10+08:00,FB5040,2026-09-14T04:30+08:00,BD1,Flamengo,Corinthians,5103624,1.000,H,9770,Flamengo,4-2-3-1,750913,Luiz Araújo,3,7,0,1,,,,,,,,,,,,,,,,,,,,,,,,{},FotMob matchDetails.playerStats
2026-09-19T00:29:10+08:00,FB5040,2026-09-14T04:30+08:00,BD1,Flamengo,Corinthians,5103624,1.000,H,9770,Flamengo,4-2-3-1,845976,Léo Ortiz,1,3,1,0,90,7.5,0,0,,0.24,,,1,,2,,76,,1,2,0,3,2,,,,,"{""rating_title"":{""value"":7.52,""total"":null,""title"":""FotMob rating""},""minutes_played"":{""value"":90,""total"":null,""title"":""Minutes played""},""goals"":{""value"":0,""total"":null,""title"":""Goals""},""assists"":{""value"":0,""total"":null,""title"":""Assists""},""expected_assists"":{""value"":0.24,""total"":null,""title"":""Expected assists (xA)""},""xg_and_xa"":{""value"":0.24,""total"":null,""title"":""xG + xA""},""accurate_passes"":{""value"":76,""total"":77,""title"":""Accurate passes""},""chances_created"":{""value"":1,""total"":null,""title"":""Chances created""},""Shotmap"":{""value"":0,""total"":null,""title"":""Shotmap""},""defensive_actions"":{""value"":5,""total"":null,""title"":""Defensive actions""},""touches"":{""value"":85,""total"":null,""title"":""Touches""},""touches_opp_box"":{""value"":2,""total"":null,""title"":""Touches in opposition box""},""passes_into_final_third"":{""value"":17,""total"":null,""title"":""Passes into final third""},""accurate_crosses"":{""value"":0,""total"":1,""title"":""Accurate crosses""},""long_balls_accurate"":{""value"":3,""total"":3,""title"":""Accurate long balls""},""dispossessed"":{""value"":0,""total"":null,""title"":""Dispossessed""},""matchstats.headers.tackles"":{""value"":1,""total"":null,""title"":""Tackles""},""shot_blocks"":{""value"":1,""total"":null,""title"":""Blocks""},""clearances"":{""value"":1,""total"":null,""title"":""Clearances""},""interceptions"":{""value"":2,""total"":null,""title"":""Interceptions""},""recoveries"":{""value"":0,""total"":null,""title"":""Recoveries""},""dribbled_past"":{""value"":0,""total"":null,""title"":""Dribbled past""},""ground_duels_won"":{""value"":1,""total"":1,""title"":""Ground duels won""},""aerials_won"":{""value"":2,""total"":3,""title"":""Aerial duels won""},""was_fouled"":{""value"":null,""total"":null,""title"":""Was fouled""},""fouls"":{""value"":0,""total"":null,""title"":""Fouls committed""},""duel_won"":{""value"":3,""total"":null,""title"":""Duels won""},""duel_lost"":{""value"":1,""total"":null,""title"":""Duels lost""}}",FotMob matchDetails.playerStats
2026-09-19T00:29:10+08:00,FB5040,2026-09-14T04:30+08:00,BD1,Flamengo,Corinthians,5103624,1.000,H,9770,Flamengo,4-2-3-1,750067,Pedro,3,9,1,0,74,6.7,0,0,0.73,0.07,2,2,2,,7,,10,,0,0,2,,0,,,,,"{""rating_title"":{""value"":6.71,""total"":null,""title"":""FotMob rating""},""minutes_played"":{""value"":74,""total"":null,""title"":""Minutes played""},""goals"":{""value"":0,""total"":null,""title"":""Goals""},""assists"":{""value"":0,""total"":null,""title"":""Assists""},""expected_goals"":{""value"":0.73,""total"":null,""title"":""Expected goals (xG)""},""expected_goals_on_target_variant"":{""value"":0.93,""total"":null,""title"":""Expected goals on target (xGOT)""},""expected_assists"":{""value"":0.07,""total"":null,""title"":""Expected assists (xA)""},""xg_and_xa"":{""value"":0.8,""total"":null,""title"":""xG + xA""},""total_shots"":{""value"":2,""total"":null,""title"":""Total shots""},""accurate_passes"":{""value"":10,""total"":14,""title"":""Accurate passes""},""chances_created"":{""value"":2,""total"":null,""title"":""Chances created""},""ShotsOnTarget"":{""value"":2,""total"":null,""title"":""Shots on target""},""ShotsOffTarget"":{""value"":0,""total"":null,""title"":""Shots off target""},""shot_accuracy"":{""value"":2,""total"":2,""title"":""Shot accuracy""},""Shotmap"":{""value"":1,""total"":null,""title"":""Shotmap""},""defensive_actions"":{""value"":0,""total"":null,""title"":""Defensive actions""},""big_chance_missed_title"":{""value"":2,""total"":null,""title"":""Big chances missed""},""touches"":{""value"":21,""total"":null,""title"":""Touches""},""touches_opp_box"":{""value"":7,""total"":null,""title"":""Touches in opposition box""},""passes_into_final_third"":{""value"":1,""total"":null,""title"":""Passes into final third""},""dispossessed"":{""value"":2,""total"":null,""title"":""Dispossessed""},""expected_goals_non_penalty"":{""value"":0.73,""total"":null,""title"":""xG Non-penalty""},""matchstats.headers.tackles"":{""value"":0,""total"":null,""title"":""Tackles""},""shot_blocks"":{""value"":0,""total"":null,""title"":""Blocks""},""clearances"":{""value"":0,""total"":null,""title"":""Clearances""},""interceptions"":{""value"":0,""total"":null,""title"":""Interceptions""},""recoveries"":{""value"":2,""total"":null,""title"":""Recoveries""},""dribbled_past"":{""value"":1,""total"":null,""title"":""Dribbled past""},""ground_duels_won"":{""value"":0,""total"":3,""title"":""Ground duels won""},""aerials_won"":{""value"":0,""total"":2,""title"":""Aerial duels won""},""was_fouled"":{""value"":null,""total"":null,""title"":""Was fouled""},""fouls"":{""value"":0,""total"":null,""title"":""Fouls committed""},""duel_lost"":{""value"":5,""total"":null,""title"":""Duels lost""}}",FotMob matchDetails.playerStats
2026-09-19T00:29:10+08:00,FB5040,2026-09-14T04:30+08:00,BD1,Flamengo,Corinthians,5103624,1.000,H,9770,Flamengo,4-2-3-1,1082941,Samuel Lino,3,16,1,0,90,7.8,0,0,0.18,0.19,6,2,3,,13,,47,,2,0,3,7,0,,,,,"{""rating_title"":{""value"":7.8,""total"":null,""title"":""FotMob rating""},""minutes_played"":{""value"":90,""total"":null,""title"":""Minutes played""},""goals"":{""value"":0,""total"":null,""title"":""Goals""},""assists"":{""value"":0,""total"":null,""title"":""Assists""},""expected_goals"":{""value"":0.18,""total"":null,""title"":""Expected goals (xG)""},""expected_goals_on_target_variant"":{""value"":0.07,""total"":null,""title"":""Expected goals on target (xGOT)""},""expected_assists"":{""value"":0.19,""total"":null,""title"":""Expected assists (xA)""},""xg_and_xa"":{""value"":0.37,""total"":null,""title"":""xG + xA""},""total_shots"":{""value"":6,""total"":null,""title"":""Total shots""},""accurate_passes"":{""value"":47,""total"":59,""title"":""Accurate passes""},""chances_created"":{""value"":3,""total"":null,""title"":""Chances created""},""big_chance_created_team_title"":{""value"":1,""total"":null,""title"":""Big chances created""},""ShotsOnTarget"":{""value"":2,""total"":null,""title"":""Shots on target""},""ShotsOffTarget"":{""value"":3,""total"":null,""title"":""Shots off target""},""blocked_shots"":{""value"":1,""total"":null,""title"":""Blocked shots""},""shot_accuracy"":{""value"":2,""total"":5,""title"":""Shot accuracy""},""Shotmap"":{""value"":1,""total"":null,""title"":""Shotmap""},""defensive_actions"":{""value"":2,""total"":null,""title"":""Defensive actions""},""touches"":{""value"":83,""total"":null,""title"":""Touches""},""touches_opp_box"":{""value"":13,""total"":null,""title"":""Touches in opposition box""},""dribbles_succeeded"":{""value"":2,""total"":2,""title"":""Successful dribbles""},""passes_into_final_third"":{""value"":4,""total"":null,""title"":""Passes into final third""},""accurate_crosses"":{""value"":0,""total"":2,""title"":""Accurate crosses""},""long_balls_accurate"":{""value"":1,""total"":2,""title"":""Accurate long balls""},""corners"":{""value"":1,""total"":null,""title"":""Corners""},""dispossessed"":{""value"":4,""total"":null,""title"":""Dispossessed""},""expected_goals_non_penalty"":{""value"":0.18,""total"":null,""title"":""xG Non-penalty""},""matchstats.headers.tackles"":{""value"":2,""total"":null,""title"":""Tackles""},""shot_blocks"":{""value"":0,""total"":null,""title"":""Blocks""},""clearances"":{""value"":0,""total"":null,""title"":""Clearances""},""interceptions"":{""value"":0,""total"":null,""title"":""Interceptions""},""recoveries"":{""value"":3,""total"":null,""title"":""Recoveries""},""dribbled_past"":{""value"":0,""total"":null,""title"":""Dribbled past""},""ground_duels_won"":{""value"":7,""total"":12,""title"":""Ground duels won""},""aerials_won"":{""value"":0,""total"":0,""title"":""Aerial duels won""},""was_fouled"":{""value"":3,""total"":null,""title"":""Was fouled""},""fouls"":{""value"":1,""total"":null,""title"":""Fouls committed""},""duel_won"":{""value"":7,""total"":null,""title"":""Duels won""},""duel_lost"":{""value"":5,""total"":null,""title"":""Duels lost""}}",FotMob matchDetails.playerStats
2026-09-19T00:29:10+08:00,FB5040,2026-09-14T04:30+08:00,BD1,Flamengo,Corinthians,5103624,1.000,H,9770,Flamengo,4-2-3-1,309334,Saúl,2,8,0,1,,,,,,,,,,,,,,,,,,,,,,,,{},FotMob matchDetails.playerStats
2026-09-19T00:29:10+08:00,FB5040,2026-09-14T04:30+08:00,BD1,Flamengo,Corinthians,5103624,1.000,H,9770,Flamengo,4-2-3-1,834240,Vitão,1,44,0,1,,,,,,,,,,,,,,,,,,,,,,,,{},FotMob matchDetails.playerStats
2026-09-19T00:29:10+08:00,FB5199,2026-09-16T09:00+08:00,MXL,Puebla,Toluca,1000014553,1.000,A,6618,Toluca,4-2-3-1,291556,Antonio Briseño,1,3,0,1,,,,,,,,,,,,,,,,,,,,,,,,{},FotMob matchDetails.playerStats
2026-09-19T00:29:10+08:00,FB5199,2026-09-16T09:00+08:00,MXL,Puebla,Toluca,1000014553,1.000,A,6618,Toluca,4-2-3-1,933574,Bruno Méndez,1,4,1,0,90,7,0,0,,0.01,,,1,,0,,55,,0,0,4,,0,,,,,"{""rating_title"":{""value"":7.02,""total"":null,""title"":""FotMob rating""},""minutes_played"":{""value"":90,""total"":null,""title"":""Minutes played""},""goals"":{""value"":0,""total"":null,""title"":""Goals""},""assists"":{""value"":0,""total"":null,""title"":""Assists""},""expected_assists"":{""value"":0.01,""total"":null,""title"":""Expected assists (xA)""},""xg_and_xa"":{""value"":0.01,""total"":null,""title"":""xG + xA""},""accurate_passes"":{""value"":55,""total"":59,""title"":""Accurate passes""},""chances_created"":{""value"":1,""total"":null,""title"":""Chances created""},""Shotmap"":{""value"":0,""total"":null,""title"":""Shotmap""},""defensive_actions"":{""value"":7,""total"":null,""title"":""Defensive actions""},""touches"":{""value"":68,""total"":null,""title"":""Touches""},""touches_opp_box"":{""value"":0,""total"":null,""title"":""Touches in opposition box""},""passes_into_final_third"":{""value"":6,""total"":null,""title"":""Passes into final third""},""long_balls_accurate"":{""value"":3,""total"":6,""title"":""Accurate long balls""},""dispossessed"":{""value"":0,""total"":null,""title"":""Dispossessed""},""matchstats.headers.tackles"":{""value"":0,""total"":null,""title"":""Tackles""},""shot_blocks"":{""value"":2,""total"":null,""title"":""Blocks""},""clearances"":{""value"":5,""total"":null,""title"":""Clearances""},""headed_clearance"":{""value"":4,""total"":null,""title"":""Headed clearance""},""interceptions"":{""value"":0,""total"":null,""title"":""Interceptions""},""recoveries"":{""value"":4,""total"":null,""title"":""Recoveries""},""dribbled_past"":{""value"":2,""total"":null,""title"":""Dribbled past""},""ground_duels_won"":{""value"":0,""total"":4,""title"":""Ground duels won""},""aerials_won"":{""value"":0,""total"":1,""title"":""Aerial duels won""},""was_fouled"":{""value"":null,""total"":null,""title"":""Was fouled""},""fouls"":{""value"":2,""total"":null,""title"":""Fouls committed""},""duel_lost"":{""value"":5,""total"":null,""title"":""Duels lost""}}",FotMob matchDetails.playerStats
2026-09-19T00:29:10+08:00,FB5199,2026-09-16T09:00+08:00,MXL,Puebla,Toluca,1000014553,1.000,A,6618,Toluca,4-2-3-1,766850,Diego Barbosa,1,2,1,0,90,7.9,0,0,,,,,0,,1,,27,,5,2,7,8,1,,,,,"{""rating_title"":{""value"":7.92,""total"":null,""title"":""FotMob rating""},""minutes_played"":{""value"":90,""total"":null,""title"":""Minutes played""},""goals"":{""value"":0,""total"":null,""title"":""Goals""},""assists"":{""value"":0,""total"":null,""title"":""Assists""},""accurate_passes"":{""value"":27,""total"":33,""title"":""Accurate passes""},""chances_created"":{""value"":0,""total"":null,""title"":""Chances created""},""Shotmap"":{""value"":0,""total"":null,""title"":""Shotmap""},""defensive_actions"":{""value"":10,""total"":null,""title"":""Defensive actions""},""touches"":{""value"":63,""total"":null,""title"":""Touches""},""touches_opp_box"":{""value"":1,""total"":null,""title"":""Touches in opposition box""},""dribbles_succeeded"":{""value"":2,""total"":2,""title"":""Successful dribbles""},""passes_into_final_third"":{""value"":2,""total"":null,""title"":""Passes into final third""},""accurate_crosses"":{""value"":0,""total"":3,""title"":""Accurate crosses""},""long_balls_accurate"":{""value"":1,""total"":4,""title"":""Accurate long balls""},""dispossessed"":{""value"":0,""total"":null,""title"":""Dispossessed""},""matchstats.headers.tackles"":{""value"":5,""total"":null,""title"":""Tackles""},""shot_blocks"":{""value"":0,""total"":null,""title"":""Blocks""},""clearances"":{""value"":3,""total"":null,""title"":""Clearances""},""headed_clearance"":{""value"":1,""total"":null,""title"":""Headed clearance""},""interceptions"":{""value"":2,""total"":null,""title"":""Interceptions""},""recoveries"":{""value"":7,""total"":null,""title"":""Recoveries""},""dribbled_past"":{""value"":3,""total"":null,""title"":""Dribbled past""},""ground_duels_won"":{""value"":7,""total"":12,""title"":""Ground duels won""},""aerials_won"":{""value"":1,""total"":2,""title"":""Aerial duels won""},""was_fouled"":{""value"":null,""total"":null,""title"":""Was fouled""},""fouls"":{""value"":2,""total"":null,""title"":""Fouls committed""},""duel_won"":{""value"":8,""total"":null,""title"":""Duels won""},""duel_lost"":{""value"":6,""total"":null,""title"":""Duels lost""}}",FotMob matchDetails.playerStats
2026-09-19T00:29:10+08:00,FB5199,2026-09-16T09:00+08:00,MXL,Puebla,Toluca,1000014553,1.000,A,6618,Toluca,4-2-3-1,1353113,Everardo López,1,25,1,0,59,7.4,0,0,,0.01,,,0,,1,,37,,3,1,3,3,0,,,,,"{""rating_title"":{""value"":7.44,""total"":null,""title"":""FotMob rating""},""minutes_played"":{""value"":59,""total"":null,""title"":""Minutes played""},""goals"":{""value"":0,""total"":null,""title"":""Goals""},""assists"":{""value"":0,""total"":null,""title"":""Assists""},""expected_assists"":{""value"":0.01,""total"":null,""title"":""Expected assists (xA)""},""xg_and_xa"":{""value"":0.01,""total"":null,""title"":""xG + xA""},""accurate_passes"":{""value"":37,""total"":44,""title"":""Accurate passes""},""chances_created"":{""value"":0,""total"":null,""title"":""Chances created""},""Shotmap"":{""value"":0,""total"":null,""title"":""Shotmap""},""defensive_actions"":{""value"":6,""total"":null,""title"":""Defensive actions""},""touches"":{""value"":57,""total"":null,""title"":""Touches""},""touches_opp_box"":{""value"":1,""total"":null,""title"":""Touches in opposition box""},""passes_into_final_third"":{""value"":4,""total"":null,""title"":""Passes into final third""},""long_balls_accurate"":{""value"":0,""total"":5,""title"":""Accurate long balls""},""dispossessed"":{""value"":0,""total"":null,""title"":""Dispossessed""},""matchstats.headers.tackles"":{""value"":3,""total"":null,""title"":""Tackles""},""shot_blocks"":{""value"":0,""total"":null,""title"":""Blocks""},""clearances"":{""value"":2,""total"":null,""title"":""Clearances""},""headed_clearance"":{""value"":1,""total"":null,""title"":""Headed clearance""},""interceptions"":{""value"":1,""total"":null,""title"":""Interceptions""},""recoveries"":{""value"":3,""total"":null,""title"":""Recoveries""},""dribbled_past"":{""value"":0,""total"":null,""title"":""Dribbled past""},""ground_duels_won"":{""value"":3,""total"":4,""title"":""Ground duels won""},""aerials_won"":{""value"":0,""total"":0,""title"":""Aerial duels won""},""was_fouled"":{""value"":null,""total"":null,""title"":""Was fouled""},""fouls"":{""value"":1,""total"":null,""title"":""Fouls committed""},""duel_won"":{""value"":3,""total"":null,""title"":""Duels won""},""duel_lost"":{""value"":1,""total"":null,""title"":""Duels lost""}}",FotMob matchDetails.playerStats
2026-09-19T00:29:10+08:00,FB5199,2026-09-16T09:00+08:00,MXL,Puebla,Toluca,1000014553,1.000,A,6618,Toluca,4-2-3-1,1053836,Federico Pereira,1,6,1,0,90,8.1,0,0,0.02,,1,0,0,,0,,58,,3,3,2,8,4,,,,,"{""rating_title"":{""value"":8.14,""total"":null,""title"":""FotMob rating""},""minutes_played"":{""value"":90,""total"":null,""title"":""Minutes played""},""goals"":{""value"":0,""total"":null,""title"":""Goals""},""assists"":{""value"":0,""total"":null,""title"":""Assists""},""expected_goals"":{""value"":0.02,""total"":null,""title"":""Expected goals (xG)""},""expected_goals_on_target_variant"":{""value"":null,""total"":null,""title"":""Expected goals on target (xGOT)""},""xg_and_xa"":{""value"":0.02,""total"":null,""title"":""xG + xA""},""total_shots"":{""value"":1,""total"":null,""title"":""Total shots""},""accurate_passes"":{""value"":58,""total"":65,""title"":""Accurate passes""},""chances_created"":{""value"":0,""total"":null,""title"":""Chances created""},""ShotsOnTarget"":{""value"":0,""total"":null,""title"":""Shots on target""},""ShotsOffTarget"":{""value"":1,""total"":null,""title"":""Shots off target""},""shot_accuracy"":{""value"":0,""total"":1,""title"":""Shot accuracy""},""Shotmap"":{""value"":1,""total"":null,""title"":""Shotmap""},""defensive_actions"":{""value"":19,""total"":null,""title"":""Defensive actions""},""touches"":{""value"":90,""total"":null,""title"":""Touches""},""touches_opp_box"":{""value"":0,""total"":null,""title"":""Touches in opposition box""},""dribbles_succeeded"":{""value"":1,""total"":1,""title"":""Successful dribbles""},""passes_into_final_third"":{""value"":3,""total"":null,""title"":""Passes into final third""},""long_balls_accurate"":{""value"":3,""total"":5,""title"":""Accurate long balls""},""dispossessed"":{""value"":0,""total"":null,""title"":""Dispossessed""},""expected_goals_non_penalty"":{""value"":0.02,""total"":null,""title"":""xG Non-penalty""},""matchstats.headers.tackles"":{""value"":3,""total"":null,""title"":""Tackles""},""shot_blocks"":{""value"":2,""total"":null,""title"":""Blocks""},""clearances"":{""value"":11,""total"":null,""title"":""Clearances""},""headed_clearance"":{""value"":9,""total"":null,""title"":""Headed clearance""},""interceptions"":{""value"":3,""total"":null,""title"":""Interceptions""},""recoveries"":{""value"":2,""total"":null,""title"":""Recoveries""},""dribbled_past"":{""value"":0,""total"":null,""title"":""Dribbled past""},""ground_duels_won"":{""value"":4,""total"":4,""title"":""Ground duels won""},""aerials_won"":{""value"":4,""total"":6,""title"":""Aerial duels won""},""was_fouled"":{""value"":null,""total"":null,""title"":""Was fouled""},""fouls"":{""value"":0,""total"":null,""title"":""Fouls committed""},""duel_won"":{""value"":8,""total"":null,""title"":""Duels won""},""duel_lost"":{""value"":2,""total"":null,""title"":""Duels lost""}}",FotMob matchDetails.playerStats
2026-09-19T00:29:10+08:00,FB5199,2026-09-16T09:00+08:00,MXL,Puebla,Toluca,1000014553,1.000,A,6618,Toluca,4-2-3-1,1032811,Federico Viñas,2,16,1,0,77,7.1,0,0,1.12,0.02,2,0,0,,3,,18,,1,0,1,6,2,,,,,"{""rating_title"":{""value"":7.12,""total"":null,""title"":""FotMob rating""},""minutes_played"":{""value"":77,""total"":null,""title"":""Minutes played""},""goals"":{""value"":0,""total"":null,""title"":""Goals""},""assists"":{""value"":0,""total"":null,""title"":""Assists""},""expected_goals"":{""value"":1.12,""total"":null,""title"":""Expected goals (xG)""},""expected_goals_on_target_variant"":{""value"":null,""total"":null,""title"":""Expected goals on target (xGOT)""},""expected_assists"":{""value"":0.02,""total"":null,""title"":""Expected assists (xA)""},""xg_and_xa"":{""value"":1.1400000000000001,""total"":null,""title"":""xG + xA""},""total_shots"":{""value"":2,""total"":null,""title"":""Total shots""},""accurate_passes"":{""value"":18,""total"":23,""title"":""Accurate passes""},""chances_created"":{""value"":0,""total"":null,""title"":""Chances created""},""ShotsOnTarget"":{""value"":0,""total"":null,""title"":""Shots on target""},""ShotsOffTarget"":{""value"":2,""total"":null,""title"":""Shots off target""},""shot_accuracy"":{""value"":0,""total"":2,""title"":""Shot accuracy""},""Shotmap"":{""value"":1,""total"":null,""title"":""Shotmap""},""defensive_actions"":{""value"":2,""total"":null,""title"":""Defensive actions""},""big_chance_missed_title"":{""value"":2,""total"":null,""title"":""Big chances missed""},""shots_woodwork"":{""value"":1,""total"":null,""title"":""Hit woodwork""},""touches"":{""value"":35,""total"":null,""title"":""Touches""},""touches_opp_box"":{""value"":3,""total"":null,""title"":""Touches in opposition box""},""dribbles_succeeded"":{""value"":1,""total"":2,""title"":""Successful dribbles""},""passes_into_final_third"":{""value"":1,""total"":null,""title"":""Passes into final third""},""dispossessed"":{""value"":0,""total"":null,""title"":""Dispossessed""},""expected_goals_non_penalty"":{""value"":1.12,""total"":null,""title"":""xG Non-penalty""},""matchstats.headers.tackles"":{""value"":1,""total"":null,""title"":""Tackles""},""shot_blocks"":{""value"":0,""total"":null,""title"":""Blocks""},""clearances"":{""value"":1,""total"":null,""title"":""Clearances""},""headed_clearance"":{""value"":1,""total"":null,""title"":""Headed clearance""},""interceptions"":{""value"":0,""total"":null,""title"":""Interceptions""},""recoveries"":{""value"":1,""total"":null,""title"":""Recoveries""},""dribbled_past"":{""value"":0,""total"":null,""title"":""Dribbled past""},""ground_duels_won"":{""value"":4,""total"":7,""title"":""Ground duels won""},""aerials_won"":{""value"":2,""total"":6,""title"":""Aerial duels won""},""was_fouled"":{""value"":2,""total"":null,""title"":""Was fouled""},""fouls"":{""value"":2,""total"":null,""title"":""Fouls committed""},""duel_won"":{""value"":6,""total"":null,""title"":""Duels won""},""duel_lost"":{""value"":7,""total"":null,""title"":""Duels lost""}}",FotMob matchDetails.playerStats
2026-09-19T00:29:10+08:00,FB5199,2026-09-16T09:00+08:00,MXL,Puebla,Toluca,1000014553,1.000,A,6618,Toluca,4-2-3-1,659034,Fernando Arce,2,24,0,1,,,,,,,,,,,,,,,,,,,,,,,,{},FotMob matchDetails.playerStats
2026-09-19T00:29:10+08:00,FB5199,2026-09-16T09:00+08:00,MXL,Puebla,Toluca,1000014553,1.000,A,6618,Toluca,4-2-3-1,833581,Franco Romero,2,5,1,0,45,6.3,0,0,,0.01,,,0,,0,,20,,1,1,1,1,0,,,,,"{""rating_title"":{""value"":6.33,""total"":null,""title"":""FotMob rating""},""minutes_played"":{""value"":45,""total"":null,""title"":""Minutes played""},""goals"":{""value"":0,""total"":null,""title"":""Goals""},""assists"":{""value"":0,""total"":null,""title"":""Assists""},""expected_assists"":{""value"":0.01,""total"":null,""title"":""Expected assists (xA)""},""xg_and_xa"":{""value"":0.01,""total"":null,""title"":""xG + xA""},""accurate_passes"":{""value"":20,""total"":21,""title"":""Accurate passes""},""chances_created"":{""value"":0,""total"":null,""title"":""Chances created""},""Shotmap"":{""value"":0,""total"":null,""title"":""Shotmap""},""defensive_actions"":{""value"":2,""total"":null,""title"":""Defensive actions""},""touches"":{""value"":25,""total"":null,""title"":""Touches""},""touches_opp_box"":{""value"":0,""total"":null,""title"":""Touches in opposition box""},""long_balls_accurate"":{""value"":1,""total"":1,""title"":""Accurate long balls""},""dispossessed"":{""value"":0,""total"":null,""title"":""Dispossessed""},""matchstats.headers.tackles"":{""value"":1,""total"":null,""title"":""Tackles""},""shot_blocks"":{""value"":0,""total"":null,""title"":""Blocks""},""clearances"":{""value"":0,""total"":null,""title"":""Clearances""},""interceptions"":{""value"":1,""total"":null,""title"":""Interceptions""},""recoveries"":{""value"":1,""total"":null,""title"":""Recoveries""},""dribbled_past"":{""value"":2,""total"":null,""title"":""Dribbled past""},""ground_duels_won"":{""value"":1,""total"":4,""title"":""Ground duels won""},""aerials_won"":{""value"":0,""total"":0,""title"":""Aerial duels won""},""was_fouled"":{""value"":null,""total"":null,""title"":""Was fouled""},""fouls"":{""value"":1,""total"":null,""title"":""Fouls committed""},""duel_won"":{""value"":1,""total"":null,""title"":""Duels won""},""duel_lost"":{""value"":3,""total"":null,""title"":""Duels lost""}}",FotMob matchDetails.playerStats
2026-09-19T00:29:10+08:00,FB5199,2026-09-16T09:00+08:00,MXL,Puebla,Toluca,1000014553,1.000,A,6618,Toluca,4-2-3-1,935183,Helinho,3,11,0,1,31,6.6,0,0,0.03,0.22,1,1,1,,1,,10,,0,0,2,1,0,,,,,"{""rating_title"":{""value"":6.59,""total"":null,""title"":""FotMob rating""},""minutes_played"":{""value"":31,""total"":null,""title"":""Minutes played""},""goals"":{""value"":0,""total"":null,""title"":""Goals""},""assists"":{""value"":0,""total"":null,""title"":""Assists""},""expected_goals"":{""value"":0.03,""total"":null,""title"":""Expected goals (xG)""},""expected_goals_on_target_variant"":{""value"":0.06,""total"":null,""title"":""Expected goals on target (xGOT)""},""expected_assists"":{""value"":0.22,""total"":null,""title"":""Expected assists (xA)""},""xg_and_xa"":{""value"":0.25,""total"":null,""title"":""xG + xA""},""total_shots"":{""value"":1,""total"":null,""title"":""Total shots""},""accurate_passes"":{""value"":10,""total"":13,""title"":""Accurate passes""},""chances_created"":{""value"":1,""total"":null,""title"":""Chances created""},""big_chance_created_team_title"":{""value"":1,""total"":null,""title"":""Big chances created""},""ShotsOnTarget"":{""value"":1,""total"":null,""title"":""Shots on target""},""ShotsOffTarget"":{""value"":0,""total"":null,""title"":""Shots off target""},""shot_accuracy"":{""value"":1,""total"":1,""title"":""Shot accuracy""},""Shotmap"":{""value"":1,""total"":null,""title"":""Shotmap""},""defensive_actions"":{""value"":0,""total"":null,""title"":""Defensive actions""},""touches"":{""value"":22,""total"":null,""title"":""Touches""},""touches_opp_box"":{""value"":1,""total"":null,""title"":""Touches in opposition box""},""dribbles_succeeded"":{""value"":1,""total"":2,""title"":""Successful dribbles""},""passes_into_final_third"":{""value"":4,""total"":null,""title"":""Passes into final third""},""accurate_crosses"":{""value"":1,""total"":3,""title"":""Accurate crosses""},""long_balls_accurate"":{""value"":0,""total"":1,""title"":""Accurate long balls""},""corners"":{""value"":3,""total"":null,""title"":""Corners""},""dispossessed"":{""value"":0,""total"":null,""title"":""Dispossessed""},""expected_goals_non_penalty"":{""value"":0.03,""total"":null,""title"":""xG Non-penalty""},""matchstats.headers.tackles"":{""value"":0,""total"":null,""title"":""Tackles""},""shot_blocks"":{""value"":0,""total"":null,""title"":""Blocks""},""clearances"":{""value"":0,""total"":null,""title"":""Clearances""},""interceptions"":{""value"":0,""total"":null,""title"":""Interceptions""},""recoveries"":{""value"":2,""total"":null,""title"":""Recoveries""},""dribbled_past"":{""value"":0,""total"":null,""title"":""Dribbled past""},""ground_duels_won"":{""value"":1,""total"":2,""title"":""Ground duels won""},""aerials_won"":{""value"":0,""total"":1,""title"":""Aerial duels won""},""was_fouled"":{""value"":null,""total"":null,""title"":""Was fouled""},""fouls"":{""value"":0,""total"":null,""title"":""Fouls committed""},""duel_won"":{""value"":1,""total"":null,""title"":""Duels won""},""duel_lost"":{""value"":2,""total"":null,""title"":""Duels lost""}}",FotMob matchDetails.playerStats
2026-09-19T00:29:10+08:00,FB5199,2026-09-16T09:00+08:00,MXL,Puebla,Toluca,1000014553,1.000,A,6618,Toluca,4-2-3-1,730888,Jesús Angulo,3,10,1,0,59,6.6,0,0,,0.01,,,0,,1,,17,,1,0,2,2,0,,,,,"{""rating_title"":{""value"":6.58,""total"":null,""title"":""FotMob rating""},""minutes_played"":{""value"":59,""total"":null,""title"":""Minutes played""},""goals"":{""value"":0,""total"":null,""title"":""Goals""},""assists"":{""value"":0,""total"":null,""title"":""Assists""},""expected_assists"":{""value"":0.01,""total"":null,""title"":""Expected assists (xA)""},""xg_and_xa"":{""value"":0.01,""total"":null,""title"":""xG + xA""},""accurate_passes"":{""value"":17,""total"":19,""title"":""Accurate passes""},""chances_created"":{""value"":0,""total"":null,""title"":""Chances created""},""Shotmap"":{""value"":0,""total"":null,""title"":""Shotmap""},""defensive_actions"":{""value"":1,""total"":null,""title"":""Defensive actions""},""touches"":{""value"":28,""total"":null,""title"":""Touches""},""touches_opp_box"":{""value"":1,""total"":null,""title"":""Touches in opposition box""},""dribbles_succeeded"":{""value"":0,""total"":1,""title"":""Successful dribbles""},""passes_into_final_third"":{""value"":1,""total"":null,""title"":""Passes into final third""},""accurate_crosses"":{""value"":0,""total"":3,""title"":""Accurate crosses""},""long_balls_accurate"":{""value"":0,""total"":1,""title"":""Accurate long balls""},""corners"":{""value"":2,""total"":null,""title"":""Corners""},""dispossessed"":{""value"":0,""total"":null,""title"":""Dispossessed""},""matchstats.headers.tackles"":{""value"":1,""total"":null,""title"":""Tackles""},""shot_blocks"":{""value"":0,""total"":null,""title"":""Blocks""},""clearances"":{""value"":0,""total"":null,""title"":""Clearances""},""interceptions"":{""value"":0,""total"":null,""title"":""Interceptions""},""recoveries"":{""value"":2,""total"":null,""title"":""Recoveries""},""dribbled_past"":{""value"":1,""total"":null,""title"":""Dribbled past""},""ground_duels_won"":{""value"":2,""total"":5,""title"":""Ground duels won""},""aerials_won"":{""value"":0,""total"":0,""title"":""Aerial duels won""},""was_fouled"":{""value"":1,""total"":null,""title"":""Was fouled""},""fouls"":{""value"":1,""total"":null,""title"":""Fouls committed""},""duel_won"":{""value"":2,""total"":null,""title"":""Duels won""},""duel_lost"":{""value"":3,""total"":null,""title"":""Duels lost""}}",FotMob matchDetails.playerStats
2026-09-19T00:29:10+08:00,FB5199,2026-09-16T09:00+08:00,MXL,Puebla,Toluca,1000014553,1.000,A,6618,Toluca,4-2-3-1,597976,Jesús Gallardo,3,20,1,0,90,7,0,0,,0.44,,,1,,0,,23,,3,0,5,4,0,,,,,"{""rating_title"":{""value"":7.02,""total"":null,""title"":""FotMob rating""},""minutes_played"":{""value"":90,""total"":null,""title"":""Minutes played""},""goals"":{""value"":0,""total"":null,""title"":""Goals""},""assists"":{""value"":0,""total"":null,""title"":""Assists""},""expected_assists"":{""value"":0.44,""total"":null,""title"":""Expected assists (xA)""},""xg_and_xa"":{""value"":0.44,""total"":null,""title"":""xG + xA""},""accurate_passes"":{""value"":23,""total"":29,""title"":""Accurate passes""},""chances_created"":{""value"":1,""total"":null,""title"":""Chances created""},""big_chance_created_team_title"":{""value"":1,""total"":null,""title"":""Big chances created""},""Shotmap"":{""value"":0,""total"":null,""title"":""Shotmap""},""defensive_actions"":{""value"":4,""total"":null,""title"":""Defensive actions""},""touches"":{""value"":51,""total"":null,""title"":""Touches""},""touches_opp_box"":{""value"":0,""total"":null,""title"":""Touches in opposition box""},""dribbles_succeeded"":{""value"":0,""total"":2,""title"":""Successful dribbles""},""passes_into_final_third"":{""value"":1,""total"":null,""title"":""Passes into final third""},""accurate_crosses"":{""value"":2,""total"":5,""title"":""Accurate crosses""},""long_balls_accurate"":{""value"":0,""total"":2,""title"":""Accurate long balls""},""dispossessed"":{""value"":1,""total"":null,""title"":""Dispossessed""},""Offsides"":{""value"":2,""total"":null,""title"":""Offsides""},""matchstats.headers.tackles"":{""value"":3,""total"":null,""title"":""Tackles""},""shot_blocks"":{""value"":0,""total"":null,""title"":""Blocks""},""clearances"":{""value"":1,""total"":null,""title"":""Clearances""},""interceptions"":{""value"":0,""total"":null,""title"":""Interceptions""},""recoveries"":{""value"":5,""total"":null,""title"":""Recoveries""},""dribbled_past"":{""value"":2,""total"":null,""title"":""Dribbled past""},""ground_duels_won"":{""value"":4,""total"":12,""title"":""Ground duels won""},""aerials_won"":{""value"":0,""total"":0,""title"":""Aerial duels won""},""was_fouled"":{""value"":1,""total"":null,""title"":""Was fouled""},""fouls"":{""value"":3,""total"":null,""title"":""Fouls committed""},""duel_won"":{""value"":4,""total"":null,""title"":""Duels won""},""duel_lost"":{""value"":8,""total"":null,""title"":""Duels lost""}}",FotMob matchDetails.playerStats
2026-09-19T00:29:10+08:00,FB5199,2026-09-16T09:00+08:00,MXL,Puebla,Toluca,1000014553,1.000,A,6618,Toluca,4-2-3-1,914079,Jorge Díaz,2,29,0,1,31,6.2,0,0,,0.03,,,1,,1,,5,,0,1,1,,0,,,,,"{""rating_title"":{""value"":6.16,""total"":null,""title"":""FotMob rating""},""minutes_played"":{""value"":31,""total"":null,""title"":""Minutes played""},""goals"":{""value"":0,""total"":null,""title"":""Goals""},""assists"":{""value"":0,""total"":null,""title"":""Assists""},""expected_assists"":{""value"":0.03,""total"":null,""title"":""Expected assists (xA)""},""xg_and_xa"":{""value"":0.03,""total"":null,""title"":""xG + xA""},""accurate_passes"":{""value"":5,""total"":8,""title"":""Accurate passes""},""chances_created"":{""value"":1,""total"":null,""title"":""Chances created""},""Shotmap"":{""value"":0,""total"":null,""title"":""Shotmap""},""defensive_actions"":{""value"":2,""total"":null,""title"":""Defensive actions""},""touches"":{""value"":15,""total"":null,""title"":""Touches""},""touches_opp_box"":{""value"":1,""total"":null,""title"":""Touches in opposition box""},""accurate_crosses"":{""value"":0,""total"":1,""title"":""Accurate crosses""},""long_balls_accurate"":{""value"":1,""total"":1,""title"":""Accurate long balls""},""dispossessed"":{""value"":2,""total"":null,""title"":""Dispossessed""},""matchstats.headers.tackles"":{""value"":0,""total"":null,""title"":""Tackles""},""shot_blocks"":{""value"":0,""total"":null,""title"":""Blocks""},""clearances"":{""value"":1,""total"":null,""title"":""Clearances""},""headed_clearance"":{""value"":1,""total"":null,""title"":""Headed clearance""},""interceptions"":{""value"":1,""total"":null,""title"":""Interceptions""},""recoveries"":{""value"":1,""total"":null,""title"":""Recoveries""},""dribbled_past"":{""value"":0,""total"":null,""title"":""Dribbled past""},""ground_duels_won"":{""value"":0,""total"":2,""title"":""Ground duels won""},""aerials_won"":{""value"":0,""total"":0,""title"":""Aerial duels won""},""was_fouled"":{""value"":null,""total"":null,""title"":""Was fouled""},""fouls"":{""value"":0,""total"":null,""title"":""Fouls committed""},""duel_lost"":{""value"":2,""total"":null,""title"":""Duels lost""}}",FotMob matchDetails.playerStats
2026-09-19T00:29:10+08:00,FB5199,2026-09-16T09:00+08:00,MXL,Puebla,Toluca,1000014553,1.000,A,6618,Toluca,4-2-3-1,387490,Luan,1,13,0,1,13,6.4,0,0,,,,,0,,0,,7,,0,1,0,1,1,,,,,"{""rating_title"":{""value"":6.35,""total"":null,""title"":""FotMob rating""},""minutes_played"":{""value"":13,""total"":null,""title"":""Minutes played""},""goals"":{""value"":0,""total"":null,""title"":""Goals""},""assists"":{""value"":0,""total"":null,""title"":""Assists""},""accurate_passes"":{""value"":7,""total"":7,""title"":""Accurate passes""},""chances_created"":{""value"":0,""total"":null,""title"":""Chances created""},""Shotmap"":{""value"":0,""total"":null,""title"":""Shotmap""},""defensive_actions"":{""value"":3,""total"":null,""title"":""Defensive actions""},""touches"":{""value"":10,""total"":null,""title"":""Touches""},""touches_opp_box"":{""value"":0,""total"":null,""title"":""Touches in opposition box""},""dispossessed"":{""value"":0,""total"":null,""title"":""Dispossessed""},""matchstats.headers.tackles"":{""value"":0,""total"":null,""title"":""Tackles""},""shot_blocks"":{""value"":0,""total"":null,""title"":""Blocks""},""clearances"":{""value"":2,""total"":null,""title"":""Clearances""},""headed_clearance"":{""value"":2,""total"":null,""title"":""Headed clearance""},""interceptions"":{""value"":1,""total"":null,""title"":""Interceptions""},""recoveries"":{""value"":0,""total"":null,""title"":""Recoveries""},""dribbled_past"":{""value"":0,""total"":null,""title"":""Dribbled past""},""aerials_won"":{""value"":1,""total"":1,""title"":""Aerial duels won""},""was_fouled"":{""value"":null,""total"":null,""title"":""Was fouled""},""fouls"":{""value"":0,""total"":null,""title"":""Fouls committed""},""duel_won"":{""value"":1,""total"":null,""title"":""Duels won""}}",FotMob matchDetails.playerStats
2026-09-19T00:29:10+08:00,FB5199,2026-09-16T09:00+08:00,MXL,Puebla,Toluca,1000014553,1.000,A,6618,Toluca,4-2-3-1,417520,Luis García,11,22,1,0,90,7.8,,,,,,,,,,,16,,0,0,10,1,1,2,0.51,,,"{""rating_title"":{""value"":7.8,""total"":null,""title"":""FotMob rating""},""minutes_played"":{""value"":90,""total"":null,""title"":""Minutes played""},""saves"":{""value"":2,""total"":null,""title"":""Saves""},""goals_conceded"":{""value"":0,""total"":null,""title"":""Goals conceded""},""expected_goals_on_target_faced"":{""value"":0.51,""total"":null,""title"":""xGOT faced""},""goals_prevented"":{""value"":0.51,""total"":null,""title"":""Goals prevented""},""Shotmap"":{""value"":1,""total"":null,""title"":""Shotmap""},""accurate_passes"":{""value"":16,""total"":21,""title"":""Accurate passes""},""long_balls_accurate"":{""value"":4,""total"":9,""title"":""Accurate long balls""},""keeper_diving_save"":{""value"":2,""total"":null,""title"":""Diving save""},""saves_inside_box"":{""value"":1,""total"":null,""title"":""Saves inside box""},""keeper_sweeper"":{""value"":1,""total"":null,""title"":""Acted as sweeper""},""punches"":{""value"":1,""total"":null,""title"":""Punches""},""player_throws"":{""value"":6,""total"":null,""title"":""Throws""},""keeper_high_claim"":{""value"":0,""total"":null,""title"":""High claim""},""recoveries"":{""value"":10,""total"":null,""title"":""Recoveries""},""clearances"":{""value"":1,""total"":null,""title"":""Clearances""},""touches"":{""value"":31,""total"":null,""title"":""Touches""},""defensive_actions"":{""value"":1,""total"":null,""title"":""Defensive actions""},""duel_won"":{""value"":1,""total"":null,""title"":""Duels won""},""aerials_won"":{""value"":1,""total"":1,""title"":""Aerial duels won""},""was_fouled"":{""value"":1,""total"":null,""title"":""Was fouled""},""fouls"":{""value"":0,""total"":null,""title"":""Fouls committed""},""matchstats.headers.tackles"":{""value"":0,""total"":null,""title"":""Tackles""},""passes_into_final_third"":{""value"":1,""total"":null,""title"":""Passes into final third""},""interceptions"":{""value"":0,""total"":null,""title"":""Interceptions""}}",FotMob matchDetails.playerStats
2026-09-19T00:29:10+08:00,FB5199,2026-09-16T09:00+08:00,MXL,Puebla,Toluca,1000014553,1.000,A,6618,Toluca,4-2-3-1,1099712,Nicolás Castro,2,8,1,0,90,6.8,0,0,0.3,0.02,2,1,0,,3,,53,,3,0,7,5,0,,,,,"{""rating_title"":{""value"":6.76,""total"":null,""title"":""FotMob rating""},""minutes_played"":{""value"":90,""total"":null,""title"":""Minutes played""},""goals"":{""value"":0,""total"":null,""title"":""Goals""},""assists"":{""value"":0,""total"":null,""title"":""Assists""},""expected_goals"":{""value"":0.3,""total"":null,""title"":""Expected goals (xG)""},""expected_goals_on_target_variant"":{""value"":0.29,""total"":null,""title"":""Expected goals on target (xGOT)""},""expected_assists"":{""value"":0.02,""total"":null,""title"":""Expected assists (xA)""},""xg_and_xa"":{""value"":0.32,""total"":null,""title"":""xG + xA""},""total_shots"":{""value"":2,""total"":null,""title"":""Total shots""},""accurate_passes"":{""value"":53,""total"":59,""title"":""Accurate passes""},""chances_created"":{""value"":0,""total"":null,""title"":""Chances created""},""ShotsOnTarget"":{""value"":1,""total"":null,""title"":""Shots on target""},""ShotsOffTarget"":{""value"":0,""total"":null,""title"":""Shots off target""},""blocked_shots"":{""value"":1,""total"":null,""title"":""Blocked shots""},""shot_accuracy"":{""value"":1,""total"":1,""title"":""Shot accuracy""},""Shotmap"":{""value"":1,""total"":null,""title"":""Shotmap""},""defensive_actions"":{""value"":4,""total"":null,""title"":""Defensive actions""},""big_chance_missed_title"":{""value"":1,""total"":null,""title"":""Big chances missed""},""touches"":{""value"":79,""total"":null,""title"":""Touches""},""touches_opp_box"":{""value"":3,""total"":null,""title"":""Touches in opposition box""},""dribbles_succeeded"":{""value"":0,""total"":3,""title"":""Successful dribbles""},""passes_into_final_third"":{""value"":10,""total"":null,""title"":""Passes into final third""},""long_balls_accurate"":{""value"":4,""total"":7,""title"":""Accurate long balls""},""dispossessed"":{""value"":3,""total"":null,""title"":""Dispossessed""},""expected_goals_non_penalty"":{""value"":0.3,""total"":null,""title"":""xG Non-penalty""},""matchstats.headers.tackles"":{""value"":3,""total"":null,""title"":""Tackles""},""shot_blocks"":{""value"":0,""total"":null,""title"":""Blocks""},""clearances"":{""value"":1,""total"":null,""title"":""Clearances""},""interceptions"":{""value"":0,""total"":null,""title"":""Interceptions""},""recoveries"":{""value"":7,""total"":null,""title"":""Recoveries""},""dribbled_past"":{""value"":3,""total"":null,""title"":""Dribbled past""},""ground_duels_won"":{""value"":5,""total"":14,""title"":""Ground duels won""},""aerials_won"":{""value"":0,""total"":0,""title"":""Aerial duels won""},""was_fouled"":{""value"":2,""total"":null,""title"":""Was fouled""},""fouls"":{""value"":0,""total"":null,""title"":""Fouls committed""},""duel_won"":{""value"":5,""total"":null,""title"":""Duels won""},""duel_lost"":{""value"":9,""total"":null,""title"":""Duels lost""}}",FotMob matchDetails.playerStats
2026-09-19T00:29:10+08:00,FB5199,2026-09-16T09:00+08:00,MXL,Puebla,Toluca,1000014553,1.000,A,6618,Toluca,4-2-3-1,1367053,Oswaldo Virgen,3,23,0,1,1,,0,0,,,,,0,,0,,0,,0,0,0,,0,,,,,"{""minutes_played"":{""value"":1,""total"":null,""title"":""Minutes played""},""goals"":{""value"":0,""total"":null,""title"":""Goals""},""assists"":{""value"":0,""total"":null,""title"":""Assists""},""accurate_passes"":{""value"":0,""total"":0,""title"":""Accurate passes""},""chances_created"":{""value"":0,""total"":null,""title"":""Chances created""},""Shotmap"":{""value"":0,""total"":null,""title"":""Shotmap""},""defensive_actions"":{""value"":0,""total"":null,""title"":""Defensive actions""},""touches"":{""value"":0,""total"":null,""title"":""Touches""},""touches_opp_box"":{""value"":0,""total"":null,""title"":""Touches in opposition box""},""dispossessed"":{""value"":0,""total"":null,""title"":""Dispossessed""},""Offsides"":{""value"":1,""total"":null,""title"":""Offsides""},""matchstats.headers.tackles"":{""value"":0,""total"":null,""title"":""Tackles""},""shot_blocks"":{""value"":0,""total"":null,""title"":""Blocks""},""clearances"":{""value"":0,""total"":null,""title"":""Clearances""},""interceptions"":{""value"":0,""total"":null,""title"":""Interceptions""},""recoveries"":{""value"":0,""total"":null,""title"":""Recoveries""},""dribbled_past"":{""value"":0,""total"":null,""title"":""Dribbled past""},""aerials_won"":{""value"":0,""total"":1,""title"":""Aerial duels won""},""was_fouled"":{""value"":null,""total"":null,""title"":""Was fouled""},""fouls"":{""value"":0,""total"":null,""title"":""Fouls committed""},""duel_lost"":{""value"":1,""total"":null,""title"":""Duels lost""}}",FotMob matchDetails.playerStats
2026-09-19T00:29:10+08:00,FB5199,2026-09-16T09:00+08:00,MXL,Puebla,Toluca,1000014553,1.000,A,6618,Toluca,4-2-3-1,361377,Paulinho,3,26,1,0,89,6.8,0,0,0.47,0.11,4,1,1,,3,,14,,2,0,5,2,0,,,,,"{""rating_title"":{""value"":6.84,""total"":null,""title"":""FotMob rating""},""minutes_played"":{""value"":89,""total"":null,""title"":""Minutes played""},""goals"":{""value"":0,""total"":null,""title"":""Goals""},""assists"":{""value"":0,""total"":null,""title"":""Assists""},""expected_goals"":{""value"":0.47,""total"":null,""title"":""Expected goals (xG)""},""expected_goals_on_target_variant"":{""value"":0.06,""total"":null,""title"":""Expected goals on target (xGOT)""},""expected_assists"":{""value"":0.11,""total"":null,""title"":""Expected assists (xA)""},""xg_and_xa"":{""value"":0.58,""total"":null,""title"":""xG + xA""},""total_shots"":{""value"":4,""total"":null,""title"":""Total shots""},""accurate_passes"":{""value"":14,""total"":20,""title"":""Accurate passes""},""chances_created"":{""value"":1,""total"":null,""title"":""Chances created""},""big_chance_created_team_title"":{""value"":1,""total"":null,""title"":""Big chances created""},""ShotsOnTarget"":{""value"":1,""total"":null,""title"":""Shots on target""},""ShotsOffTarget"":{""value"":1,""total"":null,""title"":""Shots off target""},""blocked_shots"":{""value"":2,""total"":null,""title"":""Blocked shots""},""shot_accuracy"":{""value"":1,""total"":2,""title"":""Shot accuracy""},""Shotmap"":{""value"":1,""total"":null,""title"":""Shotmap""},""defensive_actions"":{""value"":3,""total"":null,""title"":""Defensive actions""},""big_chance_missed_title"":{""value"":1,""total"":null,""title"":""Big chances missed""},""touches"":{""value"":38,""total"":null,""title"":""Touches""},""touches_opp_box"":{""value"":3,""total"":null,""title"":""Touches in opposition box""},""passes_into_final_third"":{""value"":3,""total"":null,""title"":""Passes into final third""},""long_balls_accurate"":{""value"":2,""total"":3,""title"":""Accurate long balls""},""dispossessed"":{""value"":3,""total"":null,""title"":""Dispossessed""},""expected_goals_non_penalty"":{""value"":0.47,""total"":null,""title"":""xG Non-penalty""},""matchstats.headers.tackles"":{""value"":2,""total"":null,""title"":""Tackles""},""shot_blocks"":{""value"":0,""total"":null,""title"":""Blocks""},""clearances"":{""value"":1,""total"":null,""title"":""Clearances""},""headed_clearance"":{""value"":1,""total"":null,""title"":""Headed clearance""},""interceptions"":{""value"":0,""total"":null,""title"":""Interceptions""},""recoveries"":{""value"":5,""total"":null,""title"":""Recoveries""},""dribbled_past"":{""value"":0,""total"":null,""title"":""Dribbled past""},""ground_duels_won"":{""value"":2,""total"":6,""title"":""Ground duels won""},""aerials_won"":{""value"":0,""total"":0,""title"":""Aerial duels won""},""was_fouled"":{""value"":null,""total"":null,""title"":""Was fouled""},""fouls"":{""value"":1,""total"":null,""title"":""Fouls committed""},""duel_won"":{""value"":2,""total"":null,""title"":""Duels won""},""duel_lost"":{""value"":4,""total"":null,""title"":""Duels lost""}}",FotMob matchDetails.playerStats
2026-09-19T00:29:10+08:00,FB5199,2026-09-16T09:00+08:00,MXL,Puebla,Toluca,1000014553,1.000,A,6618,Toluca,4-2-3-1,1179357,Pável Pérez,2,15,0,1,,,,,,,,,,,,,,,,,,,,,,,,{},FotMob matchDetails.playerStats
2026-09-19T00:29:10+08:00,FB5199,2026-09-16T09:00+08:00,MXL,Puebla,Toluca,1000014553,1.000,A,6618,Toluca,4-2-3-1,1344945,Ronaldo Beltrán,,12,0,1,,,,,,,,,,,,,,,,,,,,,,,,{},FotMob matchDetails.playerStats
2026-09-19T00:29:10+08:00,FB5199,2026-09-16T09:00+08:00,MXL,Puebla,Toluca,1000014553,1.000,A,6618,Toluca,4-2-3-1,1783531,Sebastián Aceves,2,184,0,1,,,,,,,,,,,,,,,,,,,,,,,,{},FotMob matchDetails.playerStats
2026-09-19T00:29:10+08:00,FB5199,2026-09-16T09:00+08:00,MXL,Puebla,Toluca,1000014553,1.000,A,6618,Toluca,4-2-3-1,643749,Víctor Guzmán,2,7,0,1,45,6.5,0,0,0.02,0.01,1,0,0,,0,,22,,0,1,5,1,1,,,,,"{""rating_title"":{""value"":6.49,""total"":null,""title"":""FotMob rating""},""minutes_played"":{""value"":45,""total"":null,""title"":""Minutes played""},""goals"":{""value"":0,""total"":null,""title"":""Goals""},""assists"":{""value"":0,""total"":null,""title"":""Assists""},""expected_goals"":{""value"":0.02,""total"":null,""title"":""Expected goals (xG)""},""expected_goals_on_target_variant"":{""value"":null,""total"":null,""title"":""Expected goals on target (xGOT)""},""expected_assists"":{""value"":0.01,""total"":null,""title"":""Expected assists (xA)""},""xg_and_xa"":{""value"":0.03,""total"":null,""title"":""xG + xA""},""total_shots"":{""value"":1,""total"":null,""title"":""Total shots""},""accurate_passes"":{""value"":22,""total"":25,""title"":""Accurate passes""},""chances_created"":{""value"":0,""total"":null,""title"":""Chances created""},""ShotsOnTarget"":{""value"":0,""total"":null,""title"":""Shots on target""},""ShotsOffTarget"":{""value"":0,""total"":null,""title"":""Shots off target""},""blocked_shots"":{""value"":1,""total"":null,""title"":""Blocked shots""},""Shotmap"":{""value"":1,""total"":null,""title"":""Shotmap""},""defensive_actions"":{""value"":4,""total"":null,""title"":""Defensive actions""},""touches"":{""value"":31,""total"":null,""title"":""Touches""},""touches_opp_box"":{""value"":0,""total"":null,""title"":""Touches in opposition box""},""passes_into_final_third"":{""value"":1,""total"":null,""title"":""Passes into final third""},""long_balls_accurate"":{""value"":1,""total"":2,""title"":""Accurate long balls""},""dispossessed"":{""value"":0,""total"":null,""title"":""Dispossessed""},""expected_goals_non_penalty"":{""value"":0.02,""total"":null,""title"":""xG Non-penalty""},""matchstats.headers.tackles"":{""value"":0,""total"":null,""title"":""Tackles""},""shot_blocks"":{""value"":3,""total"":null,""title"":""Blocks""},""clearances"":{""value"":0,""total"":null,""title"":""Clearances""},""interceptions"":{""value"":1,""total"":null,""title"":""Interceptions""},""recoveries"":{""value"":5,""total"":null,""title"":""Recoveries""},""dribbled_past"":{""value"":0,""total"":null,""title"":""Dribbled past""},""ground_duels_won"":{""value"":0,""total"":1,""title"":""Ground duels won""},""aerials_won"":{""value"":1,""total"":2,""title"":""Aerial duels won""},""was_fouled"":{""value"":null,""total"":null,""title"":""Was fouled""},""fouls"":{""value"":1,""total"":null,""title"":""Fouls committed""},""duel_won"":{""value"":1,""total"":null,""title"":""Duels won""},""duel_lost"":{""value"":2,""total"":null,""title"":""Duels lost""}}",FotMob matchDetails.playerStats
2026-09-19T00:29:10+08:00,FB5199,2026-09-16T09:00+08:00,MXL,Puebla,Toluca,1000014553,1.000,H,7847,Puebla,4-4-2,1295524,Alberto Herrera,2,3,0,1,1,,0,0,,,,,0,,0,,1,,0,0,0,,0,,,,,"{""minutes_played"":{""value"":1,""total"":null,""title"":""Minutes played""},""goals"":{""value"":0,""total"":null,""title"":""Goals""},""assists"":{""value"":0,""total"":null,""title"":""Assists""},""accurate_passes"":{""value"":1,""total"":1,""title"":""Accurate passes""},""chances_created"":{""value"":0,""total"":null,""title"":""Chances created""},""Shotmap"":{""value"":0,""total"":null,""title"":""Shotmap""},""defensive_actions"":{""value"":0,""total"":null,""title"":""Defensive actions""},""touches"":{""value"":1,""total"":null,""title"":""Touches""},""touches_opp_box"":{""value"":0,""total"":null,""title"":""Touches in opposition box""},""dispossessed"":{""value"":0,""total"":null,""title"":""Dispossessed""},""matchstats.headers.tackles"":{""value"":0,""total"":null,""title"":""Tackles""},""shot_blocks"":{""value"":0,""total"":null,""title"":""Blocks""},""clearances"":{""value"":0,""total"":null,""title"":""Clearances""},""interceptions"":{""value"":0,""total"":null,""title"":""Interceptions""},""recoveries"":{""value"":0,""total"":null,""title"":""Recoveries""},""dribbled_past"":{""value"":0,""total"":null,""title"":""Dribbled past""},""aerials_won"":{""value"":0,""total"":1,""title"":""Aerial duels won""},""was_fouled"":{""value"":null,""total"":null,""title"":""Was fouled""},""fouls"":{""value"":0,""total"":null,""title"":""Fouls committed""},""duel_lost"":{""value"":1,""total"":null,""title"":""Duels lost""}}",FotMob matchDetails.playerStats
2026-09-19T00:29:10+08:00,FB5199,2026-09-16T09:00+08:00,MXL,Puebla,Toluca,1000014553,1.000,H,7847,Puebla,4-4-2,1139937,Alejandro Organista,3,24,1,0,89,7.7,0,0,,0.06,,,4,,2,,43,,2,1,10,4,0,,,,,"{""rating_title"":{""value"":7.74,""total"":null,""title"":""FotMob rating""},""minutes_played"":{""value"":89,""total"":null,""title"":""Minutes played""},""goals"":{""value"":0,""total"":null,""title"":""Goals""},""assists"":{""value"":0,""total"":null,""title"":""Assists""},""expected_assists"":{""value"":0.06,""total"":null,""title"":""Expected assists (xA)""},""xg_and_xa"":{""value"":0.06,""total"":null,""title"":""xG + xA""},""accurate_passes"":{""value"":43,""total"":50,""title"":""Accurate passes""},""chances_created"":{""value"":4,""total"":null,""title"":""Chances created""},""Shotmap"":{""value"":0,""total"":null,""title"":""Shotmap""},""defensive_actions"":{""value"":4,""total"":null,""title"":""Defensive actions""},""touches"":{""value"":69,""total"":null,""title"":""Touches""},""touches_opp_box"":{""value"":2,""total"":null,""title"":""Touches in opposition box""},""dribbles_succeeded"":{""value"":1,""total"":2,""title"":""Successful dribbles""},""passes_into_final_third"":{""value"":12,""total"":null,""title"":""Passes into final third""},""accurate_crosses"":{""value"":1,""total"":4,""title"":""Accurate crosses""},""long_balls_accurate"":{""value"":5,""total"":7,""title"":""Accurate long balls""},""corners"":{""value"":4,""total"":null,""title"":""Corners""},""dispossessed"":{""value"":1,""total"":null,""title"":""Dispossessed""},""matchstats.headers.tackles"":{""value"":2,""total"":null,""title"":""Tackles""},""shot_blocks"":{""value"":0,""total"":null,""title"":""Blocks""},""clearances"":{""value"":1,""total"":null,""title"":""Clearances""},""headed_clearance"":{""value"":1,""total"":null,""title"":""Headed clearance""},""interceptions"":{""value"":1,""total"":null,""title"":""Interceptions""},""recoveries"":{""value"":10,""total"":null,""title"":""Recoveries""},""dribbled_past"":{""value"":0,""total"":null,""title"":""Dribbled past""},""ground_duels_won"":{""value"":4,""total"":8,""title"":""Ground duels won""},""aerials_won"":{""value"":0,""total"":0,""title"":""Aerial duels won""},""was_fouled"":{""value"":1,""total"":null,""title"":""Was fouled""},""fouls"":{""value"":2,""total"":null,""title"":""Fouls committed""},""duel_won"":{""value"":4,""total"":null,""title"":""Duels won""},""duel_lost"":{""value"":4,""total"":null,""title"":""Duels lost""}}",FotMob matchDetails.playerStats
2026-09-19T00:29:10+08:00,FB5199,2026-09-16T09:00+08:00,MXL,Puebla,Toluca,1000014553,1.000,H,7847,Puebla,4-4-2,1342851,Alonso Ramírez,2,16,0,1,,,,,,,,,,,,,,,,,,,,,,,,{},FotMob matchDetails.playerStats
2026-09-19T00:29:10+08:00,FB5199,2026-09-16T09:00+08:00,MXL,Puebla,Toluca,1000014553,1.000,H,7847,Puebla,4-4-2,684129,Brayan Garnica,2,27,1,0,75,6.4,0,0,,0.03,,,1,,0,,13,,3,1,2,4,0,,,,,"{""rating_title"":{""value"":6.44,""total"":null,""title"":""FotMob rating""},""minutes_played"":{""value"":75,""total"":null,""title"":""Minutes played""},""goals"":{""value"":0,""total"":null,""title"":""Goals""},""assists"":{""value"":0,""total"":null,""title"":""Assists""},""expected_assists"":{""value"":0.03,""total"":null,""title"":""Expected assists (xA)""},""xg_and_xa"":{""value"":0.03,""total"":null,""title"":""xG + xA""},""accurate_passes"":{""value"":13,""total"":15,""title"":""Accurate passes""},""chances_created"":{""value"":1,""total"":null,""title"":""Chances created""},""Shotmap"":{""value"":0,""total"":null,""title"":""Shotmap""},""defensive_actions"":{""value"":4,""total"":null,""title"":""Defensive actions""},""touches"":{""value"":34,""total"":null,""title"":""Touches""},""touches_opp_box"":{""value"":0,""total"":null,""title"":""Touches in opposition box""},""dribbles_succeeded"":{""value"":0,""total"":2,""title"":""Successful dribbles""},""accurate_crosses"":{""value"":1,""total"":6,""title"":""Accurate crosses""},""long_balls_accurate"":{""value"":0,""total"":1,""title"":""Accurate long balls""},""dispossessed"":{""value"":1,""total"":null,""title"":""Dispossessed""},""matchstats.headers.tackles"":{""value"":3,""total"":null,""title"":""Tackles""},""shot_blocks"":{""value"":0,""total"":null,""title"":""Blocks""},""clearances"":{""value"":0,""total"":null,""title"":""Clearances""},""interceptions"":{""value"":1,""total"":null,""title"":""Interceptions""},""recoveries"":{""value"":2,""total"":null,""title"":""Recoveries""},""dribbled_past"":{""value"":0,""total"":null,""title"":""Dribbled past""},""ground_duels_won"":{""value"":4,""total"":7,""title"":""Ground duels won""},""aerials_won"":{""value"":0,""total"":0,""title"":""Aerial duels won""},""was_fouled"":{""value"":1,""total"":null,""title"":""Was fouled""},""fouls"":{""value"":0,""total"":null,""title"":""Fouls committed""},""duel_won"":{""value"":4,""total"":null,""title"":""Duels won""},""duel_lost"":{""value"":3,""total"":null,""title"":""Duels lost""}}",FotMob matchDetails.playerStats
2026-09-19T00:29:10+08:00,FB5199,2026-09-16T09:00+08:00,MXL,Puebla,Toluca,1000014553,1.000,H,7847,Puebla,4-4-2,996036,Carlos Baltazar,2,22,1,0,72,6.7,0,0,0.02,0.02,1,0,0,,0,,12,,2,0,4,6,1,,,,,"{""rating_title"":{""value"":6.74,""total"":null,""title"":""FotMob rating""},""minutes_played"":{""value"":72,""total"":null,""title"":""Minutes played""},""goals"":{""value"":0,""total"":null,""title"":""Goals""},""assists"":{""value"":0,""total"":null,""title"":""Assists""},""expected_goals"":{""value"":0.02,""total"":null,""title"":""Expected goals (xG)""},""expected_goals_on_target_variant"":{""value"":null,""total"":null,""title"":""Expected goals on target (xGOT)""},""expected_assists"":{""value"":0.02,""total"":null,""title"":""Expected assists (xA)""},""xg_and_xa"":{""value"":0.04,""total"":null,""title"":""xG + xA""},""total_shots"":{""value"":1,""total"":null,""title"":""Total shots""},""accurate_passes"":{""value"":12,""total"":16,""title"":""Accurate passes""},""chances_created"":{""value"":0,""total"":null,""title"":""Chances created""},""ShotsOnTarget"":{""value"":0,""total"":null,""title"":""Shots on target""},""ShotsOffTarget"":{""value"":1,""total"":null,""title"":""Shots off target""},""shot_accuracy"":{""value"":0,""total"":1,""title"":""Shot accuracy""},""Shotmap"":{""value"":1,""total"":null,""title"":""Shotmap""},""defensive_actions"":{""value"":3,""total"":null,""title"":""Defensive actions""},""touches"":{""value"":28,""total"":null,""title"":""Touches""},""touches_opp_box"":{""value"":0,""total"":null,""title"":""Touches in opposition box""},""dribbles_succeeded"":{""value"":1,""total"":2,""title"":""Successful dribbles""},""passes_into_final_third"":{""value"":1,""total"":null,""title"":""Passes into final third""},""long_balls_accurate"":{""value"":1,""total"":3,""title"":""Accurate long balls""},""dispossessed"":{""value"":0,""total"":null,""title"":""Dispossessed""},""expected_goals_non_penalty"":{""value"":0.02,""total"":null,""title"":""xG Non-penalty""},""matchstats.headers.tackles"":{""value"":2,""total"":null,""title"":""Tackles""},""shot_blocks"":{""value"":0,""total"":null,""title"":""Blocks""},""clearances"":{""value"":1,""total"":null,""title"":""Clearances""},""headed_clearance"":{""value"":1,""total"":null,""title"":""Headed clearance""},""interceptions"":{""value"":0,""total"":null,""title"":""Interceptions""},""recoveries"":{""value"":4,""total"":null,""title"":""Recoveries""},""dribbled_past"":{""value"":0,""total"":null,""title"":""Dribbled past""},""ground_duels_won"":{""value"":5,""total"":6,""title"":""Ground duels won""},""aerials_won"":{""value"":1,""total"":3,""title"":""Aerial duels won""},""was_fouled"":{""value"":2,""total"":null,""title"":""Was fouled""},""fouls"":{""value"":0,""total"":null,""title"":""Fouls committed""},""duel_won"":{""value"":6,""total"":null,""title"":""Duels won""},""duel_lost"":{""value"":3,""total"":null,""title"":""Duels lost""}}",FotMob matchDetails.playerStats
2026-09-19T00:29:10+08:00,FB5199,2026-09-16T09:00+08:00,MXL,Puebla,Toluca,1000014553,1.000,H,7847,Puebla,4-4-2,1329364,Eduardo Armenta,2,14,0,1,,,,,,,,,,,,,,,,,,,,,,,,{},FotMob matchDetails.playerStats
2026-09-19T00:29:10+08:00,FB5199,2026-09-16T09:00+08:00,MXL,Puebla,Toluca,1000014553,1.000,H,7847,Puebla,4-4-2,995062,Facundo Almada,1,5,1,0,90,6.9,0,0,0.17,,3,0,0,,3,,19,,3,1,4,8,3,,,,,"{""rating_title"":{""value"":6.86,""total"":null,""title"":""FotMob rating""},""minutes_played"":{""value"":90,""total"":null,""title"":""Minutes played""},""goals"":{""value"":0,""total"":null,""title"":""Goals""},""assists"":{""value"":0,""total"":null,""title"":""Assists""},""expected_goals"":{""value"":0.17,""total"":null,""title"":""Expected goals (xG)""},""expected_goals_on_target_variant"":{""value"":null,""total"":null,""title"":""Expected goals on target (xGOT)""},""xg_and_xa"":{""value"":0.17,""total"":null,""title"":""xG + xA""},""total_shots"":{""value"":3,""total"":null,""title"":""Total shots""},""accurate_passes"":{""value"":19,""total"":26,""title"":""Accurate passes""},""chances_created"":{""value"":0,""total"":null,""title"":""Chances created""},""ShotsOnTarget"":{""value"":0,""total"":null,""title"":""Shots on target""},""ShotsOffTarget"":{""value"":2,""total"":null,""title"":""Shots off target""},""blocked_shots"":{""value"":1,""total"":null,""title"":""Blocked shots""},""shot_accuracy"":{""value"":0,""total"":2,""title"":""Shot accuracy""},""Shotmap"":{""value"":1,""total"":null,""title"":""Shotmap""},""defensive_actions"":{""value"":8,""total"":null,""title"":""Defensive actions""},""touches"":{""value"":41,""total"":null,""title"":""Touches""},""touches_opp_box"":{""value"":3,""total"":null,""title"":""Touches in opposition box""},""passes_into_final_third"":{""value"":6,""total"":null,""title"":""Passes into final third""},""long_balls_accurate"":{""value"":3,""total"":9,""title"":""Accurate long balls""},""dispossessed"":{""value"":0,""total"":null,""title"":""Dispossessed""},""expected_goals_non_penalty"":{""value"":0.17,""total"":null,""title"":""xG Non-penalty""},""matchstats.headers.tackles"":{""value"":3,""total"":null,""title"":""Tackles""},""shot_blocks"":{""value"":1,""total"":null,""title"":""Blocks""},""clearances"":{""value"":3,""total"":null,""title"":""Clearances""},""headed_clearance"":{""value"":1,""total"":null,""title"":""Headed clearance""},""interceptions"":{""value"":1,""total"":null,""title"":""Interceptions""},""recoveries"":{""value"":4,""total"":null,""title"":""Recoveries""},""dribbled_past"":{""value"":0,""total"":null,""title"":""Dribbled past""},""ground_duels_won"":{""value"":5,""total"":6,""title"":""Ground duels won""},""aerials_won"":{""value"":3,""total"":5,""title"":""Aerial duels won""},""was_fouled"":{""value"":2,""total"":null,""title"":""Was fouled""},""fouls"":{""value"":2,""total"":null,""title"":""Fouls committed""},""duel_won"":{""value"":8,""total"":null,""title"":""Duels won""},""duel_lost"":{""value"":3,""total"":null,""title"":""Duels lost""}}",FotMob matchDetails.playerStats
2026-09-19T00:29:10+08:00,FB5199,2026-09-16T09:00+08:00,MXL,Puebla,Toluca,1000014553,1.000,H,7847,Puebla,4-4-2,1399027,Fernando Monárrez,1,7,1,0,89,7,0,0,0.03,0.1,1,0,2,,0,,24,,1,0,2,5,1,,,,,"{""rating_title"":{""value"":6.97,""total"":null,""title"":""FotMob rating""},""minutes_played"":{""value"":89,""total"":null,""title"":""Minutes played""},""goals"":{""value"":0,""total"":null,""title"":""Goals""},""assists"":{""value"":0,""total"":null,""title"":""Assists""},""expected_goals"":{""value"":0.03,""total"":null,""title"":""Expected goals (xG)""},""expected_goals_on_target_variant"":{""value"":null,""total"":null,""title"":""Expected goals on target (xGOT)""},""expected_assists"":{""value"":0.1,""total"":null,""title"":""Expected assists (xA)""},""xg_and_xa"":{""value"":0.13,""total"":null,""title"":""xG + xA""},""total_shots"":{""value"":1,""total"":null,""title"":""Total shots""},""accurate_passes"":{""value"":24,""total"":31,""title"":""Accurate passes""},""chances_created"":{""value"":2,""total"":null,""title"":""Chances created""},""ShotsOnTarget"":{""value"":0,""total"":null,""title"":""Shots on target""},""ShotsOffTarget"":{""value"":1,""total"":null,""title"":""Shots off target""},""shot_accuracy"":{""value"":0,""total"":1,""title"":""Shot accuracy""},""Shotmap"":{""value"":1,""total"":null,""title"":""Shotmap""},""defensive_actions"":{""value"":3,""total"":null,""title"":""Defensive actions""},""touches"":{""value"":48,""total"":null,""title"":""Touches""},""touches_opp_box"":{""value"":0,""total"":null,""title"":""Touches in opposition box""},""dribbles_succeeded"":{""value"":2,""total"":3,""title"":""Successful dribbles""},""passes_into_final_third"":{""value"":8,""total"":null,""title"":""Passes into final third""},""accurate_crosses"":{""value"":1,""total"":1,""title"":""Accurate crosses""},""long_balls_accurate"":{""value"":2,""total"":4,""title"":""Accurate long balls""},""dispossessed"":{""value"":0,""total"":null,""title"":""Dispossessed""},""expected_goals_non_penalty"":{""value"":0.03,""total"":null,""title"":""xG Non-penalty""},""matchstats.headers.tackles"":{""value"":1,""total"":null,""title"":""Tackles""},""shot_blocks"":{""value"":1,""total"":null,""title"":""Blocks""},""clearances"":{""value"":1,""total"":null,""title"":""Clearances""},""headed_clearance"":{""value"":1,""total"":null,""title"":""Headed clearance""},""interceptions"":{""value"":0,""total"":null,""title"":""Interceptions""},""recoveries"":{""value"":2,""total"":null,""title"":""Recoveries""},""dribbled_past"":{""value"":2,""total"":null,""title"":""Dribbled past""},""ground_duels_won"":{""value"":4,""total"":7,""title"":""Ground duels won""},""aerials_won"":{""value"":1,""total"":1,""title"":""Aerial duels won""},""was_fouled"":{""value"":1,""total"":null,""title"":""Was fouled""},""fouls"":{""value"":0,""total"":null,""title"":""Fouls committed""},""duel_won"":{""value"":5,""total"":null,""title"":""Duels won""},""duel_lost"":{""value"":3,""total"":null,""title"":""Duels lost""}}",FotMob matchDetails.playerStats
2026-09-19T00:29:10+08:00,FB5199,2026-09-16T09:00+08:00,MXL,Puebla,Toluca,1000014553,1.000,H,7847,Puebla,4-4-2,1306869,Heriberto Jurado,3,25,0,1,18,5.6,0,0,,0.03,,,0,,1,,6,,0,0,0,1,0,,,,,"{""rating_title"":{""value"":5.61,""total"":null,""title"":""FotMob rating""},""minutes_played"":{""value"":18,""total"":null,""title"":""Minutes played""},""goals"":{""value"":0,""total"":null,""title"":""Goals""},""assists"":{""value"":0,""total"":null,""title"":""Assists""},""expected_assists"":{""value"":0.03,""total"":null,""title"":""Expected assists (xA)""},""xg_and_xa"":{""value"":0.03,""total"":null,""title"":""xG + xA""},""accurate_passes"":{""value"":6,""total"":9,""title"":""Accurate passes""},""chances_created"":{""value"":0,""total"":null,""title"":""Chances created""},""Shotmap"":{""value"":0,""total"":null,""title"":""Shotmap""},""defensive_actions"":{""value"":1,""total"":null,""title"":""Defensive actions""},""touches"":{""value"":20,""total"":null,""title"":""Touches""},""touches_opp_box"":{""value"":1,""total"":null,""title"":""Touches in opposition box""},""dribbles_succeeded"":{""value"":0,""total"":1,""title"":""Successful dribbles""},""passes_into_final_third"":{""value"":1,""total"":null,""title"":""Passes into final third""},""accurate_crosses"":{""value"":1,""total"":4,""title"":""Accurate crosses""},""long_balls_accurate"":{""value"":0,""total"":1,""title"":""Accurate long balls""},""dispossessed"":{""value"":2,""total"":null,""title"":""Dispossessed""},""matchstats.headers.tackles"":{""value"":0,""total"":null,""title"":""Tackles""},""shot_blocks"":{""value"":1,""total"":null,""title"":""Blocks""},""clearances"":{""value"":0,""total"":null,""title"":""Clearances""},""interceptions"":{""value"":0,""total"":null,""title"":""Interceptions""},""recoveries"":{""value"":0,""total"":null,""title"":""Recoveries""},""dribbled_past"":{""value"":1,""total"":null,""title"":""Dribbled past""},""ground_duels_won"":{""value"":1,""total"":5,""title"":""Ground duels won""},""aerials_won"":{""value"":0,""total"":0,""title"":""Aerial duels won""},""was_fouled"":{""value"":1,""total"":null,""title"":""Was fouled""},""fouls"":{""value"":0,""total"":null,""title"":""Fouls committed""},""duel_won"":{""value"":1,""total"":null,""title"":""Duels won""},""duel_lost"":{""value"":4,""total"":null,""title"":""Duels lost""}}",FotMob matchDetails.playerStats
2026-09-19T00:29:10+08:00,FB5199,2026-09-16T09:00+08:00,MXL,Puebla,Toluca,1000014553,1.000,H,7847,Puebla,4-4-2,1221231,Ignacio Maestro Puch,3,19,1,0,90,6.1,0,0,0.03,0.05,1,0,1,,2,,10,,0,0,3,3,2,,,,,"{""rating_title"":{""value"":6.12,""total"":null,""title"":""FotMob rating""},""minutes_played"":{""value"":90,""total"":null,""title"":""Minutes played""},""goals"":{""value"":0,""total"":null,""title"":""Goals""},""assists"":{""value"":0,""total"":null,""title"":""Assists""},""expected_goals"":{""value"":0.03,""total"":null,""title"":""Expected goals (xG)""},""expected_goals_on_target_variant"":{""value"":null,""total"":null,""title"":""Expected goals on target (xGOT)""},""expected_assists"":{""value"":0.05,""total"":null,""title"":""Expected assists (xA)""},""xg_and_xa"":{""value"":0.08,""total"":null,""title"":""xG + xA""},""total_shots"":{""value"":1,""total"":null,""title"":""Total shots""},""accurate_passes"":{""value"":10,""total"":12,""title"":""Accurate passes""},""chances_created"":{""value"":1,""total"":null,""title"":""Chances created""},""ShotsOnTarget"":{""value"":0,""total"":null,""title"":""Shots on target""},""ShotsOffTarget"":{""value"":1,""total"":null,""title"":""Shots off target""},""shot_accuracy"":{""value"":0,""total"":1,""title"":""Shot accuracy""},""Shotmap"":{""value"":1,""total"":null,""title"":""Shotmap""},""defensive_actions"":{""value"":2,""total"":null,""title"":""Defensive actions""},""touches"":{""value"":27,""total"":null,""title"":""Touches""},""touches_opp_box"":{""value"":2,""total"":null,""title"":""Touches in opposition box""},""dribbles_succeeded"":{""value"":0,""total"":2,""title"":""Successful dribbles""},""passes_into_final_third"":{""value"":2,""total"":null,""title"":""Passes into final third""},""dispossessed"":{""value"":1,""total"":null,""title"":""Dispossessed""},""Offsides"":{""value"":1,""total"":null,""title"":""Offsides""},""expected_goals_non_penalty"":{""value"":0.03,""total"":null,""title"":""xG Non-penalty""},""matchstats.headers.tackles"":{""value"":0,""total"":null,""title"":""Tackles""},""shot_blocks"":{""value"":0,""total"":null,""title"":""Blocks""},""clearances"":{""value"":2,""total"":null,""title"":""Clearances""},""headed_clearance"":{""value"":1,""total"":null,""title"":""Headed clearance""},""interceptions"":{""value"":0,""total"":null,""title"":""Interceptions""},""recoveries"":{""value"":3,""total"":null,""title"":""Recoveries""},""dribbled_past"":{""value"":0,""total"":null,""title"":""Dribbled past""},""ground_duels_won"":{""value"":1,""total"":4,""title"":""Ground duels won""},""aerials_won"":{""value"":2,""total"":6,""title"":""Aerial duels won""},""was_fouled"":{""value"":1,""total"":null,""title"":""Was fouled""},""fouls"":{""value"":0,""total"":null,""title"":""Fouls committed""},""duel_won"":{""value"":3,""total"":null,""title"":""Duels won""},""duel_lost"":{""value"":7,""total"":null,""title"":""Duels lost""}}",FotMob matchDetails.playerStats
2026-09-19T00:29:10+08:00,FB5199,2026-09-16T09:00+08:00,MXL,Puebla,Toluca,1000014553,1.000,H,7847,Puebla,4-4-2,1352812,Iker Moreno,2,12,0,1,1,,0,0,,,,,0,,0,,0,,0,0,0,1,1,,,,,"{""minutes_played"":{""value"":1,""total"":null,""title"":""Minutes played""},""goals"":{""value"":0,""total"":null,""title"":""Goals""},""assists"":{""value"":0,""total"":null,""title"":""Assists""},""accurate_passes"":{""value"":0,""total"":1,""title"":""Accurate passes""},""chances_created"":{""value"":0,""total"":null,""title"":""Chances created""},""Shotmap"":{""value"":0,""total"":null,""title"":""Shotmap""},""defensive_actions"":{""value"":0,""total"":null,""title"":""Defensive actions""},""touches"":{""value"":2,""total"":null,""title"":""Touches""},""touches_opp_box"":{""value"":0,""total"":null,""title"":""Touches in opposition box""},""long_balls_accurate"":{""value"":0,""total"":1,""title"":""Accurate long balls""},""dispossessed"":{""value"":1,""total"":null,""title"":""Dispossessed""},""matchstats.headers.tackles"":{""value"":0,""total"":null,""title"":""Tackles""},""shot_blocks"":{""value"":0,""total"":null,""title"":""Blocks""},""clearances"":{""value"":0,""total"":null,""title"":""Clearances""},""interceptions"":{""value"":0,""total"":null,""title"":""Interceptions""},""recoveries"":{""value"":0,""total"":null,""title"":""Recoveries""},""dribbled_past"":{""value"":0,""total"":null,""title"":""Dribbled past""},""ground_duels_won"":{""value"":0,""total"":1,""title"":""Ground duels won""},""aerials_won"":{""value"":1,""total"":1,""title"":""Aerial duels won""},""was_fouled"":{""value"":null,""total"":null,""title"":""Was fouled""},""fouls"":{""value"":0,""total"":null,""title"":""Fouls committed""},""duel_won"":{""value"":1,""total"":null,""title"":""Duels won""},""duel_lost"":{""value"":1,""total"":null,""title"":""Duels lost""}}",FotMob matchDetails.playerStats
2026-09-19T00:29:10+08:00,FB5199,2026-09-16T09:00+08:00,MXL,Puebla,Toluca,1000014553,1.000,H,7847,Puebla,4-4-2,716086,Jesús Rodríguez,,33,0,1,,,,,,,,,,,,,,,,,,,,,,,,{},FotMob matchDetails.playerStats
2026-09-19T00:29:10+08:00,FB5199,2026-09-16T09:00+08:00,MXL,Puebla,Toluca,1000014553,1.000,H,7847,Puebla,4-4-2,1504613,José Pachuca,1,20,1,0,89,6,0,0,0.06,,1,0,0,,1,,24,,4,1,4,6,0,,,,,"{""rating_title"":{""value"":5.99,""total"":null,""title"":""FotMob rating""},""minutes_played"":{""value"":89,""total"":null,""title"":""Minutes played""},""goals"":{""value"":0,""total"":null,""title"":""Goals""},""owngoal"":{""value"":1,""total"":null,""title"":""Own goal""},""assists"":{""value"":0,""total"":null,""title"":""Assists""},""expected_goals"":{""value"":0.06,""total"":null,""title"":""Expected goals (xG)""},""expected_goals_on_target_variant"":{""value"":null,""total"":null,""title"":""Expected goals on target (xGOT)""},""xg_and_xa"":{""value"":0.06,""total"":null,""title"":""xG + xA""},""total_shots"":{""value"":1,""total"":null,""title"":""Total shots""},""accurate_passes"":{""value"":24,""total"":27,""title"":""Accurate passes""},""chances_created"":{""value"":0,""total"":null,""title"":""Chances created""},""ShotsOnTarget"":{""value"":0,""total"":null,""title"":""Shots on target""},""ShotsOffTarget"":{""value"":0,""total"":null,""title"":""Shots off target""},""blocked_shots"":{""value"":1,""total"":null,""title"":""Blocked shots""},""Shotmap"":{""value"":1,""total"":null,""title"":""Shotmap""},""defensive_actions"":{""value"":7,""total"":null,""title"":""Defensive actions""},""touches"":{""value"":51,""total"":null,""title"":""Touches""},""touches_opp_box"":{""value"":1,""total"":null,""title"":""Touches in opposition box""},""dribbles_succeeded"":{""value"":0,""total"":2,""title"":""Successful dribbles""},""passes_into_final_third"":{""value"":3,""total"":null,""title"":""Passes into final third""},""accurate_crosses"":{""value"":0,""total"":1,""title"":""Accurate crosses""},""dispossessed"":{""value"":0,""total"":null,""title"":""Dispossessed""},""expected_goals_non_penalty"":{""value"":0.06,""total"":null,""title"":""xG Non-penalty""},""matchstats.headers.tackles"":{""value"":4,""total"":null,""title"":""Tackles""},""shot_blocks"":{""value"":0,""total"":null,""title"":""Blocks""},""clearances"":{""value"":2,""total"":null,""title"":""Clearances""},""headed_clearance"":{""value"":1,""total"":null,""title"":""Headed clearance""},""interceptions"":{""value"":1,""total"":null,""title"":""Interceptions""},""recoveries"":{""value"":4,""total"":null,""title"":""Recoveries""},""dribbled_past"":{""value"":0,""total"":null,""title"":""Dribbled past""},""ground_duels_won"":{""value"":6,""total"":9,""title"":""Ground duels won""},""aerials_won"":{""value"":0,""total"":0,""title"":""Aerial duels won""},""was_fouled"":{""value"":2,""total"":null,""title"":""Was fouled""},""fouls"":{""value"":1,""total"":null,""title"":""Fouls committed""},""duel_won"":{""value"":6,""total"":null,""title"":""Duels won""},""duel_lost"":{""value"":3,""total"":null,""title"":""Duels lost""}}",FotMob matchDetails.playerStats
2026-09-19T00:29:10+08:00,FB5199,2026-09-16T09:00+08:00,MXL,Puebla,Toluca,1000014553,1.000,H,7847,Puebla,4-4-2,734283,Juan Pablo Vargas,1,4,1,0,90,7.3,0,0,0.06,,1,1,0,,1,,28,,1,3,9,4,2,,,,,"{""rating_title"":{""value"":7.31,""total"":null,""title"":""FotMob rating""},""minutes_played"":{""value"":90,""total"":null,""title"":""Minutes played""},""goals"":{""value"":0,""total"":null,""title"":""Goals""},""assists"":{""value"":0,""total"":null,""title"":""Assists""},""expected_goals"":{""value"":0.06,""total"":null,""title"":""Expected goals (xG)""},""expected_goals_on_target_variant"":{""value"":0.19,""total"":null,""title"":""Expected goals on target (xGOT)""},""xg_and_xa"":{""value"":0.06,""total"":null,""title"":""xG + xA""},""total_shots"":{""value"":1,""total"":null,""title"":""Total shots""},""accurate_passes"":{""value"":28,""total"":36,""title"":""Accurate passes""},""chances_created"":{""value"":0,""total"":null,""title"":""Chances created""},""ShotsOnTarget"":{""value"":1,""total"":null,""title"":""Shots on target""},""ShotsOffTarget"":{""value"":0,""total"":null,""title"":""Shots off target""},""shot_accuracy"":{""value"":1,""total"":1,""title"":""Shot accuracy""},""Shotmap"":{""value"":1,""total"":null,""title"":""Shotmap""},""defensive_actions"":{""value"":9,""total"":null,""title"":""Defensive actions""},""touches"":{""value"":48,""total"":null,""title"":""Touches""},""touches_opp_box"":{""value"":1,""total"":null,""title"":""Touches in opposition box""},""dribbles_succeeded"":{""value"":1,""total"":1,""title"":""Successful dribbles""},""passes_into_final_third"":{""value"":5,""total"":null,""title"":""Passes into final third""},""long_balls_accurate"":{""value"":3,""total"":7,""title"":""Accurate long balls""},""dispossessed"":{""value"":0,""total"":null,""title"":""Dispossessed""},""expected_goals_non_penalty"":{""value"":0.06,""total"":null,""title"":""xG Non-penalty""},""matchstats.headers.tackles"":{""value"":1,""total"":null,""title"":""Tackles""},""shot_blocks"":{""value"":0,""total"":null,""title"":""Blocks""},""clearances"":{""value"":5,""total"":null,""title"":""Clearances""},""headed_clearance"":{""value"":3,""total"":null,""title"":""Headed clearance""},""interceptions"":{""value"":3,""total"":null,""title"":""Interceptions""},""recoveries"":{""value"":9,""total"":null,""title"":""Recoveries""},""dribbled_past"":{""value"":1,""total"":null,""title"":""Dribbled past""},""ground_duels_won"":{""value"":2,""total"":3,""title"":""Ground duels won""},""aerials_won"":{""value"":2,""total"":2,""title"":""Aerial duels won""},""was_fouled"":{""value"":null,""total"":null,""title"":""Was fouled""},""fouls"":{""value"":0,""total"":null,""title"":""Fouls committed""},""duel_won"":{""value"":4,""total"":null,""title"":""Duels won""},""duel_lost"":{""value"":1,""total"":null,""title"":""Duels lost""}}",FotMob matchDetails.playerStats
2026-09-19T00:29:10+08:00,FB5199,2026-09-16T09:00+08:00,MXL,Puebla,Toluca,1000014553,1.000,H,7847,Puebla,4-4-2,1927931,Lucas Camilo,2,34,0,1,,,,,,,,,,,,,,,,,,,,,,,,{},FotMob matchDetails.playerStats
2026-09-19T00:29:10+08:00,FB5199,2026-09-16T09:00+08:00,MXL,Puebla,Toluca,1000014553,1.000,H,7847,Puebla,4-4-2,1325351,Mathías Tomás,2,10,1,0,90,7.1,0,0,0.14,0.25,5,1,2,,6,,32,,0,0,2,6,0,,,,,"{""rating_title"":{""value"":7.09,""total"":null,""title"":""FotMob rating""},""minutes_played"":{""value"":90,""total"":null,""title"":""Minutes played""},""goals"":{""value"":0,""total"":null,""title"":""Goals""},""assists"":{""value"":0,""total"":null,""title"":""Assists""},""expected_goals"":{""value"":0.14,""total"":null,""title"":""Expected goals (xG)""},""expected_goals_on_target_variant"":{""value"":0.32,""total"":null,""title"":""Expected goals on target (xGOT)""},""expected_assists"":{""value"":0.25,""total"":null,""title"":""Expected assists (xA)""},""xg_and_xa"":{""value"":0.39,""total"":null,""title"":""xG + xA""},""total_shots"":{""value"":5,""total"":null,""title"":""Total shots""},""accurate_passes"":{""value"":32,""total"":41,""title"":""Accurate passes""},""chances_created"":{""value"":2,""total"":null,""title"":""Chances created""},""ShotsOnTarget"":{""value"":1,""total"":null,""title"":""Shots on target""},""ShotsOffTarget"":{""value"":0,""total"":null,""title"":""Shots off target""},""blocked_shots"":{""value"":4,""total"":null,""title"":""Blocked shots""},""shot_accuracy"":{""value"":1,""total"":1,""title"":""Shot accuracy""},""Shotmap"":{""value"":1,""total"":null,""title"":""Shotmap""},""defensive_actions"":{""value"":2,""total"":null,""title"":""Defensive actions""},""touches"":{""value"":70,""total"":null,""title"":""Touches""},""touches_opp_box"":{""value"":6,""total"":null,""title"":""Touches in opposition box""},""dribbles_succeeded"":{""value"":5,""total"":6,""title"":""Successful dribbles""},""passes_into_final_third"":{""value"":3,""total"":null,""title"":""Passes into final third""},""accurate_crosses"":{""value"":2,""total"":5,""title"":""Accurate crosses""},""long_balls_accurate"":{""value"":0,""total"":1,""title"":""Accurate long balls""},""corners"":{""value"":2,""total"":null,""title"":""Corners""},""dispossessed"":{""value"":2,""total"":null,""title"":""Dispossessed""},""expected_goals_non_penalty"":{""value"":0.14,""total"":null,""title"":""xG Non-penalty""},""matchstats.headers.tackles"":{""value"":0,""total"":null,""title"":""Tackles""},""shot_blocks"":{""value"":0,""total"":null,""title"":""Blocks""},""clearances"":{""value"":2,""total"":null,""title"":""Clearances""},""headed_clearance"":{""value"":2,""total"":null,""title"":""Headed clearance""},""interceptions"":{""value"":0,""total"":null,""title"":""Interceptions""},""recoveries"":{""value"":2,""total"":null,""title"":""Recoveries""},""dribbled_past"":{""value"":0,""total"":null,""title"":""Dribbled past""},""ground_duels_won"":{""value"":6,""total"":10,""title"":""Ground duels won""},""aerials_won"":{""value"":0,""total"":1,""title"":""Aerial duels won""},""was_fouled"":{""value"":1,""total"":null,""title"":""Was fouled""},""fouls"":{""value"":1,""total"":null,""title"":""Fouls committed""},""duel_won"":{""value"":6,""total"":null,""title"":""Duels won""},""duel_lost"":{""value"":5,""total"":null,""title"":""Duels lost""}}",FotMob matchDetails.playerStats
2026-09-19T00:29:10+08:00,FB5199,2026-09-16T09:00+08:00,MXL,Puebla,Toluca,1000014553,1.000,H,7847,Puebla,4-4-2,1432127,Omar Moreno,3,8,0,1,15,5.8,0,0,,0.09,,,0,,1,,3,,0,0,1,,0,,,,,"{""rating_title"":{""value"":5.84,""total"":null,""title"":""FotMob rating""},""minutes_played"":{""value"":15,""total"":null,""title"":""Minutes played""},""goals"":{""value"":0,""total"":null,""title"":""Goals""},""assists"":{""value"":0,""total"":null,""title"":""Assists""},""expected_assists"":{""value"":0.09,""total"":null,""title"":""Expected assists (xA)""},""xg_and_xa"":{""value"":0.09,""total"":null,""title"":""xG + xA""},""accurate_passes"":{""value"":3,""total"":4,""title"":""Accurate passes""},""chances_created"":{""value"":0,""total"":null,""title"":""Chances created""},""Shotmap"":{""value"":0,""total"":null,""title"":""Shotmap""},""defensive_actions"":{""value"":0,""total"":null,""title"":""Defensive actions""},""touches"":{""value"":7,""total"":null,""title"":""Touches""},""touches_opp_box"":{""value"":1,""total"":null,""title"":""Touches in opposition box""},""dribbles_succeeded"":{""value"":0,""total"":1,""title"":""Successful dribbles""},""passes_into_final_third"":{""value"":1,""total"":null,""title"":""Passes into final third""},""accurate_crosses"":{""value"":0,""total"":1,""title"":""Accurate crosses""},""dispossessed"":{""value"":1,""total"":null,""title"":""Dispossessed""},""matchstats.headers.tackles"":{""value"":0,""total"":null,""title"":""Tackles""},""shot_blocks"":{""value"":0,""total"":null,""title"":""Blocks""},""clearances"":{""value"":0,""total"":null,""title"":""Clearances""},""interceptions"":{""value"":0,""total"":null,""title"":""Interceptions""},""recoveries"":{""value"":1,""total"":null,""title"":""Recoveries""},""dribbled_past"":{""value"":0,""total"":null,""title"":""Dribbled past""},""ground_duels_won"":{""value"":0,""total"":2,""title"":""Ground duels won""},""aerials_won"":{""value"":0,""total"":0,""title"":""Aerial duels won""},""was_fouled"":{""value"":null,""total"":null,""title"":""Was fouled""},""fouls"":{""value"":0,""total"":null,""title"":""Fouls committed""},""duel_lost"":{""value"":2,""total"":null,""title"":""Duels lost""}}",FotMob matchDetails.playerStats
2026-09-19T00:29:10+08:00,FB5199,2026-09-16T09:00+08:00,MXL,Puebla,Toluca,1000014553,1.000,H,7847,Puebla,4-4-2,951053,Ricardo Gutiérrez,11,28,1,0,90,6.9,,,,,,,,,,,13,,0,0,8,,,3,0.4,,,"{""rating_title"":{""value"":6.89,""total"":null,""title"":""FotMob rating""},""minutes_played"":{""value"":90,""total"":null,""title"":""Minutes played""},""saves"":{""value"":3,""total"":null,""title"":""Saves""},""goals_conceded"":{""value"":1,""total"":null,""title"":""Goals conceded""},""expected_goals_on_target_faced"":{""value"":0.4,""total"":null,""title"":""xGOT faced""},""goals_prevented"":{""value"":0.4,""total"":null,""title"":""Goals prevented""},""Shotmap"":{""value"":1,""total"":null,""title"":""Shotmap""},""accurate_passes"":{""value"":13,""total"":25,""title"":""Accurate passes""},""long_balls_accurate"":{""value"":7,""total"":19,""title"":""Accurate long balls""},""keeper_diving_save"":{""value"":0,""total"":null,""title"":""Diving save""},""saves_inside_box"":{""value"":2,""total"":null,""title"":""Saves inside box""},""keeper_sweeper"":{""value"":1,""total"":null,""title"":""Acted as sweeper""},""punches"":{""value"":0,""total"":null,""title"":""Punches""},""player_throws"":{""value"":3,""total"":null,""title"":""Throws""},""keeper_high_claim"":{""value"":0,""total"":null,""title"":""High claim""},""recoveries"":{""value"":8,""total"":null,""title"":""Recoveries""},""clearances"":{""value"":1,""total"":null,""title"":""Clearances""},""touches"":{""value"":32,""total"":null,""title"":""Touches""},""defensive_actions"":{""value"":1,""total"":null,""title"":""Defensive actions""},""was_fouled"":{""value"":null,""total"":null,""title"":""Was fouled""},""fouls"":{""value"":0,""total"":null,""title"":""Fouls committed""},""matchstats.headers.tackles"":{""value"":0,""total"":null,""title"":""Tackles""},""passes_into_final_third"":{""value"":10,""total"":null,""title"":""Passes into final third""},""interceptions"":{""value"":0,""total"":null,""title"":""Interceptions""}}",FotMob matchDetails.playerStats
2026-09-19T00:29:10+08:00,FB5199,2026-09-16T09:00+08:00,MXL,Puebla,Toluca,1000014553,1.000,H,7847,Puebla,4-4-2,1787334,Sergio Sanabria,2,21,1,0,90,7,0,0,0.06,0.01,1,0,0,,1,,33,,1,2,7,7,1,,,,,"{""rating_title"":{""value"":7.03,""total"":null,""title"":""FotMob rating""},""minutes_played"":{""value"":90,""total"":null,""title"":""Minutes played""},""goals"":{""value"":0,""total"":null,""title"":""Goals""},""assists"":{""value"":0,""total"":null,""title"":""Assists""},""expected_goals"":{""value"":0.06,""total"":null,""title"":""Expected goals (xG)""},""expected_goals_on_target_variant"":{""value"":null,""total"":null,""title"":""Expected goals on target (xGOT)""},""expected_assists"":{""value"":0.01,""total"":null,""title"":""Expected assists (xA)""},""xg_and_xa"":{""value"":0.06999999999999999,""total"":null,""title"":""xG + xA""},""total_shots"":{""value"":1,""total"":null,""title"":""Total shots""},""accurate_passes"":{""value"":33,""total"":39,""title"":""Accurate passes""},""chances_created"":{""value"":0,""total"":null,""title"":""Chances created""},""ShotsOnTarget"":{""value"":0,""total"":null,""title"":""Shots on target""},""ShotsOffTarget"":{""value"":0,""total"":null,""title"":""Shots off target""},""blocked_shots"":{""value"":1,""total"":null,""title"":""Blocked shots""},""Shotmap"":{""value"":1,""total"":null,""title"":""Shotmap""},""defensive_actions"":{""value"":3,""total"":null,""title"":""Defensive actions""},""touches"":{""value"":53,""total"":null,""title"":""Touches""},""touches_opp_box"":{""value"":1,""total"":null,""title"":""Touches in opposition box""},""dribbles_succeeded"":{""value"":3,""total"":3,""title"":""Successful dribbles""},""passes_into_final_third"":{""value"":3,""total"":null,""title"":""Passes into final third""},""long_balls_accurate"":{""value"":0,""total"":4,""title"":""Accurate long balls""},""dispossessed"":{""value"":1,""total"":null,""title"":""Dispossessed""},""expected_goals_non_penalty"":{""value"":0.06,""total"":null,""title"":""xG Non-penalty""},""matchstats.headers.tackles"":{""value"":1,""total"":null,""title"":""Tackles""},""shot_blocks"":{""value"":0,""total"":null,""title"":""Blocks""},""clearances"":{""value"":0,""total"":null,""title"":""Clearances""},""interceptions"":{""value"":2,""total"":null,""title"":""Interceptions""},""recoveries"":{""value"":7,""total"":null,""title"":""Recoveries""},""dribbled_past"":{""value"":1,""total"":null,""title"":""Dribbled past""},""ground_duels_won"":{""value"":6,""total"":9,""title"":""Ground duels won""},""aerials_won"":{""value"":1,""total"":1,""title"":""Aerial duels won""},""was_fouled"":{""value"":2,""total"":null,""title"":""Was fouled""},""fouls"":{""value"":1,""total"":null,""title"":""Fouls committed""},""duel_won"":{""value"":7,""total"":null,""title"":""Duels won""},""duel_lost"":{""value"":3,""total"":null,""title"":""Duels lost""}}",FotMob matchDetails.playerStats
2026-09-19T00:29:10+08:00,FB5199,2026-09-16T09:00+08:00,MXL,Puebla,Toluca,1000014553,1.000,H,7847,Puebla,4-4-2,1707538,Ángel Leyva,1,2,0,1,,,,,,,,,,,,,,,,,,,,,,,,{},FotMob matchDetails.playerStats
2026-09-19T00:29:10+08:00,FB5199,2026-09-16T09:00+08:00,MXL,Puebla,Toluca,1000014553,1.000,H,7847,Puebla,4-4-2,1199210,Óscar Villa,1,15,0,1,1,,0,0,,,,,0,,0,,0,,0,0,0,,0,,,,,"{""minutes_played"":{""value"":1,""total"":null,""title"":""Minutes played""},""goals"":{""value"":0,""total"":null,""title"":""Goals""},""assists"":{""value"":0,""total"":null,""title"":""Assists""},""accurate_passes"":{""value"":0,""total"":0,""title"":""Accurate passes""},""chances_created"":{""value"":0,""total"":null,""title"":""Chances created""},""Shotmap"":{""value"":0,""total"":null,""title"":""Shotmap""},""defensive_actions"":{""value"":0,""total"":null,""title"":""Defensive actions""},""touches"":{""value"":0,""total"":null,""title"":""Touches""},""touches_opp_box"":{""value"":0,""total"":null,""title"":""Touches in opposition box""},""dispossessed"":{""value"":0,""total"":null,""title"":""Dispossessed""},""matchstats.headers.tackles"":{""value"":0,""total"":null,""title"":""Tackles""},""shot_blocks"":{""value"":0,""total"":null,""title"":""Blocks""},""clearances"":{""value"":0,""total"":null,""title"":""Clearances""},""interceptions"":{""value"":0,""total"":null,""title"":""Interceptions""},""recoveries"":{""value"":0,""total"":null,""title"":""Recoveries""},""dribbled_past"":{""value"":0,""total"":null,""title"":""Dribbled past""},""aerials_won"":{""value"":0,""total"":0,""title"":""Aerial duels won""},""was_fouled"":{""value"":null,""total"":null,""title"":""Was fouled""},""fouls"":{""value"":0,""total"":null,""title"":""Fouls committed""}}",FotMob matchDetails.playerStats
2026-09-19T00:29:10+08:00,FB5183,2026-09-17T03:00+08:00,ELC,Coventry,Aston Villa,6099333,0.970,A,10252,Aston Villa,4-2-3-1,760320,Aaron Wan-Bissaka,1,29,1,0,90,7.5,0,0,,0.03,,,1,,0,,43,,2,4,4,4,1,,,,,"{""rating_title"":{""value"":7.53,""total"":null,""title"":""FotMob rating""},""minutes_played"":{""value"":90,""total"":null,""title"":""Minutes played""},""goals"":{""value"":0,""total"":null,""title"":""Goals""},""assists"":{""value"":0,""total"":null,""title"":""Assists""},""expected_assists"":{""value"":0.03,""total"":null,""title"":""Expected assists (xA)""},""xg_and_xa"":{""value"":0.03,""total"":null,""title"":""xG + xA""},""accurate_passes"":{""value"":43,""total"":54,""title"":""Accurate passes""},""chances_created"":{""value"":1,""total"":null,""title"":""Chances created""},""Shotmap"":{""value"":0,""total"":null,""title"":""Shotmap""},""defensive_actions"":{""value"":7,""total"":null,""title"":""Defensive actions""},""touches"":{""value"":75,""total"":null,""title"":""Touches""},""touches_opp_box"":{""value"":0,""total"":null,""title"":""Touches in opposition box""},""passes_into_final_third"":{""value"":8,""total"":null,""title"":""Passes into final third""},""accurate_crosses"":{""value"":1,""total"":2,""title"":""Accurate crosses""},""long_balls_accurate"":{""value"":5,""total"":13,""title"":""Accurate long balls""},""dispossessed"":{""value"":0,""total"":null,""title"":""Dispossessed""},""matchstats.headers.tackles"":{""value"":2,""total"":null,""title"":""Tackles""},""shot_blocks"":{""value"":0,""total"":null,""title"":""Blocks""},""clearances"":{""value"":1,""total"":null,""title"":""Clearances""},""headed_clearance"":{""value"":1,""total"":null,""title"":""Headed clearance""},""interceptions"":{""value"":4,""total"":null,""title"":""Interceptions""},""recoveries"":{""value"":4,""total"":null,""title"":""Recoveries""},""dribbled_past"":{""value"":1,""total"":null,""title"":""Dribbled past""},""ground_duels_won"":{""value"":3,""total"":5,""title"":""Ground duels won""},""aerials_won"":{""value"":1,""total"":1,""title"":""Aerial duels won""},""was_fouled"":{""value"":1,""total"":null,""title"":""Was fouled""},""fouls"":{""value"":1,""total"":null,""title"":""Fouls committed""},""duel_won"":{""value"":4,""total"":null,""title"":""Duels won""},""duel_lost"":{""value"":2,""total"":null,""title"":""Duels lost""}}",FotMob matchDetails.playerStats
2026-09-19T00:29:10+08:00,FB5183,2026-09-17T03:00+08:00,ELC,Coventry,Aston Villa,6099333,0.970,A,10252,Aston Villa,4-2-3-1,1203665,Alejandro Garnacho,3,17,0,1,,,,,,,,,,,,,,,,,,,,,,,,{},FotMob matchDetails.playerStats
2026-09-19T00:29:10+08:00,FB5183,2026-09-17T03:00+08:00,ELC,Coventry,Aston Villa,6099333,0.970,A,10252,Aston Villa,4-2-3-1,1656860,Alysson Edward,3,47,0,1,11,5.6,0,0,,,,,0,,2,,2,,0,0,0,,0,,,,,"{""rating_title"":{""value"":5.64,""total"":null,""title"":""FotMob rating""},""minutes_played"":{""value"":11,""total"":null,""title"":""Minutes played""},""goals"":{""value"":0,""total"":null,""title"":""Goals""},""assists"":{""value"":0,""total"":null,""title"":""Assists""},""accurate_passes"":{""value"":2,""total"":3,""title"":""Accurate passes""},""chances_created"":{""value"":0,""total"":null,""title"":""Chances created""},""Shotmap"":{""value"":0,""total"":null,""title"":""Shotmap""},""defensive_actions"":{""value"":0,""total"":null,""title"":""Defensive actions""},""touches"":{""value"":9,""total"":null,""title"":""Touches""},""touches_opp_box"":{""value"":2,""total"":null,""title"":""Touches in opposition box""},""dribbles_succeeded"":{""value"":0,""total"":2,""title"":""Successful dribbles""},""dispossessed"":{""value"":1,""total"":null,""title"":""Dispossessed""},""matchstats.headers.tackles"":{""value"":0,""total"":null,""title"":""Tackles""},""shot_blocks"":{""value"":0,""total"":null,""title"":""Blocks""},""clearances"":{""value"":0,""total"":null,""title"":""Clearances""},""interceptions"":{""value"":0,""total"":null,""title"":""Interceptions""},""recoveries"":{""value"":0,""total"":null,""title"":""Recoveries""},""dribbled_past"":{""value"":1,""total"":null,""title"":""Dribbled past""},""ground_duels_won"":{""value"":0,""total"":4,""title"":""Ground duels won""},""aerials_won"":{""value"":0,""total"":1,""title"":""Aerial duels won""},""was_fouled"":{""value"":null,""total"":null,""title"":""Was fouled""},""fouls"":{""value"":0,""total"":null,""title"":""Fouls committed""},""duel_lost"":{""value"":5,""total"":null,""title"":""Duels lost""}}",FotMob matchDetails.playerStats
2026-09-19T00:29:10+08:00,FB5183,2026-09-17T03:00+08:00,ELC,Coventry,Aston Villa,6099333,0.970,A,10252,Aston Villa,4-2-3-1,816325,Boubacar Kamara,2,8,0,1,,,,,,,,,,,,,,,,,,,,,,,,{},FotMob matchDetails.playerStats
2026-09-19T00:29:10+08:00,FB5183,2026-09-17T03:00+08:00,ELC,Coventry,Aston Villa,6099333,0.970,A,10252,Aston Villa,4-2-3-1,610184,Emiliano Buendía,3,10,0,1,26,6.9,0,0,0.01,0.03,1,0,1,,0,,17,,1,1,2,4,0,,,,,"{""rating_title"":{""value"":6.89,""total"":null,""title"":""FotMob rating""},""minutes_played"":{""value"":26,""total"":null,""title"":""Minutes played""},""goals"":{""value"":0,""total"":null,""title"":""Goals""},""assists"":{""value"":0,""total"":null,""title"":""Assists""},""expected_goals"":{""value"":0.01,""total"":null,""title"":""Expected goals (xG)""},""expected_goals_on_target_variant"":{""value"":null,""total"":null,""title"":""Expected goals on target (xGOT)""},""expected_assists"":{""value"":0.03,""total"":null,""title"":""Expected assists (xA)""},""xg_and_xa"":{""value"":0.04,""total"":null,""title"":""xG + xA""},""total_shots"":{""value"":1,""total"":null,""title"":""Total shots""},""accurate_passes"":{""value"":17,""total"":21,""title"":""Accurate passes""},""chances_created"":{""value"":1,""total"":null,""title"":""Chances created""},""ShotsOnTarget"":{""value"":0,""total"":null,""title"":""Shots on target""},""ShotsOffTarget"":{""value"":0,""total"":null,""title"":""Shots off target""},""blocked_shots"":{""value"":1,""total"":null,""title"":""Blocked shots""},""Shotmap"":{""value"":1,""total"":null,""title"":""Shotmap""},""defensive_actions"":{""value"":2,""total"":null,""title"":""Defensive actions""},""touches"":{""value"":29,""total"":null,""title"":""Touches""},""touches_opp_box"":{""value"":0,""total"":null,""title"":""Touches in opposition box""},""dribbles_succeeded"":{""value"":1,""total"":2,""title"":""Successful dribbles""},""passes_into_final_third"":{""value"":4,""total"":null,""title"":""Passes into final third""},""accurate_crosses"":{""value"":0,""total"":1,""title"":""Accurate crosses""},""long_balls_accurate"":{""value"":1,""total"":2,""title"":""Accurate long balls""},""corners"":{""value"":2,""total"":null,""title"":""Corners""},""dispossessed"":{""value"":0,""total"":null,""title"":""Dispossessed""},""expected_goals_non_penalty"":{""value"":0.01,""total"":null,""title"":""xG Non-penalty""},""matchstats.headers.tackles"":{""value"":1,""total"":null,""title"":""Tackles""},""shot_blocks"":{""value"":0,""total"":null,""title"":""Blocks""},""clearances"":{""value"":0,""total"":null,""title"":""Clearances""},""interceptions"":{""value"":1,""total"":null,""title"":""Interceptions""},""recoveries"":{""value"":2,""total"":null,""title"":""Recoveries""},""dribbled_past"":{""value"":0,""total"":null,""title"":""Dribbled past""},""ground_duels_won"":{""value"":4,""total"":6,""title"":""Ground duels won""},""aerials_won"":{""value"":0,""total"":0,""title"":""Aerial duels won""},""was_fouled"":{""value"":2,""total"":null,""title"":""Was fouled""},""fouls"":{""value"":1,""total"":null,""title"":""Fouls committed""},""duel_won"":{""value"":4,""total"":null,""title"":""Duels won""},""duel_lost"":{""value"":2,""total"":null,""title"":""Duels lost""}}",FotMob matchDetails.playerStats
2026-09-19T00:29:10+08:00,FB5183,2026-09-17T03:00+08:00,ELC,Coventry,Aston Villa,6099333,0.970,A,10252,Aston Villa,4-2-3-1,1607333,George Hemmings,2,53,1,0,79,7.6,0,1,0.12,0.18,2,0,1,,2,,13,,2,0,0,6,0,,,,,"{""rating_title"":{""value"":7.64,""total"":null,""title"":""FotMob rating""},""minutes_played"":{""value"":79,""total"":null,""title"":""Minutes played""},""goals"":{""value"":0,""total"":null,""title"":""Goals""},""assists"":{""value"":1,""total"":null,""title"":""Assists""},""expected_goals"":{""value"":0.12,""total"":null,""title"":""Expected goals (xG)""},""expected_goals_on_target_variant"":{""value"":null,""total"":null,""title"":""Expected goals on target (xGOT)""},""expected_assists"":{""value"":0.18,""total"":null,""title"":""Expected assists (xA)""},""xg_and_xa"":{""value"":0.3,""total"":null,""title"":""xG + xA""},""total_shots"":{""value"":2,""total"":null,""title"":""Total shots""},""accurate_passes"":{""value"":13,""total"":15,""title"":""Accurate passes""},""chances_created"":{""value"":1,""total"":null,""title"":""Chances created""},""big_chance_created_team_title"":{""value"":1,""total"":null,""title"":""Big chances created""},""ShotsOnTarget"":{""value"":0,""total"":null,""title"":""Shots on target""},""ShotsOffTarget"":{""value"":1,""total"":null,""title"":""Shots off target""},""blocked_shots"":{""value"":1,""total"":null,""title"":""Blocked shots""},""shot_accuracy"":{""value"":0,""total"":1,""title"":""Shot accuracy""},""Shotmap"":{""value"":1,""total"":null,""title"":""Shotmap""},""defensive_actions"":{""value"":3,""total"":null,""title"":""Defensive actions""},""touches"":{""value"":31,""total"":null,""title"":""Touches""},""touches_opp_box"":{""value"":2,""total"":null,""title"":""Touches in opposition box""},""dribbles_succeeded"":{""value"":3,""total"":4,""title"":""Successful dribbles""},""passes_into_final_third"":{""value"":2,""total"":null,""title"":""Passes into final third""},""accurate_crosses"":{""value"":1,""total"":1,""title"":""Accurate crosses""},""long_balls_accurate"":{""value"":2,""total"":2,""title"":""Accurate long balls""},""dispossessed"":{""value"":1,""total"":null,""title"":""Dispossessed""},""expected_goals_non_penalty"":{""value"":0.12,""total"":null,""title"":""xG Non-penalty""},""matchstats.headers.tackles"":{""value"":2,""total"":null,""title"":""Tackles""},""shot_blocks"":{""value"":0,""total"":null,""title"":""Blocks""},""clearances"":{""value"":1,""total"":null,""title"":""Clearances""},""interceptions"":{""value"":0,""total"":null,""title"":""Interceptions""},""recoveries"":{""value"":0,""total"":null,""title"":""Recoveries""},""dribbled_past"":{""value"":0,""total"":null,""title"":""Dribbled past""},""ground_duels_won"":{""value"":6,""total"":10,""title"":""Ground duels won""},""aerials_won"":{""value"":0,""total"":2,""title"":""Aerial duels won""},""was_fouled"":{""value"":1,""total"":null,""title"":""Was fouled""},""fouls"":{""value"":2,""total"":null,""title"":""Fouls committed""},""duel_won"":{""value"":6,""total"":null,""title"":""Duels won""},""duel_lost"":{""value"":6,""total"":null,""title"":""Duels lost""}}",FotMob matchDetails.playerStats
2026-09-19T00:29:10+08:00,FB5183,2026-09-17T03:00+08:00,ELC,Coventry,Aston Villa,6099333,0.970,A,10252,Aston Villa,4-2-3-1,1593857,Ibrahim Mbaye,3,19,1,0,64,8.1,0,1,0.19,0.34,2,1,4,,7,,25,,0,0,3,3,0,,,,,"{""rating_title"":{""value"":8.14,""total"":null,""title"":""FotMob rating""},""minutes_played"":{""value"":64,""total"":null,""title"":""Minutes played""},""goals"":{""value"":0,""total"":null,""title"":""Goals""},""assists"":{""value"":1,""total"":null,""title"":""Assists""},""expected_goals"":{""value"":0.19,""total"":null,""title"":""Expected goals (xG)""},""expected_goals_on_target_variant"":{""value"":0.51,""total"":null,""title"":""Expected goals on target (xGOT)""},""expected_assists"":{""value"":0.34,""total"":null,""title"":""Expected assists (xA)""},""xg_and_xa"":{""value"":0.53,""total"":null,""title"":""xG + xA""},""total_shots"":{""value"":2,""total"":null,""title"":""Total shots""},""accurate_passes"":{""value"":25,""total"":27,""title"":""Accurate passes""},""chances_created"":{""value"":4,""total"":null,""title"":""Chances created""},""big_chance_created_team_title"":{""value"":1,""total"":null,""title"":""Big chances created""},""ShotsOnTarget"":{""value"":1,""total"":null,""title"":""Shots on target""},""ShotsOffTarget"":{""value"":0,""total"":null,""title"":""Shots off target""},""blocked_shots"":{""value"":1,""total"":null,""title"":""Blocked shots""},""shot_accuracy"":{""value"":1,""total"":1,""title"":""Shot accuracy""},""Shotmap"":{""value"":1,""total"":null,""title"":""Shotmap""},""defensive_actions"":{""value"":1,""total"":null,""title"":""Defensive actions""},""touches"":{""value"":48,""total"":null,""title"":""Touches""},""touches_opp_box"":{""value"":7,""total"":null,""title"":""Touches in opposition box""},""dribbles_succeeded"":{""value"":1,""total"":5,""title"":""Successful dribbles""},""accurate_crosses"":{""value"":4,""total"":7,""title"":""Accurate crosses""},""corners"":{""value"":2,""total"":null,""title"":""Corners""},""dispossessed"":{""value"":0,""total"":null,""title"":""Dispossessed""},""Offsides"":{""value"":1,""total"":null,""title"":""Offsides""},""expected_goals_non_penalty"":{""value"":0.19,""total"":null,""title"":""xG Non-penalty""},""matchstats.headers.tackles"":{""value"":0,""total"":null,""title"":""Tackles""},""shot_blocks"":{""value"":1,""total"":null,""title"":""Blocks""},""clearances"":{""value"":0,""total"":null,""title"":""Clearances""},""interceptions"":{""value"":0,""total"":null,""title"":""Interceptions""},""recoveries"":{""value"":3,""total"":null,""title"":""Recoveries""},""dribbled_past"":{""value"":0,""total"":null,""title"":""Dribbled past""},""ground_duels_won"":{""value"":3,""total"":8,""title"":""Ground duels won""},""aerials_won"":{""value"":0,""total"":0,""title"":""Aerial duels won""},""was_fouled"":{""value"":2,""total"":null,""title"":""Was fouled""},""fouls"":{""value"":1,""total"":null,""title"":""Fouls committed""},""duel_won"":{""value"":3,""total"":null,""title"":""Duels won""},""duel_lost"":{""value"":5,""total"":null,""title"":""Duels lost""}}",FotMob matchDetails.playerStats
2026-09-19T00:29:10+08:00,FB5183,2026-09-17T03:00+08:00,ELC,Coventry,Aston Villa,6099333,0.970,A,10252,Aston Villa,4-2-3-1,1520063,Johan Manzambi,2,44,0,1,26,6.5,0,0,0.04,0.02,1,1,1,,1,,20,,0,0,2,1,0,,,,,"{""rating_title"":{""value"":6.53,""total"":null,""title"":""FotMob rating""},""minutes_played"":{""value"":26,""total"":null,""title"":""Minutes played""},""goals"":{""value"":0,""total"":null,""title"":""Goals""},""assists"":{""value"":0,""total"":null,""title"":""Assists""},""expected_goals"":{""value"":0.04,""total"":null,""title"":""Expected goals (xG)""},""expected_goals_on_target_variant"":{""value"":0.03,""total"":null,""title"":""Expected goals on target (xGOT)""},""expected_assists"":{""value"":0.02,""total"":null,""title"":""Expected assists (xA)""},""xg_and_xa"":{""value"":0.06,""total"":null,""title"":""xG + xA""},""total_shots"":{""value"":1,""total"":null,""title"":""Total shots""},""accurate_passes"":{""value"":20,""total"":22,""title"":""Accurate passes""},""chances_created"":{""value"":1,""total"":null,""title"":""Chances created""},""ShotsOnTarget"":{""value"":1,""total"":null,""title"":""Shots on target""},""ShotsOffTarget"":{""value"":0,""total"":null,""title"":""Shots off target""},""shot_accuracy"":{""value"":1,""total"":1,""title"":""Shot accuracy""},""Shotmap"":{""value"":1,""total"":null,""title"":""Shotmap""},""defensive_actions"":{""value"":1,""total"":null,""title"":""Defensive actions""},""touches"":{""value"":29,""total"":null,""title"":""Touches""},""touches_opp_box"":{""value"":1,""total"":null,""title"":""Touches in opposition box""},""dribbles_succeeded"":{""value"":0,""total"":1,""title"":""Successful dribbles""},""passes_into_final_third"":{""value"":2,""total"":null,""title"":""Passes into final third""},""dispossessed"":{""value"":1,""total"":null,""title"":""Dispossessed""},""expected_goals_non_penalty"":{""value"":0.04,""total"":null,""title"":""xG Non-penalty""},""matchstats.headers.tackles"":{""value"":0,""total"":null,""title"":""Tackles""},""shot_blocks"":{""value"":0,""total"":null,""title"":""Blocks""},""clearances"":{""value"":1,""total"":null,""title"":""Clearances""},""interceptions"":{""value"":0,""total"":null,""title"":""Interceptions""},""recoveries"":{""value"":2,""total"":null,""title"":""Recoveries""},""dribbled_past"":{""value"":0,""total"":null,""title"":""Dribbled past""},""ground_duels_won"":{""value"":1,""total"":4,""title"":""Ground duels won""},""aerials_won"":{""value"":0,""total"":0,""title"":""Aerial duels won""},""was_fouled"":{""value"":1,""total"":null,""title"":""Was fouled""},""fouls"":{""value"":1,""total"":null,""title"":""Fouls committed""},""duel_won"":{""value"":1,""total"":null,""title"":""Duels won""},""duel_lost"":{""value"":3,""total"":null,""title"":""Duels lost""}}",FotMob matchDetails.playerStats
2026-09-19T00:29:10+08:00,FB5183,2026-09-17T03:00+08:00,ELC,Coventry,Aston Villa,6099333,0.970,A,10252,Aston Villa,4-2-3-1,356406,John McGinn,3,7,1,0,64,7.8,0,0,0.27,0.67,3,1,4,,4,,26,,2,0,2,7,1,,,,,"{""rating_title"":{""value"":7.76,""total"":null,""title"":""FotMob rating""},""minutes_played"":{""value"":64,""total"":null,""title"":""Minutes played""},""goals"":{""value"":0,""total"":null,""title"":""Goals""},""assists"":{""value"":0,""total"":null,""title"":""Assists""},""expected_goals"":{""value"":0.27,""total"":null,""title"":""Expected goals (xG)""},""expected_goals_on_target_variant"":{""value"":0.08,""total"":null,""title"":""Expected goals on target (xGOT)""},""expected_assists"":{""value"":0.67,""total"":null,""title"":""Expected assists (xA)""},""xg_and_xa"":{""value"":0.9400000000000001,""total"":null,""title"":""xG + xA""},""total_shots"":{""value"":3,""total"":null,""title"":""Total shots""},""accurate_passes"":{""value"":26,""total"":30,""title"":""Accurate passes""},""chances_created"":{""value"":4,""total"":null,""title"":""Chances created""},""ShotsOnTarget"":{""value"":1,""total"":null,""title"":""Shots on target""},""ShotsOffTarget"":{""value"":1,""total"":null,""title"":""Shots off target""},""blocked_shots"":{""value"":1,""total"":null,""title"":""Blocked shots""},""shot_accuracy"":{""value"":1,""total"":2,""title"":""Shot accuracy""},""Shotmap"":{""value"":1,""total"":null,""title"":""Shotmap""},""defensive_actions"":{""value"":3,""total"":null,""title"":""Defensive actions""},""big_chance_missed_title"":{""value"":1,""total"":null,""title"":""Big chances missed""},""touches"":{""value"":49,""total"":null,""title"":""Touches""},""touches_opp_box"":{""value"":4,""total"":null,""title"":""Touches in opposition box""},""dribbles_succeeded"":{""value"":0,""total"":3,""title"":""Successful dribbles""},""passes_into_final_third"":{""value"":5,""total"":null,""title"":""Passes into final third""},""accurate_crosses"":{""value"":2,""total"":4,""title"":""Accurate crosses""},""long_balls_accurate"":{""value"":1,""total"":3,""title"":""Accurate long balls""},""corners"":{""value"":4,""total"":null,""title"":""Corners""},""dispossessed"":{""value"":0,""total"":null,""title"":""Dispossessed""},""expected_goals_non_penalty"":{""value"":0.27,""total"":null,""title"":""xG Non-penalty""},""matchstats.headers.tackles"":{""value"":2,""total"":null,""title"":""Tackles""},""shot_blocks"":{""value"":0,""total"":null,""title"":""Blocks""},""clearances"":{""value"":1,""total"":null,""title"":""Clearances""},""headed_clearance"":{""value"":1,""total"":null,""title"":""Headed clearance""},""interceptions"":{""value"":0,""total"":null,""title"":""Interceptions""},""recoveries"":{""value"":2,""total"":null,""title"":""Recoveries""},""dribbled_past"":{""value"":1,""total"":null,""title"":""Dribbled past""},""ground_duels_won"":{""value"":6,""total"":11,""title"":""Ground duels won""},""aerials_won"":{""value"":1,""total"":1,""title"":""Aerial duels won""},""was_fouled"":{""value"":4,""total"":null,""title"":""Was fouled""},""fouls"":{""value"":1,""total"":null,""title"":""Fouls committed""},""duel_won"":{""value"":7,""total"":null,""title"":""Duels won""},""duel_lost"":{""value"":5,""total"":null,""title"":""Duels lost""}}",FotMob matchDetails.playerStats
2026-09-19T00:29:10+08:00,FB5183,2026-09-17T03:00+08:00,ELC,Coventry,Aston Villa,6099333,0.970,A,10252,Aston Villa,4-2-3-1,1190033,Lamare Bogarde,2,26,1,0,90,7.7,0,0,,0.02,,,0,,0,,47,,3,1,5,11,5,,,,,"{""rating_title"":{""value"":7.69,""total"":null,""title"":""FotMob rating""},""minutes_played"":{""value"":90,""total"":null,""title"":""Minutes played""},""goals"":{""value"":0,""total"":null,""title"":""Goals""},""assists"":{""value"":0,""total"":null,""title"":""Assists""},""expected_assists"":{""value"":0.02,""total"":null,""title"":""Expected assists (xA)""},""xg_and_xa"":{""value"":0.02,""total"":null,""title"":""xG + xA""},""accurate_passes"":{""value"":47,""total"":51,""title"":""Accurate passes""},""chances_created"":{""value"":0,""total"":null,""title"":""Chances created""},""Shotmap"":{""value"":0,""total"":null,""title"":""Shotmap""},""defensive_actions"":{""value"":11,""total"":null,""title"":""Defensive actions""},""touches"":{""value"":72,""total"":null,""title"":""Touches""},""touches_opp_box"":{""value"":0,""total"":null,""title"":""Touches in opposition box""},""passes_into_final_third"":{""value"":3,""total"":null,""title"":""Passes into final third""},""long_balls_accurate"":{""value"":1,""total"":1,""title"":""Accurate long balls""},""dispossessed"":{""value"":1,""total"":null,""title"":""Dispossessed""},""matchstats.headers.tackles"":{""value"":3,""total"":null,""title"":""Tackles""},""shot_blocks"":{""value"":0,""total"":null,""title"":""Blocks""},""clearances"":{""value"":7,""total"":null,""title"":""Clearances""},""headed_clearance"":{""value"":3,""total"":null,""title"":""Headed clearance""},""interceptions"":{""value"":1,""total"":null,""title"":""Interceptions""},""recoveries"":{""value"":5,""total"":null,""title"":""Recoveries""},""dribbled_past"":{""value"":1,""total"":null,""title"":""Dribbled past""},""ground_duels_won"":{""value"":6,""total"":10,""title"":""Ground duels won""},""aerials_won"":{""value"":5,""total"":5,""title"":""Aerial duels won""},""was_fouled"":{""value"":3,""total"":null,""title"":""Was fouled""},""fouls"":{""value"":2,""total"":null,""title"":""Fouls committed""},""duel_won"":{""value"":11,""total"":null,""title"":""Duels won""},""duel_lost"":{""value"":4,""total"":null,""title"":""Duels lost""}}",FotMob matchDetails.playerStats
2026-09-19T00:29:10+08:00,FB5183,2026-09-17T03:00+08:00,ELC,Coventry,Aston Villa,6099333,0.970,A,10252,Aston Villa,4-2-3-1,195782,Marco Bizot,11,40,1,0,45,6.2,,,,,,,,,,,12,,0,0,5,,,2,-0.48,,,"{""rating_title"":{""value"":6.23,""total"":null,""title"":""FotMob rating""},""minutes_played"":{""value"":45,""total"":null,""title"":""Minutes played""},""saves"":{""value"":2,""total"":null,""title"":""Saves""},""goals_conceded"":{""value"":1,""total"":null,""title"":""Goals conceded""},""expected_goals_on_target_faced"":{""value"":0.52,""total"":null,""title"":""xGOT faced""},""goals_prevented"":{""value"":-0.48,""total"":null,""title"":""Goals prevented""},""Shotmap"":{""value"":1,""total"":null,""title"":""Shotmap""},""accurate_passes"":{""value"":12,""total"":15,""title"":""Accurate passes""},""long_balls_accurate"":{""value"":5,""total"":8,""title"":""Accurate long balls""},""keeper_diving_save"":{""value"":0,""total"":null,""title"":""Diving save""},""saves_inside_box"":{""value"":2,""total"":null,""title"":""Saves inside box""},""keeper_sweeper"":{""value"":1,""total"":null,""title"":""Acted as sweeper""},""punches"":{""value"":0,""total"":null,""title"":""Punches""},""player_throws"":{""value"":4,""total"":null,""title"":""Throws""},""keeper_high_claim"":{""value"":0,""total"":null,""title"":""High claim""},""recoveries"":{""value"":5,""total"":null,""title"":""Recoveries""},""clearances"":{""value"":1,""total"":null,""title"":""Clearances""},""touches"":{""value"":24,""total"":null,""title"":""Touches""},""defensive_actions"":{""value"":1,""total"":null,""title"":""Defensive actions""},""was_fouled"":{""value"":null,""total"":null,""title"":""Was fouled""},""fouls"":{""value"":0,""total"":null,""title"":""Fouls committed""},""matchstats.headers.tackles"":{""value"":0,""total"":null,""title"":""Tackles""},""passes_into_final_third"":{""value"":1,""total"":null,""title"":""Passes into final third""},""interceptions"":{""value"":0,""total"":null,""title"":""Interceptions""}}",FotMob matchDetails.playerStats
2026-09-19T00:29:10+08:00,FB5183,2026-09-17T03:00+08:00,ELC,Coventry,Aston Villa,6099333,0.970,A,10252,Aston Villa,4-2-3-1,1051097,Matteo Ruggeri,1,13,1,0,90,7.5,0,0,0.09,0.03,1,0,1,,2,,42,,0,1,11,1,1,,,,,"{""rating_title"":{""value"":7.5,""total"":null,""title"":""FotMob rating""},""minutes_played"":{""value"":90,""total"":null,""title"":""Minutes played""},""goals"":{""value"":0,""total"":null,""title"":""Goals""},""assists"":{""value"":0,""total"":null,""title"":""Assists""},""expected_goals"":{""value"":0.09,""total"":null,""title"":""Expected goals (xG)""},""expected_goals_on_target_variant"":{""value"":null,""total"":null,""title"":""Expected goals on target (xGOT)""},""expected_assists"":{""value"":0.03,""total"":null,""title"":""Expected assists (xA)""},""xg_and_xa"":{""value"":0.12,""total"":null,""title"":""xG + xA""},""total_shots"":{""value"":1,""total"":null,""title"":""Total shots""},""accurate_passes"":{""value"":42,""total"":46,""title"":""Accurate passes""},""chances_created"":{""value"":1,""total"":null,""title"":""Chances created""},""ShotsOnTarget"":{""value"":0,""total"":null,""title"":""Shots on target""},""ShotsOffTarget"":{""value"":0,""total"":null,""title"":""Shots off target""},""blocked_shots"":{""value"":1,""total"":null,""title"":""Blocked shots""},""Shotmap"":{""value"":1,""total"":null,""title"":""Shotmap""},""defensive_actions"":{""value"":3,""total"":null,""title"":""Defensive actions""},""touches"":{""value"":60,""total"":null,""title"":""Touches""},""touches_opp_box"":{""value"":2,""total"":null,""title"":""Touches in opposition box""},""passes_into_final_third"":{""value"":4,""total"":null,""title"":""Passes into final third""},""accurate_crosses"":{""value"":2,""total"":5,""title"":""Accurate crosses""},""long_balls_accurate"":{""value"":1,""total"":2,""title"":""Accurate long balls""},""dispossessed"":{""value"":0,""total"":null,""title"":""Dispossessed""},""expected_goals_non_penalty"":{""value"":0.09,""total"":null,""title"":""xG Non-penalty""},""matchstats.headers.tackles"":{""value"":0,""total"":null,""title"":""Tackles""},""shot_blocks"":{""value"":0,""total"":null,""title"":""Blocks""},""clearances"":{""value"":2,""total"":null,""title"":""Clearances""},""headed_clearance"":{""value"":2,""total"":null,""title"":""Headed clearance""},""interceptions"":{""value"":1,""total"":null,""title"":""Interceptions""},""recoveries"":{""value"":11,""total"":null,""title"":""Recoveries""},""dribbled_past"":{""value"":1,""total"":null,""title"":""Dribbled past""},""ground_duels_won"":{""value"":0,""total"":1,""title"":""Ground duels won""},""aerials_won"":{""value"":1,""total"":1,""title"":""Aerial duels won""},""was_fouled"":{""value"":null,""total"":null,""title"":""Was fouled""},""fouls"":{""value"":0,""total"":null,""title"":""Fouls committed""},""duel_won"":{""value"":1,""total"":null,""title"":""Duels won""},""duel_lost"":{""value"":1,""total"":null,""title"":""Duels lost""}}",FotMob matchDetails.playerStats
2026-09-19T00:29:10+08:00,FB5183,2026-09-17T03:00+08:00,ELC,Coventry,Aston Villa,6099333,0.970,A,10252,Aston Villa,4-2-3-1,729731,Matty Cash,1,2,0,1,,,,,,,,,,,,,,,,,,,,,,,,{},FotMob matchDetails.playerStats
2026-09-19T00:29:10+08:00,FB5183,2026-09-17T03:00+08:00,ELC,Coventry,Aston Villa,6099333,0.970,A,10252,Aston Villa,4-2-3-1,1197347,Nicolas Jackson,3,11,0,1,21,5.9,0,0,0.03,,1,1,0,,1,,0,,0,0,0,,0,,,,,"{""rating_title"":{""value"":5.94,""total"":null,""title"":""FotMob rating""},""minutes_played"":{""value"":21,""total"":null,""title"":""Minutes played""},""goals"":{""value"":0,""total"":null,""title"":""Goals""},""assists"":{""value"":0,""total"":null,""title"":""Assists""},""expected_goals"":{""value"":0.03,""total"":null,""title"":""Expected goals (xG)""},""expected_goals_on_target_variant"":{""value"":0.02,""total"":null,""title"":""Expected goals on target (xGOT)""},""xg_and_xa"":{""value"":0.03,""total"":null,""title"":""xG + xA""},""total_shots"":{""value"":1,""total"":null,""title"":""Total shots""},""accurate_passes"":{""value"":0,""total"":0,""title"":""Accurate passes""},""chances_created"":{""value"":0,""total"":null,""title"":""Chances created""},""ShotsOnTarget"":{""value"":1,""total"":null,""title"":""Shots on target""},""ShotsOffTarget"":{""value"":0,""total"":null,""title"":""Shots off target""},""shot_accuracy"":{""value"":1,""total"":1,""title"":""Shot accuracy""},""Shotmap"":{""value"":1,""total"":null,""title"":""Shotmap""},""defensive_actions"":{""value"":0,""total"":null,""title"":""Defensive actions""},""touches"":{""value"":2,""total"":null,""title"":""Touches""},""touches_opp_box"":{""value"":1,""total"":null,""title"":""Touches in opposition box""},""dispossessed"":{""value"":1,""total"":null,""title"":""Dispossessed""},""Offsides"":{""value"":1,""total"":null,""title"":""Offsides""},""expected_goals_non_penalty"":{""value"":0.03,""total"":null,""title"":""xG Non-penalty""},""matchstats.headers.tackles"":{""value"":0,""total"":null,""title"":""Tackles""},""shot_blocks"":{""value"":0,""total"":null,""title"":""Blocks""},""clearances"":{""value"":0,""total"":null,""title"":""Clearances""},""interceptions"":{""value"":0,""total"":null,""title"":""Interceptions""},""recoveries"":{""value"":0,""total"":null,""title"":""Recoveries""},""dribbled_past"":{""value"":0,""total"":null,""title"":""Dribbled past""},""ground_duels_won"":{""value"":0,""total"":1,""title"":""Ground duels won""},""aerials_won"":{""value"":0,""total"":0,""title"":""Aerial duels won""},""was_fouled"":{""value"":null,""total"":null,""title"":""Was fouled""},""fouls"":{""value"":0,""total"":null,""title"":""Fouls committed""},""duel_lost"":{""value"":1,""total"":null,""title"":""Duels lost""}}",FotMob matchDetails.playerStats
2026-09-19T00:29:10+08:00,FB5183,2026-09-17T03:00+08:00,ELC,Coventry,Aston Villa,6099333,0.970,A,10252,Aston Villa,4-2-3-1,215384,Ross Barkley,2,6,1,0,90,8.7,1,1,0.59,0.65,3,2,2,,4,,65,,1,1,3,2,0,,,,,"{""rating_title"":{""value"":8.68,""total"":null,""title"":""FotMob rating""},""minutes_played"":{""value"":90,""total"":null,""title"":""Minutes played""},""goals"":{""value"":1,""total"":null,""title"":""Goals""},""assists"":{""value"":1,""total"":null,""title"":""Assists""},""expected_goals"":{""value"":0.59,""total"":null,""title"":""Expected goals (xG)""},""expected_goals_on_target_variant"":{""value"":1.05,""total"":null,""title"":""Expected goals on target (xGOT)""},""expected_assists"":{""value"":0.65,""total"":null,""title"":""Expected assists (xA)""},""xg_and_xa"":{""value"":1.24,""total"":null,""title"":""xG + xA""},""total_shots"":{""value"":3,""total"":null,""title"":""Total shots""},""accurate_passes"":{""value"":65,""total"":70,""title"":""Accurate passes""},""chances_created"":{""value"":2,""total"":null,""title"":""Chances created""},""big_chance_created_team_title"":{""value"":1,""total"":null,""title"":""Big chances created""},""ShotsOnTarget"":{""value"":2,""total"":null,""title"":""Shots on target""},""ShotsOffTarget"":{""value"":1,""total"":null,""title"":""Shots off target""},""shot_accuracy"":{""value"":2,""total"":3,""title"":""Shot accuracy""},""Shotmap"":{""value"":1,""total"":null,""title"":""Shotmap""},""defensive_actions"":{""value"":3,""total"":null,""title"":""Defensive actions""},""touches"":{""value"":81,""total"":null,""title"":""Touches""},""touches_opp_box"":{""value"":4,""total"":null,""title"":""Touches in opposition box""},""dribbles_succeeded"":{""value"":1,""total"":1,""title"":""Successful dribbles""},""passes_into_final_third"":{""value"":4,""total"":null,""title"":""Passes into final third""},""long_balls_accurate"":{""value"":4,""total"":4,""title"":""Accurate long balls""},""dispossessed"":{""value"":1,""total"":null,""title"":""Dispossessed""},""expected_goals_non_penalty"":{""value"":0.59,""total"":null,""title"":""xG Non-penalty""},""matchstats.headers.tackles"":{""value"":1,""total"":null,""title"":""Tackles""},""shot_blocks"":{""value"":1,""total"":null,""title"":""Blocks""},""clearances"":{""value"":0,""total"":null,""title"":""Clearances""},""interceptions"":{""value"":1,""total"":null,""title"":""Interceptions""},""recoveries"":{""value"":3,""total"":null,""title"":""Recoveries""},""dribbled_past"":{""value"":1,""total"":null,""title"":""Dribbled past""},""ground_duels_won"":{""value"":2,""total"":6,""title"":""Ground duels won""},""aerials_won"":{""value"":0,""total"":1,""title"":""Aerial duels won""},""was_fouled"":{""value"":null,""total"":null,""title"":""Was fouled""},""fouls"":{""value"":2,""total"":null,""title"":""Fouls committed""},""duel_won"":{""value"":2,""total"":null,""title"":""Duels won""},""duel_lost"":{""value"":5,""total"":null,""title"":""Duels lost""}}",FotMob matchDetails.playerStats
2026-09-19T00:29:10+08:00,FB5183,2026-09-17T03:00+08:00,ELC,Coventry,Aston Villa,6099333,0.970,A,10252,Aston Villa,4-2-3-1,749661,Tammy Abraham,3,18,1,0,69,8.8,2,0,1.24,,3,2,0,,5,,6,,2,0,1,3,0,,,,,"{""rating_title"":{""value"":8.79,""total"":null,""title"":""FotMob rating""},""minutes_played"":{""value"":69,""total"":null,""title"":""Minutes played""},""goals"":{""value"":2,""total"":null,""title"":""Goals""},""assists"":{""value"":0,""total"":null,""title"":""Assists""},""expected_goals"":{""value"":1.24,""total"":null,""title"":""Expected goals (xG)""},""expected_goals_on_target_variant"":{""value"":1.82,""total"":null,""title"":""Expected goals on target (xGOT)""},""xg_and_xa"":{""value"":1.24,""total"":null,""title"":""xG + xA""},""total_shots"":{""value"":3,""total"":null,""title"":""Total shots""},""accurate_passes"":{""value"":6,""total"":11,""title"":""Accurate passes""},""chances_created"":{""value"":0,""total"":null,""title"":""Chances created""},""ShotsOnTarget"":{""value"":2,""total"":null,""title"":""Shots on target""},""ShotsOffTarget"":{""value"":0,""total"":null,""title"":""Shots off target""},""blocked_shots"":{""value"":1,""total"":null,""title"":""Blocked shots""},""shot_accuracy"":{""value"":2,""total"":2,""title"":""Shot accuracy""},""Shotmap"":{""value"":1,""total"":null,""title"":""Shotmap""},""defensive_actions"":{""value"":2,""total"":null,""title"":""Defensive actions""},""touches"":{""value"":20,""total"":null,""title"":""Touches""},""touches_opp_box"":{""value"":5,""total"":null,""title"":""Touches in opposition box""},""dribbles_succeeded"":{""value"":0,""total"":1,""title"":""Successful dribbles""},""passes_into_final_third"":{""value"":2,""total"":null,""title"":""Passes into final third""},""dispossessed"":{""value"":0,""total"":null,""title"":""Dispossessed""},""expected_goals_non_penalty"":{""value"":1.24,""total"":null,""title"":""xG Non-penalty""},""matchstats.headers.tackles"":{""value"":2,""total"":null,""title"":""Tackles""},""shot_blocks"":{""value"":0,""total"":null,""title"":""Blocks""},""clearances"":{""value"":0,""total"":null,""title"":""Clearances""},""interceptions"":{""value"":0,""total"":null,""title"":""Interceptions""},""recoveries"":{""value"":1,""total"":null,""title"":""Recoveries""},""dribbled_past"":{""value"":1,""total"":null,""title"":""Dribbled past""},""ground_duels_won"":{""value"":3,""total"":5,""title"":""Ground duels won""},""aerials_won"":{""value"":0,""total"":2,""title"":""Aerial duels won""},""was_fouled"":{""value"":1,""total"":null,""title"":""Was fouled""},""fouls"":{""value"":0,""total"":null,""title"":""Fouls committed""},""duel_won"":{""value"":3,""total"":null,""title"":""Duels won""},""duel_lost"":{""value"":4,""total"":null,""title"":""Duels lost""}}",FotMob matchDetails.playerStats
2026-09-19T00:29:10+08:00,FB5183,2026-09-17T03:00+08:00,ELC,Coventry,Aston Villa,6099333,0.970,A,10252,Aston Villa,4-2-3-1,966021,Taylor Harwood-Bellis,1,4,1,0,90,7.3,0,0,0.11,,1,1,0,,1,,65,,0,3,3,2,1,,,,,"{""rating_title"":{""value"":7.28,""total"":null,""title"":""FotMob rating""},""minutes_played"":{""value"":90,""total"":null,""title"":""Minutes played""},""goals"":{""value"":0,""total"":null,""title"":""Goals""},""assists"":{""value"":0,""total"":null,""title"":""Assists""},""expected_goals"":{""value"":0.11,""total"":null,""title"":""Expected goals (xG)""},""expected_goals_on_target_variant"":{""value"":0.16,""total"":null,""title"":""Expected goals on target (xGOT)""},""xg_and_xa"":{""value"":0.11,""total"":null,""title"":""xG + xA""},""total_shots"":{""value"":1,""total"":null,""title"":""Total shots""},""accurate_passes"":{""value"":65,""total"":71,""title"":""Accurate passes""},""chances_created"":{""value"":0,""total"":null,""title"":""Chances created""},""ShotsOnTarget"":{""value"":1,""total"":null,""title"":""Shots on target""},""ShotsOffTarget"":{""value"":0,""total"":null,""title"":""Shots off target""},""shot_accuracy"":{""value"":1,""total"":1,""title"":""Shot accuracy""},""Shotmap"":{""value"":1,""total"":null,""title"":""Shotmap""},""defensive_actions"":{""value"":8,""total"":null,""title"":""Defensive actions""},""touches"":{""value"":83,""total"":null,""title"":""Touches""},""touches_opp_box"":{""value"":1,""total"":null,""title"":""Touches in opposition box""},""passes_into_final_third"":{""value"":1,""total"":null,""title"":""Passes into final third""},""long_balls_accurate"":{""value"":2,""total"":6,""title"":""Accurate long balls""},""dispossessed"":{""value"":0,""total"":null,""title"":""Dispossessed""},""expected_goals_non_penalty"":{""value"":0.11,""total"":null,""title"":""xG Non-penalty""},""matchstats.headers.tackles"":{""value"":0,""total"":null,""title"":""Tackles""},""shot_blocks"":{""value"":1,""total"":null,""title"":""Blocks""},""clearances"":{""value"":4,""total"":null,""title"":""Clearances""},""headed_clearance"":{""value"":3,""total"":null,""title"":""Headed clearance""},""interceptions"":{""value"":3,""total"":null,""title"":""Interceptions""},""recoveries"":{""value"":3,""total"":null,""title"":""Recoveries""},""dribbled_past"":{""value"":0,""total"":null,""title"":""Dribbled past""},""ground_duels_won"":{""value"":1,""total"":1,""title"":""Ground duels won""},""aerials_won"":{""value"":1,""total"":2,""title"":""Aerial duels won""},""was_fouled"":{""value"":1,""total"":null,""title"":""Was fouled""},""fouls"":{""value"":0,""total"":null,""title"":""Fouls committed""},""duel_won"":{""value"":2,""total"":null,""title"":""Duels won""},""duel_lost"":{""value"":1,""total"":null,""title"":""Duels lost""}}",FotMob matchDetails.playerStats
2026-09-19T00:29:10+08:00,FB5183,2026-09-17T03:00+08:00,ELC,Coventry,Aston Villa,6099333,0.970,A,10252,Aston Villa,4-2-3-1,419664,Tyrone Mings,1,5,1,0,90,7.1,0,0,,0.01,,,0,,0,,52,,2,1,3,2,0,,,,,"{""rating_title"":{""value"":7.11,""total"":null,""title"":""FotMob rating""},""minutes_played"":{""value"":90,""total"":null,""title"":""Minutes played""},""goals"":{""value"":0,""total"":null,""title"":""Goals""},""assists"":{""value"":0,""total"":null,""title"":""Assists""},""expected_assists"":{""value"":0.01,""total"":null,""title"":""Expected assists (xA)""},""xg_and_xa"":{""value"":0.01,""total"":null,""title"":""xG + xA""},""accurate_passes"":{""value"":52,""total"":61,""title"":""Accurate passes""},""chances_created"":{""value"":0,""total"":null,""title"":""Chances created""},""Shotmap"":{""value"":0,""total"":null,""title"":""Shotmap""},""defensive_actions"":{""value"":6,""total"":null,""title"":""Defensive actions""},""touches"":{""value"":68,""total"":null,""title"":""Touches""},""touches_opp_box"":{""value"":0,""total"":null,""title"":""Touches in opposition box""},""passes_into_final_third"":{""value"":10,""total"":null,""title"":""Passes into final third""},""long_balls_accurate"":{""value"":4,""total"":8,""title"":""Accurate long balls""},""dispossessed"":{""value"":0,""total"":null,""title"":""Dispossessed""},""matchstats.headers.tackles"":{""value"":2,""total"":null,""title"":""Tackles""},""shot_blocks"":{""value"":0,""total"":null,""title"":""Blocks""},""clearances"":{""value"":3,""total"":null,""title"":""Clearances""},""headed_clearance"":{""value"":3,""total"":null,""title"":""Headed clearance""},""interceptions"":{""value"":1,""total"":null,""title"":""Interceptions""},""recoveries"":{""value"":3,""total"":null,""title"":""Recoveries""},""dribbled_past"":{""value"":0,""total"":null,""title"":""Dribbled past""},""ground_duels_won"":{""value"":2,""total"":3,""title"":""Ground duels won""},""aerials_won"":{""value"":0,""total"":0,""title"":""Aerial duels won""},""was_fouled"":{""value"":null,""total"":null,""title"":""Was fouled""},""fouls"":{""value"":1,""total"":null,""title"":""Fouls committed""},""duel_won"":{""value"":2,""total"":null,""title"":""Duels won""},""duel_lost"":{""value"":1,""total"":null,""title"":""Duels lost""}}",FotMob matchDetails.playerStats
2026-09-19T00:29:10+08:00,FB5183,2026-09-17T03:00+08:00,ELC,Coventry,Aston Villa,6099333,0.970,A,10252,Aston Villa,4-2-3-1,258269,Victor Nilsson Lindelöf,1,3,0,1,,,,,,,,,,,,,,,,,,,,,,,,{},FotMob matchDetails.playerStats
2026-09-19T00:29:10+08:00,FB5183,2026-09-17T03:00+08:00,ELC,Coventry,Aston Villa,6099333,0.970,A,10252,Aston Villa,4-2-3-1,1053679,Zion Suzuki,,1,0,1,45,6.6,,,,,,,,,,,13,,0,0,4,,,2,0.1,,,"{""rating_title"":{""value"":6.55,""total"":null,""title"":""FotMob rating""},""minutes_played"":{""value"":45,""total"":null,""title"":""Minutes played""},""saves"":{""value"":2,""total"":null,""title"":""Saves""},""goals_conceded"":{""value"":0,""total"":null,""title"":""Goals conceded""},""expected_goals_on_target_faced"":{""value"":0.1,""total"":null,""title"":""xGOT faced""},""goals_prevented"":{""value"":0.1,""total"":null,""title"":""Goals prevented""},""Shotmap"":{""value"":1,""total"":null,""title"":""Shotmap""},""accurate_passes"":{""value"":13,""total"":15,""title"":""Accurate passes""},""long_balls_accurate"":{""value"":3,""total"":5,""title"":""Accurate long balls""},""keeper_diving_save"":{""value"":0,""total"":null,""title"":""Diving save""},""saves_inside_box"":{""value"":1,""total"":null,""title"":""Saves inside box""},""keeper_sweeper"":{""value"":0,""total"":null,""title"":""Acted as sweeper""},""punches"":{""value"":0,""total"":null,""title"":""Punches""},""player_throws"":{""value"":3,""total"":null,""title"":""Throws""},""keeper_high_claim"":{""value"":0,""total"":null,""title"":""High claim""},""recoveries"":{""value"":4,""total"":null,""title"":""Recoveries""},""clearances"":{""value"":0,""total"":null,""title"":""Clearances""},""touches"":{""value"":20,""total"":null,""title"":""Touches""},""defensive_actions"":{""value"":0,""total"":null,""title"":""Defensive actions""},""was_fouled"":{""value"":null,""total"":null,""title"":""Was fouled""},""fouls"":{""value"":0,""total"":null,""title"":""Fouls committed""},""matchstats.headers.tackles"":{""value"":0,""total"":null,""title"":""Tackles""},""passes_into_final_third"":{""value"":1,""total"":null,""title"":""Passes into final third""},""interceptions"":{""value"":0,""total"":null,""title"":""Interceptions""}}",FotMob matchDetails.playerStats
2026-09-19T00:29:10+08:00,FB5183,2026-09-17T03:00+08:00,ELC,Coventry,Aston Villa,6099333,0.970,H,8669,Coventry City,4-2-3-1,1257648,Aurèle Amenda,1,24,1,0,12,5.8,0,0,,,,,0,,0,,2,,0,0,0,,0,,,,,"{""rating_title"":{""value"":5.83,""total"":null,""title"":""FotMob rating""},""minutes_played"":{""value"":12,""total"":null,""title"":""Minutes played""},""goals"":{""value"":0,""total"":null,""title"":""Goals""},""assists"":{""value"":0,""total"":null,""title"":""Assists""},""accurate_passes"":{""value"":2,""total"":2,""title"":""Accurate passes""},""chances_created"":{""value"":0,""total"":null,""title"":""Chances created""},""Shotmap"":{""value"":0,""total"":null,""title"":""Shotmap""},""defensive_actions"":{""value"":0,""total"":null,""title"":""Defensive actions""},""touches"":{""value"":2,""total"":null,""title"":""Touches""},""touches_opp_box"":{""value"":0,""total"":null,""title"":""Touches in opposition box""},""dispossessed"":{""value"":0,""total"":null,""title"":""Dispossessed""},""matchstats.headers.tackles"":{""value"":0,""total"":null,""title"":""Tackles""},""shot_blocks"":{""value"":0,""total"":null,""title"":""Blocks""},""clearances"":{""value"":0,""total"":null,""title"":""Clearances""},""interceptions"":{""value"":0,""total"":null,""title"":""Interceptions""},""recoveries"":{""value"":0,""total"":null,""title"":""Recoveries""},""dribbled_past"":{""value"":0,""total"":null,""title"":""Dribbled past""},""aerials_won"":{""value"":0,""total"":0,""title"":""Aerial duels won""},""was_fouled"":{""value"":null,""total"":null,""title"":""Was fouled""},""fouls"":{""value"":0,""total"":null,""title"":""Fouls committed""}}",FotMob matchDetails.playerStats
2026-09-19T00:29:10+08:00,FB5183,2026-09-17T03:00+08:00,ELC,Coventry,Aston Villa,6099333,0.970,H,8669,Coventry City,4-2-3-1,302783,Ben Wilson,,13,0,1,,,,,,,,,,,,,,,,,,,,,,,,{},FotMob matchDetails.playerStats
2026-09-19T00:29:10+08:00,FB5183,2026-09-17T03:00+08:00,ELC,Coventry,Aston Villa,6099333,0.970,H,8669,Coventry City,4-2-3-1,1161885,Bobby Thomas,1,4,1,0,90,6.2,0,0,,0.01,,,0,,3,,50,,2,0,6,3,1,,,,,"{""rating_title"":{""value"":6.16,""total"":null,""title"":""FotMob rating""},""minutes_played"":{""value"":90,""total"":null,""title"":""Minutes played""},""goals"":{""value"":0,""total"":null,""title"":""Goals""},""assists"":{""value"":0,""total"":null,""title"":""Assists""},""expected_assists"":{""value"":0.01,""total"":null,""title"":""Expected assists (xA)""},""xg_and_xa"":{""value"":0.01,""total"":null,""title"":""xG + xA""},""accurate_passes"":{""value"":50,""total"":64,""title"":""Accurate passes""},""chances_created"":{""value"":0,""total"":null,""title"":""Chances created""},""Shotmap"":{""value"":0,""total"":null,""title"":""Shotmap""},""defensive_actions"":{""value"":10,""total"":null,""title"":""Defensive actions""},""touches"":{""value"":77,""total"":null,""title"":""Touches""},""touches_opp_box"":{""value"":3,""total"":null,""title"":""Touches in opposition box""},""passes_into_final_third"":{""value"":15,""total"":null,""title"":""Passes into final third""},""long_balls_accurate"":{""value"":4,""total"":12,""title"":""Accurate long balls""},""dispossessed"":{""value"":0,""total"":null,""title"":""Dispossessed""},""matchstats.headers.tackles"":{""value"":2,""total"":null,""title"":""Tackles""},""shot_blocks"":{""value"":3,""total"":null,""title"":""Blocks""},""clearances"":{""value"":5,""total"":null,""title"":""Clearances""},""headed_clearance"":{""value"":4,""total"":null,""title"":""Headed clearance""},""interceptions"":{""value"":0,""total"":null,""title"":""Interceptions""},""recoveries"":{""value"":6,""total"":null,""title"":""Recoveries""},""dribbled_past"":{""value"":0,""total"":null,""title"":""Dribbled past""},""ground_duels_won"":{""value"":2,""total"":3,""title"":""Ground duels won""},""aerials_won"":{""value"":1,""total"":1,""title"":""Aerial duels won""},""was_fouled"":{""value"":null,""total"":null,""title"":""Was fouled""},""fouls"":{""value"":1,""total"":null,""title"":""Fouls committed""},""duel_won"":{""value"":3,""total"":null,""title"":""Duels won""},""duel_lost"":{""value"":1,""total"":null,""title"":""Duels lost""}}",FotMob matchDetails.playerStats
2026-09-19T00:29:10+08:00,FB5183,2026-09-17T03:00+08:00,ELC,Coventry,Aston Villa,6099333,0.970,H,8669,Coventry City,4-2-3-1,776184,Brandon Thomas-Asante,3,23,0,1,,,,,,,,,,,,,,,,,,,,,,,,{},FotMob matchDetails.playerStats
2026-09-19T00:29:10+08:00,FB5183,2026-09-17T03:00+08:00,ELC,Coventry,Aston Villa,6099333,0.970,H,8669,Coventry City,4-2-3-1,1615927,Caleb Yirenkyi,2,8,1,0,73,5.6,0,0,0.03,0.01,1,0,2,,2,,24,,0,1,4,2,1,,,,,"{""rating_title"":{""value"":5.64,""total"":null,""title"":""FotMob rating""},""minutes_played"":{""value"":73,""total"":null,""title"":""Minutes played""},""goals"":{""value"":0,""total"":null,""title"":""Goals""},""assists"":{""value"":0,""total"":null,""title"":""Assists""},""expected_goals"":{""value"":0.03,""total"":null,""title"":""Expected goals (xG)""},""expected_goals_on_target_variant"":{""value"":null,""total"":null,""title"":""Expected goals on target (xGOT)""},""expected_assists"":{""value"":0.01,""total"":null,""title"":""Expected assists (xA)""},""xg_and_xa"":{""value"":0.04,""total"":null,""title"":""xG + xA""},""total_shots"":{""value"":1,""total"":null,""title"":""Total shots""},""accurate_passes"":{""value"":24,""total"":26,""title"":""Accurate passes""},""chances_created"":{""value"":2,""total"":null,""title"":""Chances created""},""ShotsOnTarget"":{""value"":0,""total"":null,""title"":""Shots on target""},""ShotsOffTarget"":{""value"":1,""total"":null,""title"":""Shots off target""},""shot_accuracy"":{""value"":0,""total"":1,""title"":""Shot accuracy""},""Shotmap"":{""value"":1,""total"":null,""title"":""Shotmap""},""defensive_actions"":{""value"":1,""total"":null,""title"":""Defensive actions""},""touches"":{""value"":37,""total"":null,""title"":""Touches""},""touches_opp_box"":{""value"":2,""total"":null,""title"":""Touches in opposition box""},""dribbles_succeeded"":{""value"":0,""total"":1,""title"":""Successful dribbles""},""dispossessed"":{""value"":1,""total"":null,""title"":""Dispossessed""},""expected_goals_non_penalty"":{""value"":0.03,""total"":null,""title"":""xG Non-penalty""},""matchstats.headers.tackles"":{""value"":0,""total"":null,""title"":""Tackles""},""shot_blocks"":{""value"":0,""total"":null,""title"":""Blocks""},""clearances"":{""value"":0,""total"":null,""title"":""Clearances""},""interceptions"":{""value"":1,""total"":null,""title"":""Interceptions""},""recoveries"":{""value"":4,""total"":null,""title"":""Recoveries""},""dribbled_past"":{""value"":2,""total"":null,""title"":""Dribbled past""},""ground_duels_won"":{""value"":1,""total"":10,""title"":""Ground duels won""},""aerials_won"":{""value"":1,""total"":2,""title"":""Aerial duels won""},""was_fouled"":{""value"":1,""total"":null,""title"":""Was fouled""},""fouls"":{""value"":6,""total"":null,""title"":""Fouls committed""},""duel_won"":{""value"":2,""total"":null,""title"":""Duels won""},""duel_lost"":{""value"":10,""total"":null,""title"":""Duels lost""}}",FotMob matchDetails.playerStats
2026-09-19T00:29:10+08:00,FB5183,2026-09-17T03:00+08:00,ELC,Coventry,Aston Villa,6099333,0.970,H,8669,Coventry City,4-2-3-1,189103,Daniel Bentley,11,25,1,0,90,7.3,,,,,,,,,,,14,,0,0,8,,,6,0.66,,,"{""rating_title"":{""value"":7.33,""total"":null,""title"":""FotMob rating""},""minutes_played"":{""value"":90,""total"":null,""title"":""Minutes played""},""saves"":{""value"":6,""total"":null,""title"":""Saves""},""goals_conceded"":{""value"":3,""total"":null,""title"":""Goals conceded""},""expected_goals_on_target_faced"":{""value"":3.66,""total"":null,""title"":""xGOT faced""},""goals_prevented"":{""value"":0.66,""total"":null,""title"":""Goals prevented""},""Shotmap"":{""value"":1,""total"":null,""title"":""Shotmap""},""accurate_passes"":{""value"":14,""total"":20,""title"":""Accurate passes""},""long_balls_accurate"":{""value"":3,""total"":9,""title"":""Accurate long balls""},""keeper_diving_save"":{""value"":3,""total"":null,""title"":""Diving save""},""saves_inside_box"":{""value"":4,""total"":null,""title"":""Saves inside box""},""keeper_sweeper"":{""value"":0,""total"":null,""title"":""Acted as sweeper""},""punches"":{""value"":1,""total"":null,""title"":""Punches""},""player_throws"":{""value"":8,""total"":null,""title"":""Throws""},""keeper_high_claim"":{""value"":0,""total"":null,""title"":""High claim""},""recoveries"":{""value"":8,""total"":null,""title"":""Recoveries""},""clearances"":{""value"":2,""total"":null,""title"":""Clearances""},""touches"":{""value"":36,""total"":null,""title"":""Touches""},""defensive_actions"":{""value"":2,""total"":null,""title"":""Defensive actions""},""was_fouled"":{""value"":null,""total"":null,""title"":""Was fouled""},""fouls"":{""value"":0,""total"":null,""title"":""Fouls committed""},""matchstats.headers.tackles"":{""value"":0,""total"":null,""title"":""Tackles""},""passes_into_final_third"":{""value"":3,""total"":null,""title"":""Passes into final third""},""interceptions"":{""value"":0,""total"":null,""title"":""Interceptions""}}",FotMob matchDetails.playerStats
2026-09-19T00:29:10+08:00,FB5183,2026-09-17T03:00+08:00,ELC,Coventry,Aston Villa,6099333,0.970,H,8669,Coventry City,4-2-3-1,982284,Ellis Simms,3,9,0,1,32,5.8,0,0,,,,,0,,1,,1,,1,0,0,1,0,,,,,"{""rating_title"":{""value"":5.84,""total"":null,""title"":""FotMob rating""},""minutes_played"":{""value"":32,""total"":null,""title"":""Minutes played""},""goals"":{""value"":0,""total"":null,""title"":""Goals""},""assists"":{""value"":0,""total"":null,""title"":""Assists""},""accurate_passes"":{""value"":1,""total"":3,""title"":""Accurate passes""},""chances_created"":{""value"":0,""total"":null,""title"":""Chances created""},""Shotmap"":{""value"":0,""total"":null,""title"":""Shotmap""},""defensive_actions"":{""value"":1,""total"":null,""title"":""Defensive actions""},""touches"":{""value"":5,""total"":null,""title"":""Touches""},""touches_opp_box"":{""value"":1,""total"":null,""title"":""Touches in opposition box""},""dispossessed"":{""value"":1,""total"":null,""title"":""Dispossessed""},""Offsides"":{""value"":1,""total"":null,""title"":""Offsides""},""matchstats.headers.tackles"":{""value"":1,""total"":null,""title"":""Tackles""},""shot_blocks"":{""value"":0,""total"":null,""title"":""Blocks""},""clearances"":{""value"":0,""total"":null,""title"":""Clearances""},""interceptions"":{""value"":0,""total"":null,""title"":""Interceptions""},""recoveries"":{""value"":0,""total"":null,""title"":""Recoveries""},""dribbled_past"":{""value"":0,""total"":null,""title"":""Dribbled past""},""ground_duels_won"":{""value"":1,""total"":2,""title"":""Ground duels won""},""aerials_won"":{""value"":0,""total"":1,""title"":""Aerial duels won""},""was_fouled"":{""value"":null,""total"":null,""title"":""Was fouled""},""fouls"":{""value"":0,""total"":null,""title"":""Fouls committed""},""duel_won"":{""value"":1,""total"":null,""title"":""Duels won""},""duel_lost"":{""value"":2,""total"":null,""title"":""Duels lost""}}",FotMob matchDetails.playerStats
2026-09-19T00:29:10+08:00,FB5183,2026-09-17T03:00+08:00,ELC,Coventry,Aston Villa,6099333,0.970,H,8669,Coventry City,4-2-3-1,798654,Ephron Mason-Clark,3,10,0,1,,,,,,,,,,,,,,,,,,,,,,,,{},FotMob matchDetails.playerStats
2026-09-19T00:29:10+08:00,FB5183,2026-09-17T03:00+08:00,ELC,Coventry,Aston Villa,6099333,0.970,H,8669,Coventry City,4-2-3-1,711357,Ethan Pinnock,1,2,0,1,78,7.2,0,0,,0.01,,,0,,1,,43,,3,3,3,4,1,,,,,"{""rating_title"":{""value"":7.18,""total"":null,""title"":""FotMob rating""},""minutes_played"":{""value"":78,""total"":null,""title"":""Minutes played""},""goals"":{""value"":0,""total"":null,""title"":""Goals""},""assists"":{""value"":0,""total"":null,""title"":""Assists""},""expected_assists"":{""value"":0.01,""total"":null,""title"":""Expected assists (xA)""},""xg_and_xa"":{""value"":0.01,""total"":null,""title"":""xG + xA""},""accurate_passes"":{""value"":43,""total"":46,""title"":""Accurate passes""},""chances_created"":{""value"":0,""total"":null,""title"":""Chances created""},""Shotmap"":{""value"":0,""total"":null,""title"":""Shotmap""},""defensive_actions"":{""value"":10,""total"":null,""title"":""Defensive actions""},""touches"":{""value"":60,""total"":null,""title"":""Touches""},""touches_opp_box"":{""value"":1,""total"":null,""title"":""Touches in opposition box""},""passes_into_final_third"":{""value"":5,""total"":null,""title"":""Passes into final third""},""accurate_crosses"":{""value"":0,""total"":1,""title"":""Accurate crosses""},""long_balls_accurate"":{""value"":3,""total"":6,""title"":""Accurate long balls""},""dispossessed"":{""value"":0,""total"":null,""title"":""Dispossessed""},""matchstats.headers.tackles"":{""value"":3,""total"":null,""title"":""Tackles""},""shot_blocks"":{""value"":0,""total"":null,""title"":""Blocks""},""clearances"":{""value"":4,""total"":null,""title"":""Clearances""},""headed_clearance"":{""value"":3,""total"":null,""title"":""Headed clearance""},""interceptions"":{""value"":3,""total"":null,""title"":""Interceptions""},""recoveries"":{""value"":3,""total"":null,""title"":""Recoveries""},""dribbled_past"":{""value"":1,""total"":null,""title"":""Dribbled past""},""ground_duels_won"":{""value"":3,""total"":4,""title"":""Ground duels won""},""aerials_won"":{""value"":1,""total"":2,""title"":""Aerial duels won""},""was_fouled"":{""value"":null,""total"":null,""title"":""Was fouled""},""fouls"":{""value"":0,""total"":null,""title"":""Fouls committed""},""duel_won"":{""value"":4,""total"":null,""title"":""Duels won""},""duel_lost"":{""value"":2,""total"":null,""title"":""Duels lost""}}",FotMob matchDetails.playerStats
2026-09-19T00:29:10+08:00,FB5183,2026-09-17T03:00+08:00,ELC,Coventry,Aston Villa,6099333,0.970,H,8669,Coventry City,4-2-3-1,856685,Frank Onyeka,2,16,0,1,17,6.2,0,0,,,,,0,,0,,16,,0,0,1,1,0,,,,,"{""rating_title"":{""value"":6.17,""total"":null,""title"":""FotMob rating""},""minutes_played"":{""value"":17,""total"":null,""title"":""Minutes played""},""goals"":{""value"":0,""total"":null,""title"":""Goals""},""assists"":{""value"":0,""total"":null,""title"":""Assists""},""accurate_passes"":{""value"":16,""total"":16,""title"":""Accurate passes""},""chances_created"":{""value"":0,""total"":null,""title"":""Chances created""},""Shotmap"":{""value"":0,""total"":null,""title"":""Shotmap""},""defensive_actions"":{""value"":0,""total"":null,""title"":""Defensive actions""},""touches"":{""value"":20,""total"":null,""title"":""Touches""},""touches_opp_box"":{""value"":0,""total"":null,""title"":""Touches in opposition box""},""accurate_crosses"":{""value"":0,""total"":1,""title"":""Accurate crosses""},""dispossessed"":{""value"":0,""total"":null,""title"":""Dispossessed""},""matchstats.headers.tackles"":{""value"":0,""total"":null,""title"":""Tackles""},""shot_blocks"":{""value"":0,""total"":null,""title"":""Blocks""},""clearances"":{""value"":0,""total"":null,""title"":""Clearances""},""interceptions"":{""value"":0,""total"":null,""title"":""Interceptions""},""recoveries"":{""value"":1,""total"":null,""title"":""Recoveries""},""dribbled_past"":{""value"":0,""total"":null,""title"":""Dribbled past""},""ground_duels_won"":{""value"":1,""total"":2,""title"":""Ground duels won""},""aerials_won"":{""value"":0,""total"":0,""title"":""Aerial duels won""},""was_fouled"":{""value"":1,""total"":null,""title"":""Was fouled""},""fouls"":{""value"":1,""total"":null,""title"":""Fouls committed""},""duel_won"":{""value"":1,""total"":null,""title"":""Duels won""},""duel_lost"":{""value"":1,""total"":null,""title"":""Duels lost""}}",FotMob matchDetails.playerStats
2026-09-19T00:29:10+08:00,FB5183,2026-09-17T03:00+08:00,ELC,Coventry,Aston Villa,6099333,0.970,H,8669,Coventry City,4-2-3-1,775355,Gustavo Hamer,3,38,1,0,90,6.8,0,0,0.05,0.17,2,0,1,,4,,30,,0,2,2,4,0,,,,,"{""rating_title"":{""value"":6.78,""total"":null,""title"":""FotMob rating""},""minutes_played"":{""value"":90,""total"":null,""title"":""Minutes played""},""goals"":{""value"":0,""total"":null,""title"":""Goals""},""assists"":{""value"":0,""total"":null,""title"":""Assists""},""expected_goals"":{""value"":0.05,""total"":null,""title"":""Expected goals (xG)""},""expected_goals_on_target_variant"":{""value"":null,""total"":null,""title"":""Expected goals on target (xGOT)""},""expected_assists"":{""value"":0.17,""total"":null,""title"":""Expected assists (xA)""},""xg_and_xa"":{""value"":0.22000000000000003,""total"":null,""title"":""xG + xA""},""total_shots"":{""value"":2,""total"":null,""title"":""Total shots""},""accurate_passes"":{""value"":30,""total"":34,""title"":""Accurate passes""},""chances_created"":{""value"":1,""total"":null,""title"":""Chances created""},""ShotsOnTarget"":{""value"":0,""total"":null,""title"":""Shots on target""},""ShotsOffTarget"":{""value"":2,""total"":null,""title"":""Shots off target""},""shot_accuracy"":{""value"":0,""total"":2,""title"":""Shot accuracy""},""Shotmap"":{""value"":1,""total"":null,""title"":""Shotmap""},""defensive_actions"":{""value"":2,""total"":null,""title"":""Defensive actions""},""touches"":{""value"":50,""total"":null,""title"":""Touches""},""touches_opp_box"":{""value"":4,""total"":null,""title"":""Touches in opposition box""},""dribbles_succeeded"":{""value"":2,""total"":3,""title"":""Successful dribbles""},""passes_into_final_third"":{""value"":4,""total"":null,""title"":""Passes into final third""},""accurate_crosses"":{""value"":0,""total"":2,""title"":""Accurate crosses""},""long_balls_accurate"":{""value"":2,""total"":2,""title"":""Accurate long balls""},""corners"":{""value"":2,""total"":null,""title"":""Corners""},""dispossessed"":{""value"":1,""total"":null,""title"":""Dispossessed""},""expected_goals_non_penalty"":{""value"":0.05,""total"":null,""title"":""xG Non-penalty""},""matchstats.headers.tackles"":{""value"":0,""total"":null,""title"":""Tackles""},""shot_blocks"":{""value"":0,""total"":null,""title"":""Blocks""},""clearances"":{""value"":0,""total"":null,""title"":""Clearances""},""interceptions"":{""value"":2,""total"":null,""title"":""Interceptions""},""recoveries"":{""value"":2,""total"":null,""title"":""Recoveries""},""dribbled_past"":{""value"":0,""total"":null,""title"":""Dribbled past""},""ground_duels_won"":{""value"":4,""total"":8,""title"":""Ground duels won""},""aerials_won"":{""value"":0,""total"":1,""title"":""Aerial duels won""},""was_fouled"":{""value"":2,""total"":null,""title"":""Was fouled""},""fouls"":{""value"":2,""total"":null,""title"":""Fouls committed""},""duel_won"":{""value"":4,""total"":null,""title"":""Duels won""},""duel_lost"":{""value"":5,""total"":null,""title"":""Duels lost""}}",FotMob matchDetails.playerStats
2026-09-19T00:29:10+08:00,FB5183,2026-09-17T03:00+08:00,ELC,Coventry,Aston Villa,6099333,0.970,H,8669,Coventry City,4-2-3-1,191174,Jake Bidwell,1,21,0,1,17,6.4,0,0,,,,,0,,0,,4,,0,1,0,1,1,,,,,"{""rating_title"":{""value"":6.35,""total"":null,""title"":""FotMob rating""},""minutes_played"":{""value"":17,""total"":null,""title"":""Minutes played""},""goals"":{""value"":0,""total"":null,""title"":""Goals""},""assists"":{""value"":0,""total"":null,""title"":""Assists""},""accurate_passes"":{""value"":4,""total"":4,""title"":""Accurate passes""},""chances_created"":{""value"":0,""total"":null,""title"":""Chances created""},""Shotmap"":{""value"":0,""total"":null,""title"":""Shotmap""},""defensive_actions"":{""value"":4,""total"":null,""title"":""Defensive actions""},""touches"":{""value"":12,""total"":null,""title"":""Touches""},""touches_opp_box"":{""value"":0,""total"":null,""title"":""Touches in opposition box""},""accurate_crosses"":{""value"":0,""total"":1,""title"":""Accurate crosses""},""long_balls_accurate"":{""value"":1,""total"":1,""title"":""Accurate long balls""},""dispossessed"":{""value"":0,""total"":null,""title"":""Dispossessed""},""matchstats.headers.tackles"":{""value"":0,""total"":null,""title"":""Tackles""},""shot_blocks"":{""value"":0,""total"":null,""title"":""Blocks""},""clearances"":{""value"":3,""total"":null,""title"":""Clearances""},""headed_clearance"":{""value"":1,""total"":null,""title"":""Headed clearance""},""interceptions"":{""value"":1,""total"":null,""title"":""Interceptions""},""recoveries"":{""value"":0,""total"":null,""title"":""Recoveries""},""dribbled_past"":{""value"":0,""total"":null,""title"":""Dribbled past""},""aerials_won"":{""value"":1,""total"":1,""title"":""Aerial duels won""},""was_fouled"":{""value"":null,""total"":null,""title"":""Was fouled""},""fouls"":{""value"":0,""total"":null,""title"":""Fouls committed""},""duel_won"":{""value"":1,""total"":null,""title"":""Duels won""}}",FotMob matchDetails.playerStats
2026-09-19T00:29:10+08:00,FB5183,2026-09-17T03:00+08:00,ELC,Coventry,Aston Villa,6099333,0.970,H,8669,Coventry City,4-2-3-1,863822,Joel Latibeaudiere,1,22,1,0,90,6,0,0,,0.05,,,1,,0,,28,,1,1,3,3,1,,,,,"{""rating_title"":{""value"":5.97,""total"":null,""title"":""FotMob rating""},""minutes_played"":{""value"":90,""total"":null,""title"":""Minutes played""},""goals"":{""value"":0,""total"":null,""title"":""Goals""},""assists"":{""value"":0,""total"":null,""title"":""Assists""},""expected_assists"":{""value"":0.05,""total"":null,""title"":""Expected assists (xA)""},""xg_and_xa"":{""value"":0.05,""total"":null,""title"":""xG + xA""},""accurate_passes"":{""value"":28,""total"":33,""title"":""Accurate passes""},""chances_created"":{""value"":1,""total"":null,""title"":""Chances created""},""Shotmap"":{""value"":0,""total"":null,""title"":""Shotmap""},""defensive_actions"":{""value"":8,""total"":null,""title"":""Defensive actions""},""touches"":{""value"":49,""total"":null,""title"":""Touches""},""touches_opp_box"":{""value"":0,""total"":null,""title"":""Touches in opposition box""},""passes_into_final_third"":{""value"":3,""total"":null,""title"":""Passes into final third""},""accurate_crosses"":{""value"":1,""total"":2,""title"":""Accurate crosses""},""long_balls_accurate"":{""value"":0,""total"":2,""title"":""Accurate long balls""},""dispossessed"":{""value"":0,""total"":null,""title"":""Dispossessed""},""matchstats.headers.tackles"":{""value"":1,""total"":null,""title"":""Tackles""},""shot_blocks"":{""value"":2,""total"":null,""title"":""Blocks""},""clearances"":{""value"":4,""total"":null,""title"":""Clearances""},""headed_clearance"":{""value"":1,""total"":null,""title"":""Headed clearance""},""interceptions"":{""value"":1,""total"":null,""title"":""Interceptions""},""recoveries"":{""value"":3,""total"":null,""title"":""Recoveries""},""dribbled_past"":{""value"":1,""total"":null,""title"":""Dribbled past""},""ground_duels_won"":{""value"":2,""total"":4,""title"":""Ground duels won""},""aerials_won"":{""value"":1,""total"":2,""title"":""Aerial duels won""},""was_fouled"":{""value"":1,""total"":null,""title"":""Was fouled""},""fouls"":{""value"":1,""total"":null,""title"":""Fouls committed""},""duel_won"":{""value"":3,""total"":null,""title"":""Duels won""},""duel_lost"":{""value"":3,""total"":null,""title"":""Duels lost""}}",FotMob matchDetails.playerStats
2026-09-19T00:29:10+08:00,FB5183,2026-09-17T03:00+08:00,ELC,Coventry,Aston Villa,6099333,0.970,H,8669,Coventry City,4-2-3-1,1283034,Loum Tchaouna,3,18,0,1,33,6.7,0,0,0.02,0.02,1,1,1,,0,,11,,1,1,2,1,0,,,,,"{""rating_title"":{""value"":6.73,""total"":null,""title"":""FotMob rating""},""minutes_played"":{""value"":33,""total"":null,""title"":""Minutes played""},""goals"":{""value"":0,""total"":null,""title"":""Goals""},""assists"":{""value"":0,""total"":null,""title"":""Assists""},""expected_goals"":{""value"":0.02,""total"":null,""title"":""Expected goals (xG)""},""expected_goals_on_target_variant"":{""value"":0.09,""total"":null,""title"":""Expected goals on target (xGOT)""},""expected_assists"":{""value"":0.02,""total"":null,""title"":""Expected assists (xA)""},""xg_and_xa"":{""value"":0.04,""total"":null,""title"":""xG + xA""},""total_shots"":{""value"":1,""total"":null,""title"":""Total shots""},""accurate_passes"":{""value"":11,""total"":15,""title"":""Accurate passes""},""chances_created"":{""value"":1,""total"":null,""title"":""Chances created""},""ShotsOnTarget"":{""value"":1,""total"":null,""title"":""Shots on target""},""ShotsOffTarget"":{""value"":0,""total"":null,""title"":""Shots off target""},""shot_accuracy"":{""value"":1,""total"":1,""title"":""Shot accuracy""},""Shotmap"":{""value"":1,""total"":null,""title"":""Shotmap""},""defensive_actions"":{""value"":2,""total"":null,""title"":""Defensive actions""},""touches"":{""value"":20,""total"":null,""title"":""Touches""},""touches_opp_box"":{""value"":0,""total"":null,""title"":""Touches in opposition box""},""dribbles_succeeded"":{""value"":0,""total"":1,""title"":""Successful dribbles""},""passes_into_final_third"":{""value"":3,""total"":null,""title"":""Passes into final third""},""long_balls_accurate"":{""value"":1,""total"":1,""title"":""Accurate long balls""},""dispossessed"":{""value"":0,""total"":null,""title"":""Dispossessed""},""expected_goals_non_penalty"":{""value"":0.02,""total"":null,""title"":""xG Non-penalty""},""matchstats.headers.tackles"":{""value"":1,""total"":null,""title"":""Tackles""},""shot_blocks"":{""value"":0,""total"":null,""title"":""Blocks""},""clearances"":{""value"":0,""total"":null,""title"":""Clearances""},""interceptions"":{""value"":1,""total"":null,""title"":""Interceptions""},""recoveries"":{""value"":2,""total"":null,""title"":""Recoveries""},""dribbled_past"":{""value"":0,""total"":null,""title"":""Dribbled past""},""ground_duels_won"":{""value"":1,""total"":2,""title"":""Ground duels won""},""aerials_won"":{""value"":0,""total"":0,""title"":""Aerial duels won""},""was_fouled"":{""value"":null,""total"":null,""title"":""Was fouled""},""fouls"":{""value"":0,""total"":null,""title"":""Fouls committed""},""duel_won"":{""value"":1,""total"":null,""title"":""Duels won""},""duel_lost"":{""value"":1,""total"":null,""title"":""Duels lost""}}",FotMob matchDetails.playerStats
2026-09-19T00:29:10+08:00,FB5183,2026-09-17T03:00+08:00,ELC,Coventry,Aston Villa,6099333,0.970,H,8669,Coventry City,4-2-3-1,478357,Matt Grimes,2,6,0,1,,,,,,,,,,,,,,,,,,,,,,,,{},FotMob matchDetails.playerStats
2026-09-19T00:29:10+08:00,FB5183,2026-09-17T03:00+08:00,ELC,Coventry,Aston Villa,6099333,0.970,H,8669,Coventry City,4-2-3-1,1524069,Sidiki Cherif,3,49,1,0,58,6.2,0,0,0.24,0.03,4,1,0,,6,,5,,0,0,1,,0,,,,,"{""rating_title"":{""value"":6.16,""total"":null,""title"":""FotMob rating""},""minutes_played"":{""value"":58,""total"":null,""title"":""Minutes played""},""goals"":{""value"":0,""total"":null,""title"":""Goals""},""assists"":{""value"":0,""total"":null,""title"":""Assists""},""expected_goals"":{""value"":0.24,""total"":null,""title"":""Expected goals (xG)""},""expected_goals_on_target_variant"":{""value"":0.15,""total"":null,""title"":""Expected goals on target (xGOT)""},""expected_assists"":{""value"":0.03,""total"":null,""title"":""Expected assists (xA)""},""xg_and_xa"":{""value"":0.27,""total"":null,""title"":""xG + xA""},""total_shots"":{""value"":4,""total"":null,""title"":""Total shots""},""accurate_passes"":{""value"":5,""total"":8,""title"":""Accurate passes""},""chances_created"":{""value"":0,""total"":null,""title"":""Chances created""},""ShotsOnTarget"":{""value"":1,""total"":null,""title"":""Shots on target""},""ShotsOffTarget"":{""value"":1,""total"":null,""title"":""Shots off target""},""blocked_shots"":{""value"":2,""total"":null,""title"":""Blocked shots""},""shot_accuracy"":{""value"":1,""total"":2,""title"":""Shot accuracy""},""Shotmap"":{""value"":1,""total"":null,""title"":""Shotmap""},""defensive_actions"":{""value"":0,""total"":null,""title"":""Defensive actions""},""touches"":{""value"":17,""total"":null,""title"":""Touches""},""touches_opp_box"":{""value"":6,""total"":null,""title"":""Touches in opposition box""},""accurate_crosses"":{""value"":0,""total"":1,""title"":""Accurate crosses""},""dispossessed"":{""value"":0,""total"":null,""title"":""Dispossessed""},""expected_goals_non_penalty"":{""value"":0.24,""total"":null,""title"":""xG Non-penalty""},""matchstats.headers.tackles"":{""value"":0,""total"":null,""title"":""Tackles""},""shot_blocks"":{""value"":0,""total"":null,""title"":""Blocks""},""clearances"":{""value"":0,""total"":null,""title"":""Clearances""},""interceptions"":{""value"":0,""total"":null,""title"":""Interceptions""},""recoveries"":{""value"":1,""total"":null,""title"":""Recoveries""},""dribbled_past"":{""value"":0,""total"":null,""title"":""Dribbled past""},""aerials_won"":{""value"":0,""total"":3,""title"":""Aerial duels won""},""was_fouled"":{""value"":null,""total"":null,""title"":""Was fouled""},""fouls"":{""value"":0,""total"":null,""title"":""Fouls committed""},""duel_lost"":{""value"":3,""total"":null,""title"":""Duels lost""}}",FotMob matchDetails.playerStats
2026-09-19T00:29:10+08:00,FB5183,2026-09-17T03:00+08:00,ELC,Coventry,Aston Villa,6099333,0.970,H,8669,Coventry City,4-2-3-1,1613300,Stephen Mfuni,1,12,1,0,73,6.2,0,0,,0.01,,,0,,0,,17,,4,0,8,9,0,,,,,"{""rating_title"":{""value"":6.2,""total"":null,""title"":""FotMob rating""},""minutes_played"":{""value"":73,""total"":null,""title"":""Minutes played""},""goals"":{""value"":0,""total"":null,""title"":""Goals""},""assists"":{""value"":0,""total"":null,""title"":""Assists""},""expected_assists"":{""value"":0.01,""total"":null,""title"":""Expected assists (xA)""},""xg_and_xa"":{""value"":0.01,""total"":null,""title"":""xG + xA""},""accurate_passes"":{""value"":17,""total"":23,""title"":""Accurate passes""},""chances_created"":{""value"":0,""total"":null,""title"":""Chances created""},""Shotmap"":{""value"":0,""total"":null,""title"":""Shotmap""},""defensive_actions"":{""value"":5,""total"":null,""title"":""Defensive actions""},""touches"":{""value"":49,""total"":null,""title"":""Touches""},""touches_opp_box"":{""value"":0,""total"":null,""title"":""Touches in opposition box""},""dribbles_succeeded"":{""value"":2,""total"":4,""title"":""Successful dribbles""},""passes_into_final_third"":{""value"":4,""total"":null,""title"":""Passes into final third""},""long_balls_accurate"":{""value"":0,""total"":2,""title"":""Accurate long balls""},""dispossessed"":{""value"":1,""total"":null,""title"":""Dispossessed""},""Offsides"":{""value"":1,""total"":null,""title"":""Offsides""},""matchstats.headers.tackles"":{""value"":4,""total"":null,""title"":""Tackles""},""shot_blocks"":{""value"":0,""total"":null,""title"":""Blocks""},""clearances"":{""value"":1,""total"":null,""title"":""Clearances""},""interceptions"":{""value"":0,""total"":null,""title"":""Interceptions""},""recoveries"":{""value"":8,""total"":null,""title"":""Recoveries""},""dribbled_past"":{""value"":0,""total"":null,""title"":""Dribbled past""},""ground_duels_won"":{""value"":9,""total"":14,""title"":""Ground duels won""},""aerials_won"":{""value"":0,""total"":0,""title"":""Aerial duels won""},""was_fouled"":{""value"":3,""total"":null,""title"":""Was fouled""},""fouls"":{""value"":2,""total"":null,""title"":""Fouls committed""},""duel_won"":{""value"":9,""total"":null,""title"":""Duels won""},""duel_lost"":{""value"":5,""total"":null,""title"":""Duels lost""}}",FotMob matchDetails.playerStats
2026-09-19T00:29:10+08:00,FB5183,2026-09-17T03:00+08:00,ELC,Coventry,Aston Villa,6099333,0.970,H,8669,Coventry City,4-2-3-1,1025603,Tatsuhiro Sakamoto,3,7,1,0,57,6.6,0,0,,0.06,,,1,,1,,12,,0,0,2,3,0,,,,,"{""rating_title"":{""value"":6.62,""total"":null,""title"":""FotMob rating""},""minutes_played"":{""value"":57,""total"":null,""title"":""Minutes played""},""goals"":{""value"":0,""total"":null,""title"":""Goals""},""assists"":{""value"":0,""total"":null,""title"":""Assists""},""expected_assists"":{""value"":0.06,""total"":null,""title"":""Expected assists (xA)""},""xg_and_xa"":{""value"":0.06,""total"":null,""title"":""xG + xA""},""accurate_passes"":{""value"":12,""total"":14,""title"":""Accurate passes""},""chances_created"":{""value"":1,""total"":null,""title"":""Chances created""},""Shotmap"":{""value"":0,""total"":null,""title"":""Shotmap""},""defensive_actions"":{""value"":3,""total"":null,""title"":""Defensive actions""},""touches"":{""value"":22,""total"":null,""title"":""Touches""},""touches_opp_box"":{""value"":1,""total"":null,""title"":""Touches in opposition box""},""passes_into_final_third"":{""value"":2,""total"":null,""title"":""Passes into final third""},""long_balls_accurate"":{""value"":1,""total"":2,""title"":""Accurate long balls""},""dispossessed"":{""value"":0,""total"":null,""title"":""Dispossessed""},""matchstats.headers.tackles"":{""value"":0,""total"":null,""title"":""Tackles""},""shot_blocks"":{""value"":0,""total"":null,""title"":""Blocks""},""clearances"":{""value"":3,""total"":null,""title"":""Clearances""},""interceptions"":{""value"":0,""total"":null,""title"":""Interceptions""},""recoveries"":{""value"":2,""total"":null,""title"":""Recoveries""},""dribbled_past"":{""value"":0,""total"":null,""title"":""Dribbled past""},""ground_duels_won"":{""value"":3,""total"":4,""title"":""Ground duels won""},""aerials_won"":{""value"":0,""total"":1,""title"":""Aerial duels won""},""was_fouled"":{""value"":3,""total"":null,""title"":""Was fouled""},""fouls"":{""value"":1,""total"":null,""title"":""Fouls committed""},""duel_won"":{""value"":3,""total"":null,""title"":""Duels won""},""duel_lost"":{""value"":2,""total"":null,""title"":""Duels lost""}}",FotMob matchDetails.playerStats
2026-09-19T00:29:10+08:00,FB5183,2026-09-17T03:00+08:00,ELC,Coventry,Aston Villa,6099333,0.970,H,8669,Coventry City,4-2-3-1,845985,Victor Torp,2,29,1,0,90,7.9,1,0,0.27,0.06,5,2,1,,1,,42,,4,1,5,6,2,,,,,"{""rating_title"":{""value"":7.92,""total"":null,""title"":""FotMob rating""},""minutes_played"":{""value"":90,""total"":null,""title"":""Minutes played""},""goals"":{""value"":1,""total"":null,""title"":""Goals""},""assists"":{""value"":0,""total"":null,""title"":""Assists""},""expected_goals"":{""value"":0.27,""total"":null,""title"":""Expected goals (xG)""},""expected_goals_on_target_variant"":{""value"":0.35,""total"":null,""title"":""Expected goals on target (xGOT)""},""expected_assists"":{""value"":0.06,""total"":null,""title"":""Expected assists (xA)""},""xg_and_xa"":{""value"":0.33,""total"":null,""title"":""xG + xA""},""total_shots"":{""value"":5,""total"":null,""title"":""Total shots""},""accurate_passes"":{""value"":42,""total"":48,""title"":""Accurate passes""},""chances_created"":{""value"":1,""total"":null,""title"":""Chances created""},""ShotsOnTarget"":{""value"":2,""total"":null,""title"":""Shots on target""},""ShotsOffTarget"":{""value"":2,""total"":null,""title"":""Shots off target""},""blocked_shots"":{""value"":1,""total"":null,""title"":""Blocked shots""},""shot_accuracy"":{""value"":2,""total"":4,""title"":""Shot accuracy""},""Shotmap"":{""value"":1,""total"":null,""title"":""Shotmap""},""defensive_actions"":{""value"":5,""total"":null,""title"":""Defensive actions""},""touches"":{""value"":61,""total"":null,""title"":""Touches""},""touches_opp_box"":{""value"":1,""total"":null,""title"":""Touches in opposition box""},""passes_into_final_third"":{""value"":6,""total"":null,""title"":""Passes into final third""},""accurate_crosses"":{""value"":0,""total"":3,""title"":""Accurate crosses""},""long_balls_accurate"":{""value"":3,""total"":4,""title"":""Accurate long balls""},""dispossessed"":{""value"":0,""total"":null,""title"":""Dispossessed""},""expected_goals_non_penalty"":{""value"":0.27,""total"":null,""title"":""xG Non-penalty""},""matchstats.headers.tackles"":{""value"":4,""total"":null,""title"":""Tackles""},""shot_blocks"":{""value"":0,""total"":null,""title"":""Blocks""},""clearances"":{""value"":0,""total"":null,""title"":""Clearances""},""interceptions"":{""value"":1,""total"":null,""title"":""Interceptions""},""recoveries"":{""value"":5,""total"":null,""title"":""Recoveries""},""dribbled_past"":{""value"":2,""total"":null,""title"":""Dribbled past""},""ground_duels_won"":{""value"":4,""total"":8,""title"":""Ground duels won""},""aerials_won"":{""value"":2,""total"":2,""title"":""Aerial duels won""},""was_fouled"":{""value"":null,""total"":null,""title"":""Was fouled""},""fouls"":{""value"":2,""total"":null,""title"":""Fouls committed""},""duel_won"":{""value"":6,""total"":null,""title"":""Duels won""},""duel_lost"":{""value"":4,""total"":null,""title"":""Duels lost""}}",FotMob matchDetails.playerStats
2026-09-19T00:29:10+08:00,FB5183,2026-09-17T03:00+08:00,ELC,Coventry,Aston Villa,6099333,0.970,H,8669,Coventry City,4-2-3-1,955411,Yann Gboho,2,34,1,0,90,6.8,0,0,0.07,0.04,2,1,1,,1,,18,,3,0,1,7,0,,,,,"{""rating_title"":{""value"":6.78,""total"":null,""title"":""FotMob rating""},""minutes_played"":{""value"":90,""total"":null,""title"":""Minutes played""},""goals"":{""value"":0,""total"":null,""title"":""Goals""},""assists"":{""value"":0,""total"":null,""title"":""Assists""},""expected_goals"":{""value"":0.07,""total"":null,""title"":""Expected goals (xG)""},""expected_goals_on_target_variant"":{""value"":0.03,""total"":null,""title"":""Expected goals on target (xGOT)""},""expected_assists"":{""value"":0.04,""total"":null,""title"":""Expected assists (xA)""},""xg_and_xa"":{""value"":0.11000000000000001,""total"":null,""title"":""xG + xA""},""total_shots"":{""value"":2,""total"":null,""title"":""Total shots""},""accurate_passes"":{""value"":18,""total"":29,""title"":""Accurate passes""},""chances_created"":{""value"":1,""total"":null,""title"":""Chances created""},""ShotsOnTarget"":{""value"":1,""total"":null,""title"":""Shots on target""},""ShotsOffTarget"":{""value"":0,""total"":null,""title"":""Shots off target""},""blocked_shots"":{""value"":1,""total"":null,""title"":""Blocked shots""},""shot_accuracy"":{""value"":1,""total"":1,""title"":""Shot accuracy""},""Shotmap"":{""value"":1,""total"":null,""title"":""Shotmap""},""defensive_actions"":{""value"":4,""total"":null,""title"":""Defensive actions""},""touches"":{""value"":50,""total"":null,""title"":""Touches""},""touches_opp_box"":{""value"":1,""total"":null,""title"":""Touches in opposition box""},""dribbles_succeeded"":{""value"":3,""total"":7,""title"":""Successful dribbles""},""passes_into_final_third"":{""value"":5,""total"":null,""title"":""Passes into final third""},""long_balls_accurate"":{""value"":1,""total"":1,""title"":""Accurate long balls""},""dispossessed"":{""value"":2,""total"":null,""title"":""Dispossessed""},""expected_goals_non_penalty"":{""value"":0.07,""total"":null,""title"":""xG Non-penalty""},""matchstats.headers.tackles"":{""value"":3,""total"":null,""title"":""Tackles""},""shot_blocks"":{""value"":0,""total"":null,""title"":""Blocks""},""clearances"":{""value"":1,""total"":null,""title"":""Clearances""},""interceptions"":{""value"":0,""total"":null,""title"":""Interceptions""},""recoveries"":{""value"":1,""total"":null,""title"":""Recoveries""},""dribbled_past"":{""value"":0,""total"":null,""title"":""Dribbled past""},""ground_duels_won"":{""value"":7,""total"":14,""title"":""Ground duels won""},""aerials_won"":{""value"":0,""total"":0,""title"":""Aerial duels won""},""was_fouled"":{""value"":1,""total"":null,""title"":""Was fouled""},""fouls"":{""value"":1,""total"":null,""title"":""Fouls committed""},""duel_won"":{""value"":7,""total"":null,""title"":""Duels won""},""duel_lost"":{""value"":7,""total"":null,""title"":""Duels lost""}}",FotMob matchDetails.playerStats
